component_id,lot_id,parameter_name,elapsed_hours,trajectory_class,trajectory_onset_hour,first_abnormal_hour,abnormal_by_24h,abnormal_by_96h,abnormal_by_168h,latent_value,relative_latent_deviation_r
L01_C001,L01,leakage_current,0,linear_drift,24.0,168.0,False,False,True,13.938576122996375,0.0
L01_C001,L01,leakage_current,24,linear_drift,24.0,168.0,False,False,True,14.962298437748856,0.0734452576589589
L01_C001,L01,leakage_current,96,linear_drift,24.0,168.0,False,False,True,18.507084929883504,0.3277600786890876
L01_C001,L01,leakage_current,168,linear_drift,24.0,168.0,False,False,True,22.891682987540626,0.6423257860444646
L01_C001,L01,iddq,0,linear_drift,24.0,96.0,False,True,True,0.48486312122624226,0.0
L01_C001,L01,iddq,24,linear_drift,24.0,96.0,False,True,True,0.5354288191079096,0.10428860366567842
L01_C001,L01,iddq,96,linear_drift,24.0,96.0,False,True,True,0.7210236562291704,0.4870664001124003
L01_C001,L01,iddq,168,linear_drift,24.0,96.0,False,True,True,0.9709509355664808,1.0025258532983474
L01_C001,L01,propagation_delay,0,linear_drift,24.0,96.0,False,True,True,4.524062829945855,0.0
L01_C001,L01,propagation_delay,24,linear_drift,24.0,96.0,False,True,True,4.706345481645382,0.04029180375059218
L01_C001,L01,propagation_delay,96,linear_drift,24.0,96.0,False,True,True,5.253193436743963,0.16116721500236872
L01_C001,L01,propagation_delay,168,linear_drift,24.0,96.0,False,True,True,5.800041391842544,0.2820426262541453
L01_C002,L01,leakage_current,0,stable,,,False,False,False,10.37063018694912,0.0
L01_C002,L01,leakage_current,24,stable,,,False,False,False,10.37063018694912,0.0
L01_C002,L01,leakage_current,96,stable,,,False,False,False,10.37063018694912,0.0
L01_C002,L01,leakage_current,168,stable,,,False,False,False,10.37063018694912,0.0
L01_C002,L01,iddq,0,stable,,,False,False,False,0.5024167852537443,0.0
L01_C002,L01,iddq,24,stable,,,False,False,False,0.5024167852537443,0.0
L01_C002,L01,iddq,96,stable,,,False,False,False,0.5024167852537443,0.0
L01_C002,L01,iddq,168,stable,,,False,False,False,0.5024167852537443,0.0
L01_C002,L01,propagation_delay,0,stable,,,False,False,False,4.822051748884718,0.0
L01_C002,L01,propagation_delay,24,stable,,,False,False,False,4.822051748884718,0.0
L01_C002,L01,propagation_delay,96,stable,,,False,False,False,4.822051748884718,0.0
L01_C002,L01,propagation_delay,168,stable,,,False,False,False,4.822051748884718,0.0
L01_C003,L01,leakage_current,0,abrupt_failure,96.0,96.0,False,True,True,9.270864620740523,0.0
L01_C003,L01,leakage_current,24,abrupt_failure,96.0,96.0,False,True,True,9.270864620740523,0.0
L01_C003,L01,leakage_current,96,abrupt_failure,96.0,96.0,False,True,True,176.77225628372332,18.067504867696297
L01_C003,L01,leakage_current,168,abrupt_failure,96.0,96.0,False,True,True,176.77225628372332,18.067504867696297
L01_C003,L01,iddq,0,abrupt_failure,96.0,96.0,False,True,True,0.48168955255237794,0.0
L01_C003,L01,iddq,24,abrupt_failure,96.0,96.0,False,True,True,0.48168955255237794,0.0
L01_C003,L01,iddq,96,abrupt_failure,96.0,96.0,False,True,True,16.858673076047076,33.999042405458646
L01_C003,L01,iddq,168,abrupt_failure,96.0,96.0,False,True,True,16.858673076047076,33.999042405458646
L01_C003,L01,propagation_delay,0,abrupt_failure,168.0,168.0,False,False,True,4.606369453738786,0.0
L01_C003,L01,propagation_delay,24,abrupt_failure,168.0,168.0,False,False,True,4.606369453738786,0.0
L01_C003,L01,propagation_delay,96,abrupt_failure,168.0,168.0,False,False,True,4.606369453738786,0.0
L01_C003,L01,propagation_delay,168,abrupt_failure,168.0,168.0,False,False,True,10.890688157898202,1.3642671885683666
L01_C004,L01,leakage_current,0,stable,,,False,False,False,9.028073388779877,0.0
L01_C004,L01,leakage_current,24,stable,,,False,False,False,9.028073388779877,0.0
L01_C004,L01,leakage_current,96,stable,,,False,False,False,9.028073388779877,0.0
L01_C004,L01,leakage_current,168,stable,,,False,False,False,9.028073388779877,0.0
L01_C004,L01,iddq,0,stable,,,False,False,False,0.4138090895084583,0.0
L01_C004,L01,iddq,24,stable,,,False,False,False,0.4138090895084583,0.0
L01_C004,L01,iddq,96,stable,,,False,False,False,0.4138090895084583,0.0
L01_C004,L01,iddq,168,stable,,,False,False,False,0.4138090895084583,0.0
L01_C004,L01,propagation_delay,0,stable,,,False,False,False,4.295065349334991,0.0
L01_C004,L01,propagation_delay,24,stable,,,False,False,False,4.295065349334991,0.0
L01_C004,L01,propagation_delay,96,stable,,,False,False,False,4.295065349334991,0.0
L01_C004,L01,propagation_delay,168,stable,,,False,False,False,4.295065349334991,0.0
L01_C005,L01,leakage_current,0,stable,,,False,False,False,12.429465085866342,0.0
L01_C005,L01,leakage_current,24,stable,,,False,False,False,12.429465085866342,0.0
L01_C005,L01,leakage_current,96,stable,,,False,False,False,12.429465085866342,0.0
L01_C005,L01,leakage_current,168,stable,,,False,False,False,12.429465085866342,0.0
L01_C005,L01,iddq,0,stable,,,False,False,False,0.506756143901754,0.0
L01_C005,L01,iddq,24,stable,,,False,False,False,0.506756143901754,0.0
L01_C005,L01,iddq,96,stable,,,False,False,False,0.506756143901754,0.0
L01_C005,L01,iddq,168,stable,,,False,False,False,0.506756143901754,0.0
L01_C005,L01,propagation_delay,0,stable,,,False,False,False,4.516065881532721,0.0
L01_C005,L01,propagation_delay,24,stable,,,False,False,False,4.516065881532721,0.0
L01_C005,L01,propagation_delay,96,stable,,,False,False,False,4.516065881532721,0.0
L01_C005,L01,propagation_delay,168,stable,,,False,False,False,4.516065881532721,0.0
L01_C006,L01,leakage_current,0,stable,,,False,False,False,7.723464508234714,0.0
L01_C006,L01,leakage_current,24,stable,,,False,False,False,7.723464508234714,0.0
L01_C006,L01,leakage_current,96,stable,,,False,False,False,7.723464508234714,0.0
L01_C006,L01,leakage_current,168,stable,,,False,False,False,7.723464508234714,0.0
L01_C006,L01,iddq,0,stable,,,False,False,False,0.4156648959802583,0.0
L01_C006,L01,iddq,24,stable,,,False,False,False,0.4156648959802583,0.0
L01_C006,L01,iddq,96,stable,,,False,False,False,0.4156648959802583,0.0
L01_C006,L01,iddq,168,stable,,,False,False,False,0.4156648959802583,0.0
L01_C006,L01,propagation_delay,0,stable,,,False,False,False,4.445930509843483,0.0
L01_C006,L01,propagation_delay,24,stable,,,False,False,False,4.445930509843483,0.0
L01_C006,L01,propagation_delay,96,stable,,,False,False,False,4.445930509843483,0.0
L01_C006,L01,propagation_delay,168,stable,,,False,False,False,4.445930509843483,0.0
L01_C007,L01,leakage_current,0,stable,,,False,False,False,11.688377110190466,0.0
L01_C007,L01,leakage_current,24,stable,,,False,False,False,11.688377110190466,0.0
L01_C007,L01,leakage_current,96,stable,,,False,False,False,11.688377110190466,0.0
L01_C007,L01,leakage_current,168,stable,,,False,False,False,11.688377110190466,0.0
L01_C007,L01,iddq,0,stable,,,False,False,False,0.5233193611786409,0.0
L01_C007,L01,iddq,24,stable,,,False,False,False,0.5233193611786409,0.0
L01_C007,L01,iddq,96,stable,,,False,False,False,0.5233193611786409,0.0
L01_C007,L01,iddq,168,stable,,,False,False,False,0.5233193611786409,0.0
L01_C007,L01,propagation_delay,0,stable,,,False,False,False,4.714706663931725,0.0
L01_C007,L01,propagation_delay,24,stable,,,False,False,False,4.714706663931725,0.0
L01_C007,L01,propagation_delay,96,stable,,,False,False,False,4.714706663931725,0.0
L01_C007,L01,propagation_delay,168,stable,,,False,False,False,4.714706663931725,0.0
L01_C008,L01,leakage_current,0,stable,,,False,False,False,11.494337455093284,0.0
L01_C008,L01,leakage_current,24,stable,,,False,False,False,11.494337455093284,0.0
L01_C008,L01,leakage_current,96,stable,,,False,False,False,11.494337455093284,0.0
L01_C008,L01,leakage_current,168,stable,,,False,False,False,11.494337455093284,0.0
L01_C008,L01,iddq,0,stable,,,False,False,False,0.37783586872829145,0.0
L01_C008,L01,iddq,24,stable,,,False,False,False,0.37783586872829145,0.0
L01_C008,L01,iddq,96,stable,,,False,False,False,0.37783586872829145,0.0
L01_C008,L01,iddq,168,stable,,,False,False,False,0.37783586872829145,0.0
L01_C008,L01,propagation_delay,0,stable,,,False,False,False,4.275117621243436,0.0
L01_C008,L01,propagation_delay,24,stable,,,False,False,False,4.275117621243436,0.0
L01_C008,L01,propagation_delay,96,stable,,,False,False,False,4.275117621243436,0.0
L01_C008,L01,propagation_delay,168,stable,,,False,False,False,4.275117621243436,0.0
L01_C009,L01,leakage_current,0,lot_outlier,,0.0,True,True,True,26.085194076097725,0.0
L01_C009,L01,leakage_current,24,lot_outlier,,0.0,True,True,True,26.085194076097725,0.0
L01_C009,L01,leakage_current,96,lot_outlier,,0.0,True,True,True,26.085194076097725,0.0
L01_C009,L01,leakage_current,168,lot_outlier,,0.0,True,True,True,26.085194076097725,0.0
L01_C009,L01,iddq,0,lot_outlier,,0.0,True,True,True,0.7716065003185831,0.0
L01_C009,L01,iddq,24,lot_outlier,,0.0,True,True,True,0.7716065003185831,0.0
L01_C009,L01,iddq,96,lot_outlier,,0.0,True,True,True,0.7716065003185831,0.0
L01_C009,L01,iddq,168,lot_outlier,,0.0,True,True,True,0.7716065003185831,0.0
L01_C009,L01,propagation_delay,0,lot_outlier,,0.0,True,True,True,5.67875561362652,0.0
L01_C009,L01,propagation_delay,24,lot_outlier,,0.0,True,True,True,5.67875561362652,0.0
L01_C009,L01,propagation_delay,96,lot_outlier,,0.0,True,True,True,5.67875561362652,0.0
L01_C009,L01,propagation_delay,168,lot_outlier,,0.0,True,True,True,5.67875561362652,0.0
L01_C010,L01,leakage_current,0,stable,,,False,False,False,12.748413147093677,0.0
L01_C010,L01,leakage_current,24,stable,,,False,False,False,12.748413147093677,0.0
L01_C010,L01,leakage_current,96,stable,,,False,False,False,12.748413147093677,0.0
L01_C010,L01,leakage_current,168,stable,,,False,False,False,12.748413147093677,0.0
L01_C010,L01,iddq,0,stable,,,False,False,False,0.4275800287085286,0.0
L01_C010,L01,iddq,24,stable,,,False,False,False,0.4275800287085286,0.0
L01_C010,L01,iddq,96,stable,,,False,False,False,0.4275800287085286,0.0
L01_C010,L01,iddq,168,stable,,,False,False,False,0.4275800287085286,0.0
L01_C010,L01,propagation_delay,0,stable,,,False,False,False,4.838217365880301,0.0
L01_C010,L01,propagation_delay,24,stable,,,False,False,False,4.838217365880301,0.0
L01_C010,L01,propagation_delay,96,stable,,,False,False,False,4.838217365880301,0.0
L01_C010,L01,propagation_delay,168,stable,,,False,False,False,4.838217365880301,0.0
L01_C011,L01,leakage_current,0,stable,,,False,False,False,12.26206154090835,0.0
L01_C011,L01,leakage_current,24,stable,,,False,False,False,12.26206154090835,0.0
L01_C011,L01,leakage_current,96,stable,,,False,False,False,12.26206154090835,0.0
L01_C011,L01,leakage_current,168,stable,,,False,False,False,12.26206154090835,0.0
L01_C011,L01,iddq,0,stable,,,False,False,False,0.3270797212632704,0.0
L01_C011,L01,iddq,24,stable,,,False,False,False,0.3270797212632704,0.0
L01_C011,L01,iddq,96,stable,,,False,False,False,0.3270797212632704,0.0
L01_C011,L01,iddq,168,stable,,,False,False,False,0.3270797212632704,0.0
L01_C011,L01,propagation_delay,0,stable,,,False,False,False,4.813586461979857,0.0
L01_C011,L01,propagation_delay,24,stable,,,False,False,False,4.813586461979857,0.0
L01_C011,L01,propagation_delay,96,stable,,,False,False,False,4.813586461979857,0.0
L01_C011,L01,propagation_delay,168,stable,,,False,False,False,4.813586461979857,0.0
L01_C012,L01,leakage_current,0,stable,,,False,False,False,11.525115568057746,0.0
L01_C012,L01,leakage_current,24,stable,,,False,False,False,11.525115568057746,0.0
L01_C012,L01,leakage_current,96,stable,,,False,False,False,11.525115568057746,0.0
L01_C012,L01,leakage_current,168,stable,,,False,False,False,11.525115568057746,0.0
L01_C012,L01,iddq,0,stable,,,False,False,False,0.44904618923100653,0.0
L01_C012,L01,iddq,24,stable,,,False,False,False,0.44904618923100653,0.0
L01_C012,L01,iddq,96,stable,,,False,False,False,0.44904618923100653,0.0
L01_C012,L01,iddq,168,stable,,,False,False,False,0.44904618923100653,0.0
L01_C012,L01,propagation_delay,0,stable,,,False,False,False,4.902552415681481,0.0
L01_C012,L01,propagation_delay,24,stable,,,False,False,False,4.902552415681481,0.0
L01_C012,L01,propagation_delay,96,stable,,,False,False,False,4.902552415681481,0.0
L01_C012,L01,propagation_delay,168,stable,,,False,False,False,4.902552415681481,0.0
L01_C013,L01,leakage_current,0,stable,,,False,False,False,13.41389683727606,0.0
L01_C013,L01,leakage_current,24,stable,,,False,False,False,13.41389683727606,0.0
L01_C013,L01,leakage_current,96,stable,,,False,False,False,13.41389683727606,0.0
L01_C013,L01,leakage_current,168,stable,,,False,False,False,13.41389683727606,0.0
L01_C013,L01,iddq,0,stable,,,False,False,False,0.5044539329977574,0.0
L01_C013,L01,iddq,24,stable,,,False,False,False,0.5044539329977574,0.0
L01_C013,L01,iddq,96,stable,,,False,False,False,0.5044539329977574,0.0
L01_C013,L01,iddq,168,stable,,,False,False,False,0.5044539329977574,0.0
L01_C013,L01,propagation_delay,0,stable,,,False,False,False,4.6000586723994665,0.0
L01_C013,L01,propagation_delay,24,stable,,,False,False,False,4.6000586723994665,0.0
L01_C013,L01,propagation_delay,96,stable,,,False,False,False,4.6000586723994665,0.0
L01_C013,L01,propagation_delay,168,stable,,,False,False,False,4.6000586723994665,0.0
L01_C014,L01,leakage_current,0,stable,,,False,False,False,11.697689840239905,0.0
L01_C014,L01,leakage_current,24,stable,,,False,False,False,11.697689840239905,0.0
L01_C014,L01,leakage_current,96,stable,,,False,False,False,11.697689840239905,0.0
L01_C014,L01,leakage_current,168,stable,,,False,False,False,11.697689840239905,0.0
L01_C014,L01,iddq,0,stable,,,False,False,False,0.4955847011696741,0.0
L01_C014,L01,iddq,24,stable,,,False,False,False,0.4955847011696741,0.0
L01_C014,L01,iddq,96,stable,,,False,False,False,0.4955847011696741,0.0
L01_C014,L01,iddq,168,stable,,,False,False,False,0.4955847011696741,0.0
L01_C014,L01,propagation_delay,0,stable,,,False,False,False,4.477274994498059,0.0
L01_C014,L01,propagation_delay,24,stable,,,False,False,False,4.477274994498059,0.0
L01_C014,L01,propagation_delay,96,stable,,,False,False,False,4.477274994498059,0.0
L01_C014,L01,propagation_delay,168,stable,,,False,False,False,4.477274994498059,0.0
L01_C015,L01,leakage_current,0,stable,,,False,False,False,9.46374624185268,0.0
L01_C015,L01,leakage_current,24,stable,,,False,False,False,9.46374624185268,0.0
L01_C015,L01,leakage_current,96,stable,,,False,False,False,9.46374624185268,0.0
L01_C015,L01,leakage_current,168,stable,,,False,False,False,9.46374624185268,0.0
L01_C015,L01,iddq,0,stable,,,False,False,False,0.4885815983579843,0.0
L01_C015,L01,iddq,24,stable,,,False,False,False,0.4885815983579843,0.0
L01_C015,L01,iddq,96,stable,,,False,False,False,0.4885815983579843,0.0
L01_C015,L01,iddq,168,stable,,,False,False,False,0.4885815983579843,0.0
L01_C015,L01,propagation_delay,0,stable,,,False,False,False,4.535755086118216,0.0
L01_C015,L01,propagation_delay,24,stable,,,False,False,False,4.535755086118216,0.0
L01_C015,L01,propagation_delay,96,stable,,,False,False,False,4.535755086118216,0.0
L01_C015,L01,propagation_delay,168,stable,,,False,False,False,4.535755086118216,0.0
L01_C016,L01,leakage_current,0,stable,,,False,False,False,11.137979495906247,0.0
L01_C016,L01,leakage_current,24,stable,,,False,False,False,11.137979495906247,0.0
L01_C016,L01,leakage_current,96,stable,,,False,False,False,11.137979495906247,0.0
L01_C016,L01,leakage_current,168,stable,,,False,False,False,11.137979495906247,0.0
L01_C016,L01,iddq,0,stable,,,False,False,False,0.5190155172863613,0.0
L01_C016,L01,iddq,24,stable,,,False,False,False,0.5190155172863613,0.0
L01_C016,L01,iddq,96,stable,,,False,False,False,0.5190155172863613,0.0
L01_C016,L01,iddq,168,stable,,,False,False,False,0.5190155172863613,0.0
L01_C016,L01,propagation_delay,0,stable,,,False,False,False,4.307367267660819,0.0
L01_C016,L01,propagation_delay,24,stable,,,False,False,False,4.307367267660819,0.0
L01_C016,L01,propagation_delay,96,stable,,,False,False,False,4.307367267660819,0.0
L01_C016,L01,propagation_delay,168,stable,,,False,False,False,4.307367267660819,0.0
L01_C017,L01,leakage_current,0,stable,,,False,False,False,13.225477212351327,0.0
L01_C017,L01,leakage_current,24,stable,,,False,False,False,13.225477212351327,0.0
L01_C017,L01,leakage_current,96,stable,,,False,False,False,13.225477212351327,0.0
L01_C017,L01,leakage_current,168,stable,,,False,False,False,13.225477212351327,0.0
L01_C017,L01,iddq,0,stable,,,False,False,False,0.46598974674545995,0.0
L01_C017,L01,iddq,24,stable,,,False,False,False,0.46598974674545995,0.0
L01_C017,L01,iddq,96,stable,,,False,False,False,0.46598974674545995,0.0
L01_C017,L01,iddq,168,stable,,,False,False,False,0.46598974674545995,0.0
L01_C017,L01,propagation_delay,0,stable,,,False,False,False,4.696434638378134,0.0
L01_C017,L01,propagation_delay,24,stable,,,False,False,False,4.696434638378134,0.0
L01_C017,L01,propagation_delay,96,stable,,,False,False,False,4.696434638378134,0.0
L01_C017,L01,propagation_delay,168,stable,,,False,False,False,4.696434638378134,0.0
L01_C018,L01,leakage_current,0,stable,,,False,False,False,11.447660545475484,0.0
L01_C018,L01,leakage_current,24,stable,,,False,False,False,11.447660545475484,0.0
L01_C018,L01,leakage_current,96,stable,,,False,False,False,11.447660545475484,0.0
L01_C018,L01,leakage_current,168,stable,,,False,False,False,11.447660545475484,0.0
L01_C018,L01,iddq,0,stable,,,False,False,False,0.44460573229883815,0.0
L01_C018,L01,iddq,24,stable,,,False,False,False,0.44460573229883815,0.0
L01_C018,L01,iddq,96,stable,,,False,False,False,0.44460573229883815,0.0
L01_C018,L01,iddq,168,stable,,,False,False,False,0.44460573229883815,0.0
L01_C018,L01,propagation_delay,0,stable,,,False,False,False,4.65993574910898,0.0
L01_C018,L01,propagation_delay,24,stable,,,False,False,False,4.65993574910898,0.0
L01_C018,L01,propagation_delay,96,stable,,,False,False,False,4.65993574910898,0.0
L01_C018,L01,propagation_delay,168,stable,,,False,False,False,4.65993574910898,0.0
L01_C019,L01,leakage_current,0,stable,,,False,False,False,10.893560508925699,0.0
L01_C019,L01,leakage_current,24,stable,,,False,False,False,10.893560508925699,0.0
L01_C019,L01,leakage_current,96,stable,,,False,False,False,10.893560508925699,0.0
L01_C019,L01,leakage_current,168,stable,,,False,False,False,10.893560508925699,0.0
L01_C019,L01,iddq,0,stable,,,False,False,False,0.3643887484709997,0.0
L01_C019,L01,iddq,24,stable,,,False,False,False,0.3643887484709997,0.0
L01_C019,L01,iddq,96,stable,,,False,False,False,0.3643887484709997,0.0
L01_C019,L01,iddq,168,stable,,,False,False,False,0.3643887484709997,0.0
L01_C019,L01,propagation_delay,0,stable,,,False,False,False,4.6106274948901875,0.0
L01_C019,L01,propagation_delay,24,stable,,,False,False,False,4.6106274948901875,0.0
L01_C019,L01,propagation_delay,96,stable,,,False,False,False,4.6106274948901875,0.0
L01_C019,L01,propagation_delay,168,stable,,,False,False,False,4.6106274948901875,0.0
L01_C020,L01,leakage_current,0,stable,,,False,False,False,8.621343312336855,0.0
L01_C020,L01,leakage_current,24,stable,,,False,False,False,8.621343312336855,0.0
L01_C020,L01,leakage_current,96,stable,,,False,False,False,8.621343312336855,0.0
L01_C020,L01,leakage_current,168,stable,,,False,False,False,8.621343312336855,0.0
L01_C020,L01,iddq,0,stable,,,False,False,False,0.43094249910632815,0.0
L01_C020,L01,iddq,24,stable,,,False,False,False,0.43094249910632815,0.0
L01_C020,L01,iddq,96,stable,,,False,False,False,0.43094249910632815,0.0
L01_C020,L01,iddq,168,stable,,,False,False,False,0.43094249910632815,0.0
L01_C020,L01,propagation_delay,0,stable,,,False,False,False,4.009621041662993,0.0
L01_C020,L01,propagation_delay,24,stable,,,False,False,False,4.009621041662993,0.0
L01_C020,L01,propagation_delay,96,stable,,,False,False,False,4.009621041662993,0.0
L01_C020,L01,propagation_delay,168,stable,,,False,False,False,4.009621041662993,0.0
L01_C021,L01,leakage_current,0,stable,,,False,False,False,11.548602021457521,0.0
L01_C021,L01,leakage_current,24,stable,,,False,False,False,11.548602021457521,0.0
L01_C021,L01,leakage_current,96,stable,,,False,False,False,11.548602021457521,0.0
L01_C021,L01,leakage_current,168,stable,,,False,False,False,11.548602021457521,0.0
L01_C021,L01,iddq,0,stable,,,False,False,False,0.4069509415312461,0.0
L01_C021,L01,iddq,24,stable,,,False,False,False,0.4069509415312461,0.0
L01_C021,L01,iddq,96,stable,,,False,False,False,0.4069509415312461,0.0
L01_C021,L01,iddq,168,stable,,,False,False,False,0.4069509415312461,0.0
L01_C021,L01,propagation_delay,0,stable,,,False,False,False,4.646243402752003,0.0
L01_C021,L01,propagation_delay,24,stable,,,False,False,False,4.646243402752003,0.0
L01_C021,L01,propagation_delay,96,stable,,,False,False,False,4.646243402752003,0.0
L01_C021,L01,propagation_delay,168,stable,,,False,False,False,4.646243402752003,0.0
L01_C022,L01,leakage_current,0,stable,,,False,False,False,13.867119991143328,0.0
L01_C022,L01,leakage_current,24,stable,,,False,False,False,13.867119991143328,0.0
L01_C022,L01,leakage_current,96,stable,,,False,False,False,13.867119991143328,0.0
L01_C022,L01,leakage_current,168,stable,,,False,False,False,13.867119991143328,0.0
L01_C022,L01,iddq,0,stable,,,False,False,False,0.538439238160225,0.0
L01_C022,L01,iddq,24,stable,,,False,False,False,0.538439238160225,0.0
L01_C022,L01,iddq,96,stable,,,False,False,False,0.538439238160225,0.0
L01_C022,L01,iddq,168,stable,,,False,False,False,0.538439238160225,0.0
L01_C022,L01,propagation_delay,0,stable,,,False,False,False,4.355139626315154,0.0
L01_C022,L01,propagation_delay,24,stable,,,False,False,False,4.355139626315154,0.0
L01_C022,L01,propagation_delay,96,stable,,,False,False,False,4.355139626315154,0.0
L01_C022,L01,propagation_delay,168,stable,,,False,False,False,4.355139626315154,0.0
L01_C023,L01,leakage_current,0,accelerating_drift,24.0,96.0,False,True,True,12.775092218004561,0.0
L01_C023,L01,leakage_current,24,accelerating_drift,24.0,96.0,False,True,True,13.701500876393888,0.07251678833939801
L01_C023,L01,leakage_current,96,accelerating_drift,24.0,96.0,False,True,True,21.8502836705167,0.7103816784760292
L01_C023,L01,leakage_current,168,accelerating_drift,24.0,96.0,False,True,True,51.21073107805489,3.0086388578769796
L01_C023,L01,iddq,0,accelerating_drift,24.0,96.0,False,True,True,0.5464665825206222,0.0
L01_C023,L01,iddq,24,accelerating_drift,24.0,96.0,False,True,True,0.5778341791568107,0.05740075905740267
L01_C023,L01,iddq,96,accelerating_drift,24.0,96.0,False,True,True,0.8018669396603633,0.46736683506187304
L01_C023,L01,iddq,168,accelerating_drift,24.0,96.0,False,True,True,1.4150498221611587,1.5894535318776946
L01_C023,L01,propagation_delay,0,accelerating_drift,24.0,96.0,False,True,True,4.785547522720764,0.0
L01_C023,L01,propagation_delay,24,accelerating_drift,24.0,96.0,False,True,True,4.8773657993299,0.019186577120633062
L01_C023,L01,propagation_delay,96,accelerating_drift,24.0,96.0,False,True,True,5.422855698687078,0.13317351315403525
L01_C023,L01,propagation_delay,168,accelerating_drift,24.0,96.0,False,True,True,6.373398202338905,0.331801256194691
L01_C024,L01,leakage_current,0,linear_drift,24.0,168.0,False,False,True,12.58513017024158,0.0
L01_C024,L01,leakage_current,24,linear_drift,24.0,168.0,False,False,True,13.534568932703474,0.07544131444161839
L01_C024,L01,leakage_current,96,linear_drift,24.0,168.0,False,False,True,16.8346688386505,0.33766346560778937
L01_C024,L01,leakage_current,168,linear_drift,24.0,168.0,False,False,True,20.939423805529433,0.6638225844530526
L01_C024,L01,iddq,0,linear_drift,24.0,168.0,False,False,True,0.43254732579590666,0.0
L01_C024,L01,iddq,24,linear_drift,24.0,168.0,False,False,True,0.4617045174366761,0.06740809595139424
L01_C024,L01,iddq,96,linear_drift,24.0,168.0,False,False,True,0.561507551399317,0.2981413082744591
L01_C024,L01,iddq,168,linear_drift,24.0,168.0,False,False,True,0.6828842222053836,0.5787503042559463
L01_C024,L01,propagation_delay,0,linear_drift,24.0,96.0,False,True,True,5.192170667036157,0.0
L01_C024,L01,propagation_delay,24,linear_drift,24.0,96.0,False,True,True,5.369685084701295,0.03418886416660662
L01_C024,L01,propagation_delay,96,linear_drift,24.0,96.0,False,True,True,5.902228337696709,0.1367554566664261
L01_C024,L01,propagation_delay,168,linear_drift,24.0,96.0,False,True,True,6.434771590692123,0.23932204916624578
L01_C025,L01,leakage_current,0,high_but_stable,,0.0,True,True,True,20.02009021920824,0.0
L01_C025,L01,leakage_current,24,high_but_stable,,0.0,True,True,True,20.02009021920824,0.0
L01_C025,L01,leakage_current,96,high_but_stable,,0.0,True,True,True,20.02009021920824,0.0
L01_C025,L01,leakage_current,168,high_but_stable,,0.0,True,True,True,20.02009021920824,0.0
L01_C025,L01,iddq,0,high_but_stable,,0.0,True,True,True,0.6908717902812758,0.0
L01_C025,L01,iddq,24,high_but_stable,,0.0,True,True,True,0.6908717902812758,0.0
L01_C025,L01,iddq,96,high_but_stable,,0.0,True,True,True,0.6908717902812758,0.0
L01_C025,L01,iddq,168,high_but_stable,,0.0,True,True,True,0.6908717902812758,0.0
L01_C025,L01,propagation_delay,0,high_but_stable,,0.0,True,True,True,5.285955592788696,0.0
L01_C025,L01,propagation_delay,24,high_but_stable,,0.0,True,True,True,5.285955592788696,0.0
L01_C025,L01,propagation_delay,96,high_but_stable,,0.0,True,True,True,5.285955592788696,0.0
L01_C025,L01,propagation_delay,168,high_but_stable,,0.0,True,True,True,5.285955592788696,0.0
L01_C026,L01,leakage_current,0,stable,,,False,False,False,11.411644301746756,0.0
L01_C026,L01,leakage_current,24,stable,,,False,False,False,11.411644301746756,0.0
L01_C026,L01,leakage_current,96,stable,,,False,False,False,11.411644301746756,0.0
L01_C026,L01,leakage_current,168,stable,,,False,False,False,11.411644301746756,0.0
L01_C026,L01,iddq,0,stable,,,False,False,False,0.45719530086636806,0.0
L01_C026,L01,iddq,24,stable,,,False,False,False,0.45719530086636806,0.0
L01_C026,L01,iddq,96,stable,,,False,False,False,0.45719530086636806,0.0
L01_C026,L01,iddq,168,stable,,,False,False,False,0.45719530086636806,0.0
L01_C026,L01,propagation_delay,0,stable,,,False,False,False,5.193133857367213,0.0
L01_C026,L01,propagation_delay,24,stable,,,False,False,False,5.193133857367213,0.0
L01_C026,L01,propagation_delay,96,stable,,,False,False,False,5.193133857367213,0.0
L01_C026,L01,propagation_delay,168,stable,,,False,False,False,5.193133857367213,0.0
L01_C027,L01,leakage_current,0,stable,,,False,False,False,13.466047806856276,0.0
L01_C027,L01,leakage_current,24,stable,,,False,False,False,13.466047806856276,0.0
L01_C027,L01,leakage_current,96,stable,,,False,False,False,13.466047806856276,0.0
L01_C027,L01,leakage_current,168,stable,,,False,False,False,13.466047806856276,0.0
L01_C027,L01,iddq,0,stable,,,False,False,False,0.4096797388917829,0.0
L01_C027,L01,iddq,24,stable,,,False,False,False,0.4096797388917829,0.0
L01_C027,L01,iddq,96,stable,,,False,False,False,0.4096797388917829,0.0
L01_C027,L01,iddq,168,stable,,,False,False,False,0.4096797388917829,0.0
L01_C027,L01,propagation_delay,0,stable,,,False,False,False,4.2795987974947,0.0
L01_C027,L01,propagation_delay,24,stable,,,False,False,False,4.2795987974947,0.0
L01_C027,L01,propagation_delay,96,stable,,,False,False,False,4.2795987974947,0.0
L01_C027,L01,propagation_delay,168,stable,,,False,False,False,4.2795987974947,0.0
L01_C028,L01,leakage_current,0,stable,,,False,False,False,10.610923261084153,0.0
L01_C028,L01,leakage_current,24,stable,,,False,False,False,10.610923261084153,0.0
L01_C028,L01,leakage_current,96,stable,,,False,False,False,10.610923261084153,0.0
L01_C028,L01,leakage_current,168,stable,,,False,False,False,10.610923261084153,0.0
L01_C028,L01,iddq,0,stable,,,False,False,False,0.4090066870942957,0.0
L01_C028,L01,iddq,24,stable,,,False,False,False,0.4090066870942957,0.0
L01_C028,L01,iddq,96,stable,,,False,False,False,0.4090066870942957,0.0
L01_C028,L01,iddq,168,stable,,,False,False,False,0.4090066870942957,0.0
L01_C028,L01,propagation_delay,0,stable,,,False,False,False,4.829882556441983,0.0
L01_C028,L01,propagation_delay,24,stable,,,False,False,False,4.829882556441983,0.0
L01_C028,L01,propagation_delay,96,stable,,,False,False,False,4.829882556441983,0.0
L01_C028,L01,propagation_delay,168,stable,,,False,False,False,4.829882556441983,0.0
L01_C029,L01,leakage_current,0,stable,,,False,False,False,9.956527671611177,0.0
L01_C029,L01,leakage_current,24,stable,,,False,False,False,9.956527671611177,0.0
L01_C029,L01,leakage_current,96,stable,,,False,False,False,9.956527671611177,0.0
L01_C029,L01,leakage_current,168,stable,,,False,False,False,9.956527671611177,0.0
L01_C029,L01,iddq,0,stable,,,False,False,False,0.3755364968978565,0.0
L01_C029,L01,iddq,24,stable,,,False,False,False,0.3755364968978565,0.0
L01_C029,L01,iddq,96,stable,,,False,False,False,0.3755364968978565,0.0
L01_C029,L01,iddq,168,stable,,,False,False,False,0.3755364968978565,0.0
L01_C029,L01,propagation_delay,0,stable,,,False,False,False,4.350454326530629,0.0
L01_C029,L01,propagation_delay,24,stable,,,False,False,False,4.350454326530629,0.0
L01_C029,L01,propagation_delay,96,stable,,,False,False,False,4.350454326530629,0.0
L01_C029,L01,propagation_delay,168,stable,,,False,False,False,4.350454326530629,0.0
L01_C030,L01,leakage_current,0,stable,,,False,False,False,7.2629800839745355,0.0
L01_C030,L01,leakage_current,24,stable,,,False,False,False,7.2629800839745355,0.0
L01_C030,L01,leakage_current,96,stable,,,False,False,False,7.2629800839745355,0.0
L01_C030,L01,leakage_current,168,stable,,,False,False,False,7.2629800839745355,0.0
L01_C030,L01,iddq,0,stable,,,False,False,False,0.33288602172834714,0.0
L01_C030,L01,iddq,24,stable,,,False,False,False,0.33288602172834714,0.0
L01_C030,L01,iddq,96,stable,,,False,False,False,0.33288602172834714,0.0
L01_C030,L01,iddq,168,stable,,,False,False,False,0.33288602172834714,0.0
L01_C030,L01,propagation_delay,0,stable,,,False,False,False,4.2839042352747265,0.0
L01_C030,L01,propagation_delay,24,stable,,,False,False,False,4.2839042352747265,0.0
L01_C030,L01,propagation_delay,96,stable,,,False,False,False,4.2839042352747265,0.0
L01_C030,L01,propagation_delay,168,stable,,,False,False,False,4.2839042352747265,0.0
L02_C001,L02,leakage_current,0,stable,,,False,False,False,12.559340648690046,0.0
L02_C001,L02,leakage_current,24,stable,,,False,False,False,12.559340648690046,0.0
L02_C001,L02,leakage_current,96,stable,,,False,False,False,12.559340648690046,0.0
L02_C001,L02,leakage_current,168,stable,,,False,False,False,12.559340648690046,0.0
L02_C001,L02,iddq,0,stable,,,False,False,False,0.5278769395167549,0.0
L02_C001,L02,iddq,24,stable,,,False,False,False,0.5278769395167549,0.0
L02_C001,L02,iddq,96,stable,,,False,False,False,0.5278769395167549,0.0
L02_C001,L02,iddq,168,stable,,,False,False,False,0.5278769395167549,0.0
L02_C001,L02,propagation_delay,0,stable,,,False,False,False,4.815673642307339,0.0
L02_C001,L02,propagation_delay,24,stable,,,False,False,False,4.815673642307339,0.0
L02_C001,L02,propagation_delay,96,stable,,,False,False,False,4.815673642307339,0.0
L02_C001,L02,propagation_delay,168,stable,,,False,False,False,4.815673642307339,0.0
L02_C002,L02,leakage_current,0,stable,,,False,False,False,14.017495924922166,0.0
L02_C002,L02,leakage_current,24,stable,,,False,False,False,14.017495924922166,0.0
L02_C002,L02,leakage_current,96,stable,,,False,False,False,14.017495924922166,0.0
L02_C002,L02,leakage_current,168,stable,,,False,False,False,14.017495924922166,0.0
L02_C002,L02,iddq,0,stable,,,False,False,False,0.51275514116563,0.0
L02_C002,L02,iddq,24,stable,,,False,False,False,0.51275514116563,0.0
L02_C002,L02,iddq,96,stable,,,False,False,False,0.51275514116563,0.0
L02_C002,L02,iddq,168,stable,,,False,False,False,0.51275514116563,0.0
L02_C002,L02,propagation_delay,0,stable,,,False,False,False,4.968379201912805,0.0
L02_C002,L02,propagation_delay,24,stable,,,False,False,False,4.968379201912805,0.0
L02_C002,L02,propagation_delay,96,stable,,,False,False,False,4.968379201912805,0.0
L02_C002,L02,propagation_delay,168,stable,,,False,False,False,4.968379201912805,0.0
L02_C003,L02,leakage_current,0,stable,,,False,False,False,8.72308980639555,0.0
L02_C003,L02,leakage_current,24,stable,,,False,False,False,8.72308980639555,0.0
L02_C003,L02,leakage_current,96,stable,,,False,False,False,8.72308980639555,0.0
L02_C003,L02,leakage_current,168,stable,,,False,False,False,8.72308980639555,0.0
L02_C003,L02,iddq,0,stable,,,False,False,False,0.4123617790338629,0.0
L02_C003,L02,iddq,24,stable,,,False,False,False,0.4123617790338629,0.0
L02_C003,L02,iddq,96,stable,,,False,False,False,0.4123617790338629,0.0
L02_C003,L02,iddq,168,stable,,,False,False,False,0.4123617790338629,0.0
L02_C003,L02,propagation_delay,0,stable,,,False,False,False,4.972507455884065,0.0
L02_C003,L02,propagation_delay,24,stable,,,False,False,False,4.972507455884065,0.0
L02_C003,L02,propagation_delay,96,stable,,,False,False,False,4.972507455884065,0.0
L02_C003,L02,propagation_delay,168,stable,,,False,False,False,4.972507455884065,0.0
L02_C004,L02,leakage_current,0,stable,,,False,False,False,7.760729889002191,0.0
L02_C004,L02,leakage_current,24,stable,,,False,False,False,7.760729889002191,0.0
L02_C004,L02,leakage_current,96,stable,,,False,False,False,7.760729889002191,0.0
L02_C004,L02,leakage_current,168,stable,,,False,False,False,7.760729889002191,0.0
L02_C004,L02,iddq,0,stable,,,False,False,False,0.33052965911460613,0.0
L02_C004,L02,iddq,24,stable,,,False,False,False,0.33052965911460613,0.0
L02_C004,L02,iddq,96,stable,,,False,False,False,0.33052965911460613,0.0
L02_C004,L02,iddq,168,stable,,,False,False,False,0.33052965911460613,0.0
L02_C004,L02,propagation_delay,0,stable,,,False,False,False,5.055241425309867,0.0
L02_C004,L02,propagation_delay,24,stable,,,False,False,False,5.055241425309867,0.0
L02_C004,L02,propagation_delay,96,stable,,,False,False,False,5.055241425309867,0.0
L02_C004,L02,propagation_delay,168,stable,,,False,False,False,5.055241425309867,0.0
L02_C005,L02,leakage_current,0,stable,,,False,False,False,11.833378527691234,0.0
L02_C005,L02,leakage_current,24,stable,,,False,False,False,11.833378527691234,0.0
L02_C005,L02,leakage_current,96,stable,,,False,False,False,11.833378527691234,0.0
L02_C005,L02,leakage_current,168,stable,,,False,False,False,11.833378527691234,0.0
L02_C005,L02,iddq,0,stable,,,False,False,False,0.48505874133302995,0.0
L02_C005,L02,iddq,24,stable,,,False,False,False,0.48505874133302995,0.0
L02_C005,L02,iddq,96,stable,,,False,False,False,0.48505874133302995,0.0
L02_C005,L02,iddq,168,stable,,,False,False,False,0.48505874133302995,0.0
L02_C005,L02,propagation_delay,0,stable,,,False,False,False,5.227663654651042,0.0
L02_C005,L02,propagation_delay,24,stable,,,False,False,False,5.227663654651042,0.0
L02_C005,L02,propagation_delay,96,stable,,,False,False,False,5.227663654651042,0.0
L02_C005,L02,propagation_delay,168,stable,,,False,False,False,5.227663654651042,0.0
L02_C006,L02,leakage_current,0,stable,,,False,False,False,13.44079661548173,0.0
L02_C006,L02,leakage_current,24,stable,,,False,False,False,13.44079661548173,0.0
L02_C006,L02,leakage_current,96,stable,,,False,False,False,13.44079661548173,0.0
L02_C006,L02,leakage_current,168,stable,,,False,False,False,13.44079661548173,0.0
L02_C006,L02,iddq,0,stable,,,False,False,False,0.4225580202210088,0.0
L02_C006,L02,iddq,24,stable,,,False,False,False,0.4225580202210088,0.0
L02_C006,L02,iddq,96,stable,,,False,False,False,0.4225580202210088,0.0
L02_C006,L02,iddq,168,stable,,,False,False,False,0.4225580202210088,0.0
L02_C006,L02,propagation_delay,0,stable,,,False,False,False,5.340216204746912,0.0
L02_C006,L02,propagation_delay,24,stable,,,False,False,False,5.340216204746912,0.0
L02_C006,L02,propagation_delay,96,stable,,,False,False,False,5.340216204746912,0.0
L02_C006,L02,propagation_delay,168,stable,,,False,False,False,5.340216204746912,0.0
L02_C007,L02,leakage_current,0,stable,,,False,False,False,12.893108648132912,0.0
L02_C007,L02,leakage_current,24,stable,,,False,False,False,12.893108648132912,0.0
L02_C007,L02,leakage_current,96,stable,,,False,False,False,12.893108648132912,0.0
L02_C007,L02,leakage_current,168,stable,,,False,False,False,12.893108648132912,0.0
L02_C007,L02,iddq,0,stable,,,False,False,False,0.3825261620603478,0.0
L02_C007,L02,iddq,24,stable,,,False,False,False,0.3825261620603478,0.0
L02_C007,L02,iddq,96,stable,,,False,False,False,0.3825261620603478,0.0
L02_C007,L02,iddq,168,stable,,,False,False,False,0.3825261620603478,0.0
L02_C007,L02,propagation_delay,0,stable,,,False,False,False,4.984298487416035,0.0
L02_C007,L02,propagation_delay,24,stable,,,False,False,False,4.984298487416035,0.0
L02_C007,L02,propagation_delay,96,stable,,,False,False,False,4.984298487416035,0.0
L02_C007,L02,propagation_delay,168,stable,,,False,False,False,4.984298487416035,0.0
L02_C008,L02,leakage_current,0,stable,,,False,False,False,12.154724039552132,0.0
L02_C008,L02,leakage_current,24,stable,,,False,False,False,12.154724039552132,0.0
L02_C008,L02,leakage_current,96,stable,,,False,False,False,12.154724039552132,0.0
L02_C008,L02,leakage_current,168,stable,,,False,False,False,12.154724039552132,0.0
L02_C008,L02,iddq,0,stable,,,False,False,False,0.4584925325090163,0.0
L02_C008,L02,iddq,24,stable,,,False,False,False,0.4584925325090163,0.0
L02_C008,L02,iddq,96,stable,,,False,False,False,0.4584925325090163,0.0
L02_C008,L02,iddq,168,stable,,,False,False,False,0.4584925325090163,0.0
L02_C008,L02,propagation_delay,0,stable,,,False,False,False,4.900300977022828,0.0
L02_C008,L02,propagation_delay,24,stable,,,False,False,False,4.900300977022828,0.0
L02_C008,L02,propagation_delay,96,stable,,,False,False,False,4.900300977022828,0.0
L02_C008,L02,propagation_delay,168,stable,,,False,False,False,4.900300977022828,0.0
L02_C009,L02,leakage_current,0,stable,,,False,False,False,12.267089297525597,0.0
L02_C009,L02,leakage_current,24,stable,,,False,False,False,12.267089297525597,0.0
L02_C009,L02,leakage_current,96,stable,,,False,False,False,12.267089297525597,0.0
L02_C009,L02,leakage_current,168,stable,,,False,False,False,12.267089297525597,0.0
L02_C009,L02,iddq,0,stable,,,False,False,False,0.3932062414415206,0.0
L02_C009,L02,iddq,24,stable,,,False,False,False,0.3932062414415206,0.0
L02_C009,L02,iddq,96,stable,,,False,False,False,0.3932062414415206,0.0
L02_C009,L02,iddq,168,stable,,,False,False,False,0.3932062414415206,0.0
L02_C009,L02,propagation_delay,0,stable,,,False,False,False,5.227597821946828,0.0
L02_C009,L02,propagation_delay,24,stable,,,False,False,False,5.227597821946828,0.0
L02_C009,L02,propagation_delay,96,stable,,,False,False,False,5.227597821946828,0.0
L02_C009,L02,propagation_delay,168,stable,,,False,False,False,5.227597821946828,0.0
L02_C010,L02,leakage_current,0,stable,,,False,False,False,8.087339542255304,0.0
L02_C010,L02,leakage_current,24,stable,,,False,False,False,8.087339542255304,0.0
L02_C010,L02,leakage_current,96,stable,,,False,False,False,8.087339542255304,0.0
L02_C010,L02,leakage_current,168,stable,,,False,False,False,8.087339542255304,0.0
L02_C010,L02,iddq,0,stable,,,False,False,False,0.4386236386607475,0.0
L02_C010,L02,iddq,24,stable,,,False,False,False,0.4386236386607475,0.0
L02_C010,L02,iddq,96,stable,,,False,False,False,0.4386236386607475,0.0
L02_C010,L02,iddq,168,stable,,,False,False,False,0.4386236386607475,0.0
L02_C010,L02,propagation_delay,0,stable,,,False,False,False,4.718015212338199,0.0
L02_C010,L02,propagation_delay,24,stable,,,False,False,False,4.718015212338199,0.0
L02_C010,L02,propagation_delay,96,stable,,,False,False,False,4.718015212338199,0.0
L02_C010,L02,propagation_delay,168,stable,,,False,False,False,4.718015212338199,0.0
L02_C011,L02,leakage_current,0,stable,,,False,False,False,11.063320927625494,0.0
L02_C011,L02,leakage_current,24,stable,,,False,False,False,11.063320927625494,0.0
L02_C011,L02,leakage_current,96,stable,,,False,False,False,11.063320927625494,0.0
L02_C011,L02,leakage_current,168,stable,,,False,False,False,11.063320927625494,0.0
L02_C011,L02,iddq,0,stable,,,False,False,False,0.49065224369349125,0.0
L02_C011,L02,iddq,24,stable,,,False,False,False,0.49065224369349125,0.0
L02_C011,L02,iddq,96,stable,,,False,False,False,0.49065224369349125,0.0
L02_C011,L02,iddq,168,stable,,,False,False,False,0.49065224369349125,0.0
L02_C011,L02,propagation_delay,0,stable,,,False,False,False,5.140979727609842,0.0
L02_C011,L02,propagation_delay,24,stable,,,False,False,False,5.140979727609842,0.0
L02_C011,L02,propagation_delay,96,stable,,,False,False,False,5.140979727609842,0.0
L02_C011,L02,propagation_delay,168,stable,,,False,False,False,5.140979727609842,0.0
L02_C012,L02,leakage_current,0,stable,,,False,False,False,15.699854242526147,0.0
L02_C012,L02,leakage_current,24,stable,,,False,False,False,15.699854242526147,0.0
L02_C012,L02,leakage_current,96,stable,,,False,False,False,15.699854242526147,0.0
L02_C012,L02,leakage_current,168,stable,,,False,False,False,15.699854242526147,0.0
L02_C012,L02,iddq,0,stable,,,False,False,False,0.5271989745006025,0.0
L02_C012,L02,iddq,24,stable,,,False,False,False,0.5271989745006025,0.0
L02_C012,L02,iddq,96,stable,,,False,False,False,0.5271989745006025,0.0
L02_C012,L02,iddq,168,stable,,,False,False,False,0.5271989745006025,0.0
L02_C012,L02,propagation_delay,0,stable,,,False,False,False,5.030288042057576,0.0
L02_C012,L02,propagation_delay,24,stable,,,False,False,False,5.030288042057576,0.0
L02_C012,L02,propagation_delay,96,stable,,,False,False,False,5.030288042057576,0.0
L02_C012,L02,propagation_delay,168,stable,,,False,False,False,5.030288042057576,0.0
L02_C013,L02,leakage_current,0,stable,,,False,False,False,10.836502187106435,0.0
L02_C013,L02,leakage_current,24,stable,,,False,False,False,10.836502187106435,0.0
L02_C013,L02,leakage_current,96,stable,,,False,False,False,10.836502187106435,0.0
L02_C013,L02,leakage_current,168,stable,,,False,False,False,10.836502187106435,0.0
L02_C013,L02,iddq,0,stable,,,False,False,False,0.4576755510868022,0.0
L02_C013,L02,iddq,24,stable,,,False,False,False,0.4576755510868022,0.0
L02_C013,L02,iddq,96,stable,,,False,False,False,0.4576755510868022,0.0
L02_C013,L02,iddq,168,stable,,,False,False,False,0.4576755510868022,0.0
L02_C013,L02,propagation_delay,0,stable,,,False,False,False,4.949240032828966,0.0
L02_C013,L02,propagation_delay,24,stable,,,False,False,False,4.949240032828966,0.0
L02_C013,L02,propagation_delay,96,stable,,,False,False,False,4.949240032828966,0.0
L02_C013,L02,propagation_delay,168,stable,,,False,False,False,4.949240032828966,0.0
L02_C014,L02,leakage_current,0,linear_drift,24.0,168.0,False,False,True,11.63238487176628,0.0
L02_C014,L02,leakage_current,24,linear_drift,24.0,168.0,False,False,True,12.63401734818317,0.08610723316488748
L02_C014,L02,leakage_current,96,linear_drift,24.0,168.0,False,False,True,16.18674730318969,0.39152439346101764
L02_C014,L02,leakage_current,168,linear_drift,24.0,168.0,False,False,True,20.738517372306532,0.7828259295858013
L02_C014,L02,iddq,0,linear_drift,24.0,96.0,False,True,True,0.5017282569336986,0.0
L02_C014,L02,iddq,24,linear_drift,24.0,96.0,False,True,True,0.5582660787932704,0.11268614250491185
L02_C014,L02,iddq,96,linear_drift,24.0,96.0,False,True,True,0.7690583258170859,0.5328184434282598
L02_C014,L02,iddq,168,linear_drift,24.0,96.0,False,True,True,1.059442317876521,1.1115859097737089
L02_C014,L02,propagation_delay,0,linear_drift,24.0,96.0,False,True,True,4.805407585102265,0.0
L02_C014,L02,propagation_delay,24,linear_drift,24.0,96.0,False,True,True,4.982027153839444,0.03675433677774496
L02_C014,L02,propagation_delay,96,linear_drift,24.0,96.0,False,True,True,5.51188586005098,0.14701734711097983
L02_C014,L02,propagation_delay,168,linear_drift,24.0,96.0,False,True,True,6.041744566262516,0.25728035744421474
L02_C015,L02,leakage_current,0,stable,,,False,False,False,10.662619890394932,0.0
L02_C015,L02,leakage_current,24,stable,,,False,False,False,10.662619890394932,0.0
L02_C015,L02,leakage_current,96,stable,,,False,False,False,10.662619890394932,0.0
L02_C015,L02,leakage_current,168,stable,,,False,False,False,10.662619890394932,0.0
L02_C015,L02,iddq,0,stable,,,False,False,False,0.4318821548802292,0.0
L02_C015,L02,iddq,24,stable,,,False,False,False,0.4318821548802292,0.0
L02_C015,L02,iddq,96,stable,,,False,False,False,0.4318821548802292,0.0
L02_C015,L02,iddq,168,stable,,,False,False,False,0.4318821548802292,0.0
L02_C015,L02,propagation_delay,0,stable,,,False,False,False,4.387697198302312,0.0
L02_C015,L02,propagation_delay,24,stable,,,False,False,False,4.387697198302312,0.0
L02_C015,L02,propagation_delay,96,stable,,,False,False,False,4.387697198302312,0.0
L02_C015,L02,propagation_delay,168,stable,,,False,False,False,4.387697198302312,0.0
L02_C016,L02,leakage_current,0,stable,,,False,False,False,12.759672439930478,0.0
L02_C016,L02,leakage_current,24,stable,,,False,False,False,12.759672439930478,0.0
L02_C016,L02,leakage_current,96,stable,,,False,False,False,12.759672439930478,0.0
L02_C016,L02,leakage_current,168,stable,,,False,False,False,12.759672439930478,0.0
L02_C016,L02,iddq,0,stable,,,False,False,False,0.5360785715264241,0.0
L02_C016,L02,iddq,24,stable,,,False,False,False,0.5360785715264241,0.0
L02_C016,L02,iddq,96,stable,,,False,False,False,0.5360785715264241,0.0
L02_C016,L02,iddq,168,stable,,,False,False,False,0.5360785715264241,0.0
L02_C016,L02,propagation_delay,0,stable,,,False,False,False,5.110246996107939,0.0
L02_C016,L02,propagation_delay,24,stable,,,False,False,False,5.110246996107939,0.0
L02_C016,L02,propagation_delay,96,stable,,,False,False,False,5.110246996107939,0.0
L02_C016,L02,propagation_delay,168,stable,,,False,False,False,5.110246996107939,0.0
L02_C017,L02,leakage_current,0,stable,,,False,False,False,13.423280749482092,0.0
L02_C017,L02,leakage_current,24,stable,,,False,False,False,13.423280749482092,0.0
L02_C017,L02,leakage_current,96,stable,,,False,False,False,13.423280749482092,0.0
L02_C017,L02,leakage_current,168,stable,,,False,False,False,13.423280749482092,0.0
L02_C017,L02,iddq,0,stable,,,False,False,False,0.5941143349182105,0.0
L02_C017,L02,iddq,24,stable,,,False,False,False,0.5941143349182105,0.0
L02_C017,L02,iddq,96,stable,,,False,False,False,0.5941143349182105,0.0
L02_C017,L02,iddq,168,stable,,,False,False,False,0.5941143349182105,0.0
L02_C017,L02,propagation_delay,0,stable,,,False,False,False,4.937091516283687,0.0
L02_C017,L02,propagation_delay,24,stable,,,False,False,False,4.937091516283687,0.0
L02_C017,L02,propagation_delay,96,stable,,,False,False,False,4.937091516283687,0.0
L02_C017,L02,propagation_delay,168,stable,,,False,False,False,4.937091516283687,0.0
L02_C018,L02,leakage_current,0,stable,,,False,False,False,10.154888787291194,0.0
L02_C018,L02,leakage_current,24,stable,,,False,False,False,10.154888787291194,0.0
L02_C018,L02,leakage_current,96,stable,,,False,False,False,10.154888787291194,0.0
L02_C018,L02,leakage_current,168,stable,,,False,False,False,10.154888787291194,0.0
L02_C018,L02,iddq,0,stable,,,False,False,False,0.39160914039738554,0.0
L02_C018,L02,iddq,24,stable,,,False,False,False,0.39160914039738554,0.0
L02_C018,L02,iddq,96,stable,,,False,False,False,0.39160914039738554,0.0
L02_C018,L02,iddq,168,stable,,,False,False,False,0.39160914039738554,0.0
L02_C018,L02,propagation_delay,0,stable,,,False,False,False,5.191858913402189,0.0
L02_C018,L02,propagation_delay,24,stable,,,False,False,False,5.191858913402189,0.0
L02_C018,L02,propagation_delay,96,stable,,,False,False,False,5.191858913402189,0.0
L02_C018,L02,propagation_delay,168,stable,,,False,False,False,5.191858913402189,0.0
L02_C019,L02,leakage_current,0,stable,,,False,False,False,10.540695022774857,0.0
L02_C019,L02,leakage_current,24,stable,,,False,False,False,10.540695022774857,0.0
L02_C019,L02,leakage_current,96,stable,,,False,False,False,10.540695022774857,0.0
L02_C019,L02,leakage_current,168,stable,,,False,False,False,10.540695022774857,0.0
L02_C019,L02,iddq,0,stable,,,False,False,False,0.5072245848255117,0.0
L02_C019,L02,iddq,24,stable,,,False,False,False,0.5072245848255117,0.0
L02_C019,L02,iddq,96,stable,,,False,False,False,0.5072245848255117,0.0
L02_C019,L02,iddq,168,stable,,,False,False,False,0.5072245848255117,0.0
L02_C019,L02,propagation_delay,0,stable,,,False,False,False,4.593416259038387,0.0
L02_C019,L02,propagation_delay,24,stable,,,False,False,False,4.593416259038387,0.0
L02_C019,L02,propagation_delay,96,stable,,,False,False,False,4.593416259038387,0.0
L02_C019,L02,propagation_delay,168,stable,,,False,False,False,4.593416259038387,0.0
L02_C020,L02,leakage_current,0,stable,,,False,False,False,14.033427640099541,0.0
L02_C020,L02,leakage_current,24,stable,,,False,False,False,14.033427640099541,0.0
L02_C020,L02,leakage_current,96,stable,,,False,False,False,14.033427640099541,0.0
L02_C020,L02,leakage_current,168,stable,,,False,False,False,14.033427640099541,0.0
L02_C020,L02,iddq,0,stable,,,False,False,False,0.6060463791039504,0.0
L02_C020,L02,iddq,24,stable,,,False,False,False,0.6060463791039504,0.0
L02_C020,L02,iddq,96,stable,,,False,False,False,0.6060463791039504,0.0
L02_C020,L02,iddq,168,stable,,,False,False,False,0.6060463791039504,0.0
L02_C020,L02,propagation_delay,0,stable,,,False,False,False,5.073278846049822,0.0
L02_C020,L02,propagation_delay,24,stable,,,False,False,False,5.073278846049822,0.0
L02_C020,L02,propagation_delay,96,stable,,,False,False,False,5.073278846049822,0.0
L02_C020,L02,propagation_delay,168,stable,,,False,False,False,5.073278846049822,0.0
L02_C021,L02,leakage_current,0,accelerating_drift,24.0,168.0,False,False,True,11.796817956388615,0.0
L02_C021,L02,leakage_current,24,accelerating_drift,24.0,168.0,False,False,True,12.389119966548742,0.05020862510125991
L02_C021,L02,leakage_current,96,accelerating_drift,24.0,168.0,False,False,True,16.637199611835793,0.4103124820050181
L02_C021,L02,leakage_current,168,accelerating_drift,24.0,168.0,False,False,True,27.889423455290558,1.3641479896014608
L02_C021,L02,iddq,0,accelerating_drift,24.0,96.0,False,True,True,0.47824569070059886,0.0
L02_C021,L02,iddq,24,accelerating_drift,24.0,96.0,False,True,True,0.4975471508731057,0.040358879437536486
L02_C021,L02,iddq,96,accelerating_drift,24.0,96.0,False,True,True,0.6606088236608879,0.38131683464442495
L02_C021,L02,iddq,168,accelerating_drift,24.0,96.0,False,True,True,1.1230404125136653,1.3482499358613855
L02_C021,L02,propagation_delay,0,accelerating_drift,24.0,168.0,False,False,True,5.183585419284658,0.0
L02_C021,L02,propagation_delay,24,accelerating_drift,24.0,168.0,False,False,True,5.252883608444521,0.013368775385093583
L02_C021,L02,propagation_delay,96,accelerating_drift,24.0,168.0,False,False,True,5.657744584792969,0.0914732038068247
L02_C021,L02,propagation_delay,168,accelerating_drift,24.0,168.0,False,False,True,6.358055174444703,0.2265747856282309
L02_C022,L02,leakage_current,0,stable,,,False,False,False,12.615395313756824,0.0
L02_C022,L02,leakage_current,24,stable,,,False,False,False,12.615395313756824,0.0
L02_C022,L02,leakage_current,96,stable,,,False,False,False,12.615395313756824,0.0
L02_C022,L02,leakage_current,168,stable,,,False,False,False,12.615395313756824,0.0
L02_C022,L02,iddq,0,stable,,,False,False,False,0.44876676618713895,0.0
L02_C022,L02,iddq,24,stable,,,False,False,False,0.44876676618713895,0.0
L02_C022,L02,iddq,96,stable,,,False,False,False,0.44876676618713895,0.0
L02_C022,L02,iddq,168,stable,,,False,False,False,0.44876676618713895,0.0
L02_C022,L02,propagation_delay,0,stable,,,False,False,False,4.759562289591892,0.0
L02_C022,L02,propagation_delay,24,stable,,,False,False,False,4.759562289591892,0.0
L02_C022,L02,propagation_delay,96,stable,,,False,False,False,4.759562289591892,0.0
L02_C022,L02,propagation_delay,168,stable,,,False,False,False,4.759562289591892,0.0
L02_C023,L02,leakage_current,0,stable,,,False,False,False,11.509930314419767,0.0
L02_C023,L02,leakage_current,24,stable,,,False,False,False,11.509930314419767,0.0
L02_C023,L02,leakage_current,96,stable,,,False,False,False,11.509930314419767,0.0
L02_C023,L02,leakage_current,168,stable,,,False,False,False,11.509930314419767,0.0
L02_C023,L02,iddq,0,stable,,,False,False,False,0.4721497746226467,0.0
L02_C023,L02,iddq,24,stable,,,False,False,False,0.4721497746226467,0.0
L02_C023,L02,iddq,96,stable,,,False,False,False,0.4721497746226467,0.0
L02_C023,L02,iddq,168,stable,,,False,False,False,0.4721497746226467,0.0
L02_C023,L02,propagation_delay,0,stable,,,False,False,False,5.020035124972002,0.0
L02_C023,L02,propagation_delay,24,stable,,,False,False,False,5.020035124972002,0.0
L02_C023,L02,propagation_delay,96,stable,,,False,False,False,5.020035124972002,0.0
L02_C023,L02,propagation_delay,168,stable,,,False,False,False,5.020035124972002,0.0
L02_C024,L02,leakage_current,0,stable,,,False,False,False,9.827363346636046,0.0
L02_C024,L02,leakage_current,24,stable,,,False,False,False,9.827363346636046,0.0
L02_C024,L02,leakage_current,96,stable,,,False,False,False,9.827363346636046,0.0
L02_C024,L02,leakage_current,168,stable,,,False,False,False,9.827363346636046,0.0
L02_C024,L02,iddq,0,stable,,,False,False,False,0.5766344908981267,0.0
L02_C024,L02,iddq,24,stable,,,False,False,False,0.5766344908981267,0.0
L02_C024,L02,iddq,96,stable,,,False,False,False,0.5766344908981267,0.0
L02_C024,L02,iddq,168,stable,,,False,False,False,0.5766344908981267,0.0
L02_C024,L02,propagation_delay,0,stable,,,False,False,False,5.496235503682624,0.0
L02_C024,L02,propagation_delay,24,stable,,,False,False,False,5.496235503682624,0.0
L02_C024,L02,propagation_delay,96,stable,,,False,False,False,5.496235503682624,0.0
L02_C024,L02,propagation_delay,168,stable,,,False,False,False,5.496235503682624,0.0
L02_C025,L02,leakage_current,0,stable,,,False,False,False,13.471061741473047,0.0
L02_C025,L02,leakage_current,24,stable,,,False,False,False,13.471061741473047,0.0
L02_C025,L02,leakage_current,96,stable,,,False,False,False,13.471061741473047,0.0
L02_C025,L02,leakage_current,168,stable,,,False,False,False,13.471061741473047,0.0
L02_C025,L02,iddq,0,stable,,,False,False,False,0.43244949842814945,0.0
L02_C025,L02,iddq,24,stable,,,False,False,False,0.43244949842814945,0.0
L02_C025,L02,iddq,96,stable,,,False,False,False,0.43244949842814945,0.0
L02_C025,L02,iddq,168,stable,,,False,False,False,0.43244949842814945,0.0
L02_C025,L02,propagation_delay,0,stable,,,False,False,False,4.538402593881572,0.0
L02_C025,L02,propagation_delay,24,stable,,,False,False,False,4.538402593881572,0.0
L02_C025,L02,propagation_delay,96,stable,,,False,False,False,4.538402593881572,0.0
L02_C025,L02,propagation_delay,168,stable,,,False,False,False,4.538402593881572,0.0
L02_C026,L02,leakage_current,0,stable,,,False,False,False,8.984060788640631,0.0
L02_C026,L02,leakage_current,24,stable,,,False,False,False,8.984060788640631,0.0
L02_C026,L02,leakage_current,96,stable,,,False,False,False,8.984060788640631,0.0
L02_C026,L02,leakage_current,168,stable,,,False,False,False,8.984060788640631,0.0
L02_C026,L02,iddq,0,stable,,,False,False,False,0.4330506997618692,0.0
L02_C026,L02,iddq,24,stable,,,False,False,False,0.4330506997618692,0.0
L02_C026,L02,iddq,96,stable,,,False,False,False,0.4330506997618692,0.0
L02_C026,L02,iddq,168,stable,,,False,False,False,0.4330506997618692,0.0
L02_C026,L02,propagation_delay,0,stable,,,False,False,False,5.392615042849443,0.0
L02_C026,L02,propagation_delay,24,stable,,,False,False,False,5.392615042849443,0.0
L02_C026,L02,propagation_delay,96,stable,,,False,False,False,5.392615042849443,0.0
L02_C026,L02,propagation_delay,168,stable,,,False,False,False,5.392615042849443,0.0
L02_C027,L02,leakage_current,0,stable,,,False,False,False,10.135605434612039,0.0
L02_C027,L02,leakage_current,24,stable,,,False,False,False,10.135605434612039,0.0
L02_C027,L02,leakage_current,96,stable,,,False,False,False,10.135605434612039,0.0
L02_C027,L02,leakage_current,168,stable,,,False,False,False,10.135605434612039,0.0
L02_C027,L02,iddq,0,stable,,,False,False,False,0.4518207069170592,0.0
L02_C027,L02,iddq,24,stable,,,False,False,False,0.4518207069170592,0.0
L02_C027,L02,iddq,96,stable,,,False,False,False,0.4518207069170592,0.0
L02_C027,L02,iddq,168,stable,,,False,False,False,0.4518207069170592,0.0
L02_C027,L02,propagation_delay,0,stable,,,False,False,False,5.012819211042424,0.0
L02_C027,L02,propagation_delay,24,stable,,,False,False,False,5.012819211042424,0.0
L02_C027,L02,propagation_delay,96,stable,,,False,False,False,5.012819211042424,0.0
L02_C027,L02,propagation_delay,168,stable,,,False,False,False,5.012819211042424,0.0
L02_C028,L02,leakage_current,0,stable,,,False,False,False,14.1889033072555,0.0
L02_C028,L02,leakage_current,24,stable,,,False,False,False,14.1889033072555,0.0
L02_C028,L02,leakage_current,96,stable,,,False,False,False,14.1889033072555,0.0
L02_C028,L02,leakage_current,168,stable,,,False,False,False,14.1889033072555,0.0
L02_C028,L02,iddq,0,stable,,,False,False,False,0.48768292255264195,0.0
L02_C028,L02,iddq,24,stable,,,False,False,False,0.48768292255264195,0.0
L02_C028,L02,iddq,96,stable,,,False,False,False,0.48768292255264195,0.0
L02_C028,L02,iddq,168,stable,,,False,False,False,0.48768292255264195,0.0
L02_C028,L02,propagation_delay,0,stable,,,False,False,False,4.745257305361243,0.0
L02_C028,L02,propagation_delay,24,stable,,,False,False,False,4.745257305361243,0.0
L02_C028,L02,propagation_delay,96,stable,,,False,False,False,4.745257305361243,0.0
L02_C028,L02,propagation_delay,168,stable,,,False,False,False,4.745257305361243,0.0
L02_C029,L02,leakage_current,0,stable,,,False,False,False,11.579092714742016,0.0
L02_C029,L02,leakage_current,24,stable,,,False,False,False,11.579092714742016,0.0
L02_C029,L02,leakage_current,96,stable,,,False,False,False,11.579092714742016,0.0
L02_C029,L02,leakage_current,168,stable,,,False,False,False,11.579092714742016,0.0
L02_C029,L02,iddq,0,stable,,,False,False,False,0.4890369920490972,0.0
L02_C029,L02,iddq,24,stable,,,False,False,False,0.4890369920490972,0.0
L02_C029,L02,iddq,96,stable,,,False,False,False,0.4890369920490972,0.0
L02_C029,L02,iddq,168,stable,,,False,False,False,0.4890369920490972,0.0
L02_C029,L02,propagation_delay,0,stable,,,False,False,False,4.839247881231646,0.0
L02_C029,L02,propagation_delay,24,stable,,,False,False,False,4.839247881231646,0.0
L02_C029,L02,propagation_delay,96,stable,,,False,False,False,4.839247881231646,0.0
L02_C029,L02,propagation_delay,168,stable,,,False,False,False,4.839247881231646,0.0
L02_C030,L02,leakage_current,0,stable,,,False,False,False,9.721075176265918,0.0
L02_C030,L02,leakage_current,24,stable,,,False,False,False,9.721075176265918,0.0
L02_C030,L02,leakage_current,96,stable,,,False,False,False,9.721075176265918,0.0
L02_C030,L02,leakage_current,168,stable,,,False,False,False,9.721075176265918,0.0
L02_C030,L02,iddq,0,stable,,,False,False,False,0.3711999586314547,0.0
L02_C030,L02,iddq,24,stable,,,False,False,False,0.3711999586314547,0.0
L02_C030,L02,iddq,96,stable,,,False,False,False,0.3711999586314547,0.0
L02_C030,L02,iddq,168,stable,,,False,False,False,0.3711999586314547,0.0
L02_C030,L02,propagation_delay,0,stable,,,False,False,False,4.735889043164262,0.0
L02_C030,L02,propagation_delay,24,stable,,,False,False,False,4.735889043164262,0.0
L02_C030,L02,propagation_delay,96,stable,,,False,False,False,4.735889043164262,0.0
L02_C030,L02,propagation_delay,168,stable,,,False,False,False,4.735889043164262,0.0
L03_C001,L03,leakage_current,0,stable,,,False,False,False,12.485735763768622,0.0
L03_C001,L03,leakage_current,24,stable,,,False,False,False,12.485735763768622,0.0
L03_C001,L03,leakage_current,96,stable,,,False,False,False,12.485735763768622,0.0
L03_C001,L03,leakage_current,168,stable,,,False,False,False,12.485735763768622,0.0
L03_C001,L03,iddq,0,stable,,,False,False,False,0.6074298510475485,0.0
L03_C001,L03,iddq,24,stable,,,False,False,False,0.6074298510475485,0.0
L03_C001,L03,iddq,96,stable,,,False,False,False,0.6074298510475485,0.0
L03_C001,L03,iddq,168,stable,,,False,False,False,0.6074298510475485,0.0
L03_C001,L03,propagation_delay,0,stable,,,False,False,False,5.468873234821692,0.0
L03_C001,L03,propagation_delay,24,stable,,,False,False,False,5.468873234821692,0.0
L03_C001,L03,propagation_delay,96,stable,,,False,False,False,5.468873234821692,0.0
L03_C001,L03,propagation_delay,168,stable,,,False,False,False,5.468873234821692,0.0
L03_C002,L03,leakage_current,0,stable,,,False,False,False,11.353741224782377,0.0
L03_C002,L03,leakage_current,24,stable,,,False,False,False,11.353741224782377,0.0
L03_C002,L03,leakage_current,96,stable,,,False,False,False,11.353741224782377,0.0
L03_C002,L03,leakage_current,168,stable,,,False,False,False,11.353741224782377,0.0
L03_C002,L03,iddq,0,stable,,,False,False,False,0.6870867098441976,0.0
L03_C002,L03,iddq,24,stable,,,False,False,False,0.6870867098441976,0.0
L03_C002,L03,iddq,96,stable,,,False,False,False,0.6870867098441976,0.0
L03_C002,L03,iddq,168,stable,,,False,False,False,0.6870867098441976,0.0
L03_C002,L03,propagation_delay,0,stable,,,False,False,False,4.858581364110919,0.0
L03_C002,L03,propagation_delay,24,stable,,,False,False,False,4.858581364110919,0.0
L03_C002,L03,propagation_delay,96,stable,,,False,False,False,4.858581364110919,0.0
L03_C002,L03,propagation_delay,168,stable,,,False,False,False,4.858581364110919,0.0
L03_C003,L03,leakage_current,0,stable,,,False,False,False,9.151821437925213,0.0
L03_C003,L03,leakage_current,24,stable,,,False,False,False,9.151821437925213,0.0
L03_C003,L03,leakage_current,96,stable,,,False,False,False,9.151821437925213,0.0
L03_C003,L03,leakage_current,168,stable,,,False,False,False,9.151821437925213,0.0
L03_C003,L03,iddq,0,stable,,,False,False,False,0.5067077207560369,0.0
L03_C003,L03,iddq,24,stable,,,False,False,False,0.5067077207560369,0.0
L03_C003,L03,iddq,96,stable,,,False,False,False,0.5067077207560369,0.0
L03_C003,L03,iddq,168,stable,,,False,False,False,0.5067077207560369,0.0
L03_C003,L03,propagation_delay,0,stable,,,False,False,False,5.350728599772601,0.0
L03_C003,L03,propagation_delay,24,stable,,,False,False,False,5.350728599772601,0.0
L03_C003,L03,propagation_delay,96,stable,,,False,False,False,5.350728599772601,0.0
L03_C003,L03,propagation_delay,168,stable,,,False,False,False,5.350728599772601,0.0
L03_C004,L03,leakage_current,0,stable,,,False,False,False,11.695555084798345,0.0
L03_C004,L03,leakage_current,24,stable,,,False,False,False,11.695555084798345,0.0
L03_C004,L03,leakage_current,96,stable,,,False,False,False,11.695555084798345,0.0
L03_C004,L03,leakage_current,168,stable,,,False,False,False,11.695555084798345,0.0
L03_C004,L03,iddq,0,stable,,,False,False,False,0.5809951305361136,0.0
L03_C004,L03,iddq,24,stable,,,False,False,False,0.5809951305361136,0.0
L03_C004,L03,iddq,96,stable,,,False,False,False,0.5809951305361136,0.0
L03_C004,L03,iddq,168,stable,,,False,False,False,0.5809951305361136,0.0
L03_C004,L03,propagation_delay,0,stable,,,False,False,False,4.640572419826821,0.0
L03_C004,L03,propagation_delay,24,stable,,,False,False,False,4.640572419826821,0.0
L03_C004,L03,propagation_delay,96,stable,,,False,False,False,4.640572419826821,0.0
L03_C004,L03,propagation_delay,168,stable,,,False,False,False,4.640572419826821,0.0
L03_C005,L03,leakage_current,0,stable,,,False,False,False,8.825008545621419,0.0
L03_C005,L03,leakage_current,24,stable,,,False,False,False,8.825008545621419,0.0
L03_C005,L03,leakage_current,96,stable,,,False,False,False,8.825008545621419,0.0
L03_C005,L03,leakage_current,168,stable,,,False,False,False,8.825008545621419,0.0
L03_C005,L03,iddq,0,stable,,,False,False,False,0.5173464944585023,0.0
L03_C005,L03,iddq,24,stable,,,False,False,False,0.5173464944585023,0.0
L03_C005,L03,iddq,96,stable,,,False,False,False,0.5173464944585023,0.0
L03_C005,L03,iddq,168,stable,,,False,False,False,0.5173464944585023,0.0
L03_C005,L03,propagation_delay,0,stable,,,False,False,False,5.19232831198183,0.0
L03_C005,L03,propagation_delay,24,stable,,,False,False,False,5.19232831198183,0.0
L03_C005,L03,propagation_delay,96,stable,,,False,False,False,5.19232831198183,0.0
L03_C005,L03,propagation_delay,168,stable,,,False,False,False,5.19232831198183,0.0
L03_C006,L03,leakage_current,0,stable,,,False,False,False,14.909766953355248,0.0
L03_C006,L03,leakage_current,24,stable,,,False,False,False,14.909766953355248,0.0
L03_C006,L03,leakage_current,96,stable,,,False,False,False,14.909766953355248,0.0
L03_C006,L03,leakage_current,168,stable,,,False,False,False,14.909766953355248,0.0
L03_C006,L03,iddq,0,stable,,,False,False,False,0.6189854082950468,0.0
L03_C006,L03,iddq,24,stable,,,False,False,False,0.6189854082950468,0.0
L03_C006,L03,iddq,96,stable,,,False,False,False,0.6189854082950468,0.0
L03_C006,L03,iddq,168,stable,,,False,False,False,0.6189854082950468,0.0
L03_C006,L03,propagation_delay,0,stable,,,False,False,False,5.037839520559268,0.0
L03_C006,L03,propagation_delay,24,stable,,,False,False,False,5.037839520559268,0.0
L03_C006,L03,propagation_delay,96,stable,,,False,False,False,5.037839520559268,0.0
L03_C006,L03,propagation_delay,168,stable,,,False,False,False,5.037839520559268,0.0
L03_C007,L03,leakage_current,0,stable,,,False,False,False,9.062787400777479,0.0
L03_C007,L03,leakage_current,24,stable,,,False,False,False,9.062787400777479,0.0
L03_C007,L03,leakage_current,96,stable,,,False,False,False,9.062787400777479,0.0
L03_C007,L03,leakage_current,168,stable,,,False,False,False,9.062787400777479,0.0
L03_C007,L03,iddq,0,stable,,,False,False,False,0.4501597875316592,0.0
L03_C007,L03,iddq,24,stable,,,False,False,False,0.4501597875316592,0.0
L03_C007,L03,iddq,96,stable,,,False,False,False,0.4501597875316592,0.0
L03_C007,L03,iddq,168,stable,,,False,False,False,0.4501597875316592,0.0
L03_C007,L03,propagation_delay,0,stable,,,False,False,False,5.019602911836459,0.0
L03_C007,L03,propagation_delay,24,stable,,,False,False,False,5.019602911836459,0.0
L03_C007,L03,propagation_delay,96,stable,,,False,False,False,5.019602911836459,0.0
L03_C007,L03,propagation_delay,168,stable,,,False,False,False,5.019602911836459,0.0
L03_C008,L03,leakage_current,0,stable,,,False,False,False,15.842077984590452,0.0
L03_C008,L03,leakage_current,24,stable,,,False,False,False,15.842077984590452,0.0
L03_C008,L03,leakage_current,96,stable,,,False,False,False,15.842077984590452,0.0
L03_C008,L03,leakage_current,168,stable,,,False,False,False,15.842077984590452,0.0
L03_C008,L03,iddq,0,stable,,,False,False,False,0.46890635046132184,0.0
L03_C008,L03,iddq,24,stable,,,False,False,False,0.46890635046132184,0.0
L03_C008,L03,iddq,96,stable,,,False,False,False,0.46890635046132184,0.0
L03_C008,L03,iddq,168,stable,,,False,False,False,0.46890635046132184,0.0
L03_C008,L03,propagation_delay,0,stable,,,False,False,False,4.9446842889098015,0.0
L03_C008,L03,propagation_delay,24,stable,,,False,False,False,4.9446842889098015,0.0
L03_C008,L03,propagation_delay,96,stable,,,False,False,False,4.9446842889098015,0.0
L03_C008,L03,propagation_delay,168,stable,,,False,False,False,4.9446842889098015,0.0
L03_C009,L03,leakage_current,0,stable,,,False,False,False,13.30612491627163,0.0
L03_C009,L03,leakage_current,24,stable,,,False,False,False,13.30612491627163,0.0
L03_C009,L03,leakage_current,96,stable,,,False,False,False,13.30612491627163,0.0
L03_C009,L03,leakage_current,168,stable,,,False,False,False,13.30612491627163,0.0
L03_C009,L03,iddq,0,stable,,,False,False,False,0.3870280181811313,0.0
L03_C009,L03,iddq,24,stable,,,False,False,False,0.3870280181811313,0.0
L03_C009,L03,iddq,96,stable,,,False,False,False,0.3870280181811313,0.0
L03_C009,L03,iddq,168,stable,,,False,False,False,0.3870280181811313,0.0
L03_C009,L03,propagation_delay,0,stable,,,False,False,False,5.43121109102708,0.0
L03_C009,L03,propagation_delay,24,stable,,,False,False,False,5.43121109102708,0.0
L03_C009,L03,propagation_delay,96,stable,,,False,False,False,5.43121109102708,0.0
L03_C009,L03,propagation_delay,168,stable,,,False,False,False,5.43121109102708,0.0
L03_C010,L03,leakage_current,0,stable,,,False,False,False,9.890444071177503,0.0
L03_C010,L03,leakage_current,24,stable,,,False,False,False,9.890444071177503,0.0
L03_C010,L03,leakage_current,96,stable,,,False,False,False,9.890444071177503,0.0
L03_C010,L03,leakage_current,168,stable,,,False,False,False,9.890444071177503,0.0
L03_C010,L03,iddq,0,stable,,,False,False,False,0.5248130431068384,0.0
L03_C010,L03,iddq,24,stable,,,False,False,False,0.5248130431068384,0.0
L03_C010,L03,iddq,96,stable,,,False,False,False,0.5248130431068384,0.0
L03_C010,L03,iddq,168,stable,,,False,False,False,0.5248130431068384,0.0
L03_C010,L03,propagation_delay,0,stable,,,False,False,False,5.676074307366325,0.0
L03_C010,L03,propagation_delay,24,stable,,,False,False,False,5.676074307366325,0.0
L03_C010,L03,propagation_delay,96,stable,,,False,False,False,5.676074307366325,0.0
L03_C010,L03,propagation_delay,168,stable,,,False,False,False,5.676074307366325,0.0
L03_C011,L03,leakage_current,0,stable,,,False,False,False,11.846754970241381,0.0
L03_C011,L03,leakage_current,24,stable,,,False,False,False,11.846754970241381,0.0
L03_C011,L03,leakage_current,96,stable,,,False,False,False,11.846754970241381,0.0
L03_C011,L03,leakage_current,168,stable,,,False,False,False,11.846754970241381,0.0
L03_C011,L03,iddq,0,stable,,,False,False,False,0.6236708470266703,0.0
L03_C011,L03,iddq,24,stable,,,False,False,False,0.6236708470266703,0.0
L03_C011,L03,iddq,96,stable,,,False,False,False,0.6236708470266703,0.0
L03_C011,L03,iddq,168,stable,,,False,False,False,0.6236708470266703,0.0
L03_C011,L03,propagation_delay,0,stable,,,False,False,False,5.260840746765324,0.0
L03_C011,L03,propagation_delay,24,stable,,,False,False,False,5.260840746765324,0.0
L03_C011,L03,propagation_delay,96,stable,,,False,False,False,5.260840746765324,0.0
L03_C011,L03,propagation_delay,168,stable,,,False,False,False,5.260840746765324,0.0
L03_C012,L03,leakage_current,0,stable,,,False,False,False,13.059328132955423,0.0
L03_C012,L03,leakage_current,24,stable,,,False,False,False,13.059328132955423,0.0
L03_C012,L03,leakage_current,96,stable,,,False,False,False,13.059328132955423,0.0
L03_C012,L03,leakage_current,168,stable,,,False,False,False,13.059328132955423,0.0
L03_C012,L03,iddq,0,stable,,,False,False,False,0.5466075603449537,0.0
L03_C012,L03,iddq,24,stable,,,False,False,False,0.5466075603449537,0.0
L03_C012,L03,iddq,96,stable,,,False,False,False,0.5466075603449537,0.0
L03_C012,L03,iddq,168,stable,,,False,False,False,0.5466075603449537,0.0
L03_C012,L03,propagation_delay,0,stable,,,False,False,False,5.181320964131967,0.0
L03_C012,L03,propagation_delay,24,stable,,,False,False,False,5.181320964131967,0.0
L03_C012,L03,propagation_delay,96,stable,,,False,False,False,5.181320964131967,0.0
L03_C012,L03,propagation_delay,168,stable,,,False,False,False,5.181320964131967,0.0
L03_C013,L03,leakage_current,0,abrupt_failure,168.0,168.0,False,False,True,8.492630692191788,0.0
L03_C013,L03,leakage_current,24,abrupt_failure,168.0,168.0,False,False,True,8.492630692191788,0.0
L03_C013,L03,leakage_current,96,abrupt_failure,168.0,168.0,False,False,True,8.492630692191788,0.0
L03_C013,L03,leakage_current,168,abrupt_failure,168.0,168.0,False,False,True,114.69350873477094,12.505062552669495
L03_C013,L03,iddq,0,abrupt_failure,96.0,96.0,False,True,True,0.5729962702233453,0.0
L03_C013,L03,iddq,24,abrupt_failure,96.0,96.0,False,True,True,0.5729962702233453,0.0
L03_C013,L03,iddq,96,abrupt_failure,96.0,96.0,False,True,True,14.966026896060637,25.118890599806356
L03_C013,L03,iddq,168,abrupt_failure,96.0,96.0,False,True,True,14.966026896060637,25.118890599806356
L03_C013,L03,propagation_delay,0,abrupt_failure,96.0,96.0,False,True,True,5.196061535651381,0.0
L03_C013,L03,propagation_delay,24,abrupt_failure,96.0,96.0,False,True,True,5.196061535651381,0.0
L03_C013,L03,propagation_delay,96,abrupt_failure,96.0,96.0,False,True,True,12.260912678884647,1.3596550184711413
L03_C013,L03,propagation_delay,168,abrupt_failure,96.0,96.0,False,True,True,12.260912678884647,1.3596550184711413
L03_C014,L03,leakage_current,0,stable,,,False,False,False,13.320815656129346,0.0
L03_C014,L03,leakage_current,24,stable,,,False,False,False,13.320815656129346,0.0
L03_C014,L03,leakage_current,96,stable,,,False,False,False,13.320815656129346,0.0
L03_C014,L03,leakage_current,168,stable,,,False,False,False,13.320815656129346,0.0
L03_C014,L03,iddq,0,stable,,,False,False,False,0.6540164500741655,0.0
L03_C014,L03,iddq,24,stable,,,False,False,False,0.6540164500741655,0.0
L03_C014,L03,iddq,96,stable,,,False,False,False,0.6540164500741655,0.0
L03_C014,L03,iddq,168,stable,,,False,False,False,0.6540164500741655,0.0
L03_C014,L03,propagation_delay,0,stable,,,False,False,False,5.774039661794825,0.0
L03_C014,L03,propagation_delay,24,stable,,,False,False,False,5.774039661794825,0.0
L03_C014,L03,propagation_delay,96,stable,,,False,False,False,5.774039661794825,0.0
L03_C014,L03,propagation_delay,168,stable,,,False,False,False,5.774039661794825,0.0
L03_C015,L03,leakage_current,0,stable,,,False,False,False,10.27220452091784,0.0
L03_C015,L03,leakage_current,24,stable,,,False,False,False,10.27220452091784,0.0
L03_C015,L03,leakage_current,96,stable,,,False,False,False,10.27220452091784,0.0
L03_C015,L03,leakage_current,168,stable,,,False,False,False,10.27220452091784,0.0
L03_C015,L03,iddq,0,stable,,,False,False,False,0.48471260287704404,0.0
L03_C015,L03,iddq,24,stable,,,False,False,False,0.48471260287704404,0.0
L03_C015,L03,iddq,96,stable,,,False,False,False,0.48471260287704404,0.0
L03_C015,L03,iddq,168,stable,,,False,False,False,0.48471260287704404,0.0
L03_C015,L03,propagation_delay,0,stable,,,False,False,False,4.853306384898497,0.0
L03_C015,L03,propagation_delay,24,stable,,,False,False,False,4.853306384898497,0.0
L03_C015,L03,propagation_delay,96,stable,,,False,False,False,4.853306384898497,0.0
L03_C015,L03,propagation_delay,168,stable,,,False,False,False,4.853306384898497,0.0
L03_C016,L03,leakage_current,0,stable,,,False,False,False,9.664713464537101,0.0
L03_C016,L03,leakage_current,24,stable,,,False,False,False,9.664713464537101,0.0
L03_C016,L03,leakage_current,96,stable,,,False,False,False,9.664713464537101,0.0
L03_C016,L03,leakage_current,168,stable,,,False,False,False,9.664713464537101,0.0
L03_C016,L03,iddq,0,stable,,,False,False,False,0.5205289151223081,0.0
L03_C016,L03,iddq,24,stable,,,False,False,False,0.5205289151223081,0.0
L03_C016,L03,iddq,96,stable,,,False,False,False,0.5205289151223081,0.0
L03_C016,L03,iddq,168,stable,,,False,False,False,0.5205289151223081,0.0
L03_C016,L03,propagation_delay,0,stable,,,False,False,False,4.979514772790863,0.0
L03_C016,L03,propagation_delay,24,stable,,,False,False,False,4.979514772790863,0.0
L03_C016,L03,propagation_delay,96,stable,,,False,False,False,4.979514772790863,0.0
L03_C016,L03,propagation_delay,168,stable,,,False,False,False,4.979514772790863,0.0
L03_C017,L03,leakage_current,0,stable,,,False,False,False,10.614223280673453,0.0
L03_C017,L03,leakage_current,24,stable,,,False,False,False,10.614223280673453,0.0
L03_C017,L03,leakage_current,96,stable,,,False,False,False,10.614223280673453,0.0
L03_C017,L03,leakage_current,168,stable,,,False,False,False,10.614223280673453,0.0
L03_C017,L03,iddq,0,stable,,,False,False,False,0.6314320554423365,0.0
L03_C017,L03,iddq,24,stable,,,False,False,False,0.6314320554423365,0.0
L03_C017,L03,iddq,96,stable,,,False,False,False,0.6314320554423365,0.0
L03_C017,L03,iddq,168,stable,,,False,False,False,0.6314320554423365,0.0
L03_C017,L03,propagation_delay,0,stable,,,False,False,False,4.8413843964391425,0.0
L03_C017,L03,propagation_delay,24,stable,,,False,False,False,4.8413843964391425,0.0
L03_C017,L03,propagation_delay,96,stable,,,False,False,False,4.8413843964391425,0.0
L03_C017,L03,propagation_delay,168,stable,,,False,False,False,4.8413843964391425,0.0
L03_C018,L03,leakage_current,0,stable,,,False,False,False,8.033492396476252,0.0
L03_C018,L03,leakage_current,24,stable,,,False,False,False,8.033492396476252,0.0
L03_C018,L03,leakage_current,96,stable,,,False,False,False,8.033492396476252,0.0
L03_C018,L03,leakage_current,168,stable,,,False,False,False,8.033492396476252,0.0
L03_C018,L03,iddq,0,stable,,,False,False,False,0.6000928714593111,0.0
L03_C018,L03,iddq,24,stable,,,False,False,False,0.6000928714593111,0.0
L03_C018,L03,iddq,96,stable,,,False,False,False,0.6000928714593111,0.0
L03_C018,L03,iddq,168,stable,,,False,False,False,0.6000928714593111,0.0
L03_C018,L03,propagation_delay,0,stable,,,False,False,False,4.742799164602029,0.0
L03_C018,L03,propagation_delay,24,stable,,,False,False,False,4.742799164602029,0.0
L03_C018,L03,propagation_delay,96,stable,,,False,False,False,4.742799164602029,0.0
L03_C018,L03,propagation_delay,168,stable,,,False,False,False,4.742799164602029,0.0
L03_C019,L03,leakage_current,0,stable,,,False,False,False,12.777558431853553,0.0
L03_C019,L03,leakage_current,24,stable,,,False,False,False,12.777558431853553,0.0
L03_C019,L03,leakage_current,96,stable,,,False,False,False,12.777558431853553,0.0
L03_C019,L03,leakage_current,168,stable,,,False,False,False,12.777558431853553,0.0
L03_C019,L03,iddq,0,stable,,,False,False,False,0.6126020636152586,0.0
L03_C019,L03,iddq,24,stable,,,False,False,False,0.6126020636152586,0.0
L03_C019,L03,iddq,96,stable,,,False,False,False,0.6126020636152586,0.0
L03_C019,L03,iddq,168,stable,,,False,False,False,0.6126020636152586,0.0
L03_C019,L03,propagation_delay,0,stable,,,False,False,False,4.936896741129443,0.0
L03_C019,L03,propagation_delay,24,stable,,,False,False,False,4.936896741129443,0.0
L03_C019,L03,propagation_delay,96,stable,,,False,False,False,4.936896741129443,0.0
L03_C019,L03,propagation_delay,168,stable,,,False,False,False,4.936896741129443,0.0
L03_C020,L03,leakage_current,0,stable,,,False,False,False,8.420279844050778,0.0
L03_C020,L03,leakage_current,24,stable,,,False,False,False,8.420279844050778,0.0
L03_C020,L03,leakage_current,96,stable,,,False,False,False,8.420279844050778,0.0
L03_C020,L03,leakage_current,168,stable,,,False,False,False,8.420279844050778,0.0
L03_C020,L03,iddq,0,stable,,,False,False,False,0.6162338558838016,0.0
L03_C020,L03,iddq,24,stable,,,False,False,False,0.6162338558838016,0.0
L03_C020,L03,iddq,96,stable,,,False,False,False,0.6162338558838016,0.0
L03_C020,L03,iddq,168,stable,,,False,False,False,0.6162338558838016,0.0
L03_C020,L03,propagation_delay,0,stable,,,False,False,False,5.669209334704646,0.0
L03_C020,L03,propagation_delay,24,stable,,,False,False,False,5.669209334704646,0.0
L03_C020,L03,propagation_delay,96,stable,,,False,False,False,5.669209334704646,0.0
L03_C020,L03,propagation_delay,168,stable,,,False,False,False,5.669209334704646,0.0
L03_C021,L03,leakage_current,0,stable,,,False,False,False,7.734222296377986,0.0
L03_C021,L03,leakage_current,24,stable,,,False,False,False,7.734222296377986,0.0
L03_C021,L03,leakage_current,96,stable,,,False,False,False,7.734222296377986,0.0
L03_C021,L03,leakage_current,168,stable,,,False,False,False,7.734222296377986,0.0
L03_C021,L03,iddq,0,stable,,,False,False,False,0.5175232155748826,0.0
L03_C021,L03,iddq,24,stable,,,False,False,False,0.5175232155748826,0.0
L03_C021,L03,iddq,96,stable,,,False,False,False,0.5175232155748826,0.0
L03_C021,L03,iddq,168,stable,,,False,False,False,0.5175232155748826,0.0
L03_C021,L03,propagation_delay,0,stable,,,False,False,False,5.499485358544875,0.0
L03_C021,L03,propagation_delay,24,stable,,,False,False,False,5.499485358544875,0.0
L03_C021,L03,propagation_delay,96,stable,,,False,False,False,5.499485358544875,0.0
L03_C021,L03,propagation_delay,168,stable,,,False,False,False,5.499485358544875,0.0
L03_C022,L03,leakage_current,0,stable,,,False,False,False,9.250124268258515,0.0
L03_C022,L03,leakage_current,24,stable,,,False,False,False,9.250124268258515,0.0
L03_C022,L03,leakage_current,96,stable,,,False,False,False,9.250124268258515,0.0
L03_C022,L03,leakage_current,168,stable,,,False,False,False,9.250124268258515,0.0
L03_C022,L03,iddq,0,stable,,,False,False,False,0.5322588693369091,0.0
L03_C022,L03,iddq,24,stable,,,False,False,False,0.5322588693369091,0.0
L03_C022,L03,iddq,96,stable,,,False,False,False,0.5322588693369091,0.0
L03_C022,L03,iddq,168,stable,,,False,False,False,0.5322588693369091,0.0
L03_C022,L03,propagation_delay,0,stable,,,False,False,False,4.328459453599249,0.0
L03_C022,L03,propagation_delay,24,stable,,,False,False,False,4.328459453599249,0.0
L03_C022,L03,propagation_delay,96,stable,,,False,False,False,4.328459453599249,0.0
L03_C022,L03,propagation_delay,168,stable,,,False,False,False,4.328459453599249,0.0
L03_C023,L03,leakage_current,0,stable,,,False,False,False,14.456137150416728,0.0
L03_C023,L03,leakage_current,24,stable,,,False,False,False,14.456137150416728,0.0
L03_C023,L03,leakage_current,96,stable,,,False,False,False,14.456137150416728,0.0
L03_C023,L03,leakage_current,168,stable,,,False,False,False,14.456137150416728,0.0
L03_C023,L03,iddq,0,stable,,,False,False,False,0.5080794417936053,0.0
L03_C023,L03,iddq,24,stable,,,False,False,False,0.5080794417936053,0.0
L03_C023,L03,iddq,96,stable,,,False,False,False,0.5080794417936053,0.0
L03_C023,L03,iddq,168,stable,,,False,False,False,0.5080794417936053,0.0
L03_C023,L03,propagation_delay,0,stable,,,False,False,False,5.084711736364093,0.0
L03_C023,L03,propagation_delay,24,stable,,,False,False,False,5.084711736364093,0.0
L03_C023,L03,propagation_delay,96,stable,,,False,False,False,5.084711736364093,0.0
L03_C023,L03,propagation_delay,168,stable,,,False,False,False,5.084711736364093,0.0
L03_C024,L03,leakage_current,0,stable,,,False,False,False,13.693847091279801,0.0
L03_C024,L03,leakage_current,24,stable,,,False,False,False,13.693847091279801,0.0
L03_C024,L03,leakage_current,96,stable,,,False,False,False,13.693847091279801,0.0
L03_C024,L03,leakage_current,168,stable,,,False,False,False,13.693847091279801,0.0
L03_C024,L03,iddq,0,stable,,,False,False,False,0.7019360368207654,0.0
L03_C024,L03,iddq,24,stable,,,False,False,False,0.7019360368207654,0.0
L03_C024,L03,iddq,96,stable,,,False,False,False,0.7019360368207654,0.0
L03_C024,L03,iddq,168,stable,,,False,False,False,0.7019360368207654,0.0
L03_C024,L03,propagation_delay,0,stable,,,False,False,False,5.240660419270744,0.0
L03_C024,L03,propagation_delay,24,stable,,,False,False,False,5.240660419270744,0.0
L03_C024,L03,propagation_delay,96,stable,,,False,False,False,5.240660419270744,0.0
L03_C024,L03,propagation_delay,168,stable,,,False,False,False,5.240660419270744,0.0
L03_C025,L03,leakage_current,0,high_but_stable,,0.0,True,True,True,19.137099541221616,0.0
L03_C025,L03,leakage_current,24,high_but_stable,,0.0,True,True,True,19.137099541221616,0.0
L03_C025,L03,leakage_current,96,high_but_stable,,0.0,True,True,True,19.137099541221616,0.0
L03_C025,L03,leakage_current,168,high_but_stable,,0.0,True,True,True,19.137099541221616,0.0
L03_C025,L03,iddq,0,high_but_stable,,0.0,True,True,True,0.8754288471571043,0.0
L03_C025,L03,iddq,24,high_but_stable,,0.0,True,True,True,0.8754288471571043,0.0
L03_C025,L03,iddq,96,high_but_stable,,0.0,True,True,True,0.8754288471571043,0.0
L03_C025,L03,iddq,168,high_but_stable,,0.0,True,True,True,0.8754288471571043,0.0
L03_C025,L03,propagation_delay,0,high_but_stable,,0.0,True,True,True,6.062414441706973,0.0
L03_C025,L03,propagation_delay,24,high_but_stable,,0.0,True,True,True,6.062414441706973,0.0
L03_C025,L03,propagation_delay,96,high_but_stable,,0.0,True,True,True,6.062414441706973,0.0
L03_C025,L03,propagation_delay,168,high_but_stable,,0.0,True,True,True,6.062414441706973,0.0
L03_C026,L03,leakage_current,0,stable,,,False,False,False,10.366963650241376,0.0
L03_C026,L03,leakage_current,24,stable,,,False,False,False,10.366963650241376,0.0
L03_C026,L03,leakage_current,96,stable,,,False,False,False,10.366963650241376,0.0
L03_C026,L03,leakage_current,168,stable,,,False,False,False,10.366963650241376,0.0
L03_C026,L03,iddq,0,stable,,,False,False,False,0.5725517282644654,0.0
L03_C026,L03,iddq,24,stable,,,False,False,False,0.5725517282644654,0.0
L03_C026,L03,iddq,96,stable,,,False,False,False,0.5725517282644654,0.0
L03_C026,L03,iddq,168,stable,,,False,False,False,0.5725517282644654,0.0
L03_C026,L03,propagation_delay,0,stable,,,False,False,False,4.872812215430322,0.0
L03_C026,L03,propagation_delay,24,stable,,,False,False,False,4.872812215430322,0.0
L03_C026,L03,propagation_delay,96,stable,,,False,False,False,4.872812215430322,0.0
L03_C026,L03,propagation_delay,168,stable,,,False,False,False,4.872812215430322,0.0
L03_C027,L03,leakage_current,0,stable,,,False,False,False,11.313061074698496,0.0
L03_C027,L03,leakage_current,24,stable,,,False,False,False,11.313061074698496,0.0
L03_C027,L03,leakage_current,96,stable,,,False,False,False,11.313061074698496,0.0
L03_C027,L03,leakage_current,168,stable,,,False,False,False,11.313061074698496,0.0
L03_C027,L03,iddq,0,stable,,,False,False,False,0.5354065070137232,0.0
L03_C027,L03,iddq,24,stable,,,False,False,False,0.5354065070137232,0.0
L03_C027,L03,iddq,96,stable,,,False,False,False,0.5354065070137232,0.0
L03_C027,L03,iddq,168,stable,,,False,False,False,0.5354065070137232,0.0
L03_C027,L03,propagation_delay,0,stable,,,False,False,False,4.887375764220207,0.0
L03_C027,L03,propagation_delay,24,stable,,,False,False,False,4.887375764220207,0.0
L03_C027,L03,propagation_delay,96,stable,,,False,False,False,4.887375764220207,0.0
L03_C027,L03,propagation_delay,168,stable,,,False,False,False,4.887375764220207,0.0
L03_C028,L03,leakage_current,0,stable,,,False,False,False,10.420728159268737,0.0
L03_C028,L03,leakage_current,24,stable,,,False,False,False,10.420728159268737,0.0
L03_C028,L03,leakage_current,96,stable,,,False,False,False,10.420728159268737,0.0
L03_C028,L03,leakage_current,168,stable,,,False,False,False,10.420728159268737,0.0
L03_C028,L03,iddq,0,stable,,,False,False,False,0.48149788173687613,0.0
L03_C028,L03,iddq,24,stable,,,False,False,False,0.48149788173687613,0.0
L03_C028,L03,iddq,96,stable,,,False,False,False,0.48149788173687613,0.0
L03_C028,L03,iddq,168,stable,,,False,False,False,0.48149788173687613,0.0
L03_C028,L03,propagation_delay,0,stable,,,False,False,False,5.2126058322568,0.0
L03_C028,L03,propagation_delay,24,stable,,,False,False,False,5.2126058322568,0.0
L03_C028,L03,propagation_delay,96,stable,,,False,False,False,5.2126058322568,0.0
L03_C028,L03,propagation_delay,168,stable,,,False,False,False,5.2126058322568,0.0
L03_C029,L03,leakage_current,0,stable,,,False,False,False,9.235733598952221,0.0
L03_C029,L03,leakage_current,24,stable,,,False,False,False,9.235733598952221,0.0
L03_C029,L03,leakage_current,96,stable,,,False,False,False,9.235733598952221,0.0
L03_C029,L03,leakage_current,168,stable,,,False,False,False,9.235733598952221,0.0
L03_C029,L03,iddq,0,stable,,,False,False,False,0.5483922799181321,0.0
L03_C029,L03,iddq,24,stable,,,False,False,False,0.5483922799181321,0.0
L03_C029,L03,iddq,96,stable,,,False,False,False,0.5483922799181321,0.0
L03_C029,L03,iddq,168,stable,,,False,False,False,0.5483922799181321,0.0
L03_C029,L03,propagation_delay,0,stable,,,False,False,False,5.348588768292372,0.0
L03_C029,L03,propagation_delay,24,stable,,,False,False,False,5.348588768292372,0.0
L03_C029,L03,propagation_delay,96,stable,,,False,False,False,5.348588768292372,0.0
L03_C029,L03,propagation_delay,168,stable,,,False,False,False,5.348588768292372,0.0
L03_C030,L03,leakage_current,0,stable,,,False,False,False,9.433765077784797,0.0
L03_C030,L03,leakage_current,24,stable,,,False,False,False,9.433765077784797,0.0
L03_C030,L03,leakage_current,96,stable,,,False,False,False,9.433765077784797,0.0
L03_C030,L03,leakage_current,168,stable,,,False,False,False,9.433765077784797,0.0
L03_C030,L03,iddq,0,stable,,,False,False,False,0.5065329883270677,0.0
L03_C030,L03,iddq,24,stable,,,False,False,False,0.5065329883270677,0.0
L03_C030,L03,iddq,96,stable,,,False,False,False,0.5065329883270677,0.0
L03_C030,L03,iddq,168,stable,,,False,False,False,0.5065329883270677,0.0
L03_C030,L03,propagation_delay,0,stable,,,False,False,False,4.893413436148911,0.0
L03_C030,L03,propagation_delay,24,stable,,,False,False,False,4.893413436148911,0.0
L03_C030,L03,propagation_delay,96,stable,,,False,False,False,4.893413436148911,0.0
L03_C030,L03,propagation_delay,168,stable,,,False,False,False,4.893413436148911,0.0
L04_C001,L04,leakage_current,0,stable,,,False,False,False,7.744509133252374,0.0
L04_C001,L04,leakage_current,24,stable,,,False,False,False,7.744509133252374,0.0
L04_C001,L04,leakage_current,96,stable,,,False,False,False,7.744509133252374,0.0
L04_C001,L04,leakage_current,168,stable,,,False,False,False,7.744509133252374,0.0
L04_C001,L04,iddq,0,stable,,,False,False,False,0.31414695134281506,0.0
L04_C001,L04,iddq,24,stable,,,False,False,False,0.31414695134281506,0.0
L04_C001,L04,iddq,96,stable,,,False,False,False,0.31414695134281506,0.0
L04_C001,L04,iddq,168,stable,,,False,False,False,0.31414695134281506,0.0
L04_C001,L04,propagation_delay,0,stable,,,False,False,False,4.531738558309744,0.0
L04_C001,L04,propagation_delay,24,stable,,,False,False,False,4.531738558309744,0.0
L04_C001,L04,propagation_delay,96,stable,,,False,False,False,4.531738558309744,0.0
L04_C001,L04,propagation_delay,168,stable,,,False,False,False,4.531738558309744,0.0
L04_C002,L04,leakage_current,0,high_but_stable,,0.0,True,True,True,15.53119998224751,0.0
L04_C002,L04,leakage_current,24,high_but_stable,,0.0,True,True,True,15.53119998224751,0.0
L04_C002,L04,leakage_current,96,high_but_stable,,0.0,True,True,True,15.53119998224751,0.0
L04_C002,L04,leakage_current,168,high_but_stable,,0.0,True,True,True,15.53119998224751,0.0
L04_C002,L04,iddq,0,high_but_stable,,0.0,True,True,True,0.7252451209556774,0.0
L04_C002,L04,iddq,24,high_but_stable,,0.0,True,True,True,0.7252451209556774,0.0
L04_C002,L04,iddq,96,high_but_stable,,0.0,True,True,True,0.7252451209556774,0.0
L04_C002,L04,iddq,168,high_but_stable,,0.0,True,True,True,0.7252451209556774,0.0
L04_C002,L04,propagation_delay,0,high_but_stable,,0.0,True,True,True,5.478150324895663,0.0
L04_C002,L04,propagation_delay,24,high_but_stable,,0.0,True,True,True,5.478150324895663,0.0
L04_C002,L04,propagation_delay,96,high_but_stable,,0.0,True,True,True,5.478150324895663,0.0
L04_C002,L04,propagation_delay,168,high_but_stable,,0.0,True,True,True,5.478150324895663,0.0
L04_C003,L04,leakage_current,0,stable,,,False,False,False,11.797084257427684,0.0
L04_C003,L04,leakage_current,24,stable,,,False,False,False,11.797084257427684,0.0
L04_C003,L04,leakage_current,96,stable,,,False,False,False,11.797084257427684,0.0
L04_C003,L04,leakage_current,168,stable,,,False,False,False,11.797084257427684,0.0
L04_C003,L04,iddq,0,stable,,,False,False,False,0.5683905471714147,0.0
L04_C003,L04,iddq,24,stable,,,False,False,False,0.5683905471714147,0.0
L04_C003,L04,iddq,96,stable,,,False,False,False,0.5683905471714147,0.0
L04_C003,L04,iddq,168,stable,,,False,False,False,0.5683905471714147,0.0
L04_C003,L04,propagation_delay,0,stable,,,False,False,False,4.113242779946381,0.0
L04_C003,L04,propagation_delay,24,stable,,,False,False,False,4.113242779946381,0.0
L04_C003,L04,propagation_delay,96,stable,,,False,False,False,4.113242779946381,0.0
L04_C003,L04,propagation_delay,168,stable,,,False,False,False,4.113242779946381,0.0
L04_C004,L04,leakage_current,0,stable,,,False,False,False,8.91713359289826,0.0
L04_C004,L04,leakage_current,24,stable,,,False,False,False,8.91713359289826,0.0
L04_C004,L04,leakage_current,96,stable,,,False,False,False,8.91713359289826,0.0
L04_C004,L04,leakage_current,168,stable,,,False,False,False,8.91713359289826,0.0
L04_C004,L04,iddq,0,stable,,,False,False,False,0.533216750322502,0.0
L04_C004,L04,iddq,24,stable,,,False,False,False,0.533216750322502,0.0
L04_C004,L04,iddq,96,stable,,,False,False,False,0.533216750322502,0.0
L04_C004,L04,iddq,168,stable,,,False,False,False,0.533216750322502,0.0
L04_C004,L04,propagation_delay,0,stable,,,False,False,False,4.7459256584224665,0.0
L04_C004,L04,propagation_delay,24,stable,,,False,False,False,4.7459256584224665,0.0
L04_C004,L04,propagation_delay,96,stable,,,False,False,False,4.7459256584224665,0.0
L04_C004,L04,propagation_delay,168,stable,,,False,False,False,4.7459256584224665,0.0
L04_C005,L04,leakage_current,0,lot_outlier,,0.0,True,True,True,20.312948671405863,0.0
L04_C005,L04,leakage_current,24,lot_outlier,,0.0,True,True,True,20.312948671405863,0.0
L04_C005,L04,leakage_current,96,lot_outlier,,0.0,True,True,True,20.312948671405863,0.0
L04_C005,L04,leakage_current,168,lot_outlier,,0.0,True,True,True,20.312948671405863,0.0
L04_C005,L04,iddq,0,lot_outlier,,0.0,True,True,True,0.8766790935773783,0.0
L04_C005,L04,iddq,24,lot_outlier,,0.0,True,True,True,0.8766790935773783,0.0
L04_C005,L04,iddq,96,lot_outlier,,0.0,True,True,True,0.8766790935773783,0.0
L04_C005,L04,iddq,168,lot_outlier,,0.0,True,True,True,0.8766790935773783,0.0
L04_C005,L04,propagation_delay,0,lot_outlier,,0.0,True,True,True,5.785499021868704,0.0
L04_C005,L04,propagation_delay,24,lot_outlier,,0.0,True,True,True,5.785499021868704,0.0
L04_C005,L04,propagation_delay,96,lot_outlier,,0.0,True,True,True,5.785499021868704,0.0
L04_C005,L04,propagation_delay,168,lot_outlier,,0.0,True,True,True,5.785499021868704,0.0
L04_C006,L04,leakage_current,0,stable,,,False,False,False,7.612747516894358,0.0
L04_C006,L04,leakage_current,24,stable,,,False,False,False,7.612747516894358,0.0
L04_C006,L04,leakage_current,96,stable,,,False,False,False,7.612747516894358,0.0
L04_C006,L04,leakage_current,168,stable,,,False,False,False,7.612747516894358,0.0
L04_C006,L04,iddq,0,stable,,,False,False,False,0.4058695705149463,0.0
L04_C006,L04,iddq,24,stable,,,False,False,False,0.4058695705149463,0.0
L04_C006,L04,iddq,96,stable,,,False,False,False,0.4058695705149463,0.0
L04_C006,L04,iddq,168,stable,,,False,False,False,0.4058695705149463,0.0
L04_C006,L04,propagation_delay,0,stable,,,False,False,False,4.681495933397876,0.0
L04_C006,L04,propagation_delay,24,stable,,,False,False,False,4.681495933397876,0.0
L04_C006,L04,propagation_delay,96,stable,,,False,False,False,4.681495933397876,0.0
L04_C006,L04,propagation_delay,168,stable,,,False,False,False,4.681495933397876,0.0
L04_C007,L04,leakage_current,0,stable,,,False,False,False,11.33471464071642,0.0
L04_C007,L04,leakage_current,24,stable,,,False,False,False,11.33471464071642,0.0
L04_C007,L04,leakage_current,96,stable,,,False,False,False,11.33471464071642,0.0
L04_C007,L04,leakage_current,168,stable,,,False,False,False,11.33471464071642,0.0
L04_C007,L04,iddq,0,stable,,,False,False,False,0.4508976372734972,0.0
L04_C007,L04,iddq,24,stable,,,False,False,False,0.4508976372734972,0.0
L04_C007,L04,iddq,96,stable,,,False,False,False,0.4508976372734972,0.0
L04_C007,L04,iddq,168,stable,,,False,False,False,0.4508976372734972,0.0
L04_C007,L04,propagation_delay,0,stable,,,False,False,False,4.277943233611188,0.0
L04_C007,L04,propagation_delay,24,stable,,,False,False,False,4.277943233611188,0.0
L04_C007,L04,propagation_delay,96,stable,,,False,False,False,4.277943233611188,0.0
L04_C007,L04,propagation_delay,168,stable,,,False,False,False,4.277943233611188,0.0
L04_C008,L04,leakage_current,0,stable,,,False,False,False,9.538481756837633,0.0
L04_C008,L04,leakage_current,24,stable,,,False,False,False,9.538481756837633,0.0
L04_C008,L04,leakage_current,96,stable,,,False,False,False,9.538481756837633,0.0
L04_C008,L04,leakage_current,168,stable,,,False,False,False,9.538481756837633,0.0
L04_C008,L04,iddq,0,stable,,,False,False,False,0.45684654700132277,0.0
L04_C008,L04,iddq,24,stable,,,False,False,False,0.45684654700132277,0.0
L04_C008,L04,iddq,96,stable,,,False,False,False,0.45684654700132277,0.0
L04_C008,L04,iddq,168,stable,,,False,False,False,0.45684654700132277,0.0
L04_C008,L04,propagation_delay,0,stable,,,False,False,False,4.6469159627840595,0.0
L04_C008,L04,propagation_delay,24,stable,,,False,False,False,4.6469159627840595,0.0
L04_C008,L04,propagation_delay,96,stable,,,False,False,False,4.6469159627840595,0.0
L04_C008,L04,propagation_delay,168,stable,,,False,False,False,4.6469159627840595,0.0
L04_C009,L04,leakage_current,0,stable,,,False,False,False,10.455661269410855,0.0
L04_C009,L04,leakage_current,24,stable,,,False,False,False,10.455661269410855,0.0
L04_C009,L04,leakage_current,96,stable,,,False,False,False,10.455661269410855,0.0
L04_C009,L04,leakage_current,168,stable,,,False,False,False,10.455661269410855,0.0
L04_C009,L04,iddq,0,stable,,,False,False,False,0.39794933230475477,0.0
L04_C009,L04,iddq,24,stable,,,False,False,False,0.39794933230475477,0.0
L04_C009,L04,iddq,96,stable,,,False,False,False,0.39794933230475477,0.0
L04_C009,L04,iddq,168,stable,,,False,False,False,0.39794933230475477,0.0
L04_C009,L04,propagation_delay,0,stable,,,False,False,False,4.792045694674512,0.0
L04_C009,L04,propagation_delay,24,stable,,,False,False,False,4.792045694674512,0.0
L04_C009,L04,propagation_delay,96,stable,,,False,False,False,4.792045694674512,0.0
L04_C009,L04,propagation_delay,168,stable,,,False,False,False,4.792045694674512,0.0
L04_C010,L04,leakage_current,0,abrupt_failure,24.0,24.0,True,True,True,9.267238506180014,0.0
L04_C010,L04,leakage_current,24,abrupt_failure,24.0,24.0,True,True,True,371.4995935829648,39.08741043356378
L04_C010,L04,leakage_current,96,abrupt_failure,24.0,24.0,True,True,True,371.4995935829648,39.08741043356378
L04_C010,L04,leakage_current,168,abrupt_failure,24.0,24.0,True,True,True,371.4995935829648,39.08741043356378
L04_C010,L04,iddq,0,abrupt_failure,96.0,96.0,False,True,True,0.45008962081319887,0.0
L04_C010,L04,iddq,24,abrupt_failure,96.0,96.0,False,True,True,0.45008962081319887,0.0
L04_C010,L04,iddq,96,abrupt_failure,96.0,96.0,False,True,True,5.456875291701337,11.123974958236392
L04_C010,L04,iddq,168,abrupt_failure,96.0,96.0,False,True,True,5.456875291701337,11.123974958236392
L04_C010,L04,propagation_delay,0,abrupt_failure,24.0,24.0,True,True,True,4.2980669955578055,0.0
L04_C010,L04,propagation_delay,24,abrupt_failure,24.0,24.0,True,True,True,10.637175164737569,1.474874211065449
L04_C010,L04,propagation_delay,96,abrupt_failure,24.0,24.0,True,True,True,10.637175164737569,1.474874211065449
L04_C010,L04,propagation_delay,168,abrupt_failure,24.0,24.0,True,True,True,10.637175164737569,1.474874211065449
L04_C011,L04,leakage_current,0,stable,,,False,False,False,9.802735164543906,0.0
L04_C011,L04,leakage_current,24,stable,,,False,False,False,9.802735164543906,0.0
L04_C011,L04,leakage_current,96,stable,,,False,False,False,9.802735164543906,0.0
L04_C011,L04,leakage_current,168,stable,,,False,False,False,9.802735164543906,0.0
L04_C011,L04,iddq,0,stable,,,False,False,False,0.41106159462431086,0.0
L04_C011,L04,iddq,24,stable,,,False,False,False,0.41106159462431086,0.0
L04_C011,L04,iddq,96,stable,,,False,False,False,0.41106159462431086,0.0
L04_C011,L04,iddq,168,stable,,,False,False,False,0.41106159462431086,0.0
L04_C011,L04,propagation_delay,0,stable,,,False,False,False,3.9180614453086418,0.0
L04_C011,L04,propagation_delay,24,stable,,,False,False,False,3.9180614453086418,0.0
L04_C011,L04,propagation_delay,96,stable,,,False,False,False,3.9180614453086418,0.0
L04_C011,L04,propagation_delay,168,stable,,,False,False,False,3.9180614453086418,0.0
L04_C012,L04,leakage_current,0,stable,,,False,False,False,7.089354054482773,0.0
L04_C012,L04,leakage_current,24,stable,,,False,False,False,7.089354054482773,0.0
L04_C012,L04,leakage_current,96,stable,,,False,False,False,7.089354054482773,0.0
L04_C012,L04,leakage_current,168,stable,,,False,False,False,7.089354054482773,0.0
L04_C012,L04,iddq,0,stable,,,False,False,False,0.5267091447682524,0.0
L04_C012,L04,iddq,24,stable,,,False,False,False,0.5267091447682524,0.0
L04_C012,L04,iddq,96,stable,,,False,False,False,0.5267091447682524,0.0
L04_C012,L04,iddq,168,stable,,,False,False,False,0.5267091447682524,0.0
L04_C012,L04,propagation_delay,0,stable,,,False,False,False,4.637639120478831,0.0
L04_C012,L04,propagation_delay,24,stable,,,False,False,False,4.637639120478831,0.0
L04_C012,L04,propagation_delay,96,stable,,,False,False,False,4.637639120478831,0.0
L04_C012,L04,propagation_delay,168,stable,,,False,False,False,4.637639120478831,0.0
L04_C013,L04,leakage_current,0,stable,,,False,False,False,10.902658615256403,0.0
L04_C013,L04,leakage_current,24,stable,,,False,False,False,10.902658615256403,0.0
L04_C013,L04,leakage_current,96,stable,,,False,False,False,10.902658615256403,0.0
L04_C013,L04,leakage_current,168,stable,,,False,False,False,10.902658615256403,0.0
L04_C013,L04,iddq,0,stable,,,False,False,False,0.36600094992697296,0.0
L04_C013,L04,iddq,24,stable,,,False,False,False,0.36600094992697296,0.0
L04_C013,L04,iddq,96,stable,,,False,False,False,0.36600094992697296,0.0
L04_C013,L04,iddq,168,stable,,,False,False,False,0.36600094992697296,0.0
L04_C013,L04,propagation_delay,0,stable,,,False,False,False,4.681266797592315,0.0
L04_C013,L04,propagation_delay,24,stable,,,False,False,False,4.681266797592315,0.0
L04_C013,L04,propagation_delay,96,stable,,,False,False,False,4.681266797592315,0.0
L04_C013,L04,propagation_delay,168,stable,,,False,False,False,4.681266797592315,0.0
L04_C014,L04,leakage_current,0,stable,,,False,False,False,9.231976783804784,0.0
L04_C014,L04,leakage_current,24,stable,,,False,False,False,9.231976783804784,0.0
L04_C014,L04,leakage_current,96,stable,,,False,False,False,9.231976783804784,0.0
L04_C014,L04,leakage_current,168,stable,,,False,False,False,9.231976783804784,0.0
L04_C014,L04,iddq,0,stable,,,False,False,False,0.42795563826358884,0.0
L04_C014,L04,iddq,24,stable,,,False,False,False,0.42795563826358884,0.0
L04_C014,L04,iddq,96,stable,,,False,False,False,0.42795563826358884,0.0
L04_C014,L04,iddq,168,stable,,,False,False,False,0.42795563826358884,0.0
L04_C014,L04,propagation_delay,0,stable,,,False,False,False,4.725265332832432,0.0
L04_C014,L04,propagation_delay,24,stable,,,False,False,False,4.725265332832432,0.0
L04_C014,L04,propagation_delay,96,stable,,,False,False,False,4.725265332832432,0.0
L04_C014,L04,propagation_delay,168,stable,,,False,False,False,4.725265332832432,0.0
L04_C015,L04,leakage_current,0,stable,,,False,False,False,9.714227730603664,0.0
L04_C015,L04,leakage_current,24,stable,,,False,False,False,9.714227730603664,0.0
L04_C015,L04,leakage_current,96,stable,,,False,False,False,9.714227730603664,0.0
L04_C015,L04,leakage_current,168,stable,,,False,False,False,9.714227730603664,0.0
L04_C015,L04,iddq,0,stable,,,False,False,False,0.4387662601405155,0.0
L04_C015,L04,iddq,24,stable,,,False,False,False,0.4387662601405155,0.0
L04_C015,L04,iddq,96,stable,,,False,False,False,0.4387662601405155,0.0
L04_C015,L04,iddq,168,stable,,,False,False,False,0.4387662601405155,0.0
L04_C015,L04,propagation_delay,0,stable,,,False,False,False,4.999324571087087,0.0
L04_C015,L04,propagation_delay,24,stable,,,False,False,False,4.999324571087087,0.0
L04_C015,L04,propagation_delay,96,stable,,,False,False,False,4.999324571087087,0.0
L04_C015,L04,propagation_delay,168,stable,,,False,False,False,4.999324571087087,0.0
L04_C016,L04,leakage_current,0,stable,,,False,False,False,8.612526444357538,0.0
L04_C016,L04,leakage_current,24,stable,,,False,False,False,8.612526444357538,0.0
L04_C016,L04,leakage_current,96,stable,,,False,False,False,8.612526444357538,0.0
L04_C016,L04,leakage_current,168,stable,,,False,False,False,8.612526444357538,0.0
L04_C016,L04,iddq,0,stable,,,False,False,False,0.38966823854300153,0.0
L04_C016,L04,iddq,24,stable,,,False,False,False,0.38966823854300153,0.0
L04_C016,L04,iddq,96,stable,,,False,False,False,0.38966823854300153,0.0
L04_C016,L04,iddq,168,stable,,,False,False,False,0.38966823854300153,0.0
L04_C016,L04,propagation_delay,0,stable,,,False,False,False,4.657259124081322,0.0
L04_C016,L04,propagation_delay,24,stable,,,False,False,False,4.657259124081322,0.0
L04_C016,L04,propagation_delay,96,stable,,,False,False,False,4.657259124081322,0.0
L04_C016,L04,propagation_delay,168,stable,,,False,False,False,4.657259124081322,0.0
L04_C017,L04,leakage_current,0,stable,,,False,False,False,9.6824787975512,0.0
L04_C017,L04,leakage_current,24,stable,,,False,False,False,9.6824787975512,0.0
L04_C017,L04,leakage_current,96,stable,,,False,False,False,9.6824787975512,0.0
L04_C017,L04,leakage_current,168,stable,,,False,False,False,9.6824787975512,0.0
L04_C017,L04,iddq,0,stable,,,False,False,False,0.4192783029111762,0.0
L04_C017,L04,iddq,24,stable,,,False,False,False,0.4192783029111762,0.0
L04_C017,L04,iddq,96,stable,,,False,False,False,0.4192783029111762,0.0
L04_C017,L04,iddq,168,stable,,,False,False,False,0.4192783029111762,0.0
L04_C017,L04,propagation_delay,0,stable,,,False,False,False,4.4386860379713955,0.0
L04_C017,L04,propagation_delay,24,stable,,,False,False,False,4.4386860379713955,0.0
L04_C017,L04,propagation_delay,96,stable,,,False,False,False,4.4386860379713955,0.0
L04_C017,L04,propagation_delay,168,stable,,,False,False,False,4.4386860379713955,0.0
L04_C018,L04,leakage_current,0,high_but_stable,,0.0,True,True,True,15.427560425879228,0.0
L04_C018,L04,leakage_current,24,high_but_stable,,0.0,True,True,True,15.427560425879228,0.0
L04_C018,L04,leakage_current,96,high_but_stable,,0.0,True,True,True,15.427560425879228,0.0
L04_C018,L04,leakage_current,168,high_but_stable,,0.0,True,True,True,15.427560425879228,0.0
L04_C018,L04,iddq,0,high_but_stable,,0.0,True,True,True,0.687618309579744,0.0
L04_C018,L04,iddq,24,high_but_stable,,0.0,True,True,True,0.687618309579744,0.0
L04_C018,L04,iddq,96,high_but_stable,,0.0,True,True,True,0.687618309579744,0.0
L04_C018,L04,iddq,168,high_but_stable,,0.0,True,True,True,0.687618309579744,0.0
L04_C018,L04,propagation_delay,0,high_but_stable,,0.0,True,True,True,5.3468391016526,0.0
L04_C018,L04,propagation_delay,24,high_but_stable,,0.0,True,True,True,5.3468391016526,0.0
L04_C018,L04,propagation_delay,96,high_but_stable,,0.0,True,True,True,5.3468391016526,0.0
L04_C018,L04,propagation_delay,168,high_but_stable,,0.0,True,True,True,5.3468391016526,0.0
L04_C019,L04,leakage_current,0,stable,,,False,False,False,9.302618875742937,0.0
L04_C019,L04,leakage_current,24,stable,,,False,False,False,9.302618875742937,0.0
L04_C019,L04,leakage_current,96,stable,,,False,False,False,9.302618875742937,0.0
L04_C019,L04,leakage_current,168,stable,,,False,False,False,9.302618875742937,0.0
L04_C019,L04,iddq,0,stable,,,False,False,False,0.42637385119234533,0.0
L04_C019,L04,iddq,24,stable,,,False,False,False,0.42637385119234533,0.0
L04_C019,L04,iddq,96,stable,,,False,False,False,0.42637385119234533,0.0
L04_C019,L04,iddq,168,stable,,,False,False,False,0.42637385119234533,0.0
L04_C019,L04,propagation_delay,0,stable,,,False,False,False,4.762987110385412,0.0
L04_C019,L04,propagation_delay,24,stable,,,False,False,False,4.762987110385412,0.0
L04_C019,L04,propagation_delay,96,stable,,,False,False,False,4.762987110385412,0.0
L04_C019,L04,propagation_delay,168,stable,,,False,False,False,4.762987110385412,0.0
L04_C020,L04,leakage_current,0,stable,,,False,False,False,7.4470962963298595,0.0
L04_C020,L04,leakage_current,24,stable,,,False,False,False,7.4470962963298595,0.0
L04_C020,L04,leakage_current,96,stable,,,False,False,False,7.4470962963298595,0.0
L04_C020,L04,leakage_current,168,stable,,,False,False,False,7.4470962963298595,0.0
L04_C020,L04,iddq,0,stable,,,False,False,False,0.4968243171133908,0.0
L04_C020,L04,iddq,24,stable,,,False,False,False,0.4968243171133908,0.0
L04_C020,L04,iddq,96,stable,,,False,False,False,0.4968243171133908,0.0
L04_C020,L04,iddq,168,stable,,,False,False,False,0.4968243171133908,0.0
L04_C020,L04,propagation_delay,0,stable,,,False,False,False,4.608509552654987,0.0
L04_C020,L04,propagation_delay,24,stable,,,False,False,False,4.608509552654987,0.0
L04_C020,L04,propagation_delay,96,stable,,,False,False,False,4.608509552654987,0.0
L04_C020,L04,propagation_delay,168,stable,,,False,False,False,4.608509552654987,0.0
L04_C021,L04,leakage_current,0,stable,,,False,False,False,7.468053926685435,0.0
L04_C021,L04,leakage_current,24,stable,,,False,False,False,7.468053926685435,0.0
L04_C021,L04,leakage_current,96,stable,,,False,False,False,7.468053926685435,0.0
L04_C021,L04,leakage_current,168,stable,,,False,False,False,7.468053926685435,0.0
L04_C021,L04,iddq,0,stable,,,False,False,False,0.4785509145420664,0.0
L04_C021,L04,iddq,24,stable,,,False,False,False,0.4785509145420664,0.0
L04_C021,L04,iddq,96,stable,,,False,False,False,0.4785509145420664,0.0
L04_C021,L04,iddq,168,stable,,,False,False,False,0.4785509145420664,0.0
L04_C021,L04,propagation_delay,0,stable,,,False,False,False,4.295460353336517,0.0
L04_C021,L04,propagation_delay,24,stable,,,False,False,False,4.295460353336517,0.0
L04_C021,L04,propagation_delay,96,stable,,,False,False,False,4.295460353336517,0.0
L04_C021,L04,propagation_delay,168,stable,,,False,False,False,4.295460353336517,0.0
L04_C022,L04,leakage_current,0,stable,,,False,False,False,9.61646323651011,0.0
L04_C022,L04,leakage_current,24,stable,,,False,False,False,9.61646323651011,0.0
L04_C022,L04,leakage_current,96,stable,,,False,False,False,9.61646323651011,0.0
L04_C022,L04,leakage_current,168,stable,,,False,False,False,9.61646323651011,0.0
L04_C022,L04,iddq,0,stable,,,False,False,False,0.6176182225510413,0.0
L04_C022,L04,iddq,24,stable,,,False,False,False,0.6176182225510413,0.0
L04_C022,L04,iddq,96,stable,,,False,False,False,0.6176182225510413,0.0
L04_C022,L04,iddq,168,stable,,,False,False,False,0.6176182225510413,0.0
L04_C022,L04,propagation_delay,0,stable,,,False,False,False,4.953166163169351,0.0
L04_C022,L04,propagation_delay,24,stable,,,False,False,False,4.953166163169351,0.0
L04_C022,L04,propagation_delay,96,stable,,,False,False,False,4.953166163169351,0.0
L04_C022,L04,propagation_delay,168,stable,,,False,False,False,4.953166163169351,0.0
L04_C023,L04,leakage_current,0,stable,,,False,False,False,5.51165732839171,0.0
L04_C023,L04,leakage_current,24,stable,,,False,False,False,5.51165732839171,0.0
L04_C023,L04,leakage_current,96,stable,,,False,False,False,5.51165732839171,0.0
L04_C023,L04,leakage_current,168,stable,,,False,False,False,5.51165732839171,0.0
L04_C023,L04,iddq,0,stable,,,False,False,False,0.5852132363544823,0.0
L04_C023,L04,iddq,24,stable,,,False,False,False,0.5852132363544823,0.0
L04_C023,L04,iddq,96,stable,,,False,False,False,0.5852132363544823,0.0
L04_C023,L04,iddq,168,stable,,,False,False,False,0.5852132363544823,0.0
L04_C023,L04,propagation_delay,0,stable,,,False,False,False,5.732276174471355,0.0
L04_C023,L04,propagation_delay,24,stable,,,False,False,False,5.732276174471355,0.0
L04_C023,L04,propagation_delay,96,stable,,,False,False,False,5.732276174471355,0.0
L04_C023,L04,propagation_delay,168,stable,,,False,False,False,5.732276174471355,0.0
L04_C024,L04,leakage_current,0,stable,,,False,False,False,7.920519775471806,0.0
L04_C024,L04,leakage_current,24,stable,,,False,False,False,7.920519775471806,0.0
L04_C024,L04,leakage_current,96,stable,,,False,False,False,7.920519775471806,0.0
L04_C024,L04,leakage_current,168,stable,,,False,False,False,7.920519775471806,0.0
L04_C024,L04,iddq,0,stable,,,False,False,False,0.48444192772618333,0.0
L04_C024,L04,iddq,24,stable,,,False,False,False,0.48444192772618333,0.0
L04_C024,L04,iddq,96,stable,,,False,False,False,0.48444192772618333,0.0
L04_C024,L04,iddq,168,stable,,,False,False,False,0.48444192772618333,0.0
L04_C024,L04,propagation_delay,0,stable,,,False,False,False,4.551372481143459,0.0
L04_C024,L04,propagation_delay,24,stable,,,False,False,False,4.551372481143459,0.0
L04_C024,L04,propagation_delay,96,stable,,,False,False,False,4.551372481143459,0.0
L04_C024,L04,propagation_delay,168,stable,,,False,False,False,4.551372481143459,0.0
L04_C025,L04,leakage_current,0,stable,,,False,False,False,9.09906313716853,0.0
L04_C025,L04,leakage_current,24,stable,,,False,False,False,9.09906313716853,0.0
L04_C025,L04,leakage_current,96,stable,,,False,False,False,9.09906313716853,0.0
L04_C025,L04,leakage_current,168,stable,,,False,False,False,9.09906313716853,0.0
L04_C025,L04,iddq,0,stable,,,False,False,False,0.4169474671534776,0.0
L04_C025,L04,iddq,24,stable,,,False,False,False,0.4169474671534776,0.0
L04_C025,L04,iddq,96,stable,,,False,False,False,0.4169474671534776,0.0
L04_C025,L04,iddq,168,stable,,,False,False,False,0.4169474671534776,0.0
L04_C025,L04,propagation_delay,0,stable,,,False,False,False,4.284555752085318,0.0
L04_C025,L04,propagation_delay,24,stable,,,False,False,False,4.284555752085318,0.0
L04_C025,L04,propagation_delay,96,stable,,,False,False,False,4.284555752085318,0.0
L04_C025,L04,propagation_delay,168,stable,,,False,False,False,4.284555752085318,0.0
L04_C026,L04,leakage_current,0,stable,,,False,False,False,11.421747510866826,0.0
L04_C026,L04,leakage_current,24,stable,,,False,False,False,11.421747510866826,0.0
L04_C026,L04,leakage_current,96,stable,,,False,False,False,11.421747510866826,0.0
L04_C026,L04,leakage_current,168,stable,,,False,False,False,11.421747510866826,0.0
L04_C026,L04,iddq,0,stable,,,False,False,False,0.30868194912977354,0.0
L04_C026,L04,iddq,24,stable,,,False,False,False,0.30868194912977354,0.0
L04_C026,L04,iddq,96,stable,,,False,False,False,0.30868194912977354,0.0
L04_C026,L04,iddq,168,stable,,,False,False,False,0.30868194912977354,0.0
L04_C026,L04,propagation_delay,0,stable,,,False,False,False,3.8842772240108285,0.0
L04_C026,L04,propagation_delay,24,stable,,,False,False,False,3.8842772240108285,0.0
L04_C026,L04,propagation_delay,96,stable,,,False,False,False,3.8842772240108285,0.0
L04_C026,L04,propagation_delay,168,stable,,,False,False,False,3.8842772240108285,0.0
L04_C027,L04,leakage_current,0,accelerating_drift,24.0,168.0,False,False,True,10.470547719398011,0.0
L04_C027,L04,leakage_current,24,accelerating_drift,24.0,168.0,False,False,True,11.02291194952828,0.05275409127900205
L04_C027,L04,leakage_current,96,accelerating_drift,24.0,168.0,False,False,True,15.557076640761856,0.48579396777309064
L04_C027,L04,leakage_current,168,accelerating_drift,24.0,168.0,False,False,True,29.210292316231136,1.7897578139217478
L04_C027,L04,iddq,0,accelerating_drift,24.0,96.0,False,True,True,0.3897138331277125,0.0
L04_C027,L04,iddq,24,accelerating_drift,24.0,96.0,False,True,True,0.403772340988983,0.03607392570194809
L04_C027,L04,iddq,96,accelerating_drift,24.0,96.0,False,True,True,0.5304107587194672,0.36102625473303923
L04_C027,L04,iddq,168,accelerating_drift,24.0,96.0,False,True,True,0.8944238530934675,1.295078534716414
L04_C027,L04,propagation_delay,0,accelerating_drift,24.0,96.0,False,True,True,4.269232503748982,0.0
L04_C027,L04,propagation_delay,24,accelerating_drift,24.0,96.0,False,True,True,4.3342035750781935,0.015218442957172769
L04_C027,L04,propagation_delay,96,accelerating_drift,24.0,96.0,False,True,True,4.889550791305655,0.14529972003444339
L04_C027,L04,propagation_delay,168,accelerating_drift,24.0,96.0,False,True,True,5.985549010892855,0.4020199194203427
L04_C028,L04,leakage_current,0,stable,,,False,False,False,6.052149291228221,0.0
L04_C028,L04,leakage_current,24,stable,,,False,False,False,6.052149291228221,0.0
L04_C028,L04,leakage_current,96,stable,,,False,False,False,6.052149291228221,0.0
L04_C028,L04,leakage_current,168,stable,,,False,False,False,6.052149291228221,0.0
L04_C028,L04,iddq,0,stable,,,False,False,False,0.6439170103401164,0.0
L04_C028,L04,iddq,24,stable,,,False,False,False,0.6439170103401164,0.0
L04_C028,L04,iddq,96,stable,,,False,False,False,0.6439170103401164,0.0
L04_C028,L04,iddq,168,stable,,,False,False,False,0.6439170103401164,0.0
L04_C028,L04,propagation_delay,0,stable,,,False,False,False,4.792229447727445,0.0
L04_C028,L04,propagation_delay,24,stable,,,False,False,False,4.792229447727445,0.0
L04_C028,L04,propagation_delay,96,stable,,,False,False,False,4.792229447727445,0.0
L04_C028,L04,propagation_delay,168,stable,,,False,False,False,4.792229447727445,0.0
L04_C029,L04,leakage_current,0,stable,,,False,False,False,13.17331700264679,0.0
L04_C029,L04,leakage_current,24,stable,,,False,False,False,13.17331700264679,0.0
L04_C029,L04,leakage_current,96,stable,,,False,False,False,13.17331700264679,0.0
L04_C029,L04,leakage_current,168,stable,,,False,False,False,13.17331700264679,0.0
L04_C029,L04,iddq,0,stable,,,False,False,False,0.4188861280213236,0.0
L04_C029,L04,iddq,24,stable,,,False,False,False,0.4188861280213236,0.0
L04_C029,L04,iddq,96,stable,,,False,False,False,0.4188861280213236,0.0
L04_C029,L04,iddq,168,stable,,,False,False,False,0.4188861280213236,0.0
L04_C029,L04,propagation_delay,0,stable,,,False,False,False,4.6672554570971565,0.0
L04_C029,L04,propagation_delay,24,stable,,,False,False,False,4.6672554570971565,0.0
L04_C029,L04,propagation_delay,96,stable,,,False,False,False,4.6672554570971565,0.0
L04_C029,L04,propagation_delay,168,stable,,,False,False,False,4.6672554570971565,0.0
L04_C030,L04,leakage_current,0,stable,,,False,False,False,6.549792351331429,0.0
L04_C030,L04,leakage_current,24,stable,,,False,False,False,6.549792351331429,0.0
L04_C030,L04,leakage_current,96,stable,,,False,False,False,6.549792351331429,0.0
L04_C030,L04,leakage_current,168,stable,,,False,False,False,6.549792351331429,0.0
L04_C030,L04,iddq,0,stable,,,False,False,False,0.48041514392573714,0.0
L04_C030,L04,iddq,24,stable,,,False,False,False,0.48041514392573714,0.0
L04_C030,L04,iddq,96,stable,,,False,False,False,0.48041514392573714,0.0
L04_C030,L04,iddq,168,stable,,,False,False,False,0.48041514392573714,0.0
L04_C030,L04,propagation_delay,0,stable,,,False,False,False,5.096824909424041,0.0
L04_C030,L04,propagation_delay,24,stable,,,False,False,False,5.096824909424041,0.0
L04_C030,L04,propagation_delay,96,stable,,,False,False,False,5.096824909424041,0.0
L04_C030,L04,propagation_delay,168,stable,,,False,False,False,5.096824909424041,0.0
L05_C001,L05,leakage_current,0,stable,,,False,False,False,9.784420077808468,0.0
L05_C001,L05,leakage_current,24,stable,,,False,False,False,9.784420077808468,0.0
L05_C001,L05,leakage_current,96,stable,,,False,False,False,9.784420077808468,0.0
L05_C001,L05,leakage_current,168,stable,,,False,False,False,9.784420077808468,0.0
L05_C001,L05,iddq,0,stable,,,False,False,False,0.4370642435609187,0.0
L05_C001,L05,iddq,24,stable,,,False,False,False,0.4370642435609187,0.0
L05_C001,L05,iddq,96,stable,,,False,False,False,0.4370642435609187,0.0
L05_C001,L05,iddq,168,stable,,,False,False,False,0.4370642435609187,0.0
L05_C001,L05,propagation_delay,0,stable,,,False,False,False,5.500848329440313,0.0
L05_C001,L05,propagation_delay,24,stable,,,False,False,False,5.500848329440313,0.0
L05_C001,L05,propagation_delay,96,stable,,,False,False,False,5.500848329440313,0.0
L05_C001,L05,propagation_delay,168,stable,,,False,False,False,5.500848329440313,0.0
L05_C002,L05,leakage_current,0,stable,,,False,False,False,7.6408432803230415,0.0
L05_C002,L05,leakage_current,24,stable,,,False,False,False,7.6408432803230415,0.0
L05_C002,L05,leakage_current,96,stable,,,False,False,False,7.6408432803230415,0.0
L05_C002,L05,leakage_current,168,stable,,,False,False,False,7.6408432803230415,0.0
L05_C002,L05,iddq,0,stable,,,False,False,False,0.41321544995647547,0.0
L05_C002,L05,iddq,24,stable,,,False,False,False,0.41321544995647547,0.0
L05_C002,L05,iddq,96,stable,,,False,False,False,0.41321544995647547,0.0
L05_C002,L05,iddq,168,stable,,,False,False,False,0.41321544995647547,0.0
L05_C002,L05,propagation_delay,0,stable,,,False,False,False,5.078174511697115,0.0
L05_C002,L05,propagation_delay,24,stable,,,False,False,False,5.078174511697115,0.0
L05_C002,L05,propagation_delay,96,stable,,,False,False,False,5.078174511697115,0.0
L05_C002,L05,propagation_delay,168,stable,,,False,False,False,5.078174511697115,0.0
L05_C003,L05,leakage_current,0,stable,,,False,False,False,10.713115657231214,0.0
L05_C003,L05,leakage_current,24,stable,,,False,False,False,10.713115657231214,0.0
L05_C003,L05,leakage_current,96,stable,,,False,False,False,10.713115657231214,0.0
L05_C003,L05,leakage_current,168,stable,,,False,False,False,10.713115657231214,0.0
L05_C003,L05,iddq,0,stable,,,False,False,False,0.5255372186406109,0.0
L05_C003,L05,iddq,24,stable,,,False,False,False,0.5255372186406109,0.0
L05_C003,L05,iddq,96,stable,,,False,False,False,0.5255372186406109,0.0
L05_C003,L05,iddq,168,stable,,,False,False,False,0.5255372186406109,0.0
L05_C003,L05,propagation_delay,0,stable,,,False,False,False,5.435313007824637,0.0
L05_C003,L05,propagation_delay,24,stable,,,False,False,False,5.435313007824637,0.0
L05_C003,L05,propagation_delay,96,stable,,,False,False,False,5.435313007824637,0.0
L05_C003,L05,propagation_delay,168,stable,,,False,False,False,5.435313007824637,0.0
L05_C004,L05,leakage_current,0,stable,,,False,False,False,11.392161606360382,0.0
L05_C004,L05,leakage_current,24,stable,,,False,False,False,11.392161606360382,0.0
L05_C004,L05,leakage_current,96,stable,,,False,False,False,11.392161606360382,0.0
L05_C004,L05,leakage_current,168,stable,,,False,False,False,11.392161606360382,0.0
L05_C004,L05,iddq,0,stable,,,False,False,False,0.6206923206834887,0.0
L05_C004,L05,iddq,24,stable,,,False,False,False,0.6206923206834887,0.0
L05_C004,L05,iddq,96,stable,,,False,False,False,0.6206923206834887,0.0
L05_C004,L05,iddq,168,stable,,,False,False,False,0.6206923206834887,0.0
L05_C004,L05,propagation_delay,0,stable,,,False,False,False,5.807237753711073,0.0
L05_C004,L05,propagation_delay,24,stable,,,False,False,False,5.807237753711073,0.0
L05_C004,L05,propagation_delay,96,stable,,,False,False,False,5.807237753711073,0.0
L05_C004,L05,propagation_delay,168,stable,,,False,False,False,5.807237753711073,0.0
L05_C005,L05,leakage_current,0,stable,,,False,False,False,6.947222147600768,0.0
L05_C005,L05,leakage_current,24,stable,,,False,False,False,6.947222147600768,0.0
L05_C005,L05,leakage_current,96,stable,,,False,False,False,6.947222147600768,0.0
L05_C005,L05,leakage_current,168,stable,,,False,False,False,6.947222147600768,0.0
L05_C005,L05,iddq,0,stable,,,False,False,False,0.5092251628655977,0.0
L05_C005,L05,iddq,24,stable,,,False,False,False,0.5092251628655977,0.0
L05_C005,L05,iddq,96,stable,,,False,False,False,0.5092251628655977,0.0
L05_C005,L05,iddq,168,stable,,,False,False,False,0.5092251628655977,0.0
L05_C005,L05,propagation_delay,0,stable,,,False,False,False,4.612845220819736,0.0
L05_C005,L05,propagation_delay,24,stable,,,False,False,False,4.612845220819736,0.0
L05_C005,L05,propagation_delay,96,stable,,,False,False,False,4.612845220819736,0.0
L05_C005,L05,propagation_delay,168,stable,,,False,False,False,4.612845220819736,0.0
L05_C006,L05,leakage_current,0,stable,,,False,False,False,8.047993877582623,0.0
L05_C006,L05,leakage_current,24,stable,,,False,False,False,8.047993877582623,0.0
L05_C006,L05,leakage_current,96,stable,,,False,False,False,8.047993877582623,0.0
L05_C006,L05,leakage_current,168,stable,,,False,False,False,8.047993877582623,0.0
L05_C006,L05,iddq,0,stable,,,False,False,False,0.5722408485157333,0.0
L05_C006,L05,iddq,24,stable,,,False,False,False,0.5722408485157333,0.0
L05_C006,L05,iddq,96,stable,,,False,False,False,0.5722408485157333,0.0
L05_C006,L05,iddq,168,stable,,,False,False,False,0.5722408485157333,0.0
L05_C006,L05,propagation_delay,0,stable,,,False,False,False,4.860574888457,0.0
L05_C006,L05,propagation_delay,24,stable,,,False,False,False,4.860574888457,0.0
L05_C006,L05,propagation_delay,96,stable,,,False,False,False,4.860574888457,0.0
L05_C006,L05,propagation_delay,168,stable,,,False,False,False,4.860574888457,0.0
L05_C007,L05,leakage_current,0,linear_drift,24.0,96.0,False,True,True,12.95858287363498,0.0
L05_C007,L05,leakage_current,24,linear_drift,24.0,96.0,False,True,True,14.443153442806741,0.11456272523380705
L05_C007,L05,leakage_current,96,linear_drift,24.0,96.0,False,True,True,19.997493726536177,0.543185232640082
L05_C007,L05,leakage_current,168,linear_drift,24.0,96.0,False,True,True,27.687842334875953,1.1366412211020807
L05_C007,L05,iddq,0,linear_drift,24.0,96.0,False,True,True,0.43175901882803963,0.0
L05_C007,L05,iddq,24,linear_drift,24.0,96.0,False,True,True,0.48356892156173675,0.11999726809257896
L05_C007,L05,iddq,96,linear_drift,24.0,96.0,False,True,True,0.6793745464102288,0.5735040075232547
L05_C007,L05,iddq,168,linear_drift,24.0,96.0,False,True,True,0.9544653383006511,1.2106436615763991
L05_C007,L05,propagation_delay,0,linear_drift,24.0,96.0,False,True,True,4.48849998219393,0.0
L05_C007,L05,propagation_delay,24,linear_drift,24.0,96.0,False,True,True,4.66833537885459,0.040065812047248565
L05_C007,L05,propagation_delay,96,linear_drift,24.0,96.0,False,True,True,5.207841568836573,0.16026324818899446
L05_C007,L05,propagation_delay,168,linear_drift,24.0,96.0,False,True,True,5.747347758818555,0.28046068433074034
L05_C008,L05,leakage_current,0,stable,,,False,False,False,10.394352935611572,0.0
L05_C008,L05,leakage_current,24,stable,,,False,False,False,10.394352935611572,0.0
L05_C008,L05,leakage_current,96,stable,,,False,False,False,10.394352935611572,0.0
L05_C008,L05,leakage_current,168,stable,,,False,False,False,10.394352935611572,0.0
L05_C008,L05,iddq,0,stable,,,False,False,False,0.6034142124264112,0.0
L05_C008,L05,iddq,24,stable,,,False,False,False,0.6034142124264112,0.0
L05_C008,L05,iddq,96,stable,,,False,False,False,0.6034142124264112,0.0
L05_C008,L05,iddq,168,stable,,,False,False,False,0.6034142124264112,0.0
L05_C008,L05,propagation_delay,0,stable,,,False,False,False,5.321260494812416,0.0
L05_C008,L05,propagation_delay,24,stable,,,False,False,False,5.321260494812416,0.0
L05_C008,L05,propagation_delay,96,stable,,,False,False,False,5.321260494812416,0.0
L05_C008,L05,propagation_delay,168,stable,,,False,False,False,5.321260494812416,0.0
L05_C009,L05,leakage_current,0,stable,,,False,False,False,15.566829936652343,0.0
L05_C009,L05,leakage_current,24,stable,,,False,False,False,15.566829936652343,0.0
L05_C009,L05,leakage_current,96,stable,,,False,False,False,15.566829936652343,0.0
L05_C009,L05,leakage_current,168,stable,,,False,False,False,15.566829936652343,0.0
L05_C009,L05,iddq,0,stable,,,False,False,False,0.42563720348991113,0.0
L05_C009,L05,iddq,24,stable,,,False,False,False,0.42563720348991113,0.0
L05_C009,L05,iddq,96,stable,,,False,False,False,0.42563720348991113,0.0
L05_C009,L05,iddq,168,stable,,,False,False,False,0.42563720348991113,0.0
L05_C009,L05,propagation_delay,0,stable,,,False,False,False,5.300081276823153,0.0
L05_C009,L05,propagation_delay,24,stable,,,False,False,False,5.300081276823153,0.0
L05_C009,L05,propagation_delay,96,stable,,,False,False,False,5.300081276823153,0.0
L05_C009,L05,propagation_delay,168,stable,,,False,False,False,5.300081276823153,0.0
L05_C010,L05,leakage_current,0,stable,,,False,False,False,19.10697077028545,0.0
L05_C010,L05,leakage_current,24,stable,,,False,False,False,19.10697077028545,0.0
L05_C010,L05,leakage_current,96,stable,,,False,False,False,19.10697077028545,0.0
L05_C010,L05,leakage_current,168,stable,,,False,False,False,19.10697077028545,0.0
L05_C010,L05,iddq,0,stable,,,False,False,False,0.48924489064987126,0.0
L05_C010,L05,iddq,24,stable,,,False,False,False,0.48924489064987126,0.0
L05_C010,L05,iddq,96,stable,,,False,False,False,0.48924489064987126,0.0
L05_C010,L05,iddq,168,stable,,,False,False,False,0.48924489064987126,0.0
L05_C010,L05,propagation_delay,0,stable,,,False,False,False,5.351660801944055,0.0
L05_C010,L05,propagation_delay,24,stable,,,False,False,False,5.351660801944055,0.0
L05_C010,L05,propagation_delay,96,stable,,,False,False,False,5.351660801944055,0.0
L05_C010,L05,propagation_delay,168,stable,,,False,False,False,5.351660801944055,0.0
L05_C011,L05,leakage_current,0,stable,,,False,False,False,12.312991167329047,0.0
L05_C011,L05,leakage_current,24,stable,,,False,False,False,12.312991167329047,0.0
L05_C011,L05,leakage_current,96,stable,,,False,False,False,12.312991167329047,0.0
L05_C011,L05,leakage_current,168,stable,,,False,False,False,12.312991167329047,0.0
L05_C011,L05,iddq,0,stable,,,False,False,False,0.43684469540359594,0.0
L05_C011,L05,iddq,24,stable,,,False,False,False,0.43684469540359594,0.0
L05_C011,L05,iddq,96,stable,,,False,False,False,0.43684469540359594,0.0
L05_C011,L05,iddq,168,stable,,,False,False,False,0.43684469540359594,0.0
L05_C011,L05,propagation_delay,0,stable,,,False,False,False,4.83385332452269,0.0
L05_C011,L05,propagation_delay,24,stable,,,False,False,False,4.83385332452269,0.0
L05_C011,L05,propagation_delay,96,stable,,,False,False,False,4.83385332452269,0.0
L05_C011,L05,propagation_delay,168,stable,,,False,False,False,4.83385332452269,0.0
L05_C012,L05,leakage_current,0,stable,,,False,False,False,14.900947530827796,0.0
L05_C012,L05,leakage_current,24,stable,,,False,False,False,14.900947530827796,0.0
L05_C012,L05,leakage_current,96,stable,,,False,False,False,14.900947530827796,0.0
L05_C012,L05,leakage_current,168,stable,,,False,False,False,14.900947530827796,0.0
L05_C012,L05,iddq,0,stable,,,False,False,False,0.5957925664583984,0.0
L05_C012,L05,iddq,24,stable,,,False,False,False,0.5957925664583984,0.0
L05_C012,L05,iddq,96,stable,,,False,False,False,0.5957925664583984,0.0
L05_C012,L05,iddq,168,stable,,,False,False,False,0.5957925664583984,0.0
L05_C012,L05,propagation_delay,0,stable,,,False,False,False,5.652273880112703,0.0
L05_C012,L05,propagation_delay,24,stable,,,False,False,False,5.652273880112703,0.0
L05_C012,L05,propagation_delay,96,stable,,,False,False,False,5.652273880112703,0.0
L05_C012,L05,propagation_delay,168,stable,,,False,False,False,5.652273880112703,0.0
L05_C013,L05,leakage_current,0,stable,,,False,False,False,11.686155290761219,0.0
L05_C013,L05,leakage_current,24,stable,,,False,False,False,11.686155290761219,0.0
L05_C013,L05,leakage_current,96,stable,,,False,False,False,11.686155290761219,0.0
L05_C013,L05,leakage_current,168,stable,,,False,False,False,11.686155290761219,0.0
L05_C013,L05,iddq,0,stable,,,False,False,False,0.4227245152978475,0.0
L05_C013,L05,iddq,24,stable,,,False,False,False,0.4227245152978475,0.0
L05_C013,L05,iddq,96,stable,,,False,False,False,0.4227245152978475,0.0
L05_C013,L05,iddq,168,stable,,,False,False,False,0.4227245152978475,0.0
L05_C013,L05,propagation_delay,0,stable,,,False,False,False,5.077194983147229,0.0
L05_C013,L05,propagation_delay,24,stable,,,False,False,False,5.077194983147229,0.0
L05_C013,L05,propagation_delay,96,stable,,,False,False,False,5.077194983147229,0.0
L05_C013,L05,propagation_delay,168,stable,,,False,False,False,5.077194983147229,0.0
L05_C014,L05,leakage_current,0,accelerating_drift,24.0,96.0,False,True,True,13.549900204671774,0.0
L05_C014,L05,leakage_current,24,accelerating_drift,24.0,96.0,False,True,True,14.321465223151685,0.056942487164140826
L05_C014,L05,leakage_current,96,accelerating_drift,24.0,96.0,False,True,True,21.511589188844017,0.5875828503465427
L05_C014,L05,leakage_current,168,accelerating_drift,24.0,96.0,False,True,True,46.36112861887545,2.421510706247927
L05_C014,L05,iddq,0,accelerating_drift,24.0,96.0,False,True,True,0.53806804836806,0.0
L05_C014,L05,iddq,24,accelerating_drift,24.0,96.0,False,True,True,0.5670137806435738,0.0537956720591477
L05_C014,L05,iddq,96,accelerating_drift,24.0,96.0,False,True,True,0.8298815169576148,0.5423356199547883
L05_C014,L05,iddq,168,accelerating_drift,24.0,96.0,False,True,True,1.6989024381503757,2.1574118613864592
L05_C014,L05,propagation_delay,0,accelerating_drift,24.0,96.0,False,True,True,5.067512162968706,0.0
L05_C014,L05,propagation_delay,24,accelerating_drift,24.0,96.0,False,True,True,5.169537197791131,0.0201331603243071
L05_C014,L05,propagation_delay,96,accelerating_drift,24.0,96.0,False,True,True,5.842929535163453,0.15301736774529684
L05_C014,L05,propagation_delay,168,accelerating_drift,24.0,96.0,False,True,True,7.067297721893344,0.3946286648383892
L05_C015,L05,leakage_current,0,stable,,,False,False,False,13.612736971615991,0.0
L05_C015,L05,leakage_current,24,stable,,,False,False,False,13.612736971615991,0.0
L05_C015,L05,leakage_current,96,stable,,,False,False,False,13.612736971615991,0.0
L05_C015,L05,leakage_current,168,stable,,,False,False,False,13.612736971615991,0.0
L05_C015,L05,iddq,0,stable,,,False,False,False,0.4354620923036915,0.0
L05_C015,L05,iddq,24,stable,,,False,False,False,0.4354620923036915,0.0
L05_C015,L05,iddq,96,stable,,,False,False,False,0.4354620923036915,0.0
L05_C015,L05,iddq,168,stable,,,False,False,False,0.4354620923036915,0.0
L05_C015,L05,propagation_delay,0,stable,,,False,False,False,4.750690998361723,0.0
L05_C015,L05,propagation_delay,24,stable,,,False,False,False,4.750690998361723,0.0
L05_C015,L05,propagation_delay,96,stable,,,False,False,False,4.750690998361723,0.0
L05_C015,L05,propagation_delay,168,stable,,,False,False,False,4.750690998361723,0.0
L05_C016,L05,leakage_current,0,stable,,,False,False,False,13.580308803768693,0.0
L05_C016,L05,leakage_current,24,stable,,,False,False,False,13.580308803768693,0.0
L05_C016,L05,leakage_current,96,stable,,,False,False,False,13.580308803768693,0.0
L05_C016,L05,leakage_current,168,stable,,,False,False,False,13.580308803768693,0.0
L05_C016,L05,iddq,0,stable,,,False,False,False,0.5482153623974945,0.0
L05_C016,L05,iddq,24,stable,,,False,False,False,0.5482153623974945,0.0
L05_C016,L05,iddq,96,stable,,,False,False,False,0.5482153623974945,0.0
L05_C016,L05,iddq,168,stable,,,False,False,False,0.5482153623974945,0.0
L05_C016,L05,propagation_delay,0,stable,,,False,False,False,5.792490037216997,0.0
L05_C016,L05,propagation_delay,24,stable,,,False,False,False,5.792490037216997,0.0
L05_C016,L05,propagation_delay,96,stable,,,False,False,False,5.792490037216997,0.0
L05_C016,L05,propagation_delay,168,stable,,,False,False,False,5.792490037216997,0.0
L05_C017,L05,leakage_current,0,stable,,,False,False,False,13.727192456419573,0.0
L05_C017,L05,leakage_current,24,stable,,,False,False,False,13.727192456419573,0.0
L05_C017,L05,leakage_current,96,stable,,,False,False,False,13.727192456419573,0.0
L05_C017,L05,leakage_current,168,stable,,,False,False,False,13.727192456419573,0.0
L05_C017,L05,iddq,0,stable,,,False,False,False,0.4023677803055657,0.0
L05_C017,L05,iddq,24,stable,,,False,False,False,0.4023677803055657,0.0
L05_C017,L05,iddq,96,stable,,,False,False,False,0.4023677803055657,0.0
L05_C017,L05,iddq,168,stable,,,False,False,False,0.4023677803055657,0.0
L05_C017,L05,propagation_delay,0,stable,,,False,False,False,5.312648622487104,0.0
L05_C017,L05,propagation_delay,24,stable,,,False,False,False,5.312648622487104,0.0
L05_C017,L05,propagation_delay,96,stable,,,False,False,False,5.312648622487104,0.0
L05_C017,L05,propagation_delay,168,stable,,,False,False,False,5.312648622487104,0.0
L05_C018,L05,leakage_current,0,accelerating_drift,24.0,96.0,False,True,True,14.34095931167177,0.0
L05_C018,L05,leakage_current,24,accelerating_drift,24.0,96.0,False,True,True,15.018042217557804,0.04721322271202397
L05_C018,L05,leakage_current,96,accelerating_drift,24.0,96.0,False,True,True,21.867462897685495,0.5248256704757596
L05_C018,L05,leakage_current,168,accelerating_drift,24.0,96.0,False,True,True,45.45724011882063,2.1697489080680987
L05_C018,L05,iddq,0,accelerating_drift,24.0,96.0,False,True,True,0.42691564948831384,0.0
L05_C018,L05,iddq,24,accelerating_drift,24.0,96.0,False,True,True,0.4474057422477025,0.047995646877661634
L05_C018,L05,iddq,96,accelerating_drift,24.0,96.0,False,True,True,0.6366361033792461,0.4912456456967457
L05_C018,L05,iddq,168,accelerating_drift,24.0,96.0,False,True,True,1.2452251517585924,1.9167943439203403
L05_C018,L05,propagation_delay,0,accelerating_drift,24.0,96.0,False,True,True,4.607544980777216,0.0
L05_C018,L05,propagation_delay,24,accelerating_drift,24.0,96.0,False,True,True,4.661725069819169,0.011758992970875732
L05_C018,L05,propagation_delay,96,accelerating_drift,24.0,96.0,False,True,True,5.112386379521462,0.10956841460049904
L05_C018,L05,propagation_delay,168,accelerating_drift,24.0,96.0,False,True,True,5.995229253088409,0.30117650030561705
L05_C019,L05,leakage_current,0,high_but_stable,,0.0,True,True,True,20.824055740800254,0.0
L05_C019,L05,leakage_current,24,high_but_stable,,0.0,True,True,True,20.824055740800254,0.0
L05_C019,L05,leakage_current,96,high_but_stable,,0.0,True,True,True,20.824055740800254,0.0
L05_C019,L05,leakage_current,168,high_but_stable,,0.0,True,True,True,20.824055740800254,0.0
L05_C019,L05,iddq,0,high_but_stable,,0.0,True,True,True,0.7878159111371095,0.0
L05_C019,L05,iddq,24,high_but_stable,,0.0,True,True,True,0.7878159111371095,0.0
L05_C019,L05,iddq,96,high_but_stable,,0.0,True,True,True,0.7878159111371095,0.0
L05_C019,L05,iddq,168,high_but_stable,,0.0,True,True,True,0.7878159111371095,0.0
L05_C019,L05,propagation_delay,0,high_but_stable,,0.0,True,True,True,6.067161378765914,0.0
L05_C019,L05,propagation_delay,24,high_but_stable,,0.0,True,True,True,6.067161378765914,0.0
L05_C019,L05,propagation_delay,96,high_but_stable,,0.0,True,True,True,6.067161378765914,0.0
L05_C019,L05,propagation_delay,168,high_but_stable,,0.0,True,True,True,6.067161378765914,0.0
L05_C020,L05,leakage_current,0,stable,,,False,False,False,12.721108130114468,0.0
L05_C020,L05,leakage_current,24,stable,,,False,False,False,12.721108130114468,0.0
L05_C020,L05,leakage_current,96,stable,,,False,False,False,12.721108130114468,0.0
L05_C020,L05,leakage_current,168,stable,,,False,False,False,12.721108130114468,0.0
L05_C020,L05,iddq,0,stable,,,False,False,False,0.4757230881960362,0.0
L05_C020,L05,iddq,24,stable,,,False,False,False,0.4757230881960362,0.0
L05_C020,L05,iddq,96,stable,,,False,False,False,0.4757230881960362,0.0
L05_C020,L05,iddq,168,stable,,,False,False,False,0.4757230881960362,0.0
L05_C020,L05,propagation_delay,0,stable,,,False,False,False,5.0535057139874935,0.0
L05_C020,L05,propagation_delay,24,stable,,,False,False,False,5.0535057139874935,0.0
L05_C020,L05,propagation_delay,96,stable,,,False,False,False,5.0535057139874935,0.0
L05_C020,L05,propagation_delay,168,stable,,,False,False,False,5.0535057139874935,0.0
L05_C021,L05,leakage_current,0,stable,,,False,False,False,14.756137065389188,0.0
L05_C021,L05,leakage_current,24,stable,,,False,False,False,14.756137065389188,0.0
L05_C021,L05,leakage_current,96,stable,,,False,False,False,14.756137065389188,0.0
L05_C021,L05,leakage_current,168,stable,,,False,False,False,14.756137065389188,0.0
L05_C021,L05,iddq,0,stable,,,False,False,False,0.4147967233913626,0.0
L05_C021,L05,iddq,24,stable,,,False,False,False,0.4147967233913626,0.0
L05_C021,L05,iddq,96,stable,,,False,False,False,0.4147967233913626,0.0
L05_C021,L05,iddq,168,stable,,,False,False,False,0.4147967233913626,0.0
L05_C021,L05,propagation_delay,0,stable,,,False,False,False,5.162239002154498,0.0
L05_C021,L05,propagation_delay,24,stable,,,False,False,False,5.162239002154498,0.0
L05_C021,L05,propagation_delay,96,stable,,,False,False,False,5.162239002154498,0.0
L05_C021,L05,propagation_delay,168,stable,,,False,False,False,5.162239002154498,0.0
L05_C022,L05,leakage_current,0,stable,,,False,False,False,10.007300398151058,0.0
L05_C022,L05,leakage_current,24,stable,,,False,False,False,10.007300398151058,0.0
L05_C022,L05,leakage_current,96,stable,,,False,False,False,10.007300398151058,0.0
L05_C022,L05,leakage_current,168,stable,,,False,False,False,10.007300398151058,0.0
L05_C022,L05,iddq,0,stable,,,False,False,False,0.4878733714193088,0.0
L05_C022,L05,iddq,24,stable,,,False,False,False,0.4878733714193088,0.0
L05_C022,L05,iddq,96,stable,,,False,False,False,0.4878733714193088,0.0
L05_C022,L05,iddq,168,stable,,,False,False,False,0.4878733714193088,0.0
L05_C022,L05,propagation_delay,0,stable,,,False,False,False,5.290489882834244,0.0
L05_C022,L05,propagation_delay,24,stable,,,False,False,False,5.290489882834244,0.0
L05_C022,L05,propagation_delay,96,stable,,,False,False,False,5.290489882834244,0.0
L05_C022,L05,propagation_delay,168,stable,,,False,False,False,5.290489882834244,0.0
L05_C023,L05,leakage_current,0,stable,,,False,False,False,12.939036997941992,0.0
L05_C023,L05,leakage_current,24,stable,,,False,False,False,12.939036997941992,0.0
L05_C023,L05,leakage_current,96,stable,,,False,False,False,12.939036997941992,0.0
L05_C023,L05,leakage_current,168,stable,,,False,False,False,12.939036997941992,0.0
L05_C023,L05,iddq,0,stable,,,False,False,False,0.3977419886445768,0.0
L05_C023,L05,iddq,24,stable,,,False,False,False,0.3977419886445768,0.0
L05_C023,L05,iddq,96,stable,,,False,False,False,0.3977419886445768,0.0
L05_C023,L05,iddq,168,stable,,,False,False,False,0.3977419886445768,0.0
L05_C023,L05,propagation_delay,0,stable,,,False,False,False,5.2955047164960645,0.0
L05_C023,L05,propagation_delay,24,stable,,,False,False,False,5.2955047164960645,0.0
L05_C023,L05,propagation_delay,96,stable,,,False,False,False,5.2955047164960645,0.0
L05_C023,L05,propagation_delay,168,stable,,,False,False,False,5.2955047164960645,0.0
L05_C024,L05,leakage_current,0,high_but_stable,,0.0,True,True,True,21.567868120136296,0.0
L05_C024,L05,leakage_current,24,high_but_stable,,0.0,True,True,True,21.567868120136296,0.0
L05_C024,L05,leakage_current,96,high_but_stable,,0.0,True,True,True,21.567868120136296,0.0
L05_C024,L05,leakage_current,168,high_but_stable,,0.0,True,True,True,21.567868120136296,0.0
L05_C024,L05,iddq,0,high_but_stable,,0.0,True,True,True,0.7298856032198136,0.0
L05_C024,L05,iddq,24,high_but_stable,,0.0,True,True,True,0.7298856032198136,0.0
L05_C024,L05,iddq,96,high_but_stable,,0.0,True,True,True,0.7298856032198136,0.0
L05_C024,L05,iddq,168,high_but_stable,,0.0,True,True,True,0.7298856032198136,0.0
L05_C024,L05,propagation_delay,0,high_but_stable,,0.0,True,True,True,6.048582799959165,0.0
L05_C024,L05,propagation_delay,24,high_but_stable,,0.0,True,True,True,6.048582799959165,0.0
L05_C024,L05,propagation_delay,96,high_but_stable,,0.0,True,True,True,6.048582799959165,0.0
L05_C024,L05,propagation_delay,168,high_but_stable,,0.0,True,True,True,6.048582799959165,0.0
L05_C025,L05,leakage_current,0,stable,,,False,False,False,12.604940070690581,0.0
L05_C025,L05,leakage_current,24,stable,,,False,False,False,12.604940070690581,0.0
L05_C025,L05,leakage_current,96,stable,,,False,False,False,12.604940070690581,0.0
L05_C025,L05,leakage_current,168,stable,,,False,False,False,12.604940070690581,0.0
L05_C025,L05,iddq,0,stable,,,False,False,False,0.4960888282047566,0.0
L05_C025,L05,iddq,24,stable,,,False,False,False,0.4960888282047566,0.0
L05_C025,L05,iddq,96,stable,,,False,False,False,0.4960888282047566,0.0
L05_C025,L05,iddq,168,stable,,,False,False,False,0.4960888282047566,0.0
L05_C025,L05,propagation_delay,0,stable,,,False,False,False,5.1592432428541875,0.0
L05_C025,L05,propagation_delay,24,stable,,,False,False,False,5.1592432428541875,0.0
L05_C025,L05,propagation_delay,96,stable,,,False,False,False,5.1592432428541875,0.0
L05_C025,L05,propagation_delay,168,stable,,,False,False,False,5.1592432428541875,0.0
L05_C026,L05,leakage_current,0,stable,,,False,False,False,13.154601184327301,0.0
L05_C026,L05,leakage_current,24,stable,,,False,False,False,13.154601184327301,0.0
L05_C026,L05,leakage_current,96,stable,,,False,False,False,13.154601184327301,0.0
L05_C026,L05,leakage_current,168,stable,,,False,False,False,13.154601184327301,0.0
L05_C026,L05,iddq,0,stable,,,False,False,False,0.39999347794614903,0.0
L05_C026,L05,iddq,24,stable,,,False,False,False,0.39999347794614903,0.0
L05_C026,L05,iddq,96,stable,,,False,False,False,0.39999347794614903,0.0
L05_C026,L05,iddq,168,stable,,,False,False,False,0.39999347794614903,0.0
L05_C026,L05,propagation_delay,0,stable,,,False,False,False,5.352614486572408,0.0
L05_C026,L05,propagation_delay,24,stable,,,False,False,False,5.352614486572408,0.0
L05_C026,L05,propagation_delay,96,stable,,,False,False,False,5.352614486572408,0.0
L05_C026,L05,propagation_delay,168,stable,,,False,False,False,5.352614486572408,0.0
L05_C027,L05,leakage_current,0,stable,,,False,False,False,12.24344654573486,0.0
L05_C027,L05,leakage_current,24,stable,,,False,False,False,12.24344654573486,0.0
L05_C027,L05,leakage_current,96,stable,,,False,False,False,12.24344654573486,0.0
L05_C027,L05,leakage_current,168,stable,,,False,False,False,12.24344654573486,0.0
L05_C027,L05,iddq,0,stable,,,False,False,False,0.48995540926127257,0.0
L05_C027,L05,iddq,24,stable,,,False,False,False,0.48995540926127257,0.0
L05_C027,L05,iddq,96,stable,,,False,False,False,0.48995540926127257,0.0
L05_C027,L05,iddq,168,stable,,,False,False,False,0.48995540926127257,0.0
L05_C027,L05,propagation_delay,0,stable,,,False,False,False,4.99340336815858,0.0
L05_C027,L05,propagation_delay,24,stable,,,False,False,False,4.99340336815858,0.0
L05_C027,L05,propagation_delay,96,stable,,,False,False,False,4.99340336815858,0.0
L05_C027,L05,propagation_delay,168,stable,,,False,False,False,4.99340336815858,0.0
L05_C028,L05,leakage_current,0,stable,,,False,False,False,13.747017218985038,0.0
L05_C028,L05,leakage_current,24,stable,,,False,False,False,13.747017218985038,0.0
L05_C028,L05,leakage_current,96,stable,,,False,False,False,13.747017218985038,0.0
L05_C028,L05,leakage_current,168,stable,,,False,False,False,13.747017218985038,0.0
L05_C028,L05,iddq,0,stable,,,False,False,False,0.4548661420166841,0.0
L05_C028,L05,iddq,24,stable,,,False,False,False,0.4548661420166841,0.0
L05_C028,L05,iddq,96,stable,,,False,False,False,0.4548661420166841,0.0
L05_C028,L05,iddq,168,stable,,,False,False,False,0.4548661420166841,0.0
L05_C028,L05,propagation_delay,0,stable,,,False,False,False,5.566634308794364,0.0
L05_C028,L05,propagation_delay,24,stable,,,False,False,False,5.566634308794364,0.0
L05_C028,L05,propagation_delay,96,stable,,,False,False,False,5.566634308794364,0.0
L05_C028,L05,propagation_delay,168,stable,,,False,False,False,5.566634308794364,0.0
L05_C029,L05,leakage_current,0,stable,,,False,False,False,9.94338934017472,0.0
L05_C029,L05,leakage_current,24,stable,,,False,False,False,9.94338934017472,0.0
L05_C029,L05,leakage_current,96,stable,,,False,False,False,9.94338934017472,0.0
L05_C029,L05,leakage_current,168,stable,,,False,False,False,9.94338934017472,0.0
L05_C029,L05,iddq,0,stable,,,False,False,False,0.6645561854479409,0.0
L05_C029,L05,iddq,24,stable,,,False,False,False,0.6645561854479409,0.0
L05_C029,L05,iddq,96,stable,,,False,False,False,0.6645561854479409,0.0
L05_C029,L05,iddq,168,stable,,,False,False,False,0.6645561854479409,0.0
L05_C029,L05,propagation_delay,0,stable,,,False,False,False,5.569634885348691,0.0
L05_C029,L05,propagation_delay,24,stable,,,False,False,False,5.569634885348691,0.0
L05_C029,L05,propagation_delay,96,stable,,,False,False,False,5.569634885348691,0.0
L05_C029,L05,propagation_delay,168,stable,,,False,False,False,5.569634885348691,0.0
L05_C030,L05,leakage_current,0,stable,,,False,False,False,15.932304231823903,0.0
L05_C030,L05,leakage_current,24,stable,,,False,False,False,15.932304231823903,0.0
L05_C030,L05,leakage_current,96,stable,,,False,False,False,15.932304231823903,0.0
L05_C030,L05,leakage_current,168,stable,,,False,False,False,15.932304231823903,0.0
L05_C030,L05,iddq,0,stable,,,False,False,False,0.48695285342240374,0.0
L05_C030,L05,iddq,24,stable,,,False,False,False,0.48695285342240374,0.0
L05_C030,L05,iddq,96,stable,,,False,False,False,0.48695285342240374,0.0
L05_C030,L05,iddq,168,stable,,,False,False,False,0.48695285342240374,0.0
L05_C030,L05,propagation_delay,0,stable,,,False,False,False,4.632625879241642,0.0
L05_C030,L05,propagation_delay,24,stable,,,False,False,False,4.632625879241642,0.0
L05_C030,L05,propagation_delay,96,stable,,,False,False,False,4.632625879241642,0.0
L05_C030,L05,propagation_delay,168,stable,,,False,False,False,4.632625879241642,0.0
L06_C001,L06,leakage_current,0,stable,,,False,False,False,8.732057537367393,0.0
L06_C001,L06,leakage_current,24,stable,,,False,False,False,8.732057537367393,0.0
L06_C001,L06,leakage_current,96,stable,,,False,False,False,8.732057537367393,0.0
L06_C001,L06,leakage_current,168,stable,,,False,False,False,8.732057537367393,0.0
L06_C001,L06,iddq,0,stable,,,False,False,False,0.4576396744235077,0.0
L06_C001,L06,iddq,24,stable,,,False,False,False,0.4576396744235077,0.0
L06_C001,L06,iddq,96,stable,,,False,False,False,0.4576396744235077,0.0
L06_C001,L06,iddq,168,stable,,,False,False,False,0.4576396744235077,0.0
L06_C001,L06,propagation_delay,0,stable,,,False,False,False,4.756153819363817,0.0
L06_C001,L06,propagation_delay,24,stable,,,False,False,False,4.756153819363817,0.0
L06_C001,L06,propagation_delay,96,stable,,,False,False,False,4.756153819363817,0.0
L06_C001,L06,propagation_delay,168,stable,,,False,False,False,4.756153819363817,0.0
L06_C002,L06,leakage_current,0,linear_drift,24.0,168.0,False,False,True,12.658039492753092,0.0
L06_C002,L06,leakage_current,24,linear_drift,24.0,168.0,False,False,True,13.776160403897114,0.08833286637983409
L06_C002,L06,leakage_current,96,linear_drift,24.0,168.0,False,False,True,17.758792162048806,0.4029654570295793
L06_C002,L06,leakage_current,168,linear_drift,24.0,168.0,False,False,True,22.89278651006636,0.8085570457552141
L06_C002,L06,iddq,0,linear_drift,24.0,96.0,False,True,True,0.35540512594859575,0.0
L06_C002,L06,iddq,24,linear_drift,24.0,96.0,False,True,True,0.4009437620526136,0.1281316243891327
L06_C002,L06,iddq,96,linear_drift,24.0,96.0,False,True,True,0.5756556642877831,0.6197168309019929
L06_C002,L06,iddq,168,linear_drift,24.0,96.0,False,True,True,0.8264985646119716,1.3255110978098632
L06_C002,L06,propagation_delay,0,linear_drift,24.0,96.0,False,True,True,4.823936152875612,0.0
L06_C002,L06,propagation_delay,24,linear_drift,24.0,96.0,False,True,True,4.994932617316837,0.03544749744237213
L06_C002,L06,propagation_delay,96,linear_drift,24.0,96.0,False,True,True,5.507922010640512,0.14178998976948873
L06_C002,L06,propagation_delay,168,linear_drift,24.0,96.0,False,True,True,6.020911403964188,0.2481324820966055
L06_C003,L06,leakage_current,0,stable,,,False,False,False,9.524347824176,0.0
L06_C003,L06,leakage_current,24,stable,,,False,False,False,9.524347824176,0.0
L06_C003,L06,leakage_current,96,stable,,,False,False,False,9.524347824176,0.0
L06_C003,L06,leakage_current,168,stable,,,False,False,False,9.524347824176,0.0
L06_C003,L06,iddq,0,stable,,,False,False,False,0.42505594290394044,0.0
L06_C003,L06,iddq,24,stable,,,False,False,False,0.42505594290394044,0.0
L06_C003,L06,iddq,96,stable,,,False,False,False,0.42505594290394044,0.0
L06_C003,L06,iddq,168,stable,,,False,False,False,0.42505594290394044,0.0
L06_C003,L06,propagation_delay,0,stable,,,False,False,False,5.056204228191612,0.0
L06_C003,L06,propagation_delay,24,stable,,,False,False,False,5.056204228191612,0.0
L06_C003,L06,propagation_delay,96,stable,,,False,False,False,5.056204228191612,0.0
L06_C003,L06,propagation_delay,168,stable,,,False,False,False,5.056204228191612,0.0
L06_C004,L06,leakage_current,0,stable,,,False,False,False,12.954238788979836,0.0
L06_C004,L06,leakage_current,24,stable,,,False,False,False,12.954238788979836,0.0
L06_C004,L06,leakage_current,96,stable,,,False,False,False,12.954238788979836,0.0
L06_C004,L06,leakage_current,168,stable,,,False,False,False,12.954238788979836,0.0
L06_C004,L06,iddq,0,stable,,,False,False,False,0.6006013706875158,0.0
L06_C004,L06,iddq,24,stable,,,False,False,False,0.6006013706875158,0.0
L06_C004,L06,iddq,96,stable,,,False,False,False,0.6006013706875158,0.0
L06_C004,L06,iddq,168,stable,,,False,False,False,0.6006013706875158,0.0
L06_C004,L06,propagation_delay,0,stable,,,False,False,False,4.917263772191467,0.0
L06_C004,L06,propagation_delay,24,stable,,,False,False,False,4.917263772191467,0.0
L06_C004,L06,propagation_delay,96,stable,,,False,False,False,4.917263772191467,0.0
L06_C004,L06,propagation_delay,168,stable,,,False,False,False,4.917263772191467,0.0
L06_C005,L06,leakage_current,0,stable,,,False,False,False,11.027517294443543,0.0
L06_C005,L06,leakage_current,24,stable,,,False,False,False,11.027517294443543,0.0
L06_C005,L06,leakage_current,96,stable,,,False,False,False,11.027517294443543,0.0
L06_C005,L06,leakage_current,168,stable,,,False,False,False,11.027517294443543,0.0
L06_C005,L06,iddq,0,stable,,,False,False,False,0.52198092112453,0.0
L06_C005,L06,iddq,24,stable,,,False,False,False,0.52198092112453,0.0
L06_C005,L06,iddq,96,stable,,,False,False,False,0.52198092112453,0.0
L06_C005,L06,iddq,168,stable,,,False,False,False,0.52198092112453,0.0
L06_C005,L06,propagation_delay,0,stable,,,False,False,False,4.656666350794397,0.0
L06_C005,L06,propagation_delay,24,stable,,,False,False,False,4.656666350794397,0.0
L06_C005,L06,propagation_delay,96,stable,,,False,False,False,4.656666350794397,0.0
L06_C005,L06,propagation_delay,168,stable,,,False,False,False,4.656666350794397,0.0
L06_C006,L06,leakage_current,0,stable,,,False,False,False,10.653322446485829,0.0
L06_C006,L06,leakage_current,24,stable,,,False,False,False,10.653322446485829,0.0
L06_C006,L06,leakage_current,96,stable,,,False,False,False,10.653322446485829,0.0
L06_C006,L06,leakage_current,168,stable,,,False,False,False,10.653322446485829,0.0
L06_C006,L06,iddq,0,stable,,,False,False,False,0.4363910429071289,0.0
L06_C006,L06,iddq,24,stable,,,False,False,False,0.4363910429071289,0.0
L06_C006,L06,iddq,96,stable,,,False,False,False,0.4363910429071289,0.0
L06_C006,L06,iddq,168,stable,,,False,False,False,0.4363910429071289,0.0
L06_C006,L06,propagation_delay,0,stable,,,False,False,False,4.3965744878568165,0.0
L06_C006,L06,propagation_delay,24,stable,,,False,False,False,4.3965744878568165,0.0
L06_C006,L06,propagation_delay,96,stable,,,False,False,False,4.3965744878568165,0.0
L06_C006,L06,propagation_delay,168,stable,,,False,False,False,4.3965744878568165,0.0
L06_C007,L06,leakage_current,0,stable,,,False,False,False,8.691304535582494,0.0
L06_C007,L06,leakage_current,24,stable,,,False,False,False,8.691304535582494,0.0
L06_C007,L06,leakage_current,96,stable,,,False,False,False,8.691304535582494,0.0
L06_C007,L06,leakage_current,168,stable,,,False,False,False,8.691304535582494,0.0
L06_C007,L06,iddq,0,stable,,,False,False,False,0.513696232450503,0.0
L06_C007,L06,iddq,24,stable,,,False,False,False,0.513696232450503,0.0
L06_C007,L06,iddq,96,stable,,,False,False,False,0.513696232450503,0.0
L06_C007,L06,iddq,168,stable,,,False,False,False,0.513696232450503,0.0
L06_C007,L06,propagation_delay,0,stable,,,False,False,False,5.233397085466815,0.0
L06_C007,L06,propagation_delay,24,stable,,,False,False,False,5.233397085466815,0.0
L06_C007,L06,propagation_delay,96,stable,,,False,False,False,5.233397085466815,0.0
L06_C007,L06,propagation_delay,168,stable,,,False,False,False,5.233397085466815,0.0
L06_C008,L06,leakage_current,0,accelerating_drift,24.0,168.0,False,False,True,11.892647128445907,0.0
L06_C008,L06,leakage_current,24,accelerating_drift,24.0,168.0,False,False,True,12.468730922414643,0.04844033357307033
L06_C008,L06,leakage_current,96,accelerating_drift,24.0,168.0,False,False,True,17.199416169266325,0.44622269403144144
L06_C008,L06,leakage_current,168,accelerating_drift,24.0,168.0,False,False,True,31.06673379163918,1.6122639859826464
L06_C008,L06,iddq,0,accelerating_drift,24.0,96.0,False,True,True,0.40311508547892244,0.0
L06_C008,L06,iddq,24,accelerating_drift,24.0,96.0,False,True,True,0.42437425099438164,0.052737211484413106
L06_C008,L06,iddq,96,accelerating_drift,24.0,96.0,False,True,True,0.5958919085530151,0.47821783410825075
L06_C008,L06,iddq,168,accelerating_drift,24.0,96.0,False,True,True,1.1047748056541038,1.7405940522954424
L06_C008,L06,propagation_delay,0,accelerating_drift,24.0,168.0,False,False,True,4.582836664131569,0.0
L06_C008,L06,propagation_delay,24,accelerating_drift,24.0,168.0,False,False,True,4.634952954924124,0.011372059406012247
L06_C008,L06,propagation_delay,96,accelerating_drift,24.0,168.0,False,False,True,5.0097746908579985,0.09316021015279474
L06_C008,L06,propagation_delay,168,accelerating_drift,24.0,168.0,False,False,True,5.712305722126189,0.24645631969269635
L06_C009,L06,leakage_current,0,stable,,,False,False,False,11.153853449981694,0.0
L06_C009,L06,leakage_current,24,stable,,,False,False,False,11.153853449981694,0.0
L06_C009,L06,leakage_current,96,stable,,,False,False,False,11.153853449981694,0.0
L06_C009,L06,leakage_current,168,stable,,,False,False,False,11.153853449981694,0.0
L06_C009,L06,iddq,0,stable,,,False,False,False,0.45800327993034334,0.0
L06_C009,L06,iddq,24,stable,,,False,False,False,0.45800327993034334,0.0
L06_C009,L06,iddq,96,stable,,,False,False,False,0.45800327993034334,0.0
L06_C009,L06,iddq,168,stable,,,False,False,False,0.45800327993034334,0.0
L06_C009,L06,propagation_delay,0,stable,,,False,False,False,5.164712145623328,0.0
L06_C009,L06,propagation_delay,24,stable,,,False,False,False,5.164712145623328,0.0
L06_C009,L06,propagation_delay,96,stable,,,False,False,False,5.164712145623328,0.0
L06_C009,L06,propagation_delay,168,stable,,,False,False,False,5.164712145623328,0.0
L06_C010,L06,leakage_current,0,stable,,,False,False,False,6.968737795035868,0.0
L06_C010,L06,leakage_current,24,stable,,,False,False,False,6.968737795035868,0.0
L06_C010,L06,leakage_current,96,stable,,,False,False,False,6.968737795035868,0.0
L06_C010,L06,leakage_current,168,stable,,,False,False,False,6.968737795035868,0.0
L06_C010,L06,iddq,0,stable,,,False,False,False,0.4866613049744004,0.0
L06_C010,L06,iddq,24,stable,,,False,False,False,0.4866613049744004,0.0
L06_C010,L06,iddq,96,stable,,,False,False,False,0.4866613049744004,0.0
L06_C010,L06,iddq,168,stable,,,False,False,False,0.4866613049744004,0.0
L06_C010,L06,propagation_delay,0,stable,,,False,False,False,4.420724836852689,0.0
L06_C010,L06,propagation_delay,24,stable,,,False,False,False,4.420724836852689,0.0
L06_C010,L06,propagation_delay,96,stable,,,False,False,False,4.420724836852689,0.0
L06_C010,L06,propagation_delay,168,stable,,,False,False,False,4.420724836852689,0.0
L06_C011,L06,leakage_current,0,stable,,,False,False,False,12.104918525878682,0.0
L06_C011,L06,leakage_current,24,stable,,,False,False,False,12.104918525878682,0.0
L06_C011,L06,leakage_current,96,stable,,,False,False,False,12.104918525878682,0.0
L06_C011,L06,leakage_current,168,stable,,,False,False,False,12.104918525878682,0.0
L06_C011,L06,iddq,0,stable,,,False,False,False,0.5112512072288387,0.0
L06_C011,L06,iddq,24,stable,,,False,False,False,0.5112512072288387,0.0
L06_C011,L06,iddq,96,stable,,,False,False,False,0.5112512072288387,0.0
L06_C011,L06,iddq,168,stable,,,False,False,False,0.5112512072288387,0.0
L06_C011,L06,propagation_delay,0,stable,,,False,False,False,5.162586428239334,0.0
L06_C011,L06,propagation_delay,24,stable,,,False,False,False,5.162586428239334,0.0
L06_C011,L06,propagation_delay,96,stable,,,False,False,False,5.162586428239334,0.0
L06_C011,L06,propagation_delay,168,stable,,,False,False,False,5.162586428239334,0.0
L06_C012,L06,leakage_current,0,stable,,,False,False,False,10.712020644780052,0.0
L06_C012,L06,leakage_current,24,stable,,,False,False,False,10.712020644780052,0.0
L06_C012,L06,leakage_current,96,stable,,,False,False,False,10.712020644780052,0.0
L06_C012,L06,leakage_current,168,stable,,,False,False,False,10.712020644780052,0.0
L06_C012,L06,iddq,0,stable,,,False,False,False,0.527101876762842,0.0
L06_C012,L06,iddq,24,stable,,,False,False,False,0.527101876762842,0.0
L06_C012,L06,iddq,96,stable,,,False,False,False,0.527101876762842,0.0
L06_C012,L06,iddq,168,stable,,,False,False,False,0.527101876762842,0.0
L06_C012,L06,propagation_delay,0,stable,,,False,False,False,4.740859458192589,0.0
L06_C012,L06,propagation_delay,24,stable,,,False,False,False,4.740859458192589,0.0
L06_C012,L06,propagation_delay,96,stable,,,False,False,False,4.740859458192589,0.0
L06_C012,L06,propagation_delay,168,stable,,,False,False,False,4.740859458192589,0.0
L06_C013,L06,leakage_current,0,stable,,,False,False,False,11.021902539939097,0.0
L06_C013,L06,leakage_current,24,stable,,,False,False,False,11.021902539939097,0.0
L06_C013,L06,leakage_current,96,stable,,,False,False,False,11.021902539939097,0.0
L06_C013,L06,leakage_current,168,stable,,,False,False,False,11.021902539939097,0.0
L06_C013,L06,iddq,0,stable,,,False,False,False,0.5650520683785569,0.0
L06_C013,L06,iddq,24,stable,,,False,False,False,0.5650520683785569,0.0
L06_C013,L06,iddq,96,stable,,,False,False,False,0.5650520683785569,0.0
L06_C013,L06,iddq,168,stable,,,False,False,False,0.5650520683785569,0.0
L06_C013,L06,propagation_delay,0,stable,,,False,False,False,5.576182820542399,0.0
L06_C013,L06,propagation_delay,24,stable,,,False,False,False,5.576182820542399,0.0
L06_C013,L06,propagation_delay,96,stable,,,False,False,False,5.576182820542399,0.0
L06_C013,L06,propagation_delay,168,stable,,,False,False,False,5.576182820542399,0.0
L06_C014,L06,leakage_current,0,linear_drift,24.0,168.0,False,False,True,16.46147690881689,0.0
L06_C014,L06,leakage_current,24,linear_drift,24.0,168.0,False,False,True,17.782981084702023,0.08027859123486811
L06_C014,L06,leakage_current,96,linear_drift,24.0,168.0,False,False,True,22.418774816342268,0.3618932821473997
L06_C014,L06,leakage_current,168,linear_drift,24.0,168.0,False,False,True,28.26306016251852,0.7169212895703552
L06_C014,L06,iddq,0,linear_drift,24.0,96.0,False,True,True,0.43314535191410314,0.0
L06_C014,L06,iddq,24,linear_drift,24.0,96.0,False,True,True,0.4755955744450635,0.0980045666965362
L06_C014,L06,iddq,96,linear_drift,24.0,96.0,False,True,True,0.6295790151617765,0.4535051856833224
L06_C014,L06,iddq,168,linear_drift,24.0,96.0,False,True,True,0.8334176296626948,0.9241061366115491
L06_C014,L06,propagation_delay,0,linear_drift,24.0,96.0,False,True,True,5.017931887373135,0.0
L06_C014,L06,propagation_delay,24,linear_drift,24.0,96.0,False,True,True,5.1966901319855365,0.03562388821223733
L06_C014,L06,propagation_delay,96,linear_drift,24.0,96.0,False,True,True,5.732964865822743,0.14249555284894969
L06_C014,L06,propagation_delay,168,linear_drift,24.0,96.0,False,True,True,6.269239599659949,0.24936721748566185
L06_C015,L06,leakage_current,0,high_but_stable,,0.0,True,True,True,18.235142989148923,0.0
L06_C015,L06,leakage_current,24,high_but_stable,,0.0,True,True,True,18.235142989148923,0.0
L06_C015,L06,leakage_current,96,high_but_stable,,0.0,True,True,True,18.235142989148923,0.0
L06_C015,L06,leakage_current,168,high_but_stable,,0.0,True,True,True,18.235142989148923,0.0
L06_C015,L06,iddq,0,high_but_stable,,0.0,True,True,True,0.7705268224561993,0.0
L06_C015,L06,iddq,24,high_but_stable,,0.0,True,True,True,0.7705268224561993,0.0
L06_C015,L06,iddq,96,high_but_stable,,0.0,True,True,True,0.7705268224561993,0.0
L06_C015,L06,iddq,168,high_but_stable,,0.0,True,True,True,0.7705268224561993,0.0
L06_C015,L06,propagation_delay,0,high_but_stable,,0.0,True,True,True,5.910586904272654,0.0
L06_C015,L06,propagation_delay,24,high_but_stable,,0.0,True,True,True,5.910586904272654,0.0
L06_C015,L06,propagation_delay,96,high_but_stable,,0.0,True,True,True,5.910586904272654,0.0
L06_C015,L06,propagation_delay,168,high_but_stable,,0.0,True,True,True,5.910586904272654,0.0
L06_C016,L06,leakage_current,0,stable,,,False,False,False,9.283045386790294,0.0
L06_C016,L06,leakage_current,24,stable,,,False,False,False,9.283045386790294,0.0
L06_C016,L06,leakage_current,96,stable,,,False,False,False,9.283045386790294,0.0
L06_C016,L06,leakage_current,168,stable,,,False,False,False,9.283045386790294,0.0
L06_C016,L06,iddq,0,stable,,,False,False,False,0.4489994779245341,0.0
L06_C016,L06,iddq,24,stable,,,False,False,False,0.4489994779245341,0.0
L06_C016,L06,iddq,96,stable,,,False,False,False,0.4489994779245341,0.0
L06_C016,L06,iddq,168,stable,,,False,False,False,0.4489994779245341,0.0
L06_C016,L06,propagation_delay,0,stable,,,False,False,False,4.8391606506876315,0.0
L06_C016,L06,propagation_delay,24,stable,,,False,False,False,4.8391606506876315,0.0
L06_C016,L06,propagation_delay,96,stable,,,False,False,False,4.8391606506876315,0.0
L06_C016,L06,propagation_delay,168,stable,,,False,False,False,4.8391606506876315,0.0
L06_C017,L06,leakage_current,0,stable,,,False,False,False,10.477376285213962,0.0
L06_C017,L06,leakage_current,24,stable,,,False,False,False,10.477376285213962,0.0
L06_C017,L06,leakage_current,96,stable,,,False,False,False,10.477376285213962,0.0
L06_C017,L06,leakage_current,168,stable,,,False,False,False,10.477376285213962,0.0
L06_C017,L06,iddq,0,stable,,,False,False,False,0.47159250126017577,0.0
L06_C017,L06,iddq,24,stable,,,False,False,False,0.47159250126017577,0.0
L06_C017,L06,iddq,96,stable,,,False,False,False,0.47159250126017577,0.0
L06_C017,L06,iddq,168,stable,,,False,False,False,0.47159250126017577,0.0
L06_C017,L06,propagation_delay,0,stable,,,False,False,False,5.190330981726052,0.0
L06_C017,L06,propagation_delay,24,stable,,,False,False,False,5.190330981726052,0.0
L06_C017,L06,propagation_delay,96,stable,,,False,False,False,5.190330981726052,0.0
L06_C017,L06,propagation_delay,168,stable,,,False,False,False,5.190330981726052,0.0
L06_C018,L06,leakage_current,0,stable,,,False,False,False,10.907485174620165,0.0
L06_C018,L06,leakage_current,24,stable,,,False,False,False,10.907485174620165,0.0
L06_C018,L06,leakage_current,96,stable,,,False,False,False,10.907485174620165,0.0
L06_C018,L06,leakage_current,168,stable,,,False,False,False,10.907485174620165,0.0
L06_C018,L06,iddq,0,stable,,,False,False,False,0.43183457166752315,0.0
L06_C018,L06,iddq,24,stable,,,False,False,False,0.43183457166752315,0.0
L06_C018,L06,iddq,96,stable,,,False,False,False,0.43183457166752315,0.0
L06_C018,L06,iddq,168,stable,,,False,False,False,0.43183457166752315,0.0
L06_C018,L06,propagation_delay,0,stable,,,False,False,False,4.6916218466099755,0.0
L06_C018,L06,propagation_delay,24,stable,,,False,False,False,4.6916218466099755,0.0
L06_C018,L06,propagation_delay,96,stable,,,False,False,False,4.6916218466099755,0.0
L06_C018,L06,propagation_delay,168,stable,,,False,False,False,4.6916218466099755,0.0
L06_C019,L06,leakage_current,0,stable,,,False,False,False,14.736577774527632,0.0
L06_C019,L06,leakage_current,24,stable,,,False,False,False,14.736577774527632,0.0
L06_C019,L06,leakage_current,96,stable,,,False,False,False,14.736577774527632,0.0
L06_C019,L06,leakage_current,168,stable,,,False,False,False,14.736577774527632,0.0
L06_C019,L06,iddq,0,stable,,,False,False,False,0.49526410948482713,0.0
L06_C019,L06,iddq,24,stable,,,False,False,False,0.49526410948482713,0.0
L06_C019,L06,iddq,96,stable,,,False,False,False,0.49526410948482713,0.0
L06_C019,L06,iddq,168,stable,,,False,False,False,0.49526410948482713,0.0
L06_C019,L06,propagation_delay,0,stable,,,False,False,False,4.8899716913787215,0.0
L06_C019,L06,propagation_delay,24,stable,,,False,False,False,4.8899716913787215,0.0
L06_C019,L06,propagation_delay,96,stable,,,False,False,False,4.8899716913787215,0.0
L06_C019,L06,propagation_delay,168,stable,,,False,False,False,4.8899716913787215,0.0
L06_C020,L06,leakage_current,0,stable,,,False,False,False,8.813063080463825,0.0
L06_C020,L06,leakage_current,24,stable,,,False,False,False,8.813063080463825,0.0
L06_C020,L06,leakage_current,96,stable,,,False,False,False,8.813063080463825,0.0
L06_C020,L06,leakage_current,168,stable,,,False,False,False,8.813063080463825,0.0
L06_C020,L06,iddq,0,stable,,,False,False,False,0.646545880660462,0.0
L06_C020,L06,iddq,24,stable,,,False,False,False,0.646545880660462,0.0
L06_C020,L06,iddq,96,stable,,,False,False,False,0.646545880660462,0.0
L06_C020,L06,iddq,168,stable,,,False,False,False,0.646545880660462,0.0
L06_C020,L06,propagation_delay,0,stable,,,False,False,False,4.60273874950612,0.0
L06_C020,L06,propagation_delay,24,stable,,,False,False,False,4.60273874950612,0.0
L06_C020,L06,propagation_delay,96,stable,,,False,False,False,4.60273874950612,0.0
L06_C020,L06,propagation_delay,168,stable,,,False,False,False,4.60273874950612,0.0
L06_C021,L06,leakage_current,0,stable,,,False,False,False,8.942520552858461,0.0
L06_C021,L06,leakage_current,24,stable,,,False,False,False,8.942520552858461,0.0
L06_C021,L06,leakage_current,96,stable,,,False,False,False,8.942520552858461,0.0
L06_C021,L06,leakage_current,168,stable,,,False,False,False,8.942520552858461,0.0
L06_C021,L06,iddq,0,stable,,,False,False,False,0.42464847075185924,0.0
L06_C021,L06,iddq,24,stable,,,False,False,False,0.42464847075185924,0.0
L06_C021,L06,iddq,96,stable,,,False,False,False,0.42464847075185924,0.0
L06_C021,L06,iddq,168,stable,,,False,False,False,0.42464847075185924,0.0
L06_C021,L06,propagation_delay,0,stable,,,False,False,False,5.033356897120654,0.0
L06_C021,L06,propagation_delay,24,stable,,,False,False,False,5.033356897120654,0.0
L06_C021,L06,propagation_delay,96,stable,,,False,False,False,5.033356897120654,0.0
L06_C021,L06,propagation_delay,168,stable,,,False,False,False,5.033356897120654,0.0
L06_C022,L06,leakage_current,0,lot_outlier,,0.0,True,True,True,21.110786968160582,0.0
L06_C022,L06,leakage_current,24,lot_outlier,,0.0,True,True,True,21.110786968160582,0.0
L06_C022,L06,leakage_current,96,lot_outlier,,0.0,True,True,True,21.110786968160582,0.0
L06_C022,L06,leakage_current,168,lot_outlier,,0.0,True,True,True,21.110786968160582,0.0
L06_C022,L06,iddq,0,lot_outlier,,0.0,True,True,True,0.9177544294297221,0.0
L06_C022,L06,iddq,24,lot_outlier,,0.0,True,True,True,0.9177544294297221,0.0
L06_C022,L06,iddq,96,lot_outlier,,0.0,True,True,True,0.9177544294297221,0.0
L06_C022,L06,iddq,168,lot_outlier,,0.0,True,True,True,0.9177544294297221,0.0
L06_C022,L06,propagation_delay,0,lot_outlier,,0.0,True,True,True,6.202425618363307,0.0
L06_C022,L06,propagation_delay,24,lot_outlier,,0.0,True,True,True,6.202425618363307,0.0
L06_C022,L06,propagation_delay,96,lot_outlier,,0.0,True,True,True,6.202425618363307,0.0
L06_C022,L06,propagation_delay,168,lot_outlier,,0.0,True,True,True,6.202425618363307,0.0
L06_C023,L06,leakage_current,0,high_but_stable,,0.0,True,True,True,17.337352794538823,0.0
L06_C023,L06,leakage_current,24,high_but_stable,,0.0,True,True,True,17.337352794538823,0.0
L06_C023,L06,leakage_current,96,high_but_stable,,0.0,True,True,True,17.337352794538823,0.0
L06_C023,L06,leakage_current,168,high_but_stable,,0.0,True,True,True,17.337352794538823,0.0
L06_C023,L06,iddq,0,high_but_stable,,0.0,True,True,True,0.8406967634547278,0.0
L06_C023,L06,iddq,24,high_but_stable,,0.0,True,True,True,0.8406967634547278,0.0
L06_C023,L06,iddq,96,high_but_stable,,0.0,True,True,True,0.8406967634547278,0.0
L06_C023,L06,iddq,168,high_but_stable,,0.0,True,True,True,0.8406967634547278,0.0
L06_C023,L06,propagation_delay,0,high_but_stable,,0.0,True,True,True,5.855162931216191,0.0
L06_C023,L06,propagation_delay,24,high_but_stable,,0.0,True,True,True,5.855162931216191,0.0
L06_C023,L06,propagation_delay,96,high_but_stable,,0.0,True,True,True,5.855162931216191,0.0
L06_C023,L06,propagation_delay,168,high_but_stable,,0.0,True,True,True,5.855162931216191,0.0
L06_C024,L06,leakage_current,0,linear_drift,24.0,96.0,False,True,True,9.211121056222288,0.0
L06_C024,L06,leakage_current,24,linear_drift,24.0,96.0,False,True,True,10.378054705741931,0.12668747293591998
L06_C024,L06,leakage_current,96,linear_drift,24.0,96.0,False,True,True,14.84315944265477,0.6114389716578453
L06_C024,L06,leakage_current,168,linear_drift,24.0,96.0,False,True,True,21.229352560473014,1.3047523130892067
L06_C024,L06,iddq,0,linear_drift,24.0,96.0,False,True,True,0.590708255155875,0.0
L06_C024,L06,iddq,24,linear_drift,24.0,96.0,False,True,True,0.6543136320011793,0.10767646514186643
L06_C024,L06,iddq,96,linear_drift,24.0,96.0,False,True,True,0.8892518011407647,0.5053993124001808
L06_C024,L06,iddq,168,linear_drift,24.0,96.0,False,True,True,1.2085469829102824,1.045928717538192
L06_C024,L06,propagation_delay,0,linear_drift,24.0,96.0,False,True,True,5.117470269046806,0.0
L06_C024,L06,propagation_delay,24,linear_drift,24.0,96.0,False,True,True,5.304967531590555,0.03663866181652927
L06_C024,L06,propagation_delay,96,linear_drift,24.0,96.0,False,True,True,5.867459319221802,0.14655464726611708
L06_C024,L06,propagation_delay,168,linear_drift,24.0,96.0,False,True,True,6.42995110685305,0.2564706327157051
L06_C025,L06,leakage_current,0,lot_outlier,,0.0,True,True,True,24.52136623201639,0.0
L06_C025,L06,leakage_current,24,lot_outlier,,0.0,True,True,True,24.52136623201639,0.0
L06_C025,L06,leakage_current,96,lot_outlier,,0.0,True,True,True,24.52136623201639,0.0
L06_C025,L06,leakage_current,168,lot_outlier,,0.0,True,True,True,24.52136623201639,0.0
L06_C025,L06,iddq,0,lot_outlier,,0.0,True,True,True,0.9078000386424038,0.0
L06_C025,L06,iddq,24,lot_outlier,,0.0,True,True,True,0.9078000386424038,0.0
L06_C025,L06,iddq,96,lot_outlier,,0.0,True,True,True,0.9078000386424038,0.0
L06_C025,L06,iddq,168,lot_outlier,,0.0,True,True,True,0.9078000386424038,0.0
L06_C025,L06,propagation_delay,0,lot_outlier,,0.0,True,True,True,6.104054090306477,0.0
L06_C025,L06,propagation_delay,24,lot_outlier,,0.0,True,True,True,6.104054090306477,0.0
L06_C025,L06,propagation_delay,96,lot_outlier,,0.0,True,True,True,6.104054090306477,0.0
L06_C025,L06,propagation_delay,168,lot_outlier,,0.0,True,True,True,6.104054090306477,0.0
L06_C026,L06,leakage_current,0,stable,,,False,False,False,9.132007040016163,0.0
L06_C026,L06,leakage_current,24,stable,,,False,False,False,9.132007040016163,0.0
L06_C026,L06,leakage_current,96,stable,,,False,False,False,9.132007040016163,0.0
L06_C026,L06,leakage_current,168,stable,,,False,False,False,9.132007040016163,0.0
L06_C026,L06,iddq,0,stable,,,False,False,False,0.38973669018309415,0.0
L06_C026,L06,iddq,24,stable,,,False,False,False,0.38973669018309415,0.0
L06_C026,L06,iddq,96,stable,,,False,False,False,0.38973669018309415,0.0
L06_C026,L06,iddq,168,stable,,,False,False,False,0.38973669018309415,0.0
L06_C026,L06,propagation_delay,0,stable,,,False,False,False,5.124759767233212,0.0
L06_C026,L06,propagation_delay,24,stable,,,False,False,False,5.124759767233212,0.0
L06_C026,L06,propagation_delay,96,stable,,,False,False,False,5.124759767233212,0.0
L06_C026,L06,propagation_delay,168,stable,,,False,False,False,5.124759767233212,0.0
L06_C027,L06,leakage_current,0,stable,,,False,False,False,10.716562384053896,0.0
L06_C027,L06,leakage_current,24,stable,,,False,False,False,10.716562384053896,0.0
L06_C027,L06,leakage_current,96,stable,,,False,False,False,10.716562384053896,0.0
L06_C027,L06,leakage_current,168,stable,,,False,False,False,10.716562384053896,0.0
L06_C027,L06,iddq,0,stable,,,False,False,False,0.6674804495689641,0.0
L06_C027,L06,iddq,24,stable,,,False,False,False,0.6674804495689641,0.0
L06_C027,L06,iddq,96,stable,,,False,False,False,0.6674804495689641,0.0
L06_C027,L06,iddq,168,stable,,,False,False,False,0.6674804495689641,0.0
L06_C027,L06,propagation_delay,0,stable,,,False,False,False,5.101289178176097,0.0
L06_C027,L06,propagation_delay,24,stable,,,False,False,False,5.101289178176097,0.0
L06_C027,L06,propagation_delay,96,stable,,,False,False,False,5.101289178176097,0.0
L06_C027,L06,propagation_delay,168,stable,,,False,False,False,5.101289178176097,0.0
L06_C028,L06,leakage_current,0,linear_drift,24.0,168.0,False,False,True,10.616566734001566,0.0
L06_C028,L06,leakage_current,24,linear_drift,24.0,168.0,False,False,True,11.668683813974804,0.09910144271063012
L06_C028,L06,leakage_current,96,linear_drift,24.0,168.0,False,False,True,15.492988757748503,0.4593219395616166
L06_C028,L06,leakage_current,168,linear_drift,24.0,168.0,False,False,True,20.570674848542073,0.9376014265196101
L06_C028,L06,iddq,0,linear_drift,24.0,96.0,False,True,True,0.46695472044383435,0.0
L06_C028,L06,iddq,24,linear_drift,24.0,96.0,False,True,True,0.5175371881897056,0.10832413836140965
L06_C028,L06,iddq,96,linear_drift,24.0,96.0,False,True,True,0.7045988623937173,0.5089233100031739
L06_C028,L06,iddq,168,linear_drift,24.0,96.0,False,True,True,0.959273204352884,1.0543173938601742
L06_C028,L06,propagation_delay,0,linear_drift,24.0,96.0,False,True,True,4.811272244994204,0.0
L06_C028,L06,propagation_delay,24,linear_drift,24.0,96.0,False,True,True,4.951727956755945,0.02919305011431745
L06_C028,L06,propagation_delay,96,linear_drift,24.0,96.0,False,True,True,5.373095092041164,0.11677220045726944
L06_C028,L06,propagation_delay,168,linear_drift,24.0,96.0,False,True,True,5.794462227326385,0.2043513508002216
L06_C029,L06,leakage_current,0,stable,,,False,False,False,9.722896887133555,0.0
L06_C029,L06,leakage_current,24,stable,,,False,False,False,9.722896887133555,0.0
L06_C029,L06,leakage_current,96,stable,,,False,False,False,9.722896887133555,0.0
L06_C029,L06,leakage_current,168,stable,,,False,False,False,9.722896887133555,0.0
L06_C029,L06,iddq,0,stable,,,False,False,False,0.49644000487974616,0.0
L06_C029,L06,iddq,24,stable,,,False,False,False,0.49644000487974616,0.0
L06_C029,L06,iddq,96,stable,,,False,False,False,0.49644000487974616,0.0
L06_C029,L06,iddq,168,stable,,,False,False,False,0.49644000487974616,0.0
L06_C029,L06,propagation_delay,0,stable,,,False,False,False,5.0074505482617475,0.0
L06_C029,L06,propagation_delay,24,stable,,,False,False,False,5.0074505482617475,0.0
L06_C029,L06,propagation_delay,96,stable,,,False,False,False,5.0074505482617475,0.0
L06_C029,L06,propagation_delay,168,stable,,,False,False,False,5.0074505482617475,0.0
L06_C030,L06,leakage_current,0,stable,,,False,False,False,11.488863389223916,0.0
L06_C030,L06,leakage_current,24,stable,,,False,False,False,11.488863389223916,0.0
L06_C030,L06,leakage_current,96,stable,,,False,False,False,11.488863389223916,0.0
L06_C030,L06,leakage_current,168,stable,,,False,False,False,11.488863389223916,0.0
L06_C030,L06,iddq,0,stable,,,False,False,False,0.4622922641325344,0.0
L06_C030,L06,iddq,24,stable,,,False,False,False,0.4622922641325344,0.0
L06_C030,L06,iddq,96,stable,,,False,False,False,0.4622922641325344,0.0
L06_C030,L06,iddq,168,stable,,,False,False,False,0.4622922641325344,0.0
L06_C030,L06,propagation_delay,0,stable,,,False,False,False,4.639008976761512,0.0
L06_C030,L06,propagation_delay,24,stable,,,False,False,False,4.639008976761512,0.0
L06_C030,L06,propagation_delay,96,stable,,,False,False,False,4.639008976761512,0.0
L06_C030,L06,propagation_delay,168,stable,,,False,False,False,4.639008976761512,0.0
L07_C001,L07,leakage_current,0,stable,,,False,False,False,7.386890994957577,0.0
L07_C001,L07,leakage_current,24,stable,,,False,False,False,7.386890994957577,0.0
L07_C001,L07,leakage_current,96,stable,,,False,False,False,7.386890994957577,0.0
L07_C001,L07,leakage_current,168,stable,,,False,False,False,7.386890994957577,0.0
L07_C001,L07,iddq,0,stable,,,False,False,False,0.42422769999039317,0.0
L07_C001,L07,iddq,24,stable,,,False,False,False,0.42422769999039317,0.0
L07_C001,L07,iddq,96,stable,,,False,False,False,0.42422769999039317,0.0
L07_C001,L07,iddq,168,stable,,,False,False,False,0.42422769999039317,0.0
L07_C001,L07,propagation_delay,0,stable,,,False,False,False,4.993139852644743,0.0
L07_C001,L07,propagation_delay,24,stable,,,False,False,False,4.993139852644743,0.0
L07_C001,L07,propagation_delay,96,stable,,,False,False,False,4.993139852644743,0.0
L07_C001,L07,propagation_delay,168,stable,,,False,False,False,4.993139852644743,0.0
L07_C002,L07,leakage_current,0,stable,,,False,False,False,6.825412041397477,0.0
L07_C002,L07,leakage_current,24,stable,,,False,False,False,6.825412041397477,0.0
L07_C002,L07,leakage_current,96,stable,,,False,False,False,6.825412041397477,0.0
L07_C002,L07,leakage_current,168,stable,,,False,False,False,6.825412041397477,0.0
L07_C002,L07,iddq,0,stable,,,False,False,False,0.5636533207169291,0.0
L07_C002,L07,iddq,24,stable,,,False,False,False,0.5636533207169291,0.0
L07_C002,L07,iddq,96,stable,,,False,False,False,0.5636533207169291,0.0
L07_C002,L07,iddq,168,stable,,,False,False,False,0.5636533207169291,0.0
L07_C002,L07,propagation_delay,0,stable,,,False,False,False,4.745870483364785,0.0
L07_C002,L07,propagation_delay,24,stable,,,False,False,False,4.745870483364785,0.0
L07_C002,L07,propagation_delay,96,stable,,,False,False,False,4.745870483364785,0.0
L07_C002,L07,propagation_delay,168,stable,,,False,False,False,4.745870483364785,0.0
L07_C003,L07,leakage_current,0,stable,,,False,False,False,8.672701510698895,0.0
L07_C003,L07,leakage_current,24,stable,,,False,False,False,8.672701510698895,0.0
L07_C003,L07,leakage_current,96,stable,,,False,False,False,8.672701510698895,0.0
L07_C003,L07,leakage_current,168,stable,,,False,False,False,8.672701510698895,0.0
L07_C003,L07,iddq,0,stable,,,False,False,False,0.5567491386880971,0.0
L07_C003,L07,iddq,24,stable,,,False,False,False,0.5567491386880971,0.0
L07_C003,L07,iddq,96,stable,,,False,False,False,0.5567491386880971,0.0
L07_C003,L07,iddq,168,stable,,,False,False,False,0.5567491386880971,0.0
L07_C003,L07,propagation_delay,0,stable,,,False,False,False,5.119177318827813,0.0
L07_C003,L07,propagation_delay,24,stable,,,False,False,False,5.119177318827813,0.0
L07_C003,L07,propagation_delay,96,stable,,,False,False,False,5.119177318827813,0.0
L07_C003,L07,propagation_delay,168,stable,,,False,False,False,5.119177318827813,0.0
L07_C004,L07,leakage_current,0,stable,,,False,False,False,9.364531703073775,0.0
L07_C004,L07,leakage_current,24,stable,,,False,False,False,9.364531703073775,0.0
L07_C004,L07,leakage_current,96,stable,,,False,False,False,9.364531703073775,0.0
L07_C004,L07,leakage_current,168,stable,,,False,False,False,9.364531703073775,0.0
L07_C004,L07,iddq,0,stable,,,False,False,False,0.4457237061234328,0.0
L07_C004,L07,iddq,24,stable,,,False,False,False,0.4457237061234328,0.0
L07_C004,L07,iddq,96,stable,,,False,False,False,0.4457237061234328,0.0
L07_C004,L07,iddq,168,stable,,,False,False,False,0.4457237061234328,0.0
L07_C004,L07,propagation_delay,0,stable,,,False,False,False,4.864670263746442,0.0
L07_C004,L07,propagation_delay,24,stable,,,False,False,False,4.864670263746442,0.0
L07_C004,L07,propagation_delay,96,stable,,,False,False,False,4.864670263746442,0.0
L07_C004,L07,propagation_delay,168,stable,,,False,False,False,4.864670263746442,0.0
L07_C005,L07,leakage_current,0,stable,,,False,False,False,6.617207216332106,0.0
L07_C005,L07,leakage_current,24,stable,,,False,False,False,6.617207216332106,0.0
L07_C005,L07,leakage_current,96,stable,,,False,False,False,6.617207216332106,0.0
L07_C005,L07,leakage_current,168,stable,,,False,False,False,6.617207216332106,0.0
L07_C005,L07,iddq,0,stable,,,False,False,False,0.6003441814039914,0.0
L07_C005,L07,iddq,24,stable,,,False,False,False,0.6003441814039914,0.0
L07_C005,L07,iddq,96,stable,,,False,False,False,0.6003441814039914,0.0
L07_C005,L07,iddq,168,stable,,,False,False,False,0.6003441814039914,0.0
L07_C005,L07,propagation_delay,0,stable,,,False,False,False,5.889878476765192,0.0
L07_C005,L07,propagation_delay,24,stable,,,False,False,False,5.889878476765192,0.0
L07_C005,L07,propagation_delay,96,stable,,,False,False,False,5.889878476765192,0.0
L07_C005,L07,propagation_delay,168,stable,,,False,False,False,5.889878476765192,0.0
L07_C006,L07,leakage_current,0,stable,,,False,False,False,6.92838443683811,0.0
L07_C006,L07,leakage_current,24,stable,,,False,False,False,6.92838443683811,0.0
L07_C006,L07,leakage_current,96,stable,,,False,False,False,6.92838443683811,0.0
L07_C006,L07,leakage_current,168,stable,,,False,False,False,6.92838443683811,0.0
L07_C006,L07,iddq,0,stable,,,False,False,False,0.5763771845390095,0.0
L07_C006,L07,iddq,24,stable,,,False,False,False,0.5763771845390095,0.0
L07_C006,L07,iddq,96,stable,,,False,False,False,0.5763771845390095,0.0
L07_C006,L07,iddq,168,stable,,,False,False,False,0.5763771845390095,0.0
L07_C006,L07,propagation_delay,0,stable,,,False,False,False,5.282227566422562,0.0
L07_C006,L07,propagation_delay,24,stable,,,False,False,False,5.282227566422562,0.0
L07_C006,L07,propagation_delay,96,stable,,,False,False,False,5.282227566422562,0.0
L07_C006,L07,propagation_delay,168,stable,,,False,False,False,5.282227566422562,0.0
L07_C007,L07,leakage_current,0,stable,,,False,False,False,7.205391793724687,0.0
L07_C007,L07,leakage_current,24,stable,,,False,False,False,7.205391793724687,0.0
L07_C007,L07,leakage_current,96,stable,,,False,False,False,7.205391793724687,0.0
L07_C007,L07,leakage_current,168,stable,,,False,False,False,7.205391793724687,0.0
L07_C007,L07,iddq,0,stable,,,False,False,False,0.541373566523673,0.0
L07_C007,L07,iddq,24,stable,,,False,False,False,0.541373566523673,0.0
L07_C007,L07,iddq,96,stable,,,False,False,False,0.541373566523673,0.0
L07_C007,L07,iddq,168,stable,,,False,False,False,0.541373566523673,0.0
L07_C007,L07,propagation_delay,0,stable,,,False,False,False,5.5823650420251925,0.0
L07_C007,L07,propagation_delay,24,stable,,,False,False,False,5.5823650420251925,0.0
L07_C007,L07,propagation_delay,96,stable,,,False,False,False,5.5823650420251925,0.0
L07_C007,L07,propagation_delay,168,stable,,,False,False,False,5.5823650420251925,0.0
L07_C008,L07,leakage_current,0,stable,,,False,False,False,9.82822385273087,0.0
L07_C008,L07,leakage_current,24,stable,,,False,False,False,9.82822385273087,0.0
L07_C008,L07,leakage_current,96,stable,,,False,False,False,9.82822385273087,0.0
L07_C008,L07,leakage_current,168,stable,,,False,False,False,9.82822385273087,0.0
L07_C008,L07,iddq,0,stable,,,False,False,False,0.5061559499106916,0.0
L07_C008,L07,iddq,24,stable,,,False,False,False,0.5061559499106916,0.0
L07_C008,L07,iddq,96,stable,,,False,False,False,0.5061559499106916,0.0
L07_C008,L07,iddq,168,stable,,,False,False,False,0.5061559499106916,0.0
L07_C008,L07,propagation_delay,0,stable,,,False,False,False,5.79337092218322,0.0
L07_C008,L07,propagation_delay,24,stable,,,False,False,False,5.79337092218322,0.0
L07_C008,L07,propagation_delay,96,stable,,,False,False,False,5.79337092218322,0.0
L07_C008,L07,propagation_delay,168,stable,,,False,False,False,5.79337092218322,0.0
L07_C009,L07,leakage_current,0,stable,,,False,False,False,7.561674348850009,0.0
L07_C009,L07,leakage_current,24,stable,,,False,False,False,7.561674348850009,0.0
L07_C009,L07,leakage_current,96,stable,,,False,False,False,7.561674348850009,0.0
L07_C009,L07,leakage_current,168,stable,,,False,False,False,7.561674348850009,0.0
L07_C009,L07,iddq,0,stable,,,False,False,False,0.5810390840829407,0.0
L07_C009,L07,iddq,24,stable,,,False,False,False,0.5810390840829407,0.0
L07_C009,L07,iddq,96,stable,,,False,False,False,0.5810390840829407,0.0
L07_C009,L07,iddq,168,stable,,,False,False,False,0.5810390840829407,0.0
L07_C009,L07,propagation_delay,0,stable,,,False,False,False,5.637028833202349,0.0
L07_C009,L07,propagation_delay,24,stable,,,False,False,False,5.637028833202349,0.0
L07_C009,L07,propagation_delay,96,stable,,,False,False,False,5.637028833202349,0.0
L07_C009,L07,propagation_delay,168,stable,,,False,False,False,5.637028833202349,0.0
L07_C010,L07,leakage_current,0,high_but_stable,,0.0,True,True,True,14.723623593807426,0.0
L07_C010,L07,leakage_current,24,high_but_stable,,0.0,True,True,True,14.723623593807426,0.0
L07_C010,L07,leakage_current,96,high_but_stable,,0.0,True,True,True,14.723623593807426,0.0
L07_C010,L07,leakage_current,168,high_but_stable,,0.0,True,True,True,14.723623593807426,0.0
L07_C010,L07,iddq,0,high_but_stable,,0.0,True,True,True,0.8479335730704555,0.0
L07_C010,L07,iddq,24,high_but_stable,,0.0,True,True,True,0.8479335730704555,0.0
L07_C010,L07,iddq,96,high_but_stable,,0.0,True,True,True,0.8479335730704555,0.0
L07_C010,L07,iddq,168,high_but_stable,,0.0,True,True,True,0.8479335730704555,0.0
L07_C010,L07,propagation_delay,0,high_but_stable,,0.0,True,True,True,6.009465441053249,0.0
L07_C010,L07,propagation_delay,24,high_but_stable,,0.0,True,True,True,6.009465441053249,0.0
L07_C010,L07,propagation_delay,96,high_but_stable,,0.0,True,True,True,6.009465441053249,0.0
L07_C010,L07,propagation_delay,168,high_but_stable,,0.0,True,True,True,6.009465441053249,0.0
L07_C011,L07,leakage_current,0,stable,,,False,False,False,9.27904780339649,0.0
L07_C011,L07,leakage_current,24,stable,,,False,False,False,9.27904780339649,0.0
L07_C011,L07,leakage_current,96,stable,,,False,False,False,9.27904780339649,0.0
L07_C011,L07,leakage_current,168,stable,,,False,False,False,9.27904780339649,0.0
L07_C011,L07,iddq,0,stable,,,False,False,False,0.6280063715162824,0.0
L07_C011,L07,iddq,24,stable,,,False,False,False,0.6280063715162824,0.0
L07_C011,L07,iddq,96,stable,,,False,False,False,0.6280063715162824,0.0
L07_C011,L07,iddq,168,stable,,,False,False,False,0.6280063715162824,0.0
L07_C011,L07,propagation_delay,0,stable,,,False,False,False,5.044360829420344,0.0
L07_C011,L07,propagation_delay,24,stable,,,False,False,False,5.044360829420344,0.0
L07_C011,L07,propagation_delay,96,stable,,,False,False,False,5.044360829420344,0.0
L07_C011,L07,propagation_delay,168,stable,,,False,False,False,5.044360829420344,0.0
L07_C012,L07,leakage_current,0,high_but_stable,,0.0,True,True,True,13.789413801094957,0.0
L07_C012,L07,leakage_current,24,high_but_stable,,0.0,True,True,True,13.789413801094957,0.0
L07_C012,L07,leakage_current,96,high_but_stable,,0.0,True,True,True,13.789413801094957,0.0
L07_C012,L07,leakage_current,168,high_but_stable,,0.0,True,True,True,13.789413801094957,0.0
L07_C012,L07,iddq,0,high_but_stable,,0.0,True,True,True,0.8229253087920416,0.0
L07_C012,L07,iddq,24,high_but_stable,,0.0,True,True,True,0.8229253087920416,0.0
L07_C012,L07,iddq,96,high_but_stable,,0.0,True,True,True,0.8229253087920416,0.0
L07_C012,L07,iddq,168,high_but_stable,,0.0,True,True,True,0.8229253087920416,0.0
L07_C012,L07,propagation_delay,0,high_but_stable,,0.0,True,True,True,6.067112504872634,0.0
L07_C012,L07,propagation_delay,24,high_but_stable,,0.0,True,True,True,6.067112504872634,0.0
L07_C012,L07,propagation_delay,96,high_but_stable,,0.0,True,True,True,6.067112504872634,0.0
L07_C012,L07,propagation_delay,168,high_but_stable,,0.0,True,True,True,6.067112504872634,0.0
L07_C013,L07,leakage_current,0,stable,,,False,False,False,7.070256930367631,0.0
L07_C013,L07,leakage_current,24,stable,,,False,False,False,7.070256930367631,0.0
L07_C013,L07,leakage_current,96,stable,,,False,False,False,7.070256930367631,0.0
L07_C013,L07,leakage_current,168,stable,,,False,False,False,7.070256930367631,0.0
L07_C013,L07,iddq,0,stable,,,False,False,False,0.49113159422101504,0.0
L07_C013,L07,iddq,24,stable,,,False,False,False,0.49113159422101504,0.0
L07_C013,L07,iddq,96,stable,,,False,False,False,0.49113159422101504,0.0
L07_C013,L07,iddq,168,stable,,,False,False,False,0.49113159422101504,0.0
L07_C013,L07,propagation_delay,0,stable,,,False,False,False,5.196740193247604,0.0
L07_C013,L07,propagation_delay,24,stable,,,False,False,False,5.196740193247604,0.0
L07_C013,L07,propagation_delay,96,stable,,,False,False,False,5.196740193247604,0.0
L07_C013,L07,propagation_delay,168,stable,,,False,False,False,5.196740193247604,0.0
L07_C014,L07,leakage_current,0,stable,,,False,False,False,6.815460758887011,0.0
L07_C014,L07,leakage_current,24,stable,,,False,False,False,6.815460758887011,0.0
L07_C014,L07,leakage_current,96,stable,,,False,False,False,6.815460758887011,0.0
L07_C014,L07,leakage_current,168,stable,,,False,False,False,6.815460758887011,0.0
L07_C014,L07,iddq,0,stable,,,False,False,False,0.5297064719503529,0.0
L07_C014,L07,iddq,24,stable,,,False,False,False,0.5297064719503529,0.0
L07_C014,L07,iddq,96,stable,,,False,False,False,0.5297064719503529,0.0
L07_C014,L07,iddq,168,stable,,,False,False,False,0.5297064719503529,0.0
L07_C014,L07,propagation_delay,0,stable,,,False,False,False,5.270745904719256,0.0
L07_C014,L07,propagation_delay,24,stable,,,False,False,False,5.270745904719256,0.0
L07_C014,L07,propagation_delay,96,stable,,,False,False,False,5.270745904719256,0.0
L07_C014,L07,propagation_delay,168,stable,,,False,False,False,5.270745904719256,0.0
L07_C015,L07,leakage_current,0,stable,,,False,False,False,11.60203062994054,0.0
L07_C015,L07,leakage_current,24,stable,,,False,False,False,11.60203062994054,0.0
L07_C015,L07,leakage_current,96,stable,,,False,False,False,11.60203062994054,0.0
L07_C015,L07,leakage_current,168,stable,,,False,False,False,11.60203062994054,0.0
L07_C015,L07,iddq,0,stable,,,False,False,False,0.6244795793054818,0.0
L07_C015,L07,iddq,24,stable,,,False,False,False,0.6244795793054818,0.0
L07_C015,L07,iddq,96,stable,,,False,False,False,0.6244795793054818,0.0
L07_C015,L07,iddq,168,stable,,,False,False,False,0.6244795793054818,0.0
L07_C015,L07,propagation_delay,0,stable,,,False,False,False,5.317249310404235,0.0
L07_C015,L07,propagation_delay,24,stable,,,False,False,False,5.317249310404235,0.0
L07_C015,L07,propagation_delay,96,stable,,,False,False,False,5.317249310404235,0.0
L07_C015,L07,propagation_delay,168,stable,,,False,False,False,5.317249310404235,0.0
L07_C016,L07,leakage_current,0,stable,,,False,False,False,7.473177623230984,0.0
L07_C016,L07,leakage_current,24,stable,,,False,False,False,7.473177623230984,0.0
L07_C016,L07,leakage_current,96,stable,,,False,False,False,7.473177623230984,0.0
L07_C016,L07,leakage_current,168,stable,,,False,False,False,7.473177623230984,0.0
L07_C016,L07,iddq,0,stable,,,False,False,False,0.6892683624426377,0.0
L07_C016,L07,iddq,24,stable,,,False,False,False,0.6892683624426377,0.0
L07_C016,L07,iddq,96,stable,,,False,False,False,0.6892683624426377,0.0
L07_C016,L07,iddq,168,stable,,,False,False,False,0.6892683624426377,0.0
L07_C016,L07,propagation_delay,0,stable,,,False,False,False,5.198380106529341,0.0
L07_C016,L07,propagation_delay,24,stable,,,False,False,False,5.198380106529341,0.0
L07_C016,L07,propagation_delay,96,stable,,,False,False,False,5.198380106529341,0.0
L07_C016,L07,propagation_delay,168,stable,,,False,False,False,5.198380106529341,0.0
L07_C017,L07,leakage_current,0,stable,,,False,False,False,7.792979033023285,0.0
L07_C017,L07,leakage_current,24,stable,,,False,False,False,7.792979033023285,0.0
L07_C017,L07,leakage_current,96,stable,,,False,False,False,7.792979033023285,0.0
L07_C017,L07,leakage_current,168,stable,,,False,False,False,7.792979033023285,0.0
L07_C017,L07,iddq,0,stable,,,False,False,False,0.5607859774157918,0.0
L07_C017,L07,iddq,24,stable,,,False,False,False,0.5607859774157918,0.0
L07_C017,L07,iddq,96,stable,,,False,False,False,0.5607859774157918,0.0
L07_C017,L07,iddq,168,stable,,,False,False,False,0.5607859774157918,0.0
L07_C017,L07,propagation_delay,0,stable,,,False,False,False,4.706088514953539,0.0
L07_C017,L07,propagation_delay,24,stable,,,False,False,False,4.706088514953539,0.0
L07_C017,L07,propagation_delay,96,stable,,,False,False,False,4.706088514953539,0.0
L07_C017,L07,propagation_delay,168,stable,,,False,False,False,4.706088514953539,0.0
L07_C018,L07,leakage_current,0,stable,,,False,False,False,7.46240808105229,0.0
L07_C018,L07,leakage_current,24,stable,,,False,False,False,7.46240808105229,0.0
L07_C018,L07,leakage_current,96,stable,,,False,False,False,7.46240808105229,0.0
L07_C018,L07,leakage_current,168,stable,,,False,False,False,7.46240808105229,0.0
L07_C018,L07,iddq,0,stable,,,False,False,False,0.6580058986790961,0.0
L07_C018,L07,iddq,24,stable,,,False,False,False,0.6580058986790961,0.0
L07_C018,L07,iddq,96,stable,,,False,False,False,0.6580058986790961,0.0
L07_C018,L07,iddq,168,stable,,,False,False,False,0.6580058986790961,0.0
L07_C018,L07,propagation_delay,0,stable,,,False,False,False,4.997830471993048,0.0
L07_C018,L07,propagation_delay,24,stable,,,False,False,False,4.997830471993048,0.0
L07_C018,L07,propagation_delay,96,stable,,,False,False,False,4.997830471993048,0.0
L07_C018,L07,propagation_delay,168,stable,,,False,False,False,4.997830471993048,0.0
L07_C019,L07,leakage_current,0,stable,,,False,False,False,8.450088599343736,0.0
L07_C019,L07,leakage_current,24,stable,,,False,False,False,8.450088599343736,0.0
L07_C019,L07,leakage_current,96,stable,,,False,False,False,8.450088599343736,0.0
L07_C019,L07,leakage_current,168,stable,,,False,False,False,8.450088599343736,0.0
L07_C019,L07,iddq,0,stable,,,False,False,False,0.578695919141937,0.0
L07_C019,L07,iddq,24,stable,,,False,False,False,0.578695919141937,0.0
L07_C019,L07,iddq,96,stable,,,False,False,False,0.578695919141937,0.0
L07_C019,L07,iddq,168,stable,,,False,False,False,0.578695919141937,0.0
L07_C019,L07,propagation_delay,0,stable,,,False,False,False,5.3106260485850845,0.0
L07_C019,L07,propagation_delay,24,stable,,,False,False,False,5.3106260485850845,0.0
L07_C019,L07,propagation_delay,96,stable,,,False,False,False,5.3106260485850845,0.0
L07_C019,L07,propagation_delay,168,stable,,,False,False,False,5.3106260485850845,0.0
L07_C020,L07,leakage_current,0,stable,,,False,False,False,10.470822062805361,0.0
L07_C020,L07,leakage_current,24,stable,,,False,False,False,10.470822062805361,0.0
L07_C020,L07,leakage_current,96,stable,,,False,False,False,10.470822062805361,0.0
L07_C020,L07,leakage_current,168,stable,,,False,False,False,10.470822062805361,0.0
L07_C020,L07,iddq,0,stable,,,False,False,False,0.9005447290064045,0.0
L07_C020,L07,iddq,24,stable,,,False,False,False,0.9005447290064045,0.0
L07_C020,L07,iddq,96,stable,,,False,False,False,0.9005447290064045,0.0
L07_C020,L07,iddq,168,stable,,,False,False,False,0.9005447290064045,0.0
L07_C020,L07,propagation_delay,0,stable,,,False,False,False,4.642817197891777,0.0
L07_C020,L07,propagation_delay,24,stable,,,False,False,False,4.642817197891777,0.0
L07_C020,L07,propagation_delay,96,stable,,,False,False,False,4.642817197891777,0.0
L07_C020,L07,propagation_delay,168,stable,,,False,False,False,4.642817197891777,0.0
L07_C021,L07,leakage_current,0,stable,,,False,False,False,7.455237625657791,0.0
L07_C021,L07,leakage_current,24,stable,,,False,False,False,7.455237625657791,0.0
L07_C021,L07,leakage_current,96,stable,,,False,False,False,7.455237625657791,0.0
L07_C021,L07,leakage_current,168,stable,,,False,False,False,7.455237625657791,0.0
L07_C021,L07,iddq,0,stable,,,False,False,False,0.7377103321999543,0.0
L07_C021,L07,iddq,24,stable,,,False,False,False,0.7377103321999543,0.0
L07_C021,L07,iddq,96,stable,,,False,False,False,0.7377103321999543,0.0
L07_C021,L07,iddq,168,stable,,,False,False,False,0.7377103321999543,0.0
L07_C021,L07,propagation_delay,0,stable,,,False,False,False,5.229211604825742,0.0
L07_C021,L07,propagation_delay,24,stable,,,False,False,False,5.229211604825742,0.0
L07_C021,L07,propagation_delay,96,stable,,,False,False,False,5.229211604825742,0.0
L07_C021,L07,propagation_delay,168,stable,,,False,False,False,5.229211604825742,0.0
L07_C022,L07,leakage_current,0,linear_drift,24.0,168.0,False,False,True,6.921375886199581,0.0
L07_C022,L07,leakage_current,24,linear_drift,24.0,168.0,False,False,True,7.549155058814204,0.09070149966372179
L07_C022,L07,leakage_current,96,linear_drift,24.0,168.0,False,False,True,9.795262446657201,0.41521896913413076
L07_C022,L07,leakage_current,168,linear_drift,24.0,168.0,False,False,True,12.709656332580865,0.8362904343806038
L07_C022,L07,iddq,0,linear_drift,24.0,96.0,False,True,True,0.592280710188497,0.0
L07_C022,L07,iddq,24,linear_drift,24.0,96.0,False,True,True,0.6434510453844977,0.08639541068240326
L07_C022,L07,iddq,96,linear_drift,24.0,96.0,False,True,True,0.8250481176257222,0.39300183752927803
L07_C022,L07,iddq,168,linear_drift,24.0,96.0,False,True,True,1.0578961698492366,0.7861398347965014
L07_C022,L07,propagation_delay,0,linear_drift,24.0,168.0,False,False,True,5.030641900767376,0.0
L07_C022,L07,propagation_delay,24,linear_drift,24.0,168.0,False,False,True,5.15561098000418,0.02484157721855357
L07_C022,L07,propagation_delay,96,linear_drift,24.0,168.0,False,False,True,5.530518217714592,0.09936630887421428
L07_C022,L07,propagation_delay,168,linear_drift,24.0,168.0,False,False,True,5.905425455425004,0.173891040529875
L07_C023,L07,leakage_current,0,abrupt_failure,24.0,24.0,True,True,True,9.722022129882028,0.0
L07_C023,L07,leakage_current,24,abrupt_failure,24.0,24.0,True,True,True,188.69463123291087,18.40899009609646
L07_C023,L07,leakage_current,96,abrupt_failure,24.0,24.0,True,True,True,188.69463123291087,18.40899009609646
L07_C023,L07,leakage_current,168,abrupt_failure,24.0,24.0,True,True,True,188.69463123291087,18.40899009609646
L07_C023,L07,iddq,0,abrupt_failure,24.0,24.0,True,True,True,0.5929439007153807,0.0
L07_C023,L07,iddq,24,abrupt_failure,24.0,24.0,True,True,True,5.81153262864005,8.801150870476103
L07_C023,L07,iddq,96,abrupt_failure,24.0,24.0,True,True,True,5.81153262864005,8.801150870476103
L07_C023,L07,iddq,168,abrupt_failure,24.0,24.0,True,True,True,5.81153262864005,8.801150870476103
L07_C023,L07,propagation_delay,0,abrupt_failure,168.0,168.0,False,False,True,5.154282073359815,0.0
L07_C023,L07,propagation_delay,24,abrupt_failure,168.0,168.0,False,False,True,5.154282073359815,0.0
L07_C023,L07,propagation_delay,96,abrupt_failure,168.0,168.0,False,False,True,5.154282073359815,0.0
L07_C023,L07,propagation_delay,168,abrupt_failure,168.0,168.0,False,False,True,13.53046824101629,1.6250926993206762
L07_C024,L07,leakage_current,0,stable,,,False,False,False,10.187560545414136,0.0
L07_C024,L07,leakage_current,24,stable,,,False,False,False,10.187560545414136,0.0
L07_C024,L07,leakage_current,96,stable,,,False,False,False,10.187560545414136,0.0
L07_C024,L07,leakage_current,168,stable,,,False,False,False,10.187560545414136,0.0
L07_C024,L07,iddq,0,stable,,,False,False,False,0.5041422564880127,0.0
L07_C024,L07,iddq,24,stable,,,False,False,False,0.5041422564880127,0.0
L07_C024,L07,iddq,96,stable,,,False,False,False,0.5041422564880127,0.0
L07_C024,L07,iddq,168,stable,,,False,False,False,0.5041422564880127,0.0
L07_C024,L07,propagation_delay,0,stable,,,False,False,False,5.244894159317075,0.0
L07_C024,L07,propagation_delay,24,stable,,,False,False,False,5.244894159317075,0.0
L07_C024,L07,propagation_delay,96,stable,,,False,False,False,5.244894159317075,0.0
L07_C024,L07,propagation_delay,168,stable,,,False,False,False,5.244894159317075,0.0
L07_C025,L07,leakage_current,0,stable,,,False,False,False,6.840902776719462,0.0
L07_C025,L07,leakage_current,24,stable,,,False,False,False,6.840902776719462,0.0
L07_C025,L07,leakage_current,96,stable,,,False,False,False,6.840902776719462,0.0
L07_C025,L07,leakage_current,168,stable,,,False,False,False,6.840902776719462,0.0
L07_C025,L07,iddq,0,stable,,,False,False,False,0.4722644330947051,0.0
L07_C025,L07,iddq,24,stable,,,False,False,False,0.4722644330947051,0.0
L07_C025,L07,iddq,96,stable,,,False,False,False,0.4722644330947051,0.0
L07_C025,L07,iddq,168,stable,,,False,False,False,0.4722644330947051,0.0
L07_C025,L07,propagation_delay,0,stable,,,False,False,False,5.01540591383523,0.0
L07_C025,L07,propagation_delay,24,stable,,,False,False,False,5.01540591383523,0.0
L07_C025,L07,propagation_delay,96,stable,,,False,False,False,5.01540591383523,0.0
L07_C025,L07,propagation_delay,168,stable,,,False,False,False,5.01540591383523,0.0
L07_C026,L07,leakage_current,0,stable,,,False,False,False,8.231590462889066,0.0
L07_C026,L07,leakage_current,24,stable,,,False,False,False,8.231590462889066,0.0
L07_C026,L07,leakage_current,96,stable,,,False,False,False,8.231590462889066,0.0
L07_C026,L07,leakage_current,168,stable,,,False,False,False,8.231590462889066,0.0
L07_C026,L07,iddq,0,stable,,,False,False,False,0.46912573127628565,0.0
L07_C026,L07,iddq,24,stable,,,False,False,False,0.46912573127628565,0.0
L07_C026,L07,iddq,96,stable,,,False,False,False,0.46912573127628565,0.0
L07_C026,L07,iddq,168,stable,,,False,False,False,0.46912573127628565,0.0
L07_C026,L07,propagation_delay,0,stable,,,False,False,False,5.493176317899492,0.0
L07_C026,L07,propagation_delay,24,stable,,,False,False,False,5.493176317899492,0.0
L07_C026,L07,propagation_delay,96,stable,,,False,False,False,5.493176317899492,0.0
L07_C026,L07,propagation_delay,168,stable,,,False,False,False,5.493176317899492,0.0
L07_C027,L07,leakage_current,0,stable,,,False,False,False,8.644252542969276,0.0
L07_C027,L07,leakage_current,24,stable,,,False,False,False,8.644252542969276,0.0
L07_C027,L07,leakage_current,96,stable,,,False,False,False,8.644252542969276,0.0
L07_C027,L07,leakage_current,168,stable,,,False,False,False,8.644252542969276,0.0
L07_C027,L07,iddq,0,stable,,,False,False,False,0.5331336933786548,0.0
L07_C027,L07,iddq,24,stable,,,False,False,False,0.5331336933786548,0.0
L07_C027,L07,iddq,96,stable,,,False,False,False,0.5331336933786548,0.0
L07_C027,L07,iddq,168,stable,,,False,False,False,0.5331336933786548,0.0
L07_C027,L07,propagation_delay,0,stable,,,False,False,False,4.922819742896431,0.0
L07_C027,L07,propagation_delay,24,stable,,,False,False,False,4.922819742896431,0.0
L07_C027,L07,propagation_delay,96,stable,,,False,False,False,4.922819742896431,0.0
L07_C027,L07,propagation_delay,168,stable,,,False,False,False,4.922819742896431,0.0
L07_C028,L07,leakage_current,0,stable,,,False,False,False,9.160941419240196,0.0
L07_C028,L07,leakage_current,24,stable,,,False,False,False,9.160941419240196,0.0
L07_C028,L07,leakage_current,96,stable,,,False,False,False,9.160941419240196,0.0
L07_C028,L07,leakage_current,168,stable,,,False,False,False,9.160941419240196,0.0
L07_C028,L07,iddq,0,stable,,,False,False,False,0.48489371112674856,0.0
L07_C028,L07,iddq,24,stable,,,False,False,False,0.48489371112674856,0.0
L07_C028,L07,iddq,96,stable,,,False,False,False,0.48489371112674856,0.0
L07_C028,L07,iddq,168,stable,,,False,False,False,0.48489371112674856,0.0
L07_C028,L07,propagation_delay,0,stable,,,False,False,False,5.44092669091284,0.0
L07_C028,L07,propagation_delay,24,stable,,,False,False,False,5.44092669091284,0.0
L07_C028,L07,propagation_delay,96,stable,,,False,False,False,5.44092669091284,0.0
L07_C028,L07,propagation_delay,168,stable,,,False,False,False,5.44092669091284,0.0
L07_C029,L07,leakage_current,0,stable,,,False,False,False,8.666869188954909,0.0
L07_C029,L07,leakage_current,24,stable,,,False,False,False,8.666869188954909,0.0
L07_C029,L07,leakage_current,96,stable,,,False,False,False,8.666869188954909,0.0
L07_C029,L07,leakage_current,168,stable,,,False,False,False,8.666869188954909,0.0
L07_C029,L07,iddq,0,stable,,,False,False,False,0.44676846672013504,0.0
L07_C029,L07,iddq,24,stable,,,False,False,False,0.44676846672013504,0.0
L07_C029,L07,iddq,96,stable,,,False,False,False,0.44676846672013504,0.0
L07_C029,L07,iddq,168,stable,,,False,False,False,0.44676846672013504,0.0
L07_C029,L07,propagation_delay,0,stable,,,False,False,False,5.688133242996243,0.0
L07_C029,L07,propagation_delay,24,stable,,,False,False,False,5.688133242996243,0.0
L07_C029,L07,propagation_delay,96,stable,,,False,False,False,5.688133242996243,0.0
L07_C029,L07,propagation_delay,168,stable,,,False,False,False,5.688133242996243,0.0
L07_C030,L07,leakage_current,0,stable,,,False,False,False,7.137676948713712,0.0
L07_C030,L07,leakage_current,24,stable,,,False,False,False,7.137676948713712,0.0
L07_C030,L07,leakage_current,96,stable,,,False,False,False,7.137676948713712,0.0
L07_C030,L07,leakage_current,168,stable,,,False,False,False,7.137676948713712,0.0
L07_C030,L07,iddq,0,stable,,,False,False,False,0.4711297620653252,0.0
L07_C030,L07,iddq,24,stable,,,False,False,False,0.4711297620653252,0.0
L07_C030,L07,iddq,96,stable,,,False,False,False,0.4711297620653252,0.0
L07_C030,L07,iddq,168,stable,,,False,False,False,0.4711297620653252,0.0
L07_C030,L07,propagation_delay,0,stable,,,False,False,False,5.506288062164681,0.0
L07_C030,L07,propagation_delay,24,stable,,,False,False,False,5.506288062164681,0.0
L07_C030,L07,propagation_delay,96,stable,,,False,False,False,5.506288062164681,0.0
L07_C030,L07,propagation_delay,168,stable,,,False,False,False,5.506288062164681,0.0
L08_C001,L08,leakage_current,0,stable,,,False,False,False,8.421869529186905,0.0
L08_C001,L08,leakage_current,24,stable,,,False,False,False,8.421869529186905,0.0
L08_C001,L08,leakage_current,96,stable,,,False,False,False,8.421869529186905,0.0
L08_C001,L08,leakage_current,168,stable,,,False,False,False,8.421869529186905,0.0
L08_C001,L08,iddq,0,stable,,,False,False,False,0.39882156872464863,0.0
L08_C001,L08,iddq,24,stable,,,False,False,False,0.39882156872464863,0.0
L08_C001,L08,iddq,96,stable,,,False,False,False,0.39882156872464863,0.0
L08_C001,L08,iddq,168,stable,,,False,False,False,0.39882156872464863,0.0
L08_C001,L08,propagation_delay,0,stable,,,False,False,False,4.499616681685026,0.0
L08_C001,L08,propagation_delay,24,stable,,,False,False,False,4.499616681685026,0.0
L08_C001,L08,propagation_delay,96,stable,,,False,False,False,4.499616681685026,0.0
L08_C001,L08,propagation_delay,168,stable,,,False,False,False,4.499616681685026,0.0
L08_C002,L08,leakage_current,0,stable,,,False,False,False,6.849625402295994,0.0
L08_C002,L08,leakage_current,24,stable,,,False,False,False,6.849625402295994,0.0
L08_C002,L08,leakage_current,96,stable,,,False,False,False,6.849625402295994,0.0
L08_C002,L08,leakage_current,168,stable,,,False,False,False,6.849625402295994,0.0
L08_C002,L08,iddq,0,stable,,,False,False,False,0.42827248223465075,0.0
L08_C002,L08,iddq,24,stable,,,False,False,False,0.42827248223465075,0.0
L08_C002,L08,iddq,96,stable,,,False,False,False,0.42827248223465075,0.0
L08_C002,L08,iddq,168,stable,,,False,False,False,0.42827248223465075,0.0
L08_C002,L08,propagation_delay,0,stable,,,False,False,False,5.307829405647432,0.0
L08_C002,L08,propagation_delay,24,stable,,,False,False,False,5.307829405647432,0.0
L08_C002,L08,propagation_delay,96,stable,,,False,False,False,5.307829405647432,0.0
L08_C002,L08,propagation_delay,168,stable,,,False,False,False,5.307829405647432,0.0
L08_C003,L08,leakage_current,0,stable,,,False,False,False,12.767099937199665,0.0
L08_C003,L08,leakage_current,24,stable,,,False,False,False,12.767099937199665,0.0
L08_C003,L08,leakage_current,96,stable,,,False,False,False,12.767099937199665,0.0
L08_C003,L08,leakage_current,168,stable,,,False,False,False,12.767099937199665,0.0
L08_C003,L08,iddq,0,stable,,,False,False,False,0.5720062534759367,0.0
L08_C003,L08,iddq,24,stable,,,False,False,False,0.5720062534759367,0.0
L08_C003,L08,iddq,96,stable,,,False,False,False,0.5720062534759367,0.0
L08_C003,L08,iddq,168,stable,,,False,False,False,0.5720062534759367,0.0
L08_C003,L08,propagation_delay,0,stable,,,False,False,False,4.713516721819865,0.0
L08_C003,L08,propagation_delay,24,stable,,,False,False,False,4.713516721819865,0.0
L08_C003,L08,propagation_delay,96,stable,,,False,False,False,4.713516721819865,0.0
L08_C003,L08,propagation_delay,168,stable,,,False,False,False,4.713516721819865,0.0
L08_C004,L08,leakage_current,0,stable,,,False,False,False,7.364081661562811,0.0
L08_C004,L08,leakage_current,24,stable,,,False,False,False,7.364081661562811,0.0
L08_C004,L08,leakage_current,96,stable,,,False,False,False,7.364081661562811,0.0
L08_C004,L08,leakage_current,168,stable,,,False,False,False,7.364081661562811,0.0
L08_C004,L08,iddq,0,stable,,,False,False,False,0.4056311514091352,0.0
L08_C004,L08,iddq,24,stable,,,False,False,False,0.4056311514091352,0.0
L08_C004,L08,iddq,96,stable,,,False,False,False,0.4056311514091352,0.0
L08_C004,L08,iddq,168,stable,,,False,False,False,0.4056311514091352,0.0
L08_C004,L08,propagation_delay,0,stable,,,False,False,False,4.477814215242105,0.0
L08_C004,L08,propagation_delay,24,stable,,,False,False,False,4.477814215242105,0.0
L08_C004,L08,propagation_delay,96,stable,,,False,False,False,4.477814215242105,0.0
L08_C004,L08,propagation_delay,168,stable,,,False,False,False,4.477814215242105,0.0
L08_C005,L08,leakage_current,0,stable,,,False,False,False,10.195971488809066,0.0
L08_C005,L08,leakage_current,24,stable,,,False,False,False,10.195971488809066,0.0
L08_C005,L08,leakage_current,96,stable,,,False,False,False,10.195971488809066,0.0
L08_C005,L08,leakage_current,168,stable,,,False,False,False,10.195971488809066,0.0
L08_C005,L08,iddq,0,stable,,,False,False,False,0.44322146518087235,0.0
L08_C005,L08,iddq,24,stable,,,False,False,False,0.44322146518087235,0.0
L08_C005,L08,iddq,96,stable,,,False,False,False,0.44322146518087235,0.0
L08_C005,L08,iddq,168,stable,,,False,False,False,0.44322146518087235,0.0
L08_C005,L08,propagation_delay,0,stable,,,False,False,False,4.786879960869227,0.0
L08_C005,L08,propagation_delay,24,stable,,,False,False,False,4.786879960869227,0.0
L08_C005,L08,propagation_delay,96,stable,,,False,False,False,4.786879960869227,0.0
L08_C005,L08,propagation_delay,168,stable,,,False,False,False,4.786879960869227,0.0
L08_C006,L08,leakage_current,0,stable,,,False,False,False,9.89059769517806,0.0
L08_C006,L08,leakage_current,24,stable,,,False,False,False,9.89059769517806,0.0
L08_C006,L08,leakage_current,96,stable,,,False,False,False,9.89059769517806,0.0
L08_C006,L08,leakage_current,168,stable,,,False,False,False,9.89059769517806,0.0
L08_C006,L08,iddq,0,stable,,,False,False,False,0.4700228887454579,0.0
L08_C006,L08,iddq,24,stable,,,False,False,False,0.4700228887454579,0.0
L08_C006,L08,iddq,96,stable,,,False,False,False,0.4700228887454579,0.0
L08_C006,L08,iddq,168,stable,,,False,False,False,0.4700228887454579,0.0
L08_C006,L08,propagation_delay,0,stable,,,False,False,False,4.918402472375141,0.0
L08_C006,L08,propagation_delay,24,stable,,,False,False,False,4.918402472375141,0.0
L08_C006,L08,propagation_delay,96,stable,,,False,False,False,4.918402472375141,0.0
L08_C006,L08,propagation_delay,168,stable,,,False,False,False,4.918402472375141,0.0
L08_C007,L08,leakage_current,0,high_but_stable,,0.0,True,True,True,16.33275633115081,0.0
L08_C007,L08,leakage_current,24,high_but_stable,,0.0,True,True,True,16.33275633115081,0.0
L08_C007,L08,leakage_current,96,high_but_stable,,0.0,True,True,True,16.33275633115081,0.0
L08_C007,L08,leakage_current,168,high_but_stable,,0.0,True,True,True,16.33275633115081,0.0
L08_C007,L08,iddq,0,high_but_stable,,0.0,True,True,True,0.7127342800730637,0.0
L08_C007,L08,iddq,24,high_but_stable,,0.0,True,True,True,0.7127342800730637,0.0
L08_C007,L08,iddq,96,high_but_stable,,0.0,True,True,True,0.7127342800730637,0.0
L08_C007,L08,iddq,168,high_but_stable,,0.0,True,True,True,0.7127342800730637,0.0
L08_C007,L08,propagation_delay,0,high_but_stable,,0.0,True,True,True,5.837420938930518,0.0
L08_C007,L08,propagation_delay,24,high_but_stable,,0.0,True,True,True,5.837420938930518,0.0
L08_C007,L08,propagation_delay,96,high_but_stable,,0.0,True,True,True,5.837420938930518,0.0
L08_C007,L08,propagation_delay,168,high_but_stable,,0.0,True,True,True,5.837420938930518,0.0
L08_C008,L08,leakage_current,0,stable,,,False,False,False,9.59753338632773,0.0
L08_C008,L08,leakage_current,24,stable,,,False,False,False,9.59753338632773,0.0
L08_C008,L08,leakage_current,96,stable,,,False,False,False,9.59753338632773,0.0
L08_C008,L08,leakage_current,168,stable,,,False,False,False,9.59753338632773,0.0
L08_C008,L08,iddq,0,stable,,,False,False,False,0.4872188354282371,0.0
L08_C008,L08,iddq,24,stable,,,False,False,False,0.4872188354282371,0.0
L08_C008,L08,iddq,96,stable,,,False,False,False,0.4872188354282371,0.0
L08_C008,L08,iddq,168,stable,,,False,False,False,0.4872188354282371,0.0
L08_C008,L08,propagation_delay,0,stable,,,False,False,False,4.522241373512227,0.0
L08_C008,L08,propagation_delay,24,stable,,,False,False,False,4.522241373512227,0.0
L08_C008,L08,propagation_delay,96,stable,,,False,False,False,4.522241373512227,0.0
L08_C008,L08,propagation_delay,168,stable,,,False,False,False,4.522241373512227,0.0
L08_C009,L08,leakage_current,0,stable,,,False,False,False,8.962185649848402,0.0
L08_C009,L08,leakage_current,24,stable,,,False,False,False,8.962185649848402,0.0
L08_C009,L08,leakage_current,96,stable,,,False,False,False,8.962185649848402,0.0
L08_C009,L08,leakage_current,168,stable,,,False,False,False,8.962185649848402,0.0
L08_C009,L08,iddq,0,stable,,,False,False,False,0.3790428957254921,0.0
L08_C009,L08,iddq,24,stable,,,False,False,False,0.3790428957254921,0.0
L08_C009,L08,iddq,96,stable,,,False,False,False,0.3790428957254921,0.0
L08_C009,L08,iddq,168,stable,,,False,False,False,0.3790428957254921,0.0
L08_C009,L08,propagation_delay,0,stable,,,False,False,False,5.3161786137768905,0.0
L08_C009,L08,propagation_delay,24,stable,,,False,False,False,5.3161786137768905,0.0
L08_C009,L08,propagation_delay,96,stable,,,False,False,False,5.3161786137768905,0.0
L08_C009,L08,propagation_delay,168,stable,,,False,False,False,5.3161786137768905,0.0
L08_C010,L08,leakage_current,0,abrupt_failure,168.0,168.0,False,False,True,13.28805290981147,0.0
L08_C010,L08,leakage_current,24,abrupt_failure,168.0,168.0,False,False,True,13.28805290981147,0.0
L08_C010,L08,leakage_current,96,abrupt_failure,168.0,168.0,False,False,True,13.28805290981147,0.0
L08_C010,L08,leakage_current,168,abrupt_failure,168.0,168.0,False,False,True,150.61855158805557,10.334884998602293
L08_C010,L08,iddq,0,abrupt_failure,168.0,168.0,False,False,True,0.37913767459876224,0.0
L08_C010,L08,iddq,24,abrupt_failure,168.0,168.0,False,False,True,0.37913767459876224,0.0
L08_C010,L08,iddq,96,abrupt_failure,168.0,168.0,False,False,True,0.37913767459876224,0.0
L08_C010,L08,iddq,168,abrupt_failure,168.0,168.0,False,False,True,5.523590445079431,13.568825034138309
L08_C010,L08,propagation_delay,0,abrupt_failure,24.0,24.0,True,True,True,4.946015959976453,0.0
L08_C010,L08,propagation_delay,24,abrupt_failure,24.0,24.0,True,True,True,10.475838052518561,1.1180356345975953
L08_C010,L08,propagation_delay,96,abrupt_failure,24.0,24.0,True,True,True,10.475838052518561,1.1180356345975953
L08_C010,L08,propagation_delay,168,abrupt_failure,24.0,24.0,True,True,True,10.475838052518561,1.1180356345975953
L08_C011,L08,leakage_current,0,stable,,,False,False,False,7.897599256688563,0.0
L08_C011,L08,leakage_current,24,stable,,,False,False,False,7.897599256688563,0.0
L08_C011,L08,leakage_current,96,stable,,,False,False,False,7.897599256688563,0.0
L08_C011,L08,leakage_current,168,stable,,,False,False,False,7.897599256688563,0.0
L08_C011,L08,iddq,0,stable,,,False,False,False,0.5285353013789098,0.0
L08_C011,L08,iddq,24,stable,,,False,False,False,0.5285353013789098,0.0
L08_C011,L08,iddq,96,stable,,,False,False,False,0.5285353013789098,0.0
L08_C011,L08,iddq,168,stable,,,False,False,False,0.5285353013789098,0.0
L08_C011,L08,propagation_delay,0,stable,,,False,False,False,5.159563925402733,0.0
L08_C011,L08,propagation_delay,24,stable,,,False,False,False,5.159563925402733,0.0
L08_C011,L08,propagation_delay,96,stable,,,False,False,False,5.159563925402733,0.0
L08_C011,L08,propagation_delay,168,stable,,,False,False,False,5.159563925402733,0.0
L08_C012,L08,leakage_current,0,stable,,,False,False,False,8.07947812750729,0.0
L08_C012,L08,leakage_current,24,stable,,,False,False,False,8.07947812750729,0.0
L08_C012,L08,leakage_current,96,stable,,,False,False,False,8.07947812750729,0.0
L08_C012,L08,leakage_current,168,stable,,,False,False,False,8.07947812750729,0.0
L08_C012,L08,iddq,0,stable,,,False,False,False,0.43499237174905825,0.0
L08_C012,L08,iddq,24,stable,,,False,False,False,0.43499237174905825,0.0
L08_C012,L08,iddq,96,stable,,,False,False,False,0.43499237174905825,0.0
L08_C012,L08,iddq,168,stable,,,False,False,False,0.43499237174905825,0.0
L08_C012,L08,propagation_delay,0,stable,,,False,False,False,4.994366018911894,0.0
L08_C012,L08,propagation_delay,24,stable,,,False,False,False,4.994366018911894,0.0
L08_C012,L08,propagation_delay,96,stable,,,False,False,False,4.994366018911894,0.0
L08_C012,L08,propagation_delay,168,stable,,,False,False,False,4.994366018911894,0.0
L08_C013,L08,leakage_current,0,stable,,,False,False,False,11.041799045641987,0.0
L08_C013,L08,leakage_current,24,stable,,,False,False,False,11.041799045641987,0.0
L08_C013,L08,leakage_current,96,stable,,,False,False,False,11.041799045641987,0.0
L08_C013,L08,leakage_current,168,stable,,,False,False,False,11.041799045641987,0.0
L08_C013,L08,iddq,0,stable,,,False,False,False,0.4318562395916267,0.0
L08_C013,L08,iddq,24,stable,,,False,False,False,0.4318562395916267,0.0
L08_C013,L08,iddq,96,stable,,,False,False,False,0.4318562395916267,0.0
L08_C013,L08,iddq,168,stable,,,False,False,False,0.4318562395916267,0.0
L08_C013,L08,propagation_delay,0,stable,,,False,False,False,5.171046917372841,0.0
L08_C013,L08,propagation_delay,24,stable,,,False,False,False,5.171046917372841,0.0
L08_C013,L08,propagation_delay,96,stable,,,False,False,False,5.171046917372841,0.0
L08_C013,L08,propagation_delay,168,stable,,,False,False,False,5.171046917372841,0.0
L08_C014,L08,leakage_current,0,stable,,,False,False,False,6.157505283198163,0.0
L08_C014,L08,leakage_current,24,stable,,,False,False,False,6.157505283198163,0.0
L08_C014,L08,leakage_current,96,stable,,,False,False,False,6.157505283198163,0.0
L08_C014,L08,leakage_current,168,stable,,,False,False,False,6.157505283198163,0.0
L08_C014,L08,iddq,0,stable,,,False,False,False,0.4088220740689988,0.0
L08_C014,L08,iddq,24,stable,,,False,False,False,0.4088220740689988,0.0
L08_C014,L08,iddq,96,stable,,,False,False,False,0.4088220740689988,0.0
L08_C014,L08,iddq,168,stable,,,False,False,False,0.4088220740689988,0.0
L08_C014,L08,propagation_delay,0,stable,,,False,False,False,4.469163684770216,0.0
L08_C014,L08,propagation_delay,24,stable,,,False,False,False,4.469163684770216,0.0
L08_C014,L08,propagation_delay,96,stable,,,False,False,False,4.469163684770216,0.0
L08_C014,L08,propagation_delay,168,stable,,,False,False,False,4.469163684770216,0.0
L08_C015,L08,leakage_current,0,stable,,,False,False,False,11.522771948036743,0.0
L08_C015,L08,leakage_current,24,stable,,,False,False,False,11.522771948036743,0.0
L08_C015,L08,leakage_current,96,stable,,,False,False,False,11.522771948036743,0.0
L08_C015,L08,leakage_current,168,stable,,,False,False,False,11.522771948036743,0.0
L08_C015,L08,iddq,0,stable,,,False,False,False,0.49849182868308495,0.0
L08_C015,L08,iddq,24,stable,,,False,False,False,0.49849182868308495,0.0
L08_C015,L08,iddq,96,stable,,,False,False,False,0.49849182868308495,0.0
L08_C015,L08,iddq,168,stable,,,False,False,False,0.49849182868308495,0.0
L08_C015,L08,propagation_delay,0,stable,,,False,False,False,4.889299092569501,0.0
L08_C015,L08,propagation_delay,24,stable,,,False,False,False,4.889299092569501,0.0
L08_C015,L08,propagation_delay,96,stable,,,False,False,False,4.889299092569501,0.0
L08_C015,L08,propagation_delay,168,stable,,,False,False,False,4.889299092569501,0.0
L08_C016,L08,leakage_current,0,stable,,,False,False,False,12.727291129464628,0.0
L08_C016,L08,leakage_current,24,stable,,,False,False,False,12.727291129464628,0.0
L08_C016,L08,leakage_current,96,stable,,,False,False,False,12.727291129464628,0.0
L08_C016,L08,leakage_current,168,stable,,,False,False,False,12.727291129464628,0.0
L08_C016,L08,iddq,0,stable,,,False,False,False,0.39213061700311214,0.0
L08_C016,L08,iddq,24,stable,,,False,False,False,0.39213061700311214,0.0
L08_C016,L08,iddq,96,stable,,,False,False,False,0.39213061700311214,0.0
L08_C016,L08,iddq,168,stable,,,False,False,False,0.39213061700311214,0.0
L08_C016,L08,propagation_delay,0,stable,,,False,False,False,4.560156882141282,0.0
L08_C016,L08,propagation_delay,24,stable,,,False,False,False,4.560156882141282,0.0
L08_C016,L08,propagation_delay,96,stable,,,False,False,False,4.560156882141282,0.0
L08_C016,L08,propagation_delay,168,stable,,,False,False,False,4.560156882141282,0.0
L08_C017,L08,leakage_current,0,stable,,,False,False,False,9.272422674858676,0.0
L08_C017,L08,leakage_current,24,stable,,,False,False,False,9.272422674858676,0.0
L08_C017,L08,leakage_current,96,stable,,,False,False,False,9.272422674858676,0.0
L08_C017,L08,leakage_current,168,stable,,,False,False,False,9.272422674858676,0.0
L08_C017,L08,iddq,0,stable,,,False,False,False,0.4096588774306608,0.0
L08_C017,L08,iddq,24,stable,,,False,False,False,0.4096588774306608,0.0
L08_C017,L08,iddq,96,stable,,,False,False,False,0.4096588774306608,0.0
L08_C017,L08,iddq,168,stable,,,False,False,False,0.4096588774306608,0.0
L08_C017,L08,propagation_delay,0,stable,,,False,False,False,5.091091740325564,0.0
L08_C017,L08,propagation_delay,24,stable,,,False,False,False,5.091091740325564,0.0
L08_C017,L08,propagation_delay,96,stable,,,False,False,False,5.091091740325564,0.0
L08_C017,L08,propagation_delay,168,stable,,,False,False,False,5.091091740325564,0.0
L08_C018,L08,leakage_current,0,stable,,,False,False,False,9.214416841649365,0.0
L08_C018,L08,leakage_current,24,stable,,,False,False,False,9.214416841649365,0.0
L08_C018,L08,leakage_current,96,stable,,,False,False,False,9.214416841649365,0.0
L08_C018,L08,leakage_current,168,stable,,,False,False,False,9.214416841649365,0.0
L08_C018,L08,iddq,0,stable,,,False,False,False,0.4372828892924984,0.0
L08_C018,L08,iddq,24,stable,,,False,False,False,0.4372828892924984,0.0
L08_C018,L08,iddq,96,stable,,,False,False,False,0.4372828892924984,0.0
L08_C018,L08,iddq,168,stable,,,False,False,False,0.4372828892924984,0.0
L08_C018,L08,propagation_delay,0,stable,,,False,False,False,4.88381368795686,0.0
L08_C018,L08,propagation_delay,24,stable,,,False,False,False,4.88381368795686,0.0
L08_C018,L08,propagation_delay,96,stable,,,False,False,False,4.88381368795686,0.0
L08_C018,L08,propagation_delay,168,stable,,,False,False,False,4.88381368795686,0.0
L08_C019,L08,leakage_current,0,stable,,,False,False,False,10.075222251057907,0.0
L08_C019,L08,leakage_current,24,stable,,,False,False,False,10.075222251057907,0.0
L08_C019,L08,leakage_current,96,stable,,,False,False,False,10.075222251057907,0.0
L08_C019,L08,leakage_current,168,stable,,,False,False,False,10.075222251057907,0.0
L08_C019,L08,iddq,0,stable,,,False,False,False,0.3776448681535233,0.0
L08_C019,L08,iddq,24,stable,,,False,False,False,0.3776448681535233,0.0
L08_C019,L08,iddq,96,stable,,,False,False,False,0.3776448681535233,0.0
L08_C019,L08,iddq,168,stable,,,False,False,False,0.3776448681535233,0.0
L08_C019,L08,propagation_delay,0,stable,,,False,False,False,4.919729897781708,0.0
L08_C019,L08,propagation_delay,24,stable,,,False,False,False,4.919729897781708,0.0
L08_C019,L08,propagation_delay,96,stable,,,False,False,False,4.919729897781708,0.0
L08_C019,L08,propagation_delay,168,stable,,,False,False,False,4.919729897781708,0.0
L08_C020,L08,leakage_current,0,stable,,,False,False,False,11.892061648367424,0.0
L08_C020,L08,leakage_current,24,stable,,,False,False,False,11.892061648367424,0.0
L08_C020,L08,leakage_current,96,stable,,,False,False,False,11.892061648367424,0.0
L08_C020,L08,leakage_current,168,stable,,,False,False,False,11.892061648367424,0.0
L08_C020,L08,iddq,0,stable,,,False,False,False,0.41348732010364914,0.0
L08_C020,L08,iddq,24,stable,,,False,False,False,0.41348732010364914,0.0
L08_C020,L08,iddq,96,stable,,,False,False,False,0.41348732010364914,0.0
L08_C020,L08,iddq,168,stable,,,False,False,False,0.41348732010364914,0.0
L08_C020,L08,propagation_delay,0,stable,,,False,False,False,4.84064124090425,0.0
L08_C020,L08,propagation_delay,24,stable,,,False,False,False,4.84064124090425,0.0
L08_C020,L08,propagation_delay,96,stable,,,False,False,False,4.84064124090425,0.0
L08_C020,L08,propagation_delay,168,stable,,,False,False,False,4.84064124090425,0.0
L08_C021,L08,leakage_current,0,stable,,,False,False,False,7.279798996757576,0.0
L08_C021,L08,leakage_current,24,stable,,,False,False,False,7.279798996757576,0.0
L08_C021,L08,leakage_current,96,stable,,,False,False,False,7.279798996757576,0.0
L08_C021,L08,leakage_current,168,stable,,,False,False,False,7.279798996757576,0.0
L08_C021,L08,iddq,0,stable,,,False,False,False,0.47288092572492624,0.0
L08_C021,L08,iddq,24,stable,,,False,False,False,0.47288092572492624,0.0
L08_C021,L08,iddq,96,stable,,,False,False,False,0.47288092572492624,0.0
L08_C021,L08,iddq,168,stable,,,False,False,False,0.47288092572492624,0.0
L08_C021,L08,propagation_delay,0,stable,,,False,False,False,4.829532739447114,0.0
L08_C021,L08,propagation_delay,24,stable,,,False,False,False,4.829532739447114,0.0
L08_C021,L08,propagation_delay,96,stable,,,False,False,False,4.829532739447114,0.0
L08_C021,L08,propagation_delay,168,stable,,,False,False,False,4.829532739447114,0.0
L08_C022,L08,leakage_current,0,accelerating_drift,24.0,168.0,False,False,True,6.4940959711359305,0.0
L08_C022,L08,leakage_current,24,accelerating_drift,24.0,168.0,False,False,True,6.813580981587937,0.04919622559814482
L08_C022,L08,leakage_current,96,accelerating_drift,24.0,168.0,False,False,True,9.402996420796102,0.4479300063610477
L08_C022,L08,leakage_current,168,accelerating_drift,24.0,168.0,False,False,True,16.948768767512345,1.6098734670451305
L08_C022,L08,iddq,0,accelerating_drift,24.0,96.0,False,True,True,0.44069723955430457,0.0
L08_C022,L08,iddq,24,accelerating_drift,24.0,96.0,False,True,True,0.46720767042177463,0.06015565446763672
L08_C022,L08,iddq,96,accelerating_drift,24.0,96.0,False,True,True,0.7090587724175492,0.6089476147721048
L08_C022,L08,iddq,168,accelerating_drift,24.0,96.0,False,True,True,1.5468548265662305,2.5100170541812994
L08_C022,L08,propagation_delay,0,accelerating_drift,24.0,168.0,False,False,True,5.075845453502476,0.0
L08_C022,L08,propagation_delay,24,accelerating_drift,24.0,168.0,False,False,True,5.132440671303716,0.011149909570668193
L08_C022,L08,propagation_delay,96,accelerating_drift,24.0,168.0,False,False,True,5.543649205921407,0.0921627257378638
L08_C022,L08,propagation_delay,168,accelerating_drift,24.0,168.0,False,False,True,6.316992062360061,0.24452017308784674
L08_C023,L08,leakage_current,0,stable,,,False,False,False,11.059360570938177,0.0
L08_C023,L08,leakage_current,24,stable,,,False,False,False,11.059360570938177,0.0
L08_C023,L08,leakage_current,96,stable,,,False,False,False,11.059360570938177,0.0
L08_C023,L08,leakage_current,168,stable,,,False,False,False,11.059360570938177,0.0
L08_C023,L08,iddq,0,stable,,,False,False,False,0.43127746959105095,0.0
L08_C023,L08,iddq,24,stable,,,False,False,False,0.43127746959105095,0.0
L08_C023,L08,iddq,96,stable,,,False,False,False,0.43127746959105095,0.0
L08_C023,L08,iddq,168,stable,,,False,False,False,0.43127746959105095,0.0
L08_C023,L08,propagation_delay,0,stable,,,False,False,False,4.572939449189955,0.0
L08_C023,L08,propagation_delay,24,stable,,,False,False,False,4.572939449189955,0.0
L08_C023,L08,propagation_delay,96,stable,,,False,False,False,4.572939449189955,0.0
L08_C023,L08,propagation_delay,168,stable,,,False,False,False,4.572939449189955,0.0
L08_C024,L08,leakage_current,0,stable,,,False,False,False,14.715107359720585,0.0
L08_C024,L08,leakage_current,24,stable,,,False,False,False,14.715107359720585,0.0
L08_C024,L08,leakage_current,96,stable,,,False,False,False,14.715107359720585,0.0
L08_C024,L08,leakage_current,168,stable,,,False,False,False,14.715107359720585,0.0
L08_C024,L08,iddq,0,stable,,,False,False,False,0.47731546446557116,0.0
L08_C024,L08,iddq,24,stable,,,False,False,False,0.47731546446557116,0.0
L08_C024,L08,iddq,96,stable,,,False,False,False,0.47731546446557116,0.0
L08_C024,L08,iddq,168,stable,,,False,False,False,0.47731546446557116,0.0
L08_C024,L08,propagation_delay,0,stable,,,False,False,False,4.711109953217312,0.0
L08_C024,L08,propagation_delay,24,stable,,,False,False,False,4.711109953217312,0.0
L08_C024,L08,propagation_delay,96,stable,,,False,False,False,4.711109953217312,0.0
L08_C024,L08,propagation_delay,168,stable,,,False,False,False,4.711109953217312,0.0
L08_C025,L08,leakage_current,0,lot_outlier,,0.0,True,True,True,20.602948862175744,0.0
L08_C025,L08,leakage_current,24,lot_outlier,,0.0,True,True,True,20.602948862175744,0.0
L08_C025,L08,leakage_current,96,lot_outlier,,0.0,True,True,True,20.602948862175744,0.0
L08_C025,L08,leakage_current,168,lot_outlier,,0.0,True,True,True,20.602948862175744,0.0
L08_C025,L08,iddq,0,lot_outlier,,0.0,True,True,True,0.8348974136844576,0.0
L08_C025,L08,iddq,24,lot_outlier,,0.0,True,True,True,0.8348974136844576,0.0
L08_C025,L08,iddq,96,lot_outlier,,0.0,True,True,True,0.8348974136844576,0.0
L08_C025,L08,iddq,168,lot_outlier,,0.0,True,True,True,0.8348974136844576,0.0
L08_C025,L08,propagation_delay,0,lot_outlier,,0.0,True,True,True,6.163665351679581,0.0
L08_C025,L08,propagation_delay,24,lot_outlier,,0.0,True,True,True,6.163665351679581,0.0
L08_C025,L08,propagation_delay,96,lot_outlier,,0.0,True,True,True,6.163665351679581,0.0
L08_C025,L08,propagation_delay,168,lot_outlier,,0.0,True,True,True,6.163665351679581,0.0
L08_C026,L08,leakage_current,0,stable,,,False,False,False,7.978168494874464,0.0
L08_C026,L08,leakage_current,24,stable,,,False,False,False,7.978168494874464,0.0
L08_C026,L08,leakage_current,96,stable,,,False,False,False,7.978168494874464,0.0
L08_C026,L08,leakage_current,168,stable,,,False,False,False,7.978168494874464,0.0
L08_C026,L08,iddq,0,stable,,,False,False,False,0.48121101097756963,0.0
L08_C026,L08,iddq,24,stable,,,False,False,False,0.48121101097756963,0.0
L08_C026,L08,iddq,96,stable,,,False,False,False,0.48121101097756963,0.0
L08_C026,L08,iddq,168,stable,,,False,False,False,0.48121101097756963,0.0
L08_C026,L08,propagation_delay,0,stable,,,False,False,False,5.230825817686955,0.0
L08_C026,L08,propagation_delay,24,stable,,,False,False,False,5.230825817686955,0.0
L08_C026,L08,propagation_delay,96,stable,,,False,False,False,5.230825817686955,0.0
L08_C026,L08,propagation_delay,168,stable,,,False,False,False,5.230825817686955,0.0
L08_C027,L08,leakage_current,0,stable,,,False,False,False,12.50049412537189,0.0
L08_C027,L08,leakage_current,24,stable,,,False,False,False,12.50049412537189,0.0
L08_C027,L08,leakage_current,96,stable,,,False,False,False,12.50049412537189,0.0
L08_C027,L08,leakage_current,168,stable,,,False,False,False,12.50049412537189,0.0
L08_C027,L08,iddq,0,stable,,,False,False,False,0.40466946147930416,0.0
L08_C027,L08,iddq,24,stable,,,False,False,False,0.40466946147930416,0.0
L08_C027,L08,iddq,96,stable,,,False,False,False,0.40466946147930416,0.0
L08_C027,L08,iddq,168,stable,,,False,False,False,0.40466946147930416,0.0
L08_C027,L08,propagation_delay,0,stable,,,False,False,False,4.491031029799128,0.0
L08_C027,L08,propagation_delay,24,stable,,,False,False,False,4.491031029799128,0.0
L08_C027,L08,propagation_delay,96,stable,,,False,False,False,4.491031029799128,0.0
L08_C027,L08,propagation_delay,168,stable,,,False,False,False,4.491031029799128,0.0
L08_C028,L08,leakage_current,0,stable,,,False,False,False,11.84140826874045,0.0
L08_C028,L08,leakage_current,24,stable,,,False,False,False,11.84140826874045,0.0
L08_C028,L08,leakage_current,96,stable,,,False,False,False,11.84140826874045,0.0
L08_C028,L08,leakage_current,168,stable,,,False,False,False,11.84140826874045,0.0
L08_C028,L08,iddq,0,stable,,,False,False,False,0.40041805752401943,0.0
L08_C028,L08,iddq,24,stable,,,False,False,False,0.40041805752401943,0.0
L08_C028,L08,iddq,96,stable,,,False,False,False,0.40041805752401943,0.0
L08_C028,L08,iddq,168,stable,,,False,False,False,0.40041805752401943,0.0
L08_C028,L08,propagation_delay,0,stable,,,False,False,False,4.7399362951647195,0.0
L08_C028,L08,propagation_delay,24,stable,,,False,False,False,4.7399362951647195,0.0
L08_C028,L08,propagation_delay,96,stable,,,False,False,False,4.7399362951647195,0.0
L08_C028,L08,propagation_delay,168,stable,,,False,False,False,4.7399362951647195,0.0
L08_C029,L08,leakage_current,0,stable,,,False,False,False,13.87979511459175,0.0
L08_C029,L08,leakage_current,24,stable,,,False,False,False,13.87979511459175,0.0
L08_C029,L08,leakage_current,96,stable,,,False,False,False,13.87979511459175,0.0
L08_C029,L08,leakage_current,168,stable,,,False,False,False,13.87979511459175,0.0
L08_C029,L08,iddq,0,stable,,,False,False,False,0.5160689786928729,0.0
L08_C029,L08,iddq,24,stable,,,False,False,False,0.5160689786928729,0.0
L08_C029,L08,iddq,96,stable,,,False,False,False,0.5160689786928729,0.0
L08_C029,L08,iddq,168,stable,,,False,False,False,0.5160689786928729,0.0
L08_C029,L08,propagation_delay,0,stable,,,False,False,False,4.923045618699169,0.0
L08_C029,L08,propagation_delay,24,stable,,,False,False,False,4.923045618699169,0.0
L08_C029,L08,propagation_delay,96,stable,,,False,False,False,4.923045618699169,0.0
L08_C029,L08,propagation_delay,168,stable,,,False,False,False,4.923045618699169,0.0
L08_C030,L08,leakage_current,0,accelerating_drift,24.0,168.0,False,False,True,9.666400418895682,0.0
L08_C030,L08,leakage_current,24,accelerating_drift,24.0,168.0,False,False,True,10.135447467419185,0.04852344494302343
L08_C030,L08,leakage_current,96,accelerating_drift,24.0,168.0,False,False,True,13.550095719383114,0.4017726487820289
L08_C030,L08,leakage_current,168,accelerating_drift,24.0,168.0,False,False,True,22.62503697768321,1.3405855331066412
L08_C030,L08,iddq,0,accelerating_drift,24.0,96.0,False,True,True,0.4908388733666097,0.0
L08_C030,L08,iddq,24,accelerating_drift,24.0,96.0,False,True,True,0.5179107672864368,0.05515433961891401
L08_C030,L08,iddq,96,accelerating_drift,24.0,96.0,False,True,True,0.7275306807788284,0.4822189526040913
L08_C030,L08,iddq,168,accelerating_drift,24.0,96.0,False,True,True,1.336350227742845,1.722584335215681
L08_C030,L08,propagation_delay,0,accelerating_drift,24.0,96.0,False,True,True,5.056293861164952,0.0
L08_C030,L08,propagation_delay,24,accelerating_drift,24.0,96.0,False,True,True,5.1201001453342165,0.012619180356452592
L08_C030,L08,propagation_delay,96,accelerating_drift,24.0,96.0,False,True,True,5.592935820638709,0.10613345944852114
L08_C030,L08,propagation_delay,168,accelerating_drift,24.0,96.0,False,True,True,6.487896730138249,0.28313284557465584
L09_C001,L09,leakage_current,0,stable,,,False,False,False,6.95484106111371,0.0
L09_C001,L09,leakage_current,24,stable,,,False,False,False,6.95484106111371,0.0
L09_C001,L09,leakage_current,96,stable,,,False,False,False,6.95484106111371,0.0
L09_C001,L09,leakage_current,168,stable,,,False,False,False,6.95484106111371,0.0
L09_C001,L09,iddq,0,stable,,,False,False,False,0.39698485892083707,0.0
L09_C001,L09,iddq,24,stable,,,False,False,False,0.39698485892083707,0.0
L09_C001,L09,iddq,96,stable,,,False,False,False,0.39698485892083707,0.0
L09_C001,L09,iddq,168,stable,,,False,False,False,0.39698485892083707,0.0
L09_C001,L09,propagation_delay,0,stable,,,False,False,False,4.931106255691314,0.0
L09_C001,L09,propagation_delay,24,stable,,,False,False,False,4.931106255691314,0.0
L09_C001,L09,propagation_delay,96,stable,,,False,False,False,4.931106255691314,0.0
L09_C001,L09,propagation_delay,168,stable,,,False,False,False,4.931106255691314,0.0
L09_C002,L09,leakage_current,0,stable,,,False,False,False,9.342537449149315,0.0
L09_C002,L09,leakage_current,24,stable,,,False,False,False,9.342537449149315,0.0
L09_C002,L09,leakage_current,96,stable,,,False,False,False,9.342537449149315,0.0
L09_C002,L09,leakage_current,168,stable,,,False,False,False,9.342537449149315,0.0
L09_C002,L09,iddq,0,stable,,,False,False,False,0.5999465467364125,0.0
L09_C002,L09,iddq,24,stable,,,False,False,False,0.5999465467364125,0.0
L09_C002,L09,iddq,96,stable,,,False,False,False,0.5999465467364125,0.0
L09_C002,L09,iddq,168,stable,,,False,False,False,0.5999465467364125,0.0
L09_C002,L09,propagation_delay,0,stable,,,False,False,False,5.092301639539241,0.0
L09_C002,L09,propagation_delay,24,stable,,,False,False,False,5.092301639539241,0.0
L09_C002,L09,propagation_delay,96,stable,,,False,False,False,5.092301639539241,0.0
L09_C002,L09,propagation_delay,168,stable,,,False,False,False,5.092301639539241,0.0
L09_C003,L09,leakage_current,0,stable,,,False,False,False,8.467318965376624,0.0
L09_C003,L09,leakage_current,24,stable,,,False,False,False,8.467318965376624,0.0
L09_C003,L09,leakage_current,96,stable,,,False,False,False,8.467318965376624,0.0
L09_C003,L09,leakage_current,168,stable,,,False,False,False,8.467318965376624,0.0
L09_C003,L09,iddq,0,stable,,,False,False,False,0.5491195704288898,0.0
L09_C003,L09,iddq,24,stable,,,False,False,False,0.5491195704288898,0.0
L09_C003,L09,iddq,96,stable,,,False,False,False,0.5491195704288898,0.0
L09_C003,L09,iddq,168,stable,,,False,False,False,0.5491195704288898,0.0
L09_C003,L09,propagation_delay,0,stable,,,False,False,False,5.322856385703125,0.0
L09_C003,L09,propagation_delay,24,stable,,,False,False,False,5.322856385703125,0.0
L09_C003,L09,propagation_delay,96,stable,,,False,False,False,5.322856385703125,0.0
L09_C003,L09,propagation_delay,168,stable,,,False,False,False,5.322856385703125,0.0
L09_C004,L09,leakage_current,0,stable,,,False,False,False,9.139521580438908,0.0
L09_C004,L09,leakage_current,24,stable,,,False,False,False,9.139521580438908,0.0
L09_C004,L09,leakage_current,96,stable,,,False,False,False,9.139521580438908,0.0
L09_C004,L09,leakage_current,168,stable,,,False,False,False,9.139521580438908,0.0
L09_C004,L09,iddq,0,stable,,,False,False,False,0.5436927910561657,0.0
L09_C004,L09,iddq,24,stable,,,False,False,False,0.5436927910561657,0.0
L09_C004,L09,iddq,96,stable,,,False,False,False,0.5436927910561657,0.0
L09_C004,L09,iddq,168,stable,,,False,False,False,0.5436927910561657,0.0
L09_C004,L09,propagation_delay,0,stable,,,False,False,False,5.41654172668451,0.0
L09_C004,L09,propagation_delay,24,stable,,,False,False,False,5.41654172668451,0.0
L09_C004,L09,propagation_delay,96,stable,,,False,False,False,5.41654172668451,0.0
L09_C004,L09,propagation_delay,168,stable,,,False,False,False,5.41654172668451,0.0
L09_C005,L09,leakage_current,0,stable,,,False,False,False,13.20421631275042,0.0
L09_C005,L09,leakage_current,24,stable,,,False,False,False,13.20421631275042,0.0
L09_C005,L09,leakage_current,96,stable,,,False,False,False,13.20421631275042,0.0
L09_C005,L09,leakage_current,168,stable,,,False,False,False,13.20421631275042,0.0
L09_C005,L09,iddq,0,stable,,,False,False,False,0.5930061405708341,0.0
L09_C005,L09,iddq,24,stable,,,False,False,False,0.5930061405708341,0.0
L09_C005,L09,iddq,96,stable,,,False,False,False,0.5930061405708341,0.0
L09_C005,L09,iddq,168,stable,,,False,False,False,0.5930061405708341,0.0
L09_C005,L09,propagation_delay,0,stable,,,False,False,False,5.759825525292834,0.0
L09_C005,L09,propagation_delay,24,stable,,,False,False,False,5.759825525292834,0.0
L09_C005,L09,propagation_delay,96,stable,,,False,False,False,5.759825525292834,0.0
L09_C005,L09,propagation_delay,168,stable,,,False,False,False,5.759825525292834,0.0
L09_C006,L09,leakage_current,0,stable,,,False,False,False,6.645924911522958,0.0
L09_C006,L09,leakage_current,24,stable,,,False,False,False,6.645924911522958,0.0
L09_C006,L09,leakage_current,96,stable,,,False,False,False,6.645924911522958,0.0
L09_C006,L09,leakage_current,168,stable,,,False,False,False,6.645924911522958,0.0
L09_C006,L09,iddq,0,stable,,,False,False,False,0.5996843675735019,0.0
L09_C006,L09,iddq,24,stable,,,False,False,False,0.5996843675735019,0.0
L09_C006,L09,iddq,96,stable,,,False,False,False,0.5996843675735019,0.0
L09_C006,L09,iddq,168,stable,,,False,False,False,0.5996843675735019,0.0
L09_C006,L09,propagation_delay,0,stable,,,False,False,False,4.992593131909637,0.0
L09_C006,L09,propagation_delay,24,stable,,,False,False,False,4.992593131909637,0.0
L09_C006,L09,propagation_delay,96,stable,,,False,False,False,4.992593131909637,0.0
L09_C006,L09,propagation_delay,168,stable,,,False,False,False,4.992593131909637,0.0
L09_C007,L09,leakage_current,0,stable,,,False,False,False,8.618593780208714,0.0
L09_C007,L09,leakage_current,24,stable,,,False,False,False,8.618593780208714,0.0
L09_C007,L09,leakage_current,96,stable,,,False,False,False,8.618593780208714,0.0
L09_C007,L09,leakage_current,168,stable,,,False,False,False,8.618593780208714,0.0
L09_C007,L09,iddq,0,stable,,,False,False,False,0.6108885508476402,0.0
L09_C007,L09,iddq,24,stable,,,False,False,False,0.6108885508476402,0.0
L09_C007,L09,iddq,96,stable,,,False,False,False,0.6108885508476402,0.0
L09_C007,L09,iddq,168,stable,,,False,False,False,0.6108885508476402,0.0
L09_C007,L09,propagation_delay,0,stable,,,False,False,False,5.180982607740143,0.0
L09_C007,L09,propagation_delay,24,stable,,,False,False,False,5.180982607740143,0.0
L09_C007,L09,propagation_delay,96,stable,,,False,False,False,5.180982607740143,0.0
L09_C007,L09,propagation_delay,168,stable,,,False,False,False,5.180982607740143,0.0
L09_C008,L09,leakage_current,0,stable,,,False,False,False,11.370683235337403,0.0
L09_C008,L09,leakage_current,24,stable,,,False,False,False,11.370683235337403,0.0
L09_C008,L09,leakage_current,96,stable,,,False,False,False,11.370683235337403,0.0
L09_C008,L09,leakage_current,168,stable,,,False,False,False,11.370683235337403,0.0
L09_C008,L09,iddq,0,stable,,,False,False,False,0.765582635650237,0.0
L09_C008,L09,iddq,24,stable,,,False,False,False,0.765582635650237,0.0
L09_C008,L09,iddq,96,stable,,,False,False,False,0.765582635650237,0.0
L09_C008,L09,iddq,168,stable,,,False,False,False,0.765582635650237,0.0
L09_C008,L09,propagation_delay,0,stable,,,False,False,False,5.299663730423284,0.0
L09_C008,L09,propagation_delay,24,stable,,,False,False,False,5.299663730423284,0.0
L09_C008,L09,propagation_delay,96,stable,,,False,False,False,5.299663730423284,0.0
L09_C008,L09,propagation_delay,168,stable,,,False,False,False,5.299663730423284,0.0
L09_C009,L09,leakage_current,0,stable,,,False,False,False,8.321975235741165,0.0
L09_C009,L09,leakage_current,24,stable,,,False,False,False,8.321975235741165,0.0
L09_C009,L09,leakage_current,96,stable,,,False,False,False,8.321975235741165,0.0
L09_C009,L09,leakage_current,168,stable,,,False,False,False,8.321975235741165,0.0
L09_C009,L09,iddq,0,stable,,,False,False,False,0.5687723507766111,0.0
L09_C009,L09,iddq,24,stable,,,False,False,False,0.5687723507766111,0.0
L09_C009,L09,iddq,96,stable,,,False,False,False,0.5687723507766111,0.0
L09_C009,L09,iddq,168,stable,,,False,False,False,0.5687723507766111,0.0
L09_C009,L09,propagation_delay,0,stable,,,False,False,False,5.414582946057342,0.0
L09_C009,L09,propagation_delay,24,stable,,,False,False,False,5.414582946057342,0.0
L09_C009,L09,propagation_delay,96,stable,,,False,False,False,5.414582946057342,0.0
L09_C009,L09,propagation_delay,168,stable,,,False,False,False,5.414582946057342,0.0
L09_C010,L09,leakage_current,0,accelerating_drift,24.0,96.0,False,True,True,11.672169730764086,0.0
L09_C010,L09,leakage_current,24,accelerating_drift,24.0,96.0,False,True,True,12.210356940156414,0.046108583220293625
L09_C010,L09,leakage_current,96,accelerating_drift,24.0,96.0,False,True,True,17.62618844649856,0.5101038498473506
L09_C010,L09,leakage_current,168,accelerating_drift,24.0,96.0,False,True,True,36.02782857720581,2.0866436496590723
L09_C010,L09,iddq,0,accelerating_drift,24.0,96.0,False,True,True,0.6093915905412534,0.0
L09_C010,L09,iddq,24,accelerating_drift,24.0,96.0,False,True,True,0.6363144163990194,0.04417984474294037
L09_C010,L09,iddq,96,accelerating_drift,24.0,96.0,False,True,True,0.8837098574079139,0.4501510541407615
L09_C010,L09,iddq,168,accelerating_drift,24.0,96.0,False,True,True,1.6535436504989773,1.713433654426249
L09_C010,L09,propagation_delay,0,accelerating_drift,24.0,168.0,False,False,True,5.3217943414157975,0.0
L09_C010,L09,propagation_delay,24,accelerating_drift,24.0,168.0,False,False,True,5.3874233693848765,0.012332124046646117
L09_C010,L09,propagation_delay,96,accelerating_drift,24.0,168.0,False,False,True,5.8011352113257875,0.09007128783230417
L09_C010,L09,propagation_delay,168,accelerating_drift,24.0,168.0,False,False,True,6.540084190317209,0.2289246390865418
L09_C011,L09,leakage_current,0,stable,,,False,False,False,10.178138535134837,0.0
L09_C011,L09,leakage_current,24,stable,,,False,False,False,10.178138535134837,0.0
L09_C011,L09,leakage_current,96,stable,,,False,False,False,10.178138535134837,0.0
L09_C011,L09,leakage_current,168,stable,,,False,False,False,10.178138535134837,0.0
L09_C011,L09,iddq,0,stable,,,False,False,False,0.6053669505914717,0.0
L09_C011,L09,iddq,24,stable,,,False,False,False,0.6053669505914717,0.0
L09_C011,L09,iddq,96,stable,,,False,False,False,0.6053669505914717,0.0
L09_C011,L09,iddq,168,stable,,,False,False,False,0.6053669505914717,0.0
L09_C011,L09,propagation_delay,0,stable,,,False,False,False,5.405575274348891,0.0
L09_C011,L09,propagation_delay,24,stable,,,False,False,False,5.405575274348891,0.0
L09_C011,L09,propagation_delay,96,stable,,,False,False,False,5.405575274348891,0.0
L09_C011,L09,propagation_delay,168,stable,,,False,False,False,5.405575274348891,0.0
L09_C012,L09,leakage_current,0,stable,,,False,False,False,6.565362776844645,0.0
L09_C012,L09,leakage_current,24,stable,,,False,False,False,6.565362776844645,0.0
L09_C012,L09,leakage_current,96,stable,,,False,False,False,6.565362776844645,0.0
L09_C012,L09,leakage_current,168,stable,,,False,False,False,6.565362776844645,0.0
L09_C012,L09,iddq,0,stable,,,False,False,False,0.5881652783497695,0.0
L09_C012,L09,iddq,24,stable,,,False,False,False,0.5881652783497695,0.0
L09_C012,L09,iddq,96,stable,,,False,False,False,0.5881652783497695,0.0
L09_C012,L09,iddq,168,stable,,,False,False,False,0.5881652783497695,0.0
L09_C012,L09,propagation_delay,0,stable,,,False,False,False,5.114693086693877,0.0
L09_C012,L09,propagation_delay,24,stable,,,False,False,False,5.114693086693877,0.0
L09_C012,L09,propagation_delay,96,stable,,,False,False,False,5.114693086693877,0.0
L09_C012,L09,propagation_delay,168,stable,,,False,False,False,5.114693086693877,0.0
L09_C013,L09,leakage_current,0,stable,,,False,False,False,11.250938188335807,0.0
L09_C013,L09,leakage_current,24,stable,,,False,False,False,11.250938188335807,0.0
L09_C013,L09,leakage_current,96,stable,,,False,False,False,11.250938188335807,0.0
L09_C013,L09,leakage_current,168,stable,,,False,False,False,11.250938188335807,0.0
L09_C013,L09,iddq,0,stable,,,False,False,False,0.5008549821841517,0.0
L09_C013,L09,iddq,24,stable,,,False,False,False,0.5008549821841517,0.0
L09_C013,L09,iddq,96,stable,,,False,False,False,0.5008549821841517,0.0
L09_C013,L09,iddq,168,stable,,,False,False,False,0.5008549821841517,0.0
L09_C013,L09,propagation_delay,0,stable,,,False,False,False,4.977978789889333,0.0
L09_C013,L09,propagation_delay,24,stable,,,False,False,False,4.977978789889333,0.0
L09_C013,L09,propagation_delay,96,stable,,,False,False,False,4.977978789889333,0.0
L09_C013,L09,propagation_delay,168,stable,,,False,False,False,4.977978789889333,0.0
L09_C014,L09,leakage_current,0,stable,,,False,False,False,8.019318802588488,0.0
L09_C014,L09,leakage_current,24,stable,,,False,False,False,8.019318802588488,0.0
L09_C014,L09,leakage_current,96,stable,,,False,False,False,8.019318802588488,0.0
L09_C014,L09,leakage_current,168,stable,,,False,False,False,8.019318802588488,0.0
L09_C014,L09,iddq,0,stable,,,False,False,False,0.47168824941688325,0.0
L09_C014,L09,iddq,24,stable,,,False,False,False,0.47168824941688325,0.0
L09_C014,L09,iddq,96,stable,,,False,False,False,0.47168824941688325,0.0
L09_C014,L09,iddq,168,stable,,,False,False,False,0.47168824941688325,0.0
L09_C014,L09,propagation_delay,0,stable,,,False,False,False,5.141408582213543,0.0
L09_C014,L09,propagation_delay,24,stable,,,False,False,False,5.141408582213543,0.0
L09_C014,L09,propagation_delay,96,stable,,,False,False,False,5.141408582213543,0.0
L09_C014,L09,propagation_delay,168,stable,,,False,False,False,5.141408582213543,0.0
L09_C015,L09,leakage_current,0,high_but_stable,,0.0,True,True,True,17.71450625029968,0.0
L09_C015,L09,leakage_current,24,high_but_stable,,0.0,True,True,True,17.71450625029968,0.0
L09_C015,L09,leakage_current,96,high_but_stable,,0.0,True,True,True,17.71450625029968,0.0
L09_C015,L09,leakage_current,168,high_but_stable,,0.0,True,True,True,17.71450625029968,0.0
L09_C015,L09,iddq,0,high_but_stable,,0.0,True,True,True,0.8232431053977491,0.0
L09_C015,L09,iddq,24,high_but_stable,,0.0,True,True,True,0.8232431053977491,0.0
L09_C015,L09,iddq,96,high_but_stable,,0.0,True,True,True,0.8232431053977491,0.0
L09_C015,L09,iddq,168,high_but_stable,,0.0,True,True,True,0.8232431053977491,0.0
L09_C015,L09,propagation_delay,0,high_but_stable,,0.0,True,True,True,6.072261278328094,0.0
L09_C015,L09,propagation_delay,24,high_but_stable,,0.0,True,True,True,6.072261278328094,0.0
L09_C015,L09,propagation_delay,96,high_but_stable,,0.0,True,True,True,6.072261278328094,0.0
L09_C015,L09,propagation_delay,168,high_but_stable,,0.0,True,True,True,6.072261278328094,0.0
L09_C016,L09,leakage_current,0,stable,,,False,False,False,12.89957293531984,0.0
L09_C016,L09,leakage_current,24,stable,,,False,False,False,12.89957293531984,0.0
L09_C016,L09,leakage_current,96,stable,,,False,False,False,12.89957293531984,0.0
L09_C016,L09,leakage_current,168,stable,,,False,False,False,12.89957293531984,0.0
L09_C016,L09,iddq,0,stable,,,False,False,False,0.4423726495721573,0.0
L09_C016,L09,iddq,24,stable,,,False,False,False,0.4423726495721573,0.0
L09_C016,L09,iddq,96,stable,,,False,False,False,0.4423726495721573,0.0
L09_C016,L09,iddq,168,stable,,,False,False,False,0.4423726495721573,0.0
L09_C016,L09,propagation_delay,0,stable,,,False,False,False,5.372189707320763,0.0
L09_C016,L09,propagation_delay,24,stable,,,False,False,False,5.372189707320763,0.0
L09_C016,L09,propagation_delay,96,stable,,,False,False,False,5.372189707320763,0.0
L09_C016,L09,propagation_delay,168,stable,,,False,False,False,5.372189707320763,0.0
L09_C017,L09,leakage_current,0,stable,,,False,False,False,9.919996224837973,0.0
L09_C017,L09,leakage_current,24,stable,,,False,False,False,9.919996224837973,0.0
L09_C017,L09,leakage_current,96,stable,,,False,False,False,9.919996224837973,0.0
L09_C017,L09,leakage_current,168,stable,,,False,False,False,9.919996224837973,0.0
L09_C017,L09,iddq,0,stable,,,False,False,False,0.5996346735490834,0.0
L09_C017,L09,iddq,24,stable,,,False,False,False,0.5996346735490834,0.0
L09_C017,L09,iddq,96,stable,,,False,False,False,0.5996346735490834,0.0
L09_C017,L09,iddq,168,stable,,,False,False,False,0.5996346735490834,0.0
L09_C017,L09,propagation_delay,0,stable,,,False,False,False,5.506079563477582,0.0
L09_C017,L09,propagation_delay,24,stable,,,False,False,False,5.506079563477582,0.0
L09_C017,L09,propagation_delay,96,stable,,,False,False,False,5.506079563477582,0.0
L09_C017,L09,propagation_delay,168,stable,,,False,False,False,5.506079563477582,0.0
L09_C018,L09,leakage_current,0,stable,,,False,False,False,9.349188838919673,0.0
L09_C018,L09,leakage_current,24,stable,,,False,False,False,9.349188838919673,0.0
L09_C018,L09,leakage_current,96,stable,,,False,False,False,9.349188838919673,0.0
L09_C018,L09,leakage_current,168,stable,,,False,False,False,9.349188838919673,0.0
L09_C018,L09,iddq,0,stable,,,False,False,False,0.6235509206151094,0.0
L09_C018,L09,iddq,24,stable,,,False,False,False,0.6235509206151094,0.0
L09_C018,L09,iddq,96,stable,,,False,False,False,0.6235509206151094,0.0
L09_C018,L09,iddq,168,stable,,,False,False,False,0.6235509206151094,0.0
L09_C018,L09,propagation_delay,0,stable,,,False,False,False,5.20277481458466,0.0
L09_C018,L09,propagation_delay,24,stable,,,False,False,False,5.20277481458466,0.0
L09_C018,L09,propagation_delay,96,stable,,,False,False,False,5.20277481458466,0.0
L09_C018,L09,propagation_delay,168,stable,,,False,False,False,5.20277481458466,0.0
L09_C019,L09,leakage_current,0,stable,,,False,False,False,7.7980525228228466,0.0
L09_C019,L09,leakage_current,24,stable,,,False,False,False,7.7980525228228466,0.0
L09_C019,L09,leakage_current,96,stable,,,False,False,False,7.7980525228228466,0.0
L09_C019,L09,leakage_current,168,stable,,,False,False,False,7.7980525228228466,0.0
L09_C019,L09,iddq,0,stable,,,False,False,False,0.5859032996807338,0.0
L09_C019,L09,iddq,24,stable,,,False,False,False,0.5859032996807338,0.0
L09_C019,L09,iddq,96,stable,,,False,False,False,0.5859032996807338,0.0
L09_C019,L09,iddq,168,stable,,,False,False,False,0.5859032996807338,0.0
L09_C019,L09,propagation_delay,0,stable,,,False,False,False,5.198404130238024,0.0
L09_C019,L09,propagation_delay,24,stable,,,False,False,False,5.198404130238024,0.0
L09_C019,L09,propagation_delay,96,stable,,,False,False,False,5.198404130238024,0.0
L09_C019,L09,propagation_delay,168,stable,,,False,False,False,5.198404130238024,0.0
L09_C020,L09,leakage_current,0,stable,,,False,False,False,9.478787248403465,0.0
L09_C020,L09,leakage_current,24,stable,,,False,False,False,9.478787248403465,0.0
L09_C020,L09,leakage_current,96,stable,,,False,False,False,9.478787248403465,0.0
L09_C020,L09,leakage_current,168,stable,,,False,False,False,9.478787248403465,0.0
L09_C020,L09,iddq,0,stable,,,False,False,False,0.5902150601177293,0.0
L09_C020,L09,iddq,24,stable,,,False,False,False,0.5902150601177293,0.0
L09_C020,L09,iddq,96,stable,,,False,False,False,0.5902150601177293,0.0
L09_C020,L09,iddq,168,stable,,,False,False,False,0.5902150601177293,0.0
L09_C020,L09,propagation_delay,0,stable,,,False,False,False,5.1862005247879335,0.0
L09_C020,L09,propagation_delay,24,stable,,,False,False,False,5.1862005247879335,0.0
L09_C020,L09,propagation_delay,96,stable,,,False,False,False,5.1862005247879335,0.0
L09_C020,L09,propagation_delay,168,stable,,,False,False,False,5.1862005247879335,0.0
L09_C021,L09,leakage_current,0,stable,,,False,False,False,7.382722506592665,0.0
L09_C021,L09,leakage_current,24,stable,,,False,False,False,7.382722506592665,0.0
L09_C021,L09,leakage_current,96,stable,,,False,False,False,7.382722506592665,0.0
L09_C021,L09,leakage_current,168,stable,,,False,False,False,7.382722506592665,0.0
L09_C021,L09,iddq,0,stable,,,False,False,False,0.5661128122930343,0.0
L09_C021,L09,iddq,24,stable,,,False,False,False,0.5661128122930343,0.0
L09_C021,L09,iddq,96,stable,,,False,False,False,0.5661128122930343,0.0
L09_C021,L09,iddq,168,stable,,,False,False,False,0.5661128122930343,0.0
L09_C021,L09,propagation_delay,0,stable,,,False,False,False,4.842830077012939,0.0
L09_C021,L09,propagation_delay,24,stable,,,False,False,False,4.842830077012939,0.0
L09_C021,L09,propagation_delay,96,stable,,,False,False,False,4.842830077012939,0.0
L09_C021,L09,propagation_delay,168,stable,,,False,False,False,4.842830077012939,0.0
L09_C022,L09,leakage_current,0,stable,,,False,False,False,10.716728591339347,0.0
L09_C022,L09,leakage_current,24,stable,,,False,False,False,10.716728591339347,0.0
L09_C022,L09,leakage_current,96,stable,,,False,False,False,10.716728591339347,0.0
L09_C022,L09,leakage_current,168,stable,,,False,False,False,10.716728591339347,0.0
L09_C022,L09,iddq,0,stable,,,False,False,False,0.5226529359493741,0.0
L09_C022,L09,iddq,24,stable,,,False,False,False,0.5226529359493741,0.0
L09_C022,L09,iddq,96,stable,,,False,False,False,0.5226529359493741,0.0
L09_C022,L09,iddq,168,stable,,,False,False,False,0.5226529359493741,0.0
L09_C022,L09,propagation_delay,0,stable,,,False,False,False,5.35787571230982,0.0
L09_C022,L09,propagation_delay,24,stable,,,False,False,False,5.35787571230982,0.0
L09_C022,L09,propagation_delay,96,stable,,,False,False,False,5.35787571230982,0.0
L09_C022,L09,propagation_delay,168,stable,,,False,False,False,5.35787571230982,0.0
L09_C023,L09,leakage_current,0,stable,,,False,False,False,8.234205111697747,0.0
L09_C023,L09,leakage_current,24,stable,,,False,False,False,8.234205111697747,0.0
L09_C023,L09,leakage_current,96,stable,,,False,False,False,8.234205111697747,0.0
L09_C023,L09,leakage_current,168,stable,,,False,False,False,8.234205111697747,0.0
L09_C023,L09,iddq,0,stable,,,False,False,False,0.5651377229011181,0.0
L09_C023,L09,iddq,24,stable,,,False,False,False,0.5651377229011181,0.0
L09_C023,L09,iddq,96,stable,,,False,False,False,0.5651377229011181,0.0
L09_C023,L09,iddq,168,stable,,,False,False,False,0.5651377229011181,0.0
L09_C023,L09,propagation_delay,0,stable,,,False,False,False,5.404809046895975,0.0
L09_C023,L09,propagation_delay,24,stable,,,False,False,False,5.404809046895975,0.0
L09_C023,L09,propagation_delay,96,stable,,,False,False,False,5.404809046895975,0.0
L09_C023,L09,propagation_delay,168,stable,,,False,False,False,5.404809046895975,0.0
L09_C024,L09,leakage_current,0,stable,,,False,False,False,9.207431412681762,0.0
L09_C024,L09,leakage_current,24,stable,,,False,False,False,9.207431412681762,0.0
L09_C024,L09,leakage_current,96,stable,,,False,False,False,9.207431412681762,0.0
L09_C024,L09,leakage_current,168,stable,,,False,False,False,9.207431412681762,0.0
L09_C024,L09,iddq,0,stable,,,False,False,False,0.5578888713191751,0.0
L09_C024,L09,iddq,24,stable,,,False,False,False,0.5578888713191751,0.0
L09_C024,L09,iddq,96,stable,,,False,False,False,0.5578888713191751,0.0
L09_C024,L09,iddq,168,stable,,,False,False,False,0.5578888713191751,0.0
L09_C024,L09,propagation_delay,0,stable,,,False,False,False,4.784154672538709,0.0
L09_C024,L09,propagation_delay,24,stable,,,False,False,False,4.784154672538709,0.0
L09_C024,L09,propagation_delay,96,stable,,,False,False,False,4.784154672538709,0.0
L09_C024,L09,propagation_delay,168,stable,,,False,False,False,4.784154672538709,0.0
L09_C025,L09,leakage_current,0,stable,,,False,False,False,11.84359461376955,0.0
L09_C025,L09,leakage_current,24,stable,,,False,False,False,11.84359461376955,0.0
L09_C025,L09,leakage_current,96,stable,,,False,False,False,11.84359461376955,0.0
L09_C025,L09,leakage_current,168,stable,,,False,False,False,11.84359461376955,0.0
L09_C025,L09,iddq,0,stable,,,False,False,False,0.7925787807107509,0.0
L09_C025,L09,iddq,24,stable,,,False,False,False,0.7925787807107509,0.0
L09_C025,L09,iddq,96,stable,,,False,False,False,0.7925787807107509,0.0
L09_C025,L09,iddq,168,stable,,,False,False,False,0.7925787807107509,0.0
L09_C025,L09,propagation_delay,0,stable,,,False,False,False,5.029758526025581,0.0
L09_C025,L09,propagation_delay,24,stable,,,False,False,False,5.029758526025581,0.0
L09_C025,L09,propagation_delay,96,stable,,,False,False,False,5.029758526025581,0.0
L09_C025,L09,propagation_delay,168,stable,,,False,False,False,5.029758526025581,0.0
L09_C026,L09,leakage_current,0,stable,,,False,False,False,8.07638573876307,0.0
L09_C026,L09,leakage_current,24,stable,,,False,False,False,8.07638573876307,0.0
L09_C026,L09,leakage_current,96,stable,,,False,False,False,8.07638573876307,0.0
L09_C026,L09,leakage_current,168,stable,,,False,False,False,8.07638573876307,0.0
L09_C026,L09,iddq,0,stable,,,False,False,False,0.4621965397388341,0.0
L09_C026,L09,iddq,24,stable,,,False,False,False,0.4621965397388341,0.0
L09_C026,L09,iddq,96,stable,,,False,False,False,0.4621965397388341,0.0
L09_C026,L09,iddq,168,stable,,,False,False,False,0.4621965397388341,0.0
L09_C026,L09,propagation_delay,0,stable,,,False,False,False,4.9154947572937875,0.0
L09_C026,L09,propagation_delay,24,stable,,,False,False,False,4.9154947572937875,0.0
L09_C026,L09,propagation_delay,96,stable,,,False,False,False,4.9154947572937875,0.0
L09_C026,L09,propagation_delay,168,stable,,,False,False,False,4.9154947572937875,0.0
L09_C027,L09,leakage_current,0,stable,,,False,False,False,9.767798698655813,0.0
L09_C027,L09,leakage_current,24,stable,,,False,False,False,9.767798698655813,0.0
L09_C027,L09,leakage_current,96,stable,,,False,False,False,9.767798698655813,0.0
L09_C027,L09,leakage_current,168,stable,,,False,False,False,9.767798698655813,0.0
L09_C027,L09,iddq,0,stable,,,False,False,False,0.6020104331021402,0.0
L09_C027,L09,iddq,24,stable,,,False,False,False,0.6020104331021402,0.0
L09_C027,L09,iddq,96,stable,,,False,False,False,0.6020104331021402,0.0
L09_C027,L09,iddq,168,stable,,,False,False,False,0.6020104331021402,0.0
L09_C027,L09,propagation_delay,0,stable,,,False,False,False,4.7788033780937855,0.0
L09_C027,L09,propagation_delay,24,stable,,,False,False,False,4.7788033780937855,0.0
L09_C027,L09,propagation_delay,96,stable,,,False,False,False,4.7788033780937855,0.0
L09_C027,L09,propagation_delay,168,stable,,,False,False,False,4.7788033780937855,0.0
L09_C028,L09,leakage_current,0,stable,,,False,False,False,8.631701761805331,0.0
L09_C028,L09,leakage_current,24,stable,,,False,False,False,8.631701761805331,0.0
L09_C028,L09,leakage_current,96,stable,,,False,False,False,8.631701761805331,0.0
L09_C028,L09,leakage_current,168,stable,,,False,False,False,8.631701761805331,0.0
L09_C028,L09,iddq,0,stable,,,False,False,False,0.44201783641090603,0.0
L09_C028,L09,iddq,24,stable,,,False,False,False,0.44201783641090603,0.0
L09_C028,L09,iddq,96,stable,,,False,False,False,0.44201783641090603,0.0
L09_C028,L09,iddq,168,stable,,,False,False,False,0.44201783641090603,0.0
L09_C028,L09,propagation_delay,0,stable,,,False,False,False,5.297490776551563,0.0
L09_C028,L09,propagation_delay,24,stable,,,False,False,False,5.297490776551563,0.0
L09_C028,L09,propagation_delay,96,stable,,,False,False,False,5.297490776551563,0.0
L09_C028,L09,propagation_delay,168,stable,,,False,False,False,5.297490776551563,0.0
L09_C029,L09,leakage_current,0,stable,,,False,False,False,9.514067130218239,0.0
L09_C029,L09,leakage_current,24,stable,,,False,False,False,9.514067130218239,0.0
L09_C029,L09,leakage_current,96,stable,,,False,False,False,9.514067130218239,0.0
L09_C029,L09,leakage_current,168,stable,,,False,False,False,9.514067130218239,0.0
L09_C029,L09,iddq,0,stable,,,False,False,False,0.5484330129696581,0.0
L09_C029,L09,iddq,24,stable,,,False,False,False,0.5484330129696581,0.0
L09_C029,L09,iddq,96,stable,,,False,False,False,0.5484330129696581,0.0
L09_C029,L09,iddq,168,stable,,,False,False,False,0.5484330129696581,0.0
L09_C029,L09,propagation_delay,0,stable,,,False,False,False,4.750970228949214,0.0
L09_C029,L09,propagation_delay,24,stable,,,False,False,False,4.750970228949214,0.0
L09_C029,L09,propagation_delay,96,stable,,,False,False,False,4.750970228949214,0.0
L09_C029,L09,propagation_delay,168,stable,,,False,False,False,4.750970228949214,0.0
L09_C030,L09,leakage_current,0,stable,,,False,False,False,8.378629615195251,0.0
L09_C030,L09,leakage_current,24,stable,,,False,False,False,8.378629615195251,0.0
L09_C030,L09,leakage_current,96,stable,,,False,False,False,8.378629615195251,0.0
L09_C030,L09,leakage_current,168,stable,,,False,False,False,8.378629615195251,0.0
L09_C030,L09,iddq,0,stable,,,False,False,False,0.6504415120937102,0.0
L09_C030,L09,iddq,24,stable,,,False,False,False,0.6504415120937102,0.0
L09_C030,L09,iddq,96,stable,,,False,False,False,0.6504415120937102,0.0
L09_C030,L09,iddq,168,stable,,,False,False,False,0.6504415120937102,0.0
L09_C030,L09,propagation_delay,0,stable,,,False,False,False,5.078169604731041,0.0
L09_C030,L09,propagation_delay,24,stable,,,False,False,False,5.078169604731041,0.0
L09_C030,L09,propagation_delay,96,stable,,,False,False,False,5.078169604731041,0.0
L09_C030,L09,propagation_delay,168,stable,,,False,False,False,5.078169604731041,0.0
L10_C001,L10,leakage_current,0,stable,,,False,False,False,6.843933385381287,0.0
L10_C001,L10,leakage_current,24,stable,,,False,False,False,6.843933385381287,0.0
L10_C001,L10,leakage_current,96,stable,,,False,False,False,6.843933385381287,0.0
L10_C001,L10,leakage_current,168,stable,,,False,False,False,6.843933385381287,0.0
L10_C001,L10,iddq,0,stable,,,False,False,False,0.44095346250211886,0.0
L10_C001,L10,iddq,24,stable,,,False,False,False,0.44095346250211886,0.0
L10_C001,L10,iddq,96,stable,,,False,False,False,0.44095346250211886,0.0
L10_C001,L10,iddq,168,stable,,,False,False,False,0.44095346250211886,0.0
L10_C001,L10,propagation_delay,0,stable,,,False,False,False,4.6223708264781695,0.0
L10_C001,L10,propagation_delay,24,stable,,,False,False,False,4.6223708264781695,0.0
L10_C001,L10,propagation_delay,96,stable,,,False,False,False,4.6223708264781695,0.0
L10_C001,L10,propagation_delay,168,stable,,,False,False,False,4.6223708264781695,0.0
L10_C002,L10,leakage_current,0,stable,,,False,False,False,8.021884334050519,0.0
L10_C002,L10,leakage_current,24,stable,,,False,False,False,8.021884334050519,0.0
L10_C002,L10,leakage_current,96,stable,,,False,False,False,8.021884334050519,0.0
L10_C002,L10,leakage_current,168,stable,,,False,False,False,8.021884334050519,0.0
L10_C002,L10,iddq,0,stable,,,False,False,False,0.6305566560597059,0.0
L10_C002,L10,iddq,24,stable,,,False,False,False,0.6305566560597059,0.0
L10_C002,L10,iddq,96,stable,,,False,False,False,0.6305566560597059,0.0
L10_C002,L10,iddq,168,stable,,,False,False,False,0.6305566560597059,0.0
L10_C002,L10,propagation_delay,0,stable,,,False,False,False,5.2123663405787095,0.0
L10_C002,L10,propagation_delay,24,stable,,,False,False,False,5.2123663405787095,0.0
L10_C002,L10,propagation_delay,96,stable,,,False,False,False,5.2123663405787095,0.0
L10_C002,L10,propagation_delay,168,stable,,,False,False,False,5.2123663405787095,0.0
L10_C003,L10,leakage_current,0,stable,,,False,False,False,5.938472236890424,0.0
L10_C003,L10,leakage_current,24,stable,,,False,False,False,5.938472236890424,0.0
L10_C003,L10,leakage_current,96,stable,,,False,False,False,5.938472236890424,0.0
L10_C003,L10,leakage_current,168,stable,,,False,False,False,5.938472236890424,0.0
L10_C003,L10,iddq,0,stable,,,False,False,False,0.4953286638115137,0.0
L10_C003,L10,iddq,24,stable,,,False,False,False,0.4953286638115137,0.0
L10_C003,L10,iddq,96,stable,,,False,False,False,0.4953286638115137,0.0
L10_C003,L10,iddq,168,stable,,,False,False,False,0.4953286638115137,0.0
L10_C003,L10,propagation_delay,0,stable,,,False,False,False,4.693946218957388,0.0
L10_C003,L10,propagation_delay,24,stable,,,False,False,False,4.693946218957388,0.0
L10_C003,L10,propagation_delay,96,stable,,,False,False,False,4.693946218957388,0.0
L10_C003,L10,propagation_delay,168,stable,,,False,False,False,4.693946218957388,0.0
L10_C004,L10,leakage_current,0,stable,,,False,False,False,9.344992204114185,0.0
L10_C004,L10,leakage_current,24,stable,,,False,False,False,9.344992204114185,0.0
L10_C004,L10,leakage_current,96,stable,,,False,False,False,9.344992204114185,0.0
L10_C004,L10,leakage_current,168,stable,,,False,False,False,9.344992204114185,0.0
L10_C004,L10,iddq,0,stable,,,False,False,False,0.45991584909326844,0.0
L10_C004,L10,iddq,24,stable,,,False,False,False,0.45991584909326844,0.0
L10_C004,L10,iddq,96,stable,,,False,False,False,0.45991584909326844,0.0
L10_C004,L10,iddq,168,stable,,,False,False,False,0.45991584909326844,0.0
L10_C004,L10,propagation_delay,0,stable,,,False,False,False,4.39094265130341,0.0
L10_C004,L10,propagation_delay,24,stable,,,False,False,False,4.39094265130341,0.0
L10_C004,L10,propagation_delay,96,stable,,,False,False,False,4.39094265130341,0.0
L10_C004,L10,propagation_delay,168,stable,,,False,False,False,4.39094265130341,0.0
L10_C005,L10,leakage_current,0,stable,,,False,False,False,8.19099509021054,0.0
L10_C005,L10,leakage_current,24,stable,,,False,False,False,8.19099509021054,0.0
L10_C005,L10,leakage_current,96,stable,,,False,False,False,8.19099509021054,0.0
L10_C005,L10,leakage_current,168,stable,,,False,False,False,8.19099509021054,0.0
L10_C005,L10,iddq,0,stable,,,False,False,False,0.5901531125098857,0.0
L10_C005,L10,iddq,24,stable,,,False,False,False,0.5901531125098857,0.0
L10_C005,L10,iddq,96,stable,,,False,False,False,0.5901531125098857,0.0
L10_C005,L10,iddq,168,stable,,,False,False,False,0.5901531125098857,0.0
L10_C005,L10,propagation_delay,0,stable,,,False,False,False,5.275451483582356,0.0
L10_C005,L10,propagation_delay,24,stable,,,False,False,False,5.275451483582356,0.0
L10_C005,L10,propagation_delay,96,stable,,,False,False,False,5.275451483582356,0.0
L10_C005,L10,propagation_delay,168,stable,,,False,False,False,5.275451483582356,0.0
L10_C006,L10,leakage_current,0,lot_outlier,,0.0,True,True,True,18.741272328440893,0.0
L10_C006,L10,leakage_current,24,lot_outlier,,0.0,True,True,True,18.741272328440893,0.0
L10_C006,L10,leakage_current,96,lot_outlier,,0.0,True,True,True,18.741272328440893,0.0
L10_C006,L10,leakage_current,168,lot_outlier,,0.0,True,True,True,18.741272328440893,0.0
L10_C006,L10,iddq,0,lot_outlier,,0.0,True,True,True,0.9446390263728951,0.0
L10_C006,L10,iddq,24,lot_outlier,,0.0,True,True,True,0.9446390263728951,0.0
L10_C006,L10,iddq,96,lot_outlier,,0.0,True,True,True,0.9446390263728951,0.0
L10_C006,L10,iddq,168,lot_outlier,,0.0,True,True,True,0.9446390263728951,0.0
L10_C006,L10,propagation_delay,0,lot_outlier,,0.0,True,True,True,6.061538153131302,0.0
L10_C006,L10,propagation_delay,24,lot_outlier,,0.0,True,True,True,6.061538153131302,0.0
L10_C006,L10,propagation_delay,96,lot_outlier,,0.0,True,True,True,6.061538153131302,0.0
L10_C006,L10,propagation_delay,168,lot_outlier,,0.0,True,True,True,6.061538153131302,0.0
L10_C007,L10,leakage_current,0,stable,,,False,False,False,9.55506559552532,0.0
L10_C007,L10,leakage_current,24,stable,,,False,False,False,9.55506559552532,0.0
L10_C007,L10,leakage_current,96,stable,,,False,False,False,9.55506559552532,0.0
L10_C007,L10,leakage_current,168,stable,,,False,False,False,9.55506559552532,0.0
L10_C007,L10,iddq,0,stable,,,False,False,False,0.37484644021589075,0.0
L10_C007,L10,iddq,24,stable,,,False,False,False,0.37484644021589075,0.0
L10_C007,L10,iddq,96,stable,,,False,False,False,0.37484644021589075,0.0
L10_C007,L10,iddq,168,stable,,,False,False,False,0.37484644021589075,0.0
L10_C007,L10,propagation_delay,0,stable,,,False,False,False,5.052134678404036,0.0
L10_C007,L10,propagation_delay,24,stable,,,False,False,False,5.052134678404036,0.0
L10_C007,L10,propagation_delay,96,stable,,,False,False,False,5.052134678404036,0.0
L10_C007,L10,propagation_delay,168,stable,,,False,False,False,5.052134678404036,0.0
L10_C008,L10,leakage_current,0,stable,,,False,False,False,10.844993634667398,0.0
L10_C008,L10,leakage_current,24,stable,,,False,False,False,10.844993634667398,0.0
L10_C008,L10,leakage_current,96,stable,,,False,False,False,10.844993634667398,0.0
L10_C008,L10,leakage_current,168,stable,,,False,False,False,10.844993634667398,0.0
L10_C008,L10,iddq,0,stable,,,False,False,False,0.5239301425282046,0.0
L10_C008,L10,iddq,24,stable,,,False,False,False,0.5239301425282046,0.0
L10_C008,L10,iddq,96,stable,,,False,False,False,0.5239301425282046,0.0
L10_C008,L10,iddq,168,stable,,,False,False,False,0.5239301425282046,0.0
L10_C008,L10,propagation_delay,0,stable,,,False,False,False,4.843679491413954,0.0
L10_C008,L10,propagation_delay,24,stable,,,False,False,False,4.843679491413954,0.0
L10_C008,L10,propagation_delay,96,stable,,,False,False,False,4.843679491413954,0.0
L10_C008,L10,propagation_delay,168,stable,,,False,False,False,4.843679491413954,0.0
L10_C009,L10,leakage_current,0,stable,,,False,False,False,9.345411036377484,0.0
L10_C009,L10,leakage_current,24,stable,,,False,False,False,9.345411036377484,0.0
L10_C009,L10,leakage_current,96,stable,,,False,False,False,9.345411036377484,0.0
L10_C009,L10,leakage_current,168,stable,,,False,False,False,9.345411036377484,0.0
L10_C009,L10,iddq,0,stable,,,False,False,False,0.5328694155383427,0.0
L10_C009,L10,iddq,24,stable,,,False,False,False,0.5328694155383427,0.0
L10_C009,L10,iddq,96,stable,,,False,False,False,0.5328694155383427,0.0
L10_C009,L10,iddq,168,stable,,,False,False,False,0.5328694155383427,0.0
L10_C009,L10,propagation_delay,0,stable,,,False,False,False,5.104762689401921,0.0
L10_C009,L10,propagation_delay,24,stable,,,False,False,False,5.104762689401921,0.0
L10_C009,L10,propagation_delay,96,stable,,,False,False,False,5.104762689401921,0.0
L10_C009,L10,propagation_delay,168,stable,,,False,False,False,5.104762689401921,0.0
L10_C010,L10,leakage_current,0,linear_drift,24.0,96.0,False,True,True,9.730546512358666,0.0
L10_C010,L10,leakage_current,24,linear_drift,24.0,96.0,False,True,True,10.868339800393192,0.11693004977566542
L10_C010,L10,leakage_current,96,linear_drift,24.0,96.0,False,True,True,15.144018593662759,0.5563379276208688
L10_C010,L10,leakage_current,168,linear_drift,24.0,96.0,False,True,True,21.10177850318098,1.168611853032081
L10_C010,L10,iddq,0,linear_drift,24.0,96.0,False,True,True,0.496818572965649,0.0
L10_C010,L10,iddq,24,linear_drift,24.0,96.0,False,True,True,0.5526675234827451,0.11241316962793488
L10_C010,L10,iddq,96,linear_drift,24.0,96.0,False,True,True,0.7607856460032228,0.5313148247696952
L10_C010,L10,iddq,168,linear_drift,24.0,96.0,False,True,True,1.0472748525499562,1.1079623619915813
L10_C010,L10,propagation_delay,0,linear_drift,24.0,96.0,False,True,True,4.499063360110241,0.0
L10_C010,L10,propagation_delay,24,linear_drift,24.0,96.0,False,True,True,4.625993126284466,0.02821248691441297
L10_C010,L10,propagation_delay,96,linear_drift,24.0,96.0,False,True,True,5.00678242480714,0.11284994765765169
L10_C010,L10,propagation_delay,168,linear_drift,24.0,96.0,False,True,True,5.387571723329815,0.1974874084008906
L10_C011,L10,leakage_current,0,stable,,,False,False,False,8.39188507373597,0.0
L10_C011,L10,leakage_current,24,stable,,,False,False,False,8.39188507373597,0.0
L10_C011,L10,leakage_current,96,stable,,,False,False,False,8.39188507373597,0.0
L10_C011,L10,leakage_current,168,stable,,,False,False,False,8.39188507373597,0.0
L10_C011,L10,iddq,0,stable,,,False,False,False,0.5938309878754852,0.0
L10_C011,L10,iddq,24,stable,,,False,False,False,0.5938309878754852,0.0
L10_C011,L10,iddq,96,stable,,,False,False,False,0.5938309878754852,0.0
L10_C011,L10,iddq,168,stable,,,False,False,False,0.5938309878754852,0.0
L10_C011,L10,propagation_delay,0,stable,,,False,False,False,4.272151183229198,0.0
L10_C011,L10,propagation_delay,24,stable,,,False,False,False,4.272151183229198,0.0
L10_C011,L10,propagation_delay,96,stable,,,False,False,False,4.272151183229198,0.0
L10_C011,L10,propagation_delay,168,stable,,,False,False,False,4.272151183229198,0.0
L10_C012,L10,leakage_current,0,stable,,,False,False,False,9.258340088792252,0.0
L10_C012,L10,leakage_current,24,stable,,,False,False,False,9.258340088792252,0.0
L10_C012,L10,leakage_current,96,stable,,,False,False,False,9.258340088792252,0.0
L10_C012,L10,leakage_current,168,stable,,,False,False,False,9.258340088792252,0.0
L10_C012,L10,iddq,0,stable,,,False,False,False,0.6702474936011504,0.0
L10_C012,L10,iddq,24,stable,,,False,False,False,0.6702474936011504,0.0
L10_C012,L10,iddq,96,stable,,,False,False,False,0.6702474936011504,0.0
L10_C012,L10,iddq,168,stable,,,False,False,False,0.6702474936011504,0.0
L10_C012,L10,propagation_delay,0,stable,,,False,False,False,4.684155187213431,0.0
L10_C012,L10,propagation_delay,24,stable,,,False,False,False,4.684155187213431,0.0
L10_C012,L10,propagation_delay,96,stable,,,False,False,False,4.684155187213431,0.0
L10_C012,L10,propagation_delay,168,stable,,,False,False,False,4.684155187213431,0.0
L10_C013,L10,leakage_current,0,stable,,,False,False,False,9.552403067034668,0.0
L10_C013,L10,leakage_current,24,stable,,,False,False,False,9.552403067034668,0.0
L10_C013,L10,leakage_current,96,stable,,,False,False,False,9.552403067034668,0.0
L10_C013,L10,leakage_current,168,stable,,,False,False,False,9.552403067034668,0.0
L10_C013,L10,iddq,0,stable,,,False,False,False,0.5658227957468022,0.0
L10_C013,L10,iddq,24,stable,,,False,False,False,0.5658227957468022,0.0
L10_C013,L10,iddq,96,stable,,,False,False,False,0.5658227957468022,0.0
L10_C013,L10,iddq,168,stable,,,False,False,False,0.5658227957468022,0.0
L10_C013,L10,propagation_delay,0,stable,,,False,False,False,4.177860063338735,0.0
L10_C013,L10,propagation_delay,24,stable,,,False,False,False,4.177860063338735,0.0
L10_C013,L10,propagation_delay,96,stable,,,False,False,False,4.177860063338735,0.0
L10_C013,L10,propagation_delay,168,stable,,,False,False,False,4.177860063338735,0.0
L10_C014,L10,leakage_current,0,high_but_stable,,0.0,True,True,True,14.711355181354579,0.0
L10_C014,L10,leakage_current,24,high_but_stable,,0.0,True,True,True,14.711355181354579,0.0
L10_C014,L10,leakage_current,96,high_but_stable,,0.0,True,True,True,14.711355181354579,0.0
L10_C014,L10,leakage_current,168,high_but_stable,,0.0,True,True,True,14.711355181354579,0.0
L10_C014,L10,iddq,0,high_but_stable,,0.0,True,True,True,0.754929295190345,0.0
L10_C014,L10,iddq,24,high_but_stable,,0.0,True,True,True,0.754929295190345,0.0
L10_C014,L10,iddq,96,high_but_stable,,0.0,True,True,True,0.754929295190345,0.0
L10_C014,L10,iddq,168,high_but_stable,,0.0,True,True,True,0.754929295190345,0.0
L10_C014,L10,propagation_delay,0,high_but_stable,,0.0,True,True,True,5.712026559399363,0.0
L10_C014,L10,propagation_delay,24,high_but_stable,,0.0,True,True,True,5.712026559399363,0.0
L10_C014,L10,propagation_delay,96,high_but_stable,,0.0,True,True,True,5.712026559399363,0.0
L10_C014,L10,propagation_delay,168,high_but_stable,,0.0,True,True,True,5.712026559399363,0.0
L10_C015,L10,leakage_current,0,stable,,,False,False,False,9.455783382498709,0.0
L10_C015,L10,leakage_current,24,stable,,,False,False,False,9.455783382498709,0.0
L10_C015,L10,leakage_current,96,stable,,,False,False,False,9.455783382498709,0.0
L10_C015,L10,leakage_current,168,stable,,,False,False,False,9.455783382498709,0.0
L10_C015,L10,iddq,0,stable,,,False,False,False,0.4545795903225314,0.0
L10_C015,L10,iddq,24,stable,,,False,False,False,0.4545795903225314,0.0
L10_C015,L10,iddq,96,stable,,,False,False,False,0.4545795903225314,0.0
L10_C015,L10,iddq,168,stable,,,False,False,False,0.4545795903225314,0.0
L10_C015,L10,propagation_delay,0,stable,,,False,False,False,5.232052853914189,0.0
L10_C015,L10,propagation_delay,24,stable,,,False,False,False,5.232052853914189,0.0
L10_C015,L10,propagation_delay,96,stable,,,False,False,False,5.232052853914189,0.0
L10_C015,L10,propagation_delay,168,stable,,,False,False,False,5.232052853914189,0.0
L10_C016,L10,leakage_current,0,stable,,,False,False,False,9.389978055754817,0.0
L10_C016,L10,leakage_current,24,stable,,,False,False,False,9.389978055754817,0.0
L10_C016,L10,leakage_current,96,stable,,,False,False,False,9.389978055754817,0.0
L10_C016,L10,leakage_current,168,stable,,,False,False,False,9.389978055754817,0.0
L10_C016,L10,iddq,0,stable,,,False,False,False,0.5554455944559188,0.0
L10_C016,L10,iddq,24,stable,,,False,False,False,0.5554455944559188,0.0
L10_C016,L10,iddq,96,stable,,,False,False,False,0.5554455944559188,0.0
L10_C016,L10,iddq,168,stable,,,False,False,False,0.5554455944559188,0.0
L10_C016,L10,propagation_delay,0,stable,,,False,False,False,4.868853950636551,0.0
L10_C016,L10,propagation_delay,24,stable,,,False,False,False,4.868853950636551,0.0
L10_C016,L10,propagation_delay,96,stable,,,False,False,False,4.868853950636551,0.0
L10_C016,L10,propagation_delay,168,stable,,,False,False,False,4.868853950636551,0.0
L10_C017,L10,leakage_current,0,stable,,,False,False,False,7.093140521282631,0.0
L10_C017,L10,leakage_current,24,stable,,,False,False,False,7.093140521282631,0.0
L10_C017,L10,leakage_current,96,stable,,,False,False,False,7.093140521282631,0.0
L10_C017,L10,leakage_current,168,stable,,,False,False,False,7.093140521282631,0.0
L10_C017,L10,iddq,0,stable,,,False,False,False,0.5039263833828961,0.0
L10_C017,L10,iddq,24,stable,,,False,False,False,0.5039263833828961,0.0
L10_C017,L10,iddq,96,stable,,,False,False,False,0.5039263833828961,0.0
L10_C017,L10,iddq,168,stable,,,False,False,False,0.5039263833828961,0.0
L10_C017,L10,propagation_delay,0,stable,,,False,False,False,5.103314537424813,0.0
L10_C017,L10,propagation_delay,24,stable,,,False,False,False,5.103314537424813,0.0
L10_C017,L10,propagation_delay,96,stable,,,False,False,False,5.103314537424813,0.0
L10_C017,L10,propagation_delay,168,stable,,,False,False,False,5.103314537424813,0.0
L10_C018,L10,leakage_current,0,stable,,,False,False,False,6.712316028086532,0.0
L10_C018,L10,leakage_current,24,stable,,,False,False,False,6.712316028086532,0.0
L10_C018,L10,leakage_current,96,stable,,,False,False,False,6.712316028086532,0.0
L10_C018,L10,leakage_current,168,stable,,,False,False,False,6.712316028086532,0.0
L10_C018,L10,iddq,0,stable,,,False,False,False,0.43645718910232423,0.0
L10_C018,L10,iddq,24,stable,,,False,False,False,0.43645718910232423,0.0
L10_C018,L10,iddq,96,stable,,,False,False,False,0.43645718910232423,0.0
L10_C018,L10,iddq,168,stable,,,False,False,False,0.43645718910232423,0.0
L10_C018,L10,propagation_delay,0,stable,,,False,False,False,4.507839493290577,0.0
L10_C018,L10,propagation_delay,24,stable,,,False,False,False,4.507839493290577,0.0
L10_C018,L10,propagation_delay,96,stable,,,False,False,False,4.507839493290577,0.0
L10_C018,L10,propagation_delay,168,stable,,,False,False,False,4.507839493290577,0.0
L10_C019,L10,leakage_current,0,stable,,,False,False,False,8.996930509424287,0.0
L10_C019,L10,leakage_current,24,stable,,,False,False,False,8.996930509424287,0.0
L10_C019,L10,leakage_current,96,stable,,,False,False,False,8.996930509424287,0.0
L10_C019,L10,leakage_current,168,stable,,,False,False,False,8.996930509424287,0.0
L10_C019,L10,iddq,0,stable,,,False,False,False,0.5245736041385289,0.0
L10_C019,L10,iddq,24,stable,,,False,False,False,0.5245736041385289,0.0
L10_C019,L10,iddq,96,stable,,,False,False,False,0.5245736041385289,0.0
L10_C019,L10,iddq,168,stable,,,False,False,False,0.5245736041385289,0.0
L10_C019,L10,propagation_delay,0,stable,,,False,False,False,4.494184809745155,0.0
L10_C019,L10,propagation_delay,24,stable,,,False,False,False,4.494184809745155,0.0
L10_C019,L10,propagation_delay,96,stable,,,False,False,False,4.494184809745155,0.0
L10_C019,L10,propagation_delay,168,stable,,,False,False,False,4.494184809745155,0.0
L10_C020,L10,leakage_current,0,stable,,,False,False,False,8.843586413282196,0.0
L10_C020,L10,leakage_current,24,stable,,,False,False,False,8.843586413282196,0.0
L10_C020,L10,leakage_current,96,stable,,,False,False,False,8.843586413282196,0.0
L10_C020,L10,leakage_current,168,stable,,,False,False,False,8.843586413282196,0.0
L10_C020,L10,iddq,0,stable,,,False,False,False,0.5723613179942166,0.0
L10_C020,L10,iddq,24,stable,,,False,False,False,0.5723613179942166,0.0
L10_C020,L10,iddq,96,stable,,,False,False,False,0.5723613179942166,0.0
L10_C020,L10,iddq,168,stable,,,False,False,False,0.5723613179942166,0.0
L10_C020,L10,propagation_delay,0,stable,,,False,False,False,4.19995177050093,0.0
L10_C020,L10,propagation_delay,24,stable,,,False,False,False,4.19995177050093,0.0
L10_C020,L10,propagation_delay,96,stable,,,False,False,False,4.19995177050093,0.0
L10_C020,L10,propagation_delay,168,stable,,,False,False,False,4.19995177050093,0.0
L10_C021,L10,leakage_current,0,stable,,,False,False,False,6.607281584719439,0.0
L10_C021,L10,leakage_current,24,stable,,,False,False,False,6.607281584719439,0.0
L10_C021,L10,leakage_current,96,stable,,,False,False,False,6.607281584719439,0.0
L10_C021,L10,leakage_current,168,stable,,,False,False,False,6.607281584719439,0.0
L10_C021,L10,iddq,0,stable,,,False,False,False,0.5077946488537957,0.0
L10_C021,L10,iddq,24,stable,,,False,False,False,0.5077946488537957,0.0
L10_C021,L10,iddq,96,stable,,,False,False,False,0.5077946488537957,0.0
L10_C021,L10,iddq,168,stable,,,False,False,False,0.5077946488537957,0.0
L10_C021,L10,propagation_delay,0,stable,,,False,False,False,4.813203401253819,0.0
L10_C021,L10,propagation_delay,24,stable,,,False,False,False,4.813203401253819,0.0
L10_C021,L10,propagation_delay,96,stable,,,False,False,False,4.813203401253819,0.0
L10_C021,L10,propagation_delay,168,stable,,,False,False,False,4.813203401253819,0.0
L10_C022,L10,leakage_current,0,stable,,,False,False,False,8.600671521785541,0.0
L10_C022,L10,leakage_current,24,stable,,,False,False,False,8.600671521785541,0.0
L10_C022,L10,leakage_current,96,stable,,,False,False,False,8.600671521785541,0.0
L10_C022,L10,leakage_current,168,stable,,,False,False,False,8.600671521785541,0.0
L10_C022,L10,iddq,0,stable,,,False,False,False,0.3900120462070057,0.0
L10_C022,L10,iddq,24,stable,,,False,False,False,0.3900120462070057,0.0
L10_C022,L10,iddq,96,stable,,,False,False,False,0.3900120462070057,0.0
L10_C022,L10,iddq,168,stable,,,False,False,False,0.3900120462070057,0.0
L10_C022,L10,propagation_delay,0,stable,,,False,False,False,4.319053255593834,0.0
L10_C022,L10,propagation_delay,24,stable,,,False,False,False,4.319053255593834,0.0
L10_C022,L10,propagation_delay,96,stable,,,False,False,False,4.319053255593834,0.0
L10_C022,L10,propagation_delay,168,stable,,,False,False,False,4.319053255593834,0.0
L10_C023,L10,leakage_current,0,stable,,,False,False,False,12.237320090594654,0.0
L10_C023,L10,leakage_current,24,stable,,,False,False,False,12.237320090594654,0.0
L10_C023,L10,leakage_current,96,stable,,,False,False,False,12.237320090594654,0.0
L10_C023,L10,leakage_current,168,stable,,,False,False,False,12.237320090594654,0.0
L10_C023,L10,iddq,0,stable,,,False,False,False,0.5018618436232347,0.0
L10_C023,L10,iddq,24,stable,,,False,False,False,0.5018618436232347,0.0
L10_C023,L10,iddq,96,stable,,,False,False,False,0.5018618436232347,0.0
L10_C023,L10,iddq,168,stable,,,False,False,False,0.5018618436232347,0.0
L10_C023,L10,propagation_delay,0,stable,,,False,False,False,4.597651526437975,0.0
L10_C023,L10,propagation_delay,24,stable,,,False,False,False,4.597651526437975,0.0
L10_C023,L10,propagation_delay,96,stable,,,False,False,False,4.597651526437975,0.0
L10_C023,L10,propagation_delay,168,stable,,,False,False,False,4.597651526437975,0.0
L10_C024,L10,leakage_current,0,stable,,,False,False,False,7.7528727708976195,0.0
L10_C024,L10,leakage_current,24,stable,,,False,False,False,7.7528727708976195,0.0
L10_C024,L10,leakage_current,96,stable,,,False,False,False,7.7528727708976195,0.0
L10_C024,L10,leakage_current,168,stable,,,False,False,False,7.7528727708976195,0.0
L10_C024,L10,iddq,0,stable,,,False,False,False,0.49604731054179185,0.0
L10_C024,L10,iddq,24,stable,,,False,False,False,0.49604731054179185,0.0
L10_C024,L10,iddq,96,stable,,,False,False,False,0.49604731054179185,0.0
L10_C024,L10,iddq,168,stable,,,False,False,False,0.49604731054179185,0.0
L10_C024,L10,propagation_delay,0,stable,,,False,False,False,4.661669064231328,0.0
L10_C024,L10,propagation_delay,24,stable,,,False,False,False,4.661669064231328,0.0
L10_C024,L10,propagation_delay,96,stable,,,False,False,False,4.661669064231328,0.0
L10_C024,L10,propagation_delay,168,stable,,,False,False,False,4.661669064231328,0.0
L10_C025,L10,leakage_current,0,stable,,,False,False,False,12.503025159224022,0.0
L10_C025,L10,leakage_current,24,stable,,,False,False,False,12.503025159224022,0.0
L10_C025,L10,leakage_current,96,stable,,,False,False,False,12.503025159224022,0.0
L10_C025,L10,leakage_current,168,stable,,,False,False,False,12.503025159224022,0.0
L10_C025,L10,iddq,0,stable,,,False,False,False,0.553486037254187,0.0
L10_C025,L10,iddq,24,stable,,,False,False,False,0.553486037254187,0.0
L10_C025,L10,iddq,96,stable,,,False,False,False,0.553486037254187,0.0
L10_C025,L10,iddq,168,stable,,,False,False,False,0.553486037254187,0.0
L10_C025,L10,propagation_delay,0,stable,,,False,False,False,5.160329488737203,0.0
L10_C025,L10,propagation_delay,24,stable,,,False,False,False,5.160329488737203,0.0
L10_C025,L10,propagation_delay,96,stable,,,False,False,False,5.160329488737203,0.0
L10_C025,L10,propagation_delay,168,stable,,,False,False,False,5.160329488737203,0.0
L10_C026,L10,leakage_current,0,stable,,,False,False,False,7.965114314986946,0.0
L10_C026,L10,leakage_current,24,stable,,,False,False,False,7.965114314986946,0.0
L10_C026,L10,leakage_current,96,stable,,,False,False,False,7.965114314986946,0.0
L10_C026,L10,leakage_current,168,stable,,,False,False,False,7.965114314986946,0.0
L10_C026,L10,iddq,0,stable,,,False,False,False,0.4770359199692559,0.0
L10_C026,L10,iddq,24,stable,,,False,False,False,0.4770359199692559,0.0
L10_C026,L10,iddq,96,stable,,,False,False,False,0.4770359199692559,0.0
L10_C026,L10,iddq,168,stable,,,False,False,False,0.4770359199692559,0.0
L10_C026,L10,propagation_delay,0,stable,,,False,False,False,4.828123262371291,0.0
L10_C026,L10,propagation_delay,24,stable,,,False,False,False,4.828123262371291,0.0
L10_C026,L10,propagation_delay,96,stable,,,False,False,False,4.828123262371291,0.0
L10_C026,L10,propagation_delay,168,stable,,,False,False,False,4.828123262371291,0.0
L10_C027,L10,leakage_current,0,stable,,,False,False,False,7.4240393728525875,0.0
L10_C027,L10,leakage_current,24,stable,,,False,False,False,7.4240393728525875,0.0
L10_C027,L10,leakage_current,96,stable,,,False,False,False,7.4240393728525875,0.0
L10_C027,L10,leakage_current,168,stable,,,False,False,False,7.4240393728525875,0.0
L10_C027,L10,iddq,0,stable,,,False,False,False,0.49441591909468263,0.0
L10_C027,L10,iddq,24,stable,,,False,False,False,0.49441591909468263,0.0
L10_C027,L10,iddq,96,stable,,,False,False,False,0.49441591909468263,0.0
L10_C027,L10,iddq,168,stable,,,False,False,False,0.49441591909468263,0.0
L10_C027,L10,propagation_delay,0,stable,,,False,False,False,4.944973796962614,0.0
L10_C027,L10,propagation_delay,24,stable,,,False,False,False,4.944973796962614,0.0
L10_C027,L10,propagation_delay,96,stable,,,False,False,False,4.944973796962614,0.0
L10_C027,L10,propagation_delay,168,stable,,,False,False,False,4.944973796962614,0.0
L10_C028,L10,leakage_current,0,stable,,,False,False,False,8.182914700657458,0.0
L10_C028,L10,leakage_current,24,stable,,,False,False,False,8.182914700657458,0.0
L10_C028,L10,leakage_current,96,stable,,,False,False,False,8.182914700657458,0.0
L10_C028,L10,leakage_current,168,stable,,,False,False,False,8.182914700657458,0.0
L10_C028,L10,iddq,0,stable,,,False,False,False,0.5541558046848287,0.0
L10_C028,L10,iddq,24,stable,,,False,False,False,0.5541558046848287,0.0
L10_C028,L10,iddq,96,stable,,,False,False,False,0.5541558046848287,0.0
L10_C028,L10,iddq,168,stable,,,False,False,False,0.5541558046848287,0.0
L10_C028,L10,propagation_delay,0,stable,,,False,False,False,4.643108046069475,0.0
L10_C028,L10,propagation_delay,24,stable,,,False,False,False,4.643108046069475,0.0
L10_C028,L10,propagation_delay,96,stable,,,False,False,False,4.643108046069475,0.0
L10_C028,L10,propagation_delay,168,stable,,,False,False,False,4.643108046069475,0.0
L10_C029,L10,leakage_current,0,stable,,,False,False,False,8.125193933475941,0.0
L10_C029,L10,leakage_current,24,stable,,,False,False,False,8.125193933475941,0.0
L10_C029,L10,leakage_current,96,stable,,,False,False,False,8.125193933475941,0.0
L10_C029,L10,leakage_current,168,stable,,,False,False,False,8.125193933475941,0.0
L10_C029,L10,iddq,0,stable,,,False,False,False,0.5561301069260881,0.0
L10_C029,L10,iddq,24,stable,,,False,False,False,0.5561301069260881,0.0
L10_C029,L10,iddq,96,stable,,,False,False,False,0.5561301069260881,0.0
L10_C029,L10,iddq,168,stable,,,False,False,False,0.5561301069260881,0.0
L10_C029,L10,propagation_delay,0,stable,,,False,False,False,4.433276264386714,0.0
L10_C029,L10,propagation_delay,24,stable,,,False,False,False,4.433276264386714,0.0
L10_C029,L10,propagation_delay,96,stable,,,False,False,False,4.433276264386714,0.0
L10_C029,L10,propagation_delay,168,stable,,,False,False,False,4.433276264386714,0.0
L10_C030,L10,leakage_current,0,stable,,,False,False,False,9.03139202480913,0.0
L10_C030,L10,leakage_current,24,stable,,,False,False,False,9.03139202480913,0.0
L10_C030,L10,leakage_current,96,stable,,,False,False,False,9.03139202480913,0.0
L10_C030,L10,leakage_current,168,stable,,,False,False,False,9.03139202480913,0.0
L10_C030,L10,iddq,0,stable,,,False,False,False,0.46987099208688693,0.0
L10_C030,L10,iddq,24,stable,,,False,False,False,0.46987099208688693,0.0
L10_C030,L10,iddq,96,stable,,,False,False,False,0.46987099208688693,0.0
L10_C030,L10,iddq,168,stable,,,False,False,False,0.46987099208688693,0.0
L10_C030,L10,propagation_delay,0,stable,,,False,False,False,4.942113004792313,0.0
L10_C030,L10,propagation_delay,24,stable,,,False,False,False,4.942113004792313,0.0
L10_C030,L10,propagation_delay,96,stable,,,False,False,False,4.942113004792313,0.0
L10_C030,L10,propagation_delay,168,stable,,,False,False,False,4.942113004792313,0.0
CANONICAL_C45,L11,leakage_current,0,high_but_stable,,0.0,True,True,True,45.0,0.0
CANONICAL_C45,L11,leakage_current,24,high_but_stable,,0.0,True,True,True,45.0,0.0
CANONICAL_C45,L11,leakage_current,96,high_but_stable,,0.0,True,True,True,45.0,0.0
CANONICAL_C45,L11,leakage_current,168,high_but_stable,,0.0,True,True,True,45.0,0.0
CANONICAL_C45,L11,iddq,0,stable,,,False,False,False,0.5953492700597964,0.0
CANONICAL_C45,L11,iddq,24,stable,,,False,False,False,0.5953492700597964,0.0
CANONICAL_C45,L11,iddq,96,stable,,,False,False,False,0.5953492700597964,0.0
CANONICAL_C45,L11,iddq,168,stable,,,False,False,False,0.5953492700597964,0.0
CANONICAL_C45,L11,propagation_delay,0,stable,,,False,False,False,4.825696096155177,0.0
CANONICAL_C45,L11,propagation_delay,24,stable,,,False,False,False,4.825696096155177,0.0
CANONICAL_C45,L11,propagation_delay,96,stable,,,False,False,False,4.825696096155177,0.0
CANONICAL_C45,L11,propagation_delay,168,stable,,,False,False,False,4.825696096155177,0.0
L11_C002,L11,leakage_current,0,stable,,,False,False,False,9.955372352866968,0.0
L11_C002,L11,leakage_current,24,stable,,,False,False,False,9.955372352866968,0.0
L11_C002,L11,leakage_current,96,stable,,,False,False,False,9.955372352866968,0.0
L11_C002,L11,leakage_current,168,stable,,,False,False,False,9.955372352866968,0.0
L11_C002,L11,iddq,0,stable,,,False,False,False,0.4869137084362256,0.0
L11_C002,L11,iddq,24,stable,,,False,False,False,0.4869137084362256,0.0
L11_C002,L11,iddq,96,stable,,,False,False,False,0.4869137084362256,0.0
L11_C002,L11,iddq,168,stable,,,False,False,False,0.4869137084362256,0.0
L11_C002,L11,propagation_delay,0,stable,,,False,False,False,5.124680225671317,0.0
L11_C002,L11,propagation_delay,24,stable,,,False,False,False,5.124680225671317,0.0
L11_C002,L11,propagation_delay,96,stable,,,False,False,False,5.124680225671317,0.0
L11_C002,L11,propagation_delay,168,stable,,,False,False,False,5.124680225671317,0.0
L11_C003,L11,leakage_current,0,stable,,,False,False,False,8.906918363112677,0.0
L11_C003,L11,leakage_current,24,stable,,,False,False,False,8.906918363112677,0.0
L11_C003,L11,leakage_current,96,stable,,,False,False,False,8.906918363112677,0.0
L11_C003,L11,leakage_current,168,stable,,,False,False,False,8.906918363112677,0.0
L11_C003,L11,iddq,0,stable,,,False,False,False,0.6437781501463399,0.0
L11_C003,L11,iddq,24,stable,,,False,False,False,0.6437781501463399,0.0
L11_C003,L11,iddq,96,stable,,,False,False,False,0.6437781501463399,0.0
L11_C003,L11,iddq,168,stable,,,False,False,False,0.6437781501463399,0.0
L11_C003,L11,propagation_delay,0,stable,,,False,False,False,4.976328993542498,0.0
L11_C003,L11,propagation_delay,24,stable,,,False,False,False,4.976328993542498,0.0
L11_C003,L11,propagation_delay,96,stable,,,False,False,False,4.976328993542498,0.0
L11_C003,L11,propagation_delay,168,stable,,,False,False,False,4.976328993542498,0.0
L11_C004,L11,leakage_current,0,stable,,,False,False,False,12.466970563255797,0.0
L11_C004,L11,leakage_current,24,stable,,,False,False,False,12.466970563255797,0.0
L11_C004,L11,leakage_current,96,stable,,,False,False,False,12.466970563255797,0.0
L11_C004,L11,leakage_current,168,stable,,,False,False,False,12.466970563255797,0.0
L11_C004,L11,iddq,0,stable,,,False,False,False,0.5261707850527041,0.0
L11_C004,L11,iddq,24,stable,,,False,False,False,0.5261707850527041,0.0
L11_C004,L11,iddq,96,stable,,,False,False,False,0.5261707850527041,0.0
L11_C004,L11,iddq,168,stable,,,False,False,False,0.5261707850527041,0.0
L11_C004,L11,propagation_delay,0,stable,,,False,False,False,4.8139679344134105,0.0
L11_C004,L11,propagation_delay,24,stable,,,False,False,False,4.8139679344134105,0.0
L11_C004,L11,propagation_delay,96,stable,,,False,False,False,4.8139679344134105,0.0
L11_C004,L11,propagation_delay,168,stable,,,False,False,False,4.8139679344134105,0.0
L11_C005,L11,leakage_current,0,stable,,,False,False,False,8.90242269640662,0.0
L11_C005,L11,leakage_current,24,stable,,,False,False,False,8.90242269640662,0.0
L11_C005,L11,leakage_current,96,stable,,,False,False,False,8.90242269640662,0.0
L11_C005,L11,leakage_current,168,stable,,,False,False,False,8.90242269640662,0.0
L11_C005,L11,iddq,0,stable,,,False,False,False,0.561058219948,0.0
L11_C005,L11,iddq,24,stable,,,False,False,False,0.561058219948,0.0
L11_C005,L11,iddq,96,stable,,,False,False,False,0.561058219948,0.0
L11_C005,L11,iddq,168,stable,,,False,False,False,0.561058219948,0.0
L11_C005,L11,propagation_delay,0,stable,,,False,False,False,5.254460294406736,0.0
L11_C005,L11,propagation_delay,24,stable,,,False,False,False,5.254460294406736,0.0
L11_C005,L11,propagation_delay,96,stable,,,False,False,False,5.254460294406736,0.0
L11_C005,L11,propagation_delay,168,stable,,,False,False,False,5.254460294406736,0.0
L11_C006,L11,leakage_current,0,stable,,,False,False,False,10.820841034278528,0.0
L11_C006,L11,leakage_current,24,stable,,,False,False,False,10.820841034278528,0.0
L11_C006,L11,leakage_current,96,stable,,,False,False,False,10.820841034278528,0.0
L11_C006,L11,leakage_current,168,stable,,,False,False,False,10.820841034278528,0.0
L11_C006,L11,iddq,0,stable,,,False,False,False,0.6478339614018587,0.0
L11_C006,L11,iddq,24,stable,,,False,False,False,0.6478339614018587,0.0
L11_C006,L11,iddq,96,stable,,,False,False,False,0.6478339614018587,0.0
L11_C006,L11,iddq,168,stable,,,False,False,False,0.6478339614018587,0.0
L11_C006,L11,propagation_delay,0,stable,,,False,False,False,4.861831414217094,0.0
L11_C006,L11,propagation_delay,24,stable,,,False,False,False,4.861831414217094,0.0
L11_C006,L11,propagation_delay,96,stable,,,False,False,False,4.861831414217094,0.0
L11_C006,L11,propagation_delay,168,stable,,,False,False,False,4.861831414217094,0.0
L11_C007,L11,leakage_current,0,stable,,,False,False,False,9.877964033907556,0.0
L11_C007,L11,leakage_current,24,stable,,,False,False,False,9.877964033907556,0.0
L11_C007,L11,leakage_current,96,stable,,,False,False,False,9.877964033907556,0.0
L11_C007,L11,leakage_current,168,stable,,,False,False,False,9.877964033907556,0.0
L11_C007,L11,iddq,0,stable,,,False,False,False,0.5934044730077674,0.0
L11_C007,L11,iddq,24,stable,,,False,False,False,0.5934044730077674,0.0
L11_C007,L11,iddq,96,stable,,,False,False,False,0.5934044730077674,0.0
L11_C007,L11,iddq,168,stable,,,False,False,False,0.5934044730077674,0.0
L11_C007,L11,propagation_delay,0,stable,,,False,False,False,5.1645135620057765,0.0
L11_C007,L11,propagation_delay,24,stable,,,False,False,False,5.1645135620057765,0.0
L11_C007,L11,propagation_delay,96,stable,,,False,False,False,5.1645135620057765,0.0
L11_C007,L11,propagation_delay,168,stable,,,False,False,False,5.1645135620057765,0.0
L11_C008,L11,leakage_current,0,stable,,,False,False,False,10.331217625322786,0.0
L11_C008,L11,leakage_current,24,stable,,,False,False,False,10.331217625322786,0.0
L11_C008,L11,leakage_current,96,stable,,,False,False,False,10.331217625322786,0.0
L11_C008,L11,leakage_current,168,stable,,,False,False,False,10.331217625322786,0.0
L11_C008,L11,iddq,0,stable,,,False,False,False,0.4744529370208527,0.0
L11_C008,L11,iddq,24,stable,,,False,False,False,0.4744529370208527,0.0
L11_C008,L11,iddq,96,stable,,,False,False,False,0.4744529370208527,0.0
L11_C008,L11,iddq,168,stable,,,False,False,False,0.4744529370208527,0.0
L11_C008,L11,propagation_delay,0,stable,,,False,False,False,5.53700591600664,0.0
L11_C008,L11,propagation_delay,24,stable,,,False,False,False,5.53700591600664,0.0
L11_C008,L11,propagation_delay,96,stable,,,False,False,False,5.53700591600664,0.0
L11_C008,L11,propagation_delay,168,stable,,,False,False,False,5.53700591600664,0.0
L11_C009,L11,leakage_current,0,stable,,,False,False,False,13.380778846396383,0.0
L11_C009,L11,leakage_current,24,stable,,,False,False,False,13.380778846396383,0.0
L11_C009,L11,leakage_current,96,stable,,,False,False,False,13.380778846396383,0.0
L11_C009,L11,leakage_current,168,stable,,,False,False,False,13.380778846396383,0.0
L11_C009,L11,iddq,0,stable,,,False,False,False,0.5656514179586488,0.0
L11_C009,L11,iddq,24,stable,,,False,False,False,0.5656514179586488,0.0
L11_C009,L11,iddq,96,stable,,,False,False,False,0.5656514179586488,0.0
L11_C009,L11,iddq,168,stable,,,False,False,False,0.5656514179586488,0.0
L11_C009,L11,propagation_delay,0,stable,,,False,False,False,4.442534932526806,0.0
L11_C009,L11,propagation_delay,24,stable,,,False,False,False,4.442534932526806,0.0
L11_C009,L11,propagation_delay,96,stable,,,False,False,False,4.442534932526806,0.0
L11_C009,L11,propagation_delay,168,stable,,,False,False,False,4.442534932526806,0.0
L11_C010,L11,leakage_current,0,high_but_stable,,0.0,True,True,True,17.747275531728267,0.0
L11_C010,L11,leakage_current,24,high_but_stable,,0.0,True,True,True,17.747275531728267,0.0
L11_C010,L11,leakage_current,96,high_but_stable,,0.0,True,True,True,17.747275531728267,0.0
L11_C010,L11,leakage_current,168,high_but_stable,,0.0,True,True,True,17.747275531728267,0.0
L11_C010,L11,iddq,0,high_but_stable,,0.0,True,True,True,0.8127973041425761,0.0
L11_C010,L11,iddq,24,high_but_stable,,0.0,True,True,True,0.8127973041425761,0.0
L11_C010,L11,iddq,96,high_but_stable,,0.0,True,True,True,0.8127973041425761,0.0
L11_C010,L11,iddq,168,high_but_stable,,0.0,True,True,True,0.8127973041425761,0.0
L11_C010,L11,propagation_delay,0,high_but_stable,,0.0,True,True,True,5.885959823391692,0.0
L11_C010,L11,propagation_delay,24,high_but_stable,,0.0,True,True,True,5.885959823391692,0.0
L11_C010,L11,propagation_delay,96,high_but_stable,,0.0,True,True,True,5.885959823391692,0.0
L11_C010,L11,propagation_delay,168,high_but_stable,,0.0,True,True,True,5.885959823391692,0.0
L11_C011,L11,leakage_current,0,stable,,,False,False,False,9.776999396590082,0.0
L11_C011,L11,leakage_current,24,stable,,,False,False,False,9.776999396590082,0.0
L11_C011,L11,leakage_current,96,stable,,,False,False,False,9.776999396590082,0.0
L11_C011,L11,leakage_current,168,stable,,,False,False,False,9.776999396590082,0.0
L11_C011,L11,iddq,0,stable,,,False,False,False,0.6166845357227222,0.0
L11_C011,L11,iddq,24,stable,,,False,False,False,0.6166845357227222,0.0
L11_C011,L11,iddq,96,stable,,,False,False,False,0.6166845357227222,0.0
L11_C011,L11,iddq,168,stable,,,False,False,False,0.6166845357227222,0.0
L11_C011,L11,propagation_delay,0,stable,,,False,False,False,5.221132929118185,0.0
L11_C011,L11,propagation_delay,24,stable,,,False,False,False,5.221132929118185,0.0
L11_C011,L11,propagation_delay,96,stable,,,False,False,False,5.221132929118185,0.0
L11_C011,L11,propagation_delay,168,stable,,,False,False,False,5.221132929118185,0.0
L11_C012,L11,leakage_current,0,stable,,,False,False,False,9.566296389624723,0.0
L11_C012,L11,leakage_current,24,stable,,,False,False,False,9.566296389624723,0.0
L11_C012,L11,leakage_current,96,stable,,,False,False,False,9.566296389624723,0.0
L11_C012,L11,leakage_current,168,stable,,,False,False,False,9.566296389624723,0.0
L11_C012,L11,iddq,0,stable,,,False,False,False,0.5468794309555826,0.0
L11_C012,L11,iddq,24,stable,,,False,False,False,0.5468794309555826,0.0
L11_C012,L11,iddq,96,stable,,,False,False,False,0.5468794309555826,0.0
L11_C012,L11,iddq,168,stable,,,False,False,False,0.5468794309555826,0.0
L11_C012,L11,propagation_delay,0,stable,,,False,False,False,5.36281529212257,0.0
L11_C012,L11,propagation_delay,24,stable,,,False,False,False,5.36281529212257,0.0
L11_C012,L11,propagation_delay,96,stable,,,False,False,False,5.36281529212257,0.0
L11_C012,L11,propagation_delay,168,stable,,,False,False,False,5.36281529212257,0.0
L11_C013,L11,leakage_current,0,stable,,,False,False,False,7.894175203519201,0.0
L11_C013,L11,leakage_current,24,stable,,,False,False,False,7.894175203519201,0.0
L11_C013,L11,leakage_current,96,stable,,,False,False,False,7.894175203519201,0.0
L11_C013,L11,leakage_current,168,stable,,,False,False,False,7.894175203519201,0.0
L11_C013,L11,iddq,0,stable,,,False,False,False,0.5375219062416009,0.0
L11_C013,L11,iddq,24,stable,,,False,False,False,0.5375219062416009,0.0
L11_C013,L11,iddq,96,stable,,,False,False,False,0.5375219062416009,0.0
L11_C013,L11,iddq,168,stable,,,False,False,False,0.5375219062416009,0.0
L11_C013,L11,propagation_delay,0,stable,,,False,False,False,5.123620796615103,0.0
L11_C013,L11,propagation_delay,24,stable,,,False,False,False,5.123620796615103,0.0
L11_C013,L11,propagation_delay,96,stable,,,False,False,False,5.123620796615103,0.0
L11_C013,L11,propagation_delay,168,stable,,,False,False,False,5.123620796615103,0.0
L11_C014,L11,leakage_current,0,stable,,,False,False,False,9.466195381696593,0.0
L11_C014,L11,leakage_current,24,stable,,,False,False,False,9.466195381696593,0.0
L11_C014,L11,leakage_current,96,stable,,,False,False,False,9.466195381696593,0.0
L11_C014,L11,leakage_current,168,stable,,,False,False,False,9.466195381696593,0.0
L11_C014,L11,iddq,0,stable,,,False,False,False,0.4406804827312753,0.0
L11_C014,L11,iddq,24,stable,,,False,False,False,0.4406804827312753,0.0
L11_C014,L11,iddq,96,stable,,,False,False,False,0.4406804827312753,0.0
L11_C014,L11,iddq,168,stable,,,False,False,False,0.4406804827312753,0.0
L11_C014,L11,propagation_delay,0,stable,,,False,False,False,4.598084116583975,0.0
L11_C014,L11,propagation_delay,24,stable,,,False,False,False,4.598084116583975,0.0
L11_C014,L11,propagation_delay,96,stable,,,False,False,False,4.598084116583975,0.0
L11_C014,L11,propagation_delay,168,stable,,,False,False,False,4.598084116583975,0.0
L11_C015,L11,leakage_current,0,stable,,,False,False,False,8.430882771102398,0.0
L11_C015,L11,leakage_current,24,stable,,,False,False,False,8.430882771102398,0.0
L11_C015,L11,leakage_current,96,stable,,,False,False,False,8.430882771102398,0.0
L11_C015,L11,leakage_current,168,stable,,,False,False,False,8.430882771102398,0.0
L11_C015,L11,iddq,0,stable,,,False,False,False,0.37361916712101945,0.0
L11_C015,L11,iddq,24,stable,,,False,False,False,0.37361916712101945,0.0
L11_C015,L11,iddq,96,stable,,,False,False,False,0.37361916712101945,0.0
L11_C015,L11,iddq,168,stable,,,False,False,False,0.37361916712101945,0.0
L11_C015,L11,propagation_delay,0,stable,,,False,False,False,4.985892666574128,0.0
L11_C015,L11,propagation_delay,24,stable,,,False,False,False,4.985892666574128,0.0
L11_C015,L11,propagation_delay,96,stable,,,False,False,False,4.985892666574128,0.0
L11_C015,L11,propagation_delay,168,stable,,,False,False,False,4.985892666574128,0.0
L11_C016,L11,leakage_current,0,stable,,,False,False,False,6.872575786436924,0.0
L11_C016,L11,leakage_current,24,stable,,,False,False,False,6.872575786436924,0.0
L11_C016,L11,leakage_current,96,stable,,,False,False,False,6.872575786436924,0.0
L11_C016,L11,leakage_current,168,stable,,,False,False,False,6.872575786436924,0.0
L11_C016,L11,iddq,0,stable,,,False,False,False,0.5502334969809588,0.0
L11_C016,L11,iddq,24,stable,,,False,False,False,0.5502334969809588,0.0
L11_C016,L11,iddq,96,stable,,,False,False,False,0.5502334969809588,0.0
L11_C016,L11,iddq,168,stable,,,False,False,False,0.5502334969809588,0.0
L11_C016,L11,propagation_delay,0,stable,,,False,False,False,4.649848618083441,0.0
L11_C016,L11,propagation_delay,24,stable,,,False,False,False,4.649848618083441,0.0
L11_C016,L11,propagation_delay,96,stable,,,False,False,False,4.649848618083441,0.0
L11_C016,L11,propagation_delay,168,stable,,,False,False,False,4.649848618083441,0.0
L11_C017,L11,leakage_current,0,stable,,,False,False,False,12.379501705544149,0.0
L11_C017,L11,leakage_current,24,stable,,,False,False,False,12.379501705544149,0.0
L11_C017,L11,leakage_current,96,stable,,,False,False,False,12.379501705544149,0.0
L11_C017,L11,leakage_current,168,stable,,,False,False,False,12.379501705544149,0.0
L11_C017,L11,iddq,0,stable,,,False,False,False,0.5823167666215925,0.0
L11_C017,L11,iddq,24,stable,,,False,False,False,0.5823167666215925,0.0
L11_C017,L11,iddq,96,stable,,,False,False,False,0.5823167666215925,0.0
L11_C017,L11,iddq,168,stable,,,False,False,False,0.5823167666215925,0.0
L11_C017,L11,propagation_delay,0,stable,,,False,False,False,4.385660065381293,0.0
L11_C017,L11,propagation_delay,24,stable,,,False,False,False,4.385660065381293,0.0
L11_C017,L11,propagation_delay,96,stable,,,False,False,False,4.385660065381293,0.0
L11_C017,L11,propagation_delay,168,stable,,,False,False,False,4.385660065381293,0.0
L11_C018,L11,leakage_current,0,stable,,,False,False,False,11.338962814434204,0.0
L11_C018,L11,leakage_current,24,stable,,,False,False,False,11.338962814434204,0.0
L11_C018,L11,leakage_current,96,stable,,,False,False,False,11.338962814434204,0.0
L11_C018,L11,leakage_current,168,stable,,,False,False,False,11.338962814434204,0.0
L11_C018,L11,iddq,0,stable,,,False,False,False,0.43883173852957497,0.0
L11_C018,L11,iddq,24,stable,,,False,False,False,0.43883173852957497,0.0
L11_C018,L11,iddq,96,stable,,,False,False,False,0.43883173852957497,0.0
L11_C018,L11,iddq,168,stable,,,False,False,False,0.43883173852957497,0.0
L11_C018,L11,propagation_delay,0,stable,,,False,False,False,5.2029976343306386,0.0
L11_C018,L11,propagation_delay,24,stable,,,False,False,False,5.2029976343306386,0.0
L11_C018,L11,propagation_delay,96,stable,,,False,False,False,5.2029976343306386,0.0
L11_C018,L11,propagation_delay,168,stable,,,False,False,False,5.2029976343306386,0.0
L11_C019,L11,leakage_current,0,stable,,,False,False,False,9.012721527711227,0.0
L11_C019,L11,leakage_current,24,stable,,,False,False,False,9.012721527711227,0.0
L11_C019,L11,leakage_current,96,stable,,,False,False,False,9.012721527711227,0.0
L11_C019,L11,leakage_current,168,stable,,,False,False,False,9.012721527711227,0.0
L11_C019,L11,iddq,0,stable,,,False,False,False,0.5159918480287017,0.0
L11_C019,L11,iddq,24,stable,,,False,False,False,0.5159918480287017,0.0
L11_C019,L11,iddq,96,stable,,,False,False,False,0.5159918480287017,0.0
L11_C019,L11,iddq,168,stable,,,False,False,False,0.5159918480287017,0.0
L11_C019,L11,propagation_delay,0,stable,,,False,False,False,5.094356031898207,0.0
L11_C019,L11,propagation_delay,24,stable,,,False,False,False,5.094356031898207,0.0
L11_C019,L11,propagation_delay,96,stable,,,False,False,False,5.094356031898207,0.0
L11_C019,L11,propagation_delay,168,stable,,,False,False,False,5.094356031898207,0.0
L11_C020,L11,leakage_current,0,stable,,,False,False,False,11.677433088341651,0.0
L11_C020,L11,leakage_current,24,stable,,,False,False,False,11.677433088341651,0.0
L11_C020,L11,leakage_current,96,stable,,,False,False,False,11.677433088341651,0.0
L11_C020,L11,leakage_current,168,stable,,,False,False,False,11.677433088341651,0.0
L11_C020,L11,iddq,0,stable,,,False,False,False,0.6187010237750885,0.0
L11_C020,L11,iddq,24,stable,,,False,False,False,0.6187010237750885,0.0
L11_C020,L11,iddq,96,stable,,,False,False,False,0.6187010237750885,0.0
L11_C020,L11,iddq,168,stable,,,False,False,False,0.6187010237750885,0.0
L11_C020,L11,propagation_delay,0,stable,,,False,False,False,5.214784923028943,0.0
L11_C020,L11,propagation_delay,24,stable,,,False,False,False,5.214784923028943,0.0
L11_C020,L11,propagation_delay,96,stable,,,False,False,False,5.214784923028943,0.0
L11_C020,L11,propagation_delay,168,stable,,,False,False,False,5.214784923028943,0.0
L11_C021,L11,leakage_current,0,stable,,,False,False,False,11.74033648331128,0.0
L11_C021,L11,leakage_current,24,stable,,,False,False,False,11.74033648331128,0.0
L11_C021,L11,leakage_current,96,stable,,,False,False,False,11.74033648331128,0.0
L11_C021,L11,leakage_current,168,stable,,,False,False,False,11.74033648331128,0.0
L11_C021,L11,iddq,0,stable,,,False,False,False,0.5254785176470307,0.0
L11_C021,L11,iddq,24,stable,,,False,False,False,0.5254785176470307,0.0
L11_C021,L11,iddq,96,stable,,,False,False,False,0.5254785176470307,0.0
L11_C021,L11,iddq,168,stable,,,False,False,False,0.5254785176470307,0.0
L11_C021,L11,propagation_delay,0,stable,,,False,False,False,5.197834089868227,0.0
L11_C021,L11,propagation_delay,24,stable,,,False,False,False,5.197834089868227,0.0
L11_C021,L11,propagation_delay,96,stable,,,False,False,False,5.197834089868227,0.0
L11_C021,L11,propagation_delay,168,stable,,,False,False,False,5.197834089868227,0.0
L11_C022,L11,leakage_current,0,abrupt_failure,168.0,168.0,False,False,True,6.7134118760160195,0.0
L11_C022,L11,leakage_current,24,abrupt_failure,168.0,168.0,False,False,True,6.7134118760160195,0.0
L11_C022,L11,leakage_current,96,abrupt_failure,168.0,168.0,False,False,True,6.7134118760160195,0.0
L11_C022,L11,leakage_current,168,abrupt_failure,168.0,168.0,False,False,True,182.75990172398022,26.223102812580084
L11_C022,L11,iddq,0,abrupt_failure,96.0,96.0,False,True,True,0.4897740413183277,0.0
L11_C022,L11,iddq,24,abrupt_failure,96.0,96.0,False,True,True,0.4897740413183277,0.0
L11_C022,L11,iddq,96,abrupt_failure,96.0,96.0,False,True,True,14.3360649945877,28.270773428496188
L11_C022,L11,iddq,168,abrupt_failure,96.0,96.0,False,True,True,14.3360649945877,28.270773428496188
L11_C022,L11,propagation_delay,0,abrupt_failure,96.0,96.0,False,True,True,5.148123310652039,0.0
L11_C022,L11,propagation_delay,24,abrupt_failure,96.0,96.0,False,True,True,5.148123310652039,0.0
L11_C022,L11,propagation_delay,96,abrupt_failure,96.0,96.0,False,True,True,12.118826335387237,1.3540279834230151
L11_C022,L11,propagation_delay,168,abrupt_failure,96.0,96.0,False,True,True,12.118826335387237,1.3540279834230151
L11_C023,L11,leakage_current,0,stable,,,False,False,False,9.844263765266309,0.0
L11_C023,L11,leakage_current,24,stable,,,False,False,False,9.844263765266309,0.0
L11_C023,L11,leakage_current,96,stable,,,False,False,False,9.844263765266309,0.0
L11_C023,L11,leakage_current,168,stable,,,False,False,False,9.844263765266309,0.0
L11_C023,L11,iddq,0,stable,,,False,False,False,0.42950388819025026,0.0
L11_C023,L11,iddq,24,stable,,,False,False,False,0.42950388819025026,0.0
L11_C023,L11,iddq,96,stable,,,False,False,False,0.42950388819025026,0.0
L11_C023,L11,iddq,168,stable,,,False,False,False,0.42950388819025026,0.0
L11_C023,L11,propagation_delay,0,stable,,,False,False,False,4.645129934410105,0.0
L11_C023,L11,propagation_delay,24,stable,,,False,False,False,4.645129934410105,0.0
L11_C023,L11,propagation_delay,96,stable,,,False,False,False,4.645129934410105,0.0
L11_C023,L11,propagation_delay,168,stable,,,False,False,False,4.645129934410105,0.0
L11_C024,L11,leakage_current,0,stable,,,False,False,False,10.961250287578913,0.0
L11_C024,L11,leakage_current,24,stable,,,False,False,False,10.961250287578913,0.0
L11_C024,L11,leakage_current,96,stable,,,False,False,False,10.961250287578913,0.0
L11_C024,L11,leakage_current,168,stable,,,False,False,False,10.961250287578913,0.0
L11_C024,L11,iddq,0,stable,,,False,False,False,0.4947937786437328,0.0
L11_C024,L11,iddq,24,stable,,,False,False,False,0.4947937786437328,0.0
L11_C024,L11,iddq,96,stable,,,False,False,False,0.4947937786437328,0.0
L11_C024,L11,iddq,168,stable,,,False,False,False,0.4947937786437328,0.0
L11_C024,L11,propagation_delay,0,stable,,,False,False,False,5.33576161561161,0.0
L11_C024,L11,propagation_delay,24,stable,,,False,False,False,5.33576161561161,0.0
L11_C024,L11,propagation_delay,96,stable,,,False,False,False,5.33576161561161,0.0
L11_C024,L11,propagation_delay,168,stable,,,False,False,False,5.33576161561161,0.0
L11_C025,L11,leakage_current,0,stable,,,False,False,False,8.992726649293637,0.0
L11_C025,L11,leakage_current,24,stable,,,False,False,False,8.992726649293637,0.0
L11_C025,L11,leakage_current,96,stable,,,False,False,False,8.992726649293637,0.0
L11_C025,L11,leakage_current,168,stable,,,False,False,False,8.992726649293637,0.0
L11_C025,L11,iddq,0,stable,,,False,False,False,0.5051092527727957,0.0
L11_C025,L11,iddq,24,stable,,,False,False,False,0.5051092527727957,0.0
L11_C025,L11,iddq,96,stable,,,False,False,False,0.5051092527727957,0.0
L11_C025,L11,iddq,168,stable,,,False,False,False,0.5051092527727957,0.0
L11_C025,L11,propagation_delay,0,stable,,,False,False,False,4.843403281514012,0.0
L11_C025,L11,propagation_delay,24,stable,,,False,False,False,4.843403281514012,0.0
L11_C025,L11,propagation_delay,96,stable,,,False,False,False,4.843403281514012,0.0
L11_C025,L11,propagation_delay,168,stable,,,False,False,False,4.843403281514012,0.0
L11_C026,L11,leakage_current,0,stable,,,False,False,False,8.100728138353027,0.0
L11_C026,L11,leakage_current,24,stable,,,False,False,False,8.100728138353027,0.0
L11_C026,L11,leakage_current,96,stable,,,False,False,False,8.100728138353027,0.0
L11_C026,L11,leakage_current,168,stable,,,False,False,False,8.100728138353027,0.0
L11_C026,L11,iddq,0,stable,,,False,False,False,0.6532726130409234,0.0
L11_C026,L11,iddq,24,stable,,,False,False,False,0.6532726130409234,0.0
L11_C026,L11,iddq,96,stable,,,False,False,False,0.6532726130409234,0.0
L11_C026,L11,iddq,168,stable,,,False,False,False,0.6532726130409234,0.0
L11_C026,L11,propagation_delay,0,stable,,,False,False,False,4.696926329878914,0.0
L11_C026,L11,propagation_delay,24,stable,,,False,False,False,4.696926329878914,0.0
L11_C026,L11,propagation_delay,96,stable,,,False,False,False,4.696926329878914,0.0
L11_C026,L11,propagation_delay,168,stable,,,False,False,False,4.696926329878914,0.0
L11_C027,L11,leakage_current,0,stable,,,False,False,False,10.788884707183449,0.0
L11_C027,L11,leakage_current,24,stable,,,False,False,False,10.788884707183449,0.0
L11_C027,L11,leakage_current,96,stable,,,False,False,False,10.788884707183449,0.0
L11_C027,L11,leakage_current,168,stable,,,False,False,False,10.788884707183449,0.0
L11_C027,L11,iddq,0,stable,,,False,False,False,0.5895274201349743,0.0
L11_C027,L11,iddq,24,stable,,,False,False,False,0.5895274201349743,0.0
L11_C027,L11,iddq,96,stable,,,False,False,False,0.5895274201349743,0.0
L11_C027,L11,iddq,168,stable,,,False,False,False,0.5895274201349743,0.0
L11_C027,L11,propagation_delay,0,stable,,,False,False,False,5.1808203911601876,0.0
L11_C027,L11,propagation_delay,24,stable,,,False,False,False,5.1808203911601876,0.0
L11_C027,L11,propagation_delay,96,stable,,,False,False,False,5.1808203911601876,0.0
L11_C027,L11,propagation_delay,168,stable,,,False,False,False,5.1808203911601876,0.0
L11_C028,L11,leakage_current,0,stable,,,False,False,False,13.00341537954375,0.0
L11_C028,L11,leakage_current,24,stable,,,False,False,False,13.00341537954375,0.0
L11_C028,L11,leakage_current,96,stable,,,False,False,False,13.00341537954375,0.0
L11_C028,L11,leakage_current,168,stable,,,False,False,False,13.00341537954375,0.0
L11_C028,L11,iddq,0,stable,,,False,False,False,0.43934912130087656,0.0
L11_C028,L11,iddq,24,stable,,,False,False,False,0.43934912130087656,0.0
L11_C028,L11,iddq,96,stable,,,False,False,False,0.43934912130087656,0.0
L11_C028,L11,iddq,168,stable,,,False,False,False,0.43934912130087656,0.0
L11_C028,L11,propagation_delay,0,stable,,,False,False,False,4.773344720041865,0.0
L11_C028,L11,propagation_delay,24,stable,,,False,False,False,4.773344720041865,0.0
L11_C028,L11,propagation_delay,96,stable,,,False,False,False,4.773344720041865,0.0
L11_C028,L11,propagation_delay,168,stable,,,False,False,False,4.773344720041865,0.0
L11_C029,L11,leakage_current,0,stable,,,False,False,False,10.360640028581749,0.0
L11_C029,L11,leakage_current,24,stable,,,False,False,False,10.360640028581749,0.0
L11_C029,L11,leakage_current,96,stable,,,False,False,False,10.360640028581749,0.0
L11_C029,L11,leakage_current,168,stable,,,False,False,False,10.360640028581749,0.0
L11_C029,L11,iddq,0,stable,,,False,False,False,0.5983504496065927,0.0
L11_C029,L11,iddq,24,stable,,,False,False,False,0.5983504496065927,0.0
L11_C029,L11,iddq,96,stable,,,False,False,False,0.5983504496065927,0.0
L11_C029,L11,iddq,168,stable,,,False,False,False,0.5983504496065927,0.0
L11_C029,L11,propagation_delay,0,stable,,,False,False,False,4.973870451712521,0.0
L11_C029,L11,propagation_delay,24,stable,,,False,False,False,4.973870451712521,0.0
L11_C029,L11,propagation_delay,96,stable,,,False,False,False,4.973870451712521,0.0
L11_C029,L11,propagation_delay,168,stable,,,False,False,False,4.973870451712521,0.0
L11_C030,L11,leakage_current,0,stable,,,False,False,False,7.46050110215355,0.0
L11_C030,L11,leakage_current,24,stable,,,False,False,False,7.46050110215355,0.0
L11_C030,L11,leakage_current,96,stable,,,False,False,False,7.46050110215355,0.0
L11_C030,L11,leakage_current,168,stable,,,False,False,False,7.46050110215355,0.0
L11_C030,L11,iddq,0,stable,,,False,False,False,0.6265665949273523,0.0
L11_C030,L11,iddq,24,stable,,,False,False,False,0.6265665949273523,0.0
L11_C030,L11,iddq,96,stable,,,False,False,False,0.6265665949273523,0.0
L11_C030,L11,iddq,168,stable,,,False,False,False,0.6265665949273523,0.0
L11_C030,L11,propagation_delay,0,stable,,,False,False,False,4.75959764502832,0.0
L11_C030,L11,propagation_delay,24,stable,,,False,False,False,4.75959764502832,0.0
L11_C030,L11,propagation_delay,96,stable,,,False,False,False,4.75959764502832,0.0
L11_C030,L11,propagation_delay,168,stable,,,False,False,False,4.75959764502832,0.0
L12_C001,L12,leakage_current,0,high_but_stable,,0.0,True,True,True,19.940242610752726,0.0
L12_C001,L12,leakage_current,24,high_but_stable,,0.0,True,True,True,19.940242610752726,0.0
L12_C001,L12,leakage_current,96,high_but_stable,,0.0,True,True,True,19.940242610752726,0.0
L12_C001,L12,leakage_current,168,high_but_stable,,0.0,True,True,True,19.940242610752726,0.0
L12_C001,L12,iddq,0,high_but_stable,,0.0,True,True,True,0.8188601527457847,0.0
L12_C001,L12,iddq,24,high_but_stable,,0.0,True,True,True,0.8188601527457847,0.0
L12_C001,L12,iddq,96,high_but_stable,,0.0,True,True,True,0.8188601527457847,0.0
L12_C001,L12,iddq,168,high_but_stable,,0.0,True,True,True,0.8188601527457847,0.0
L12_C001,L12,propagation_delay,0,high_but_stable,,0.0,True,True,True,5.963854937259933,0.0
L12_C001,L12,propagation_delay,24,high_but_stable,,0.0,True,True,True,5.963854937259933,0.0
L12_C001,L12,propagation_delay,96,high_but_stable,,0.0,True,True,True,5.963854937259933,0.0
L12_C001,L12,propagation_delay,168,high_but_stable,,0.0,True,True,True,5.963854937259933,0.0
L12_C002,L12,leakage_current,0,stable,,,False,False,False,11.964097747174568,0.0
L12_C002,L12,leakage_current,24,stable,,,False,False,False,11.964097747174568,0.0
L12_C002,L12,leakage_current,96,stable,,,False,False,False,11.964097747174568,0.0
L12_C002,L12,leakage_current,168,stable,,,False,False,False,11.964097747174568,0.0
L12_C002,L12,iddq,0,stable,,,False,False,False,0.43578338697117647,0.0
L12_C002,L12,iddq,24,stable,,,False,False,False,0.43578338697117647,0.0
L12_C002,L12,iddq,96,stable,,,False,False,False,0.43578338697117647,0.0
L12_C002,L12,iddq,168,stable,,,False,False,False,0.43578338697117647,0.0
L12_C002,L12,propagation_delay,0,stable,,,False,False,False,5.129933525682401,0.0
L12_C002,L12,propagation_delay,24,stable,,,False,False,False,5.129933525682401,0.0
L12_C002,L12,propagation_delay,96,stable,,,False,False,False,5.129933525682401,0.0
L12_C002,L12,propagation_delay,168,stable,,,False,False,False,5.129933525682401,0.0
L12_C003,L12,leakage_current,0,stable,,,False,False,False,12.060512273634464,0.0
L12_C003,L12,leakage_current,24,stable,,,False,False,False,12.060512273634464,0.0
L12_C003,L12,leakage_current,96,stable,,,False,False,False,12.060512273634464,0.0
L12_C003,L12,leakage_current,168,stable,,,False,False,False,12.060512273634464,0.0
L12_C003,L12,iddq,0,stable,,,False,False,False,0.5708471462005905,0.0
L12_C003,L12,iddq,24,stable,,,False,False,False,0.5708471462005905,0.0
L12_C003,L12,iddq,96,stable,,,False,False,False,0.5708471462005905,0.0
L12_C003,L12,iddq,168,stable,,,False,False,False,0.5708471462005905,0.0
L12_C003,L12,propagation_delay,0,stable,,,False,False,False,4.498026842116428,0.0
L12_C003,L12,propagation_delay,24,stable,,,False,False,False,4.498026842116428,0.0
L12_C003,L12,propagation_delay,96,stable,,,False,False,False,4.498026842116428,0.0
L12_C003,L12,propagation_delay,168,stable,,,False,False,False,4.498026842116428,0.0
L12_C004,L12,leakage_current,0,stable,,,False,False,False,11.620663787494745,0.0
L12_C004,L12,leakage_current,24,stable,,,False,False,False,11.620663787494745,0.0
L12_C004,L12,leakage_current,96,stable,,,False,False,False,11.620663787494745,0.0
L12_C004,L12,leakage_current,168,stable,,,False,False,False,11.620663787494745,0.0
L12_C004,L12,iddq,0,stable,,,False,False,False,0.46742491039177686,0.0
L12_C004,L12,iddq,24,stable,,,False,False,False,0.46742491039177686,0.0
L12_C004,L12,iddq,96,stable,,,False,False,False,0.46742491039177686,0.0
L12_C004,L12,iddq,168,stable,,,False,False,False,0.46742491039177686,0.0
L12_C004,L12,propagation_delay,0,stable,,,False,False,False,5.8180181864823135,0.0
L12_C004,L12,propagation_delay,24,stable,,,False,False,False,5.8180181864823135,0.0
L12_C004,L12,propagation_delay,96,stable,,,False,False,False,5.8180181864823135,0.0
L12_C004,L12,propagation_delay,168,stable,,,False,False,False,5.8180181864823135,0.0
L12_C005,L12,leakage_current,0,stable,,,False,False,False,13.708156787601087,0.0
L12_C005,L12,leakage_current,24,stable,,,False,False,False,13.708156787601087,0.0
L12_C005,L12,leakage_current,96,stable,,,False,False,False,13.708156787601087,0.0
L12_C005,L12,leakage_current,168,stable,,,False,False,False,13.708156787601087,0.0
L12_C005,L12,iddq,0,stable,,,False,False,False,0.6084205739521679,0.0
L12_C005,L12,iddq,24,stable,,,False,False,False,0.6084205739521679,0.0
L12_C005,L12,iddq,96,stable,,,False,False,False,0.6084205739521679,0.0
L12_C005,L12,iddq,168,stable,,,False,False,False,0.6084205739521679,0.0
L12_C005,L12,propagation_delay,0,stable,,,False,False,False,4.612255042170634,0.0
L12_C005,L12,propagation_delay,24,stable,,,False,False,False,4.612255042170634,0.0
L12_C005,L12,propagation_delay,96,stable,,,False,False,False,4.612255042170634,0.0
L12_C005,L12,propagation_delay,168,stable,,,False,False,False,4.612255042170634,0.0
L13_C001,L13,leakage_current,0,linear_drift,24.0,96.0,False,True,True,10.773080094205199,0.0
L13_C001,L13,leakage_current,24,linear_drift,24.0,96.0,False,True,True,11.944479965463806,0.10873397960613877
L13_C001,L13,leakage_current,96,linear_drift,24.0,96.0,False,True,True,16.279809524155098,0.5111564549596127
L13_C001,L13,leakage_current,168,linear_drift,24.0,96.0,False,True,True,22.188676184236027,1.0596408817355063
L13_C001,L13,iddq,0,linear_drift,24.0,96.0,False,True,True,0.7144036253123238,0.0
L13_C001,L13,iddq,24,linear_drift,24.0,96.0,False,True,True,0.7828827598189991,0.09585496500908365
L13_C001,L13,iddq,96,linear_drift,24.0,96.0,False,True,True,1.0302816582644654,0.44215625699554034
L13_C001,L13,iddq,168,linear_drift,24.0,96.0,False,True,True,1.3558611197436368,0.8978922722443909
L13_C001,L13,propagation_delay,0,linear_drift,24.0,96.0,False,True,True,4.377512746878938,0.0
L13_C001,L13,propagation_delay,24,linear_drift,24.0,96.0,False,True,True,4.502249716895878,0.028494941586606357
L13_C001,L13,propagation_delay,96,linear_drift,24.0,96.0,False,True,True,4.876460626946699,0.11397976634642562
L13_C001,L13,propagation_delay,168,linear_drift,24.0,96.0,False,True,True,5.250671536997521,0.1994645911062451
L13_C002,L13,leakage_current,0,stable,,,False,False,False,8.989469571864403,0.0
L13_C002,L13,leakage_current,24,stable,,,False,False,False,8.989469571864403,0.0
L13_C002,L13,leakage_current,96,stable,,,False,False,False,8.989469571864403,0.0
L13_C002,L13,leakage_current,168,stable,,,False,False,False,8.989469571864403,0.0
L13_C002,L13,iddq,0,stable,,,False,False,False,0.4830824692154922,0.0
L13_C002,L13,iddq,24,stable,,,False,False,False,0.4830824692154922,0.0
L13_C002,L13,iddq,96,stable,,,False,False,False,0.4830824692154922,0.0
L13_C002,L13,iddq,168,stable,,,False,False,False,0.4830824692154922,0.0
L13_C002,L13,propagation_delay,0,stable,,,False,False,False,4.828793741796612,0.0
L13_C002,L13,propagation_delay,24,stable,,,False,False,False,4.828793741796612,0.0
L13_C002,L13,propagation_delay,96,stable,,,False,False,False,4.828793741796612,0.0
L13_C002,L13,propagation_delay,168,stable,,,False,False,False,4.828793741796612,0.0
L13_C003,L13,leakage_current,0,stable,,,False,False,False,14.495306774825227,0.0
L13_C003,L13,leakage_current,24,stable,,,False,False,False,14.495306774825227,0.0
L13_C003,L13,leakage_current,96,stable,,,False,False,False,14.495306774825227,0.0
L13_C003,L13,leakage_current,168,stable,,,False,False,False,14.495306774825227,0.0
L13_C003,L13,iddq,0,stable,,,False,False,False,0.580941120949768,0.0
L13_C003,L13,iddq,24,stable,,,False,False,False,0.580941120949768,0.0
L13_C003,L13,iddq,96,stable,,,False,False,False,0.580941120949768,0.0
L13_C003,L13,iddq,168,stable,,,False,False,False,0.580941120949768,0.0
L13_C003,L13,propagation_delay,0,stable,,,False,False,False,4.997477111422481,0.0
L13_C003,L13,propagation_delay,24,stable,,,False,False,False,4.997477111422481,0.0
L13_C003,L13,propagation_delay,96,stable,,,False,False,False,4.997477111422481,0.0
L13_C003,L13,propagation_delay,168,stable,,,False,False,False,4.997477111422481,0.0
L13_C004,L13,leakage_current,0,stable,,,False,False,False,9.64447448979102,0.0
L13_C004,L13,leakage_current,24,stable,,,False,False,False,9.64447448979102,0.0
L13_C004,L13,leakage_current,96,stable,,,False,False,False,9.64447448979102,0.0
L13_C004,L13,leakage_current,168,stable,,,False,False,False,9.64447448979102,0.0
L13_C004,L13,iddq,0,stable,,,False,False,False,0.510078511581396,0.0
L13_C004,L13,iddq,24,stable,,,False,False,False,0.510078511581396,0.0
L13_C004,L13,iddq,96,stable,,,False,False,False,0.510078511581396,0.0
L13_C004,L13,iddq,168,stable,,,False,False,False,0.510078511581396,0.0
L13_C004,L13,propagation_delay,0,stable,,,False,False,False,4.4114508877032526,0.0
L13_C004,L13,propagation_delay,24,stable,,,False,False,False,4.4114508877032526,0.0
L13_C004,L13,propagation_delay,96,stable,,,False,False,False,4.4114508877032526,0.0
L13_C004,L13,propagation_delay,168,stable,,,False,False,False,4.4114508877032526,0.0
L13_C005,L13,leakage_current,0,stable,,,False,False,False,13.102709959623871,0.0
L13_C005,L13,leakage_current,24,stable,,,False,False,False,13.102709959623871,0.0
L13_C005,L13,leakage_current,96,stable,,,False,False,False,13.102709959623871,0.0
L13_C005,L13,leakage_current,168,stable,,,False,False,False,13.102709959623871,0.0
L13_C005,L13,iddq,0,stable,,,False,False,False,0.4500239001895163,0.0
L13_C005,L13,iddq,24,stable,,,False,False,False,0.4500239001895163,0.0
L13_C005,L13,iddq,96,stable,,,False,False,False,0.4500239001895163,0.0
L13_C005,L13,iddq,168,stable,,,False,False,False,0.4500239001895163,0.0
L13_C005,L13,propagation_delay,0,stable,,,False,False,False,4.360634947698835,0.0
L13_C005,L13,propagation_delay,24,stable,,,False,False,False,4.360634947698835,0.0
L13_C005,L13,propagation_delay,96,stable,,,False,False,False,4.360634947698835,0.0
L13_C005,L13,propagation_delay,168,stable,,,False,False,False,4.360634947698835,0.0
L13_C006,L13,leakage_current,0,stable,,,False,False,False,12.376101473147745,0.0
L13_C006,L13,leakage_current,24,stable,,,False,False,False,12.376101473147745,0.0
L13_C006,L13,leakage_current,96,stable,,,False,False,False,12.376101473147745,0.0
L13_C006,L13,leakage_current,168,stable,,,False,False,False,12.376101473147745,0.0
L13_C006,L13,iddq,0,stable,,,False,False,False,0.5666005615149146,0.0
L13_C006,L13,iddq,24,stable,,,False,False,False,0.5666005615149146,0.0
L13_C006,L13,iddq,96,stable,,,False,False,False,0.5666005615149146,0.0
L13_C006,L13,iddq,168,stable,,,False,False,False,0.5666005615149146,0.0
L13_C006,L13,propagation_delay,0,stable,,,False,False,False,4.708652389781934,0.0
L13_C006,L13,propagation_delay,24,stable,,,False,False,False,4.708652389781934,0.0
L13_C006,L13,propagation_delay,96,stable,,,False,False,False,4.708652389781934,0.0
L13_C006,L13,propagation_delay,168,stable,,,False,False,False,4.708652389781934,0.0
L13_C007,L13,leakage_current,0,stable,,,False,False,False,12.695149829298177,0.0
L13_C007,L13,leakage_current,24,stable,,,False,False,False,12.695149829298177,0.0
L13_C007,L13,leakage_current,96,stable,,,False,False,False,12.695149829298177,0.0
L13_C007,L13,leakage_current,168,stable,,,False,False,False,12.695149829298177,0.0
L13_C007,L13,iddq,0,stable,,,False,False,False,0.5508885532903042,0.0
L13_C007,L13,iddq,24,stable,,,False,False,False,0.5508885532903042,0.0
L13_C007,L13,iddq,96,stable,,,False,False,False,0.5508885532903042,0.0
L13_C007,L13,iddq,168,stable,,,False,False,False,0.5508885532903042,0.0
L13_C007,L13,propagation_delay,0,stable,,,False,False,False,4.57523083610372,0.0
L13_C007,L13,propagation_delay,24,stable,,,False,False,False,4.57523083610372,0.0
L13_C007,L13,propagation_delay,96,stable,,,False,False,False,4.57523083610372,0.0
L13_C007,L13,propagation_delay,168,stable,,,False,False,False,4.57523083610372,0.0
L13_C008,L13,leakage_current,0,stable,,,False,False,False,18.08568324707425,0.0
L13_C008,L13,leakage_current,24,stable,,,False,False,False,18.08568324707425,0.0
L13_C008,L13,leakage_current,96,stable,,,False,False,False,18.08568324707425,0.0
L13_C008,L13,leakage_current,168,stable,,,False,False,False,18.08568324707425,0.0
L13_C008,L13,iddq,0,stable,,,False,False,False,0.35329693223898256,0.0
L13_C008,L13,iddq,24,stable,,,False,False,False,0.35329693223898256,0.0
L13_C008,L13,iddq,96,stable,,,False,False,False,0.35329693223898256,0.0
L13_C008,L13,iddq,168,stable,,,False,False,False,0.35329693223898256,0.0
L13_C008,L13,propagation_delay,0,stable,,,False,False,False,4.891728933997276,0.0
L13_C008,L13,propagation_delay,24,stable,,,False,False,False,4.891728933997276,0.0
L13_C008,L13,propagation_delay,96,stable,,,False,False,False,4.891728933997276,0.0
L13_C008,L13,propagation_delay,168,stable,,,False,False,False,4.891728933997276,0.0
L13_C009,L13,leakage_current,0,abrupt_failure,24.0,24.0,True,True,True,15.474889558133206,0.0
L13_C009,L13,leakage_current,24,abrupt_failure,24.0,24.0,True,True,True,189.57999415143988,11.250814032582317
L13_C009,L13,leakage_current,96,abrupt_failure,24.0,24.0,True,True,True,189.57999415143988,11.250814032582317
L13_C009,L13,leakage_current,168,abrupt_failure,24.0,24.0,True,True,True,189.57999415143988,11.250814032582317
L13_C009,L13,iddq,0,abrupt_failure,168.0,168.0,False,False,True,0.5621639764536212,0.0
L13_C009,L13,iddq,24,abrupt_failure,168.0,168.0,False,False,True,0.5621639764536212,0.0
L13_C009,L13,iddq,96,abrupt_failure,168.0,168.0,False,False,True,0.5621639764536212,0.0
L13_C009,L13,iddq,168,abrupt_failure,168.0,168.0,False,False,True,5.911021128381917,9.514763264752842
L13_C009,L13,propagation_delay,0,abrupt_failure,96.0,96.0,False,True,True,5.059296597572567,0.0
L13_C009,L13,propagation_delay,24,abrupt_failure,96.0,96.0,False,True,True,5.059296597572567,0.0
L13_C009,L13,propagation_delay,96,abrupt_failure,96.0,96.0,False,True,True,12.975851750544559,1.5647541116230124
L13_C009,L13,propagation_delay,168,abrupt_failure,96.0,96.0,False,True,True,12.975851750544559,1.5647541116230124
L13_C010,L13,leakage_current,0,stable,,,False,False,False,14.22789463157027,0.0
L13_C010,L13,leakage_current,24,stable,,,False,False,False,14.22789463157027,0.0
L13_C010,L13,leakage_current,96,stable,,,False,False,False,14.22789463157027,0.0
L13_C010,L13,leakage_current,168,stable,,,False,False,False,14.22789463157027,0.0
L13_C010,L13,iddq,0,stable,,,False,False,False,0.6704469974440529,0.0
L13_C010,L13,iddq,24,stable,,,False,False,False,0.6704469974440529,0.0
L13_C010,L13,iddq,96,stable,,,False,False,False,0.6704469974440529,0.0
L13_C010,L13,iddq,168,stable,,,False,False,False,0.6704469974440529,0.0
L13_C010,L13,propagation_delay,0,stable,,,False,False,False,4.269464773005917,0.0
L13_C010,L13,propagation_delay,24,stable,,,False,False,False,4.269464773005917,0.0
L13_C010,L13,propagation_delay,96,stable,,,False,False,False,4.269464773005917,0.0
L13_C010,L13,propagation_delay,168,stable,,,False,False,False,4.269464773005917,0.0
L13_C011,L13,leakage_current,0,linear_drift,24.0,96.0,False,True,True,17.71591832961631,0.0
L13_C011,L13,leakage_current,24,linear_drift,24.0,96.0,False,True,True,19.993885716316594,0.12858308241871527
L13_C011,L13,leakage_current,96,linear_drift,24.0,96.0,False,True,True,28.740731202416516,0.6223111140882629
L13_C011,L13,leakage_current,168,linear_drift,24.0,96.0,False,True,True,41.31411181246537,1.332033318498604
L13_C011,L13,iddq,0,linear_drift,24.0,96.0,False,True,True,0.6434336182404562,0.0
L13_C011,L13,iddq,24,linear_drift,24.0,96.0,False,True,True,0.7102197438570633,0.10379645036148644
L13_C011,L13,iddq,96,linear_drift,24.0,96.0,False,True,True,0.9551239179613015,0.48441718132975164
L13_C011,L13,iddq,168,linear_drift,24.0,96.0,False,True,True,1.2844780880174265,0.9962868765389982
L13_C011,L13,propagation_delay,0,linear_drift,24.0,96.0,False,True,True,5.176062939719814,0.0
L13_C011,L13,propagation_delay,24,linear_drift,24.0,96.0,False,True,True,5.349140173113425,0.03343800788538714
L13_C011,L13,propagation_delay,96,linear_drift,24.0,96.0,False,True,True,5.868371873294259,0.13375203154154855
L13_C011,L13,propagation_delay,168,linear_drift,24.0,96.0,False,True,True,6.387603573475093,0.23406605519770995
L13_C012,L13,leakage_current,0,stable,,,False,False,False,15.417045556962506,0.0
L13_C012,L13,leakage_current,24,stable,,,False,False,False,15.417045556962506,0.0
L13_C012,L13,leakage_current,96,stable,,,False,False,False,15.417045556962506,0.0
L13_C012,L13,leakage_current,168,stable,,,False,False,False,15.417045556962506,0.0
L13_C012,L13,iddq,0,stable,,,False,False,False,0.6890872284281535,0.0
L13_C012,L13,iddq,24,stable,,,False,False,False,0.6890872284281535,0.0
L13_C012,L13,iddq,96,stable,,,False,False,False,0.6890872284281535,0.0
L13_C012,L13,iddq,168,stable,,,False,False,False,0.6890872284281535,0.0
L13_C012,L13,propagation_delay,0,stable,,,False,False,False,4.532787368420193,0.0
L13_C012,L13,propagation_delay,24,stable,,,False,False,False,4.532787368420193,0.0
L13_C012,L13,propagation_delay,96,stable,,,False,False,False,4.532787368420193,0.0
L13_C012,L13,propagation_delay,168,stable,,,False,False,False,4.532787368420193,0.0
L13_C013,L13,leakage_current,0,stable,,,False,False,False,13.933244712821443,0.0
L13_C013,L13,leakage_current,24,stable,,,False,False,False,13.933244712821443,0.0
L13_C013,L13,leakage_current,96,stable,,,False,False,False,13.933244712821443,0.0
L13_C013,L13,leakage_current,168,stable,,,False,False,False,13.933244712821443,0.0
L13_C013,L13,iddq,0,stable,,,False,False,False,0.5369372428679634,0.0
L13_C013,L13,iddq,24,stable,,,False,False,False,0.5369372428679634,0.0
L13_C013,L13,iddq,96,stable,,,False,False,False,0.5369372428679634,0.0
L13_C013,L13,iddq,168,stable,,,False,False,False,0.5369372428679634,0.0
L13_C013,L13,propagation_delay,0,stable,,,False,False,False,4.9453834066791025,0.0
L13_C013,L13,propagation_delay,24,stable,,,False,False,False,4.9453834066791025,0.0
L13_C013,L13,propagation_delay,96,stable,,,False,False,False,4.9453834066791025,0.0
L13_C013,L13,propagation_delay,168,stable,,,False,False,False,4.9453834066791025,0.0
L13_C014,L13,leakage_current,0,abrupt_failure,96.0,96.0,False,True,True,10.613615508390096,0.0
L13_C014,L13,leakage_current,24,abrupt_failure,96.0,96.0,False,True,True,10.613615508390096,0.0
L13_C014,L13,leakage_current,96,abrupt_failure,96.0,96.0,False,True,True,282.65241658578475,25.63111513341963
L13_C014,L13,leakage_current,168,abrupt_failure,96.0,96.0,False,True,True,282.65241658578475,25.63111513341963
L13_C014,L13,iddq,0,abrupt_failure,24.0,24.0,True,True,True,0.4029142471607815,0.0
L13_C014,L13,iddq,24,abrupt_failure,24.0,24.0,True,True,True,17.370328176508668,42.11172488665337
L13_C014,L13,iddq,96,abrupt_failure,24.0,24.0,True,True,True,17.370328176508668,42.11172488665337
L13_C014,L13,iddq,168,abrupt_failure,24.0,24.0,True,True,True,17.370328176508668,42.11172488665337
L13_C014,L13,propagation_delay,0,abrupt_failure,168.0,168.0,False,False,True,4.771714249797967,0.0
L13_C014,L13,propagation_delay,24,abrupt_failure,168.0,168.0,False,False,True,4.771714249797967,0.0
L13_C014,L13,propagation_delay,96,abrupt_failure,168.0,168.0,False,False,True,4.771714249797967,0.0
L13_C014,L13,propagation_delay,168,abrupt_failure,168.0,168.0,False,False,True,12.184444961260734,1.553473306113546
L13_C015,L13,leakage_current,0,stable,,,False,False,False,0.005000000000000002,0.0
L13_C015,L13,leakage_current,24,stable,,,False,False,False,0.005000000000000002,0.0
L13_C015,L13,leakage_current,96,stable,,,False,False,False,0.005000000000000002,0.0
L13_C015,L13,leakage_current,168,stable,,,False,False,False,0.005000000000000002,0.0
L13_C015,L13,iddq,0,stable,,,False,False,False,0.707456115597766,0.0
L13_C015,L13,iddq,24,stable,,,False,False,False,0.707456115597766,0.0
L13_C015,L13,iddq,96,stable,,,False,False,False,0.707456115597766,0.0
L13_C015,L13,iddq,168,stable,,,False,False,False,0.707456115597766,0.0
L13_C015,L13,propagation_delay,0,stable,,,False,False,False,4.231380078283197,0.0
L13_C015,L13,propagation_delay,24,stable,,,False,False,False,4.231380078283197,0.0
L13_C015,L13,propagation_delay,96,stable,,,False,False,False,4.231380078283197,0.0
L13_C015,L13,propagation_delay,168,stable,,,False,False,False,4.231380078283197,0.0
L13_C016,L13,leakage_current,0,abrupt_failure,168.0,168.0,False,False,True,10.437231646452988,0.0
L13_C016,L13,leakage_current,24,abrupt_failure,168.0,168.0,False,False,True,10.437231646452988,0.0
L13_C016,L13,leakage_current,96,abrupt_failure,168.0,168.0,False,False,True,10.437231646452988,0.0
L13_C016,L13,leakage_current,168,abrupt_failure,168.0,168.0,False,False,True,155.83673767150594,13.930849764598818
L13_C016,L13,iddq,0,abrupt_failure,168.0,168.0,False,False,True,0.6480907517173562,0.0
L13_C016,L13,iddq,24,abrupt_failure,168.0,168.0,False,False,True,0.6480907517173562,0.0
L13_C016,L13,iddq,96,abrupt_failure,168.0,168.0,False,False,True,0.6480907517173562,0.0
L13_C016,L13,iddq,168,abrupt_failure,168.0,168.0,False,False,True,17.065402705922434,25.33181026067929
L13_C016,L13,propagation_delay,0,abrupt_failure,96.0,96.0,False,True,True,5.089621231226033,0.0
L13_C016,L13,propagation_delay,24,abrupt_failure,96.0,96.0,False,True,True,5.089621231226033,0.0
L13_C016,L13,propagation_delay,96,abrupt_failure,96.0,96.0,False,True,True,13.857510139784951,1.7226996882922918
L13_C016,L13,propagation_delay,168,abrupt_failure,96.0,96.0,False,True,True,13.857510139784951,1.7226996882922918
L13_C017,L13,leakage_current,0,stable,,,False,False,False,12.035305247032165,0.0
L13_C017,L13,leakage_current,24,stable,,,False,False,False,12.035305247032165,0.0
L13_C017,L13,leakage_current,96,stable,,,False,False,False,12.035305247032165,0.0
L13_C017,L13,leakage_current,168,stable,,,False,False,False,12.035305247032165,0.0
L13_C017,L13,iddq,0,stable,,,False,False,False,0.5127477632910565,0.0
L13_C017,L13,iddq,24,stable,,,False,False,False,0.5127477632910565,0.0
L13_C017,L13,iddq,96,stable,,,False,False,False,0.5127477632910565,0.0
L13_C017,L13,iddq,168,stable,,,False,False,False,0.5127477632910565,0.0
L13_C017,L13,propagation_delay,0,stable,,,False,False,False,4.241054435229695,0.0
L13_C017,L13,propagation_delay,24,stable,,,False,False,False,4.241054435229695,0.0
L13_C017,L13,propagation_delay,96,stable,,,False,False,False,4.241054435229695,0.0
L13_C017,L13,propagation_delay,168,stable,,,False,False,False,4.241054435229695,0.0
L13_C018,L13,leakage_current,0,stable,,,False,False,False,11.177437136338922,0.0
L13_C018,L13,leakage_current,24,stable,,,False,False,False,11.177437136338922,0.0
L13_C018,L13,leakage_current,96,stable,,,False,False,False,11.177437136338922,0.0
L13_C018,L13,leakage_current,168,stable,,,False,False,False,11.177437136338922,0.0
L13_C018,L13,iddq,0,stable,,,False,False,False,0.6506887106171465,0.0
L13_C018,L13,iddq,24,stable,,,False,False,False,0.6506887106171465,0.0
L13_C018,L13,iddq,96,stable,,,False,False,False,0.6506887106171465,0.0
L13_C018,L13,iddq,168,stable,,,False,False,False,0.6506887106171465,0.0
L13_C018,L13,propagation_delay,0,stable,,,False,False,False,4.396951226563982,0.0
L13_C018,L13,propagation_delay,24,stable,,,False,False,False,4.396951226563982,0.0
L13_C018,L13,propagation_delay,96,stable,,,False,False,False,4.396951226563982,0.0
L13_C018,L13,propagation_delay,168,stable,,,False,False,False,4.396951226563982,0.0
L13_C019,L13,leakage_current,0,stable,,,False,False,False,13.058511687525888,0.0
L13_C019,L13,leakage_current,24,stable,,,False,False,False,13.058511687525888,0.0
L13_C019,L13,leakage_current,96,stable,,,False,False,False,13.058511687525888,0.0
L13_C019,L13,leakage_current,168,stable,,,False,False,False,13.058511687525888,0.0
L13_C019,L13,iddq,0,stable,,,False,False,False,0.4240231928359315,0.0
L13_C019,L13,iddq,24,stable,,,False,False,False,0.4240231928359315,0.0
L13_C019,L13,iddq,96,stable,,,False,False,False,0.4240231928359315,0.0
L13_C019,L13,iddq,168,stable,,,False,False,False,0.4240231928359315,0.0
L13_C019,L13,propagation_delay,0,stable,,,False,False,False,4.963338776978801,0.0
L13_C019,L13,propagation_delay,24,stable,,,False,False,False,4.963338776978801,0.0
L13_C019,L13,propagation_delay,96,stable,,,False,False,False,4.963338776978801,0.0
L13_C019,L13,propagation_delay,168,stable,,,False,False,False,4.963338776978801,0.0
L13_C020,L13,leakage_current,0,stable,,,False,False,False,13.1434527545495,0.0
L13_C020,L13,leakage_current,24,stable,,,False,False,False,13.1434527545495,0.0
L13_C020,L13,leakage_current,96,stable,,,False,False,False,13.1434527545495,0.0
L13_C020,L13,leakage_current,168,stable,,,False,False,False,13.1434527545495,0.0
L13_C020,L13,iddq,0,stable,,,False,False,False,0.41472711349358493,0.0
L13_C020,L13,iddq,24,stable,,,False,False,False,0.41472711349358493,0.0
L13_C020,L13,iddq,96,stable,,,False,False,False,0.41472711349358493,0.0
L13_C020,L13,iddq,168,stable,,,False,False,False,0.41472711349358493,0.0
L13_C020,L13,propagation_delay,0,stable,,,False,False,False,4.58813120517257,0.0
L13_C020,L13,propagation_delay,24,stable,,,False,False,False,4.58813120517257,0.0
L13_C020,L13,propagation_delay,96,stable,,,False,False,False,4.58813120517257,0.0
L13_C020,L13,propagation_delay,168,stable,,,False,False,False,4.58813120517257,0.0
L13_C021,L13,leakage_current,0,stable,,,False,False,False,13.67760895470967,0.0
L13_C021,L13,leakage_current,24,stable,,,False,False,False,13.67760895470967,0.0
L13_C021,L13,leakage_current,96,stable,,,False,False,False,13.67760895470967,0.0
L13_C021,L13,leakage_current,168,stable,,,False,False,False,13.67760895470967,0.0
L13_C021,L13,iddq,0,stable,,,False,False,False,0.4551613874068398,0.0
L13_C021,L13,iddq,24,stable,,,False,False,False,0.4551613874068398,0.0
L13_C021,L13,iddq,96,stable,,,False,False,False,0.4551613874068398,0.0
L13_C021,L13,iddq,168,stable,,,False,False,False,0.4551613874068398,0.0
L13_C021,L13,propagation_delay,0,stable,,,False,False,False,4.570839004676895,0.0
L13_C021,L13,propagation_delay,24,stable,,,False,False,False,4.570839004676895,0.0
L13_C021,L13,propagation_delay,96,stable,,,False,False,False,4.570839004676895,0.0
L13_C021,L13,propagation_delay,168,stable,,,False,False,False,4.570839004676895,0.0
L13_C022,L13,leakage_current,0,stable,,,False,False,False,7.582699074812798,0.0
L13_C022,L13,leakage_current,24,stable,,,False,False,False,7.582699074812798,0.0
L13_C022,L13,leakage_current,96,stable,,,False,False,False,7.582699074812798,0.0
L13_C022,L13,leakage_current,168,stable,,,False,False,False,7.582699074812798,0.0
L13_C022,L13,iddq,0,stable,,,False,False,False,0.5555937570468485,0.0
L13_C022,L13,iddq,24,stable,,,False,False,False,0.5555937570468485,0.0
L13_C022,L13,iddq,96,stable,,,False,False,False,0.5555937570468485,0.0
L13_C022,L13,iddq,168,stable,,,False,False,False,0.5555937570468485,0.0
L13_C022,L13,propagation_delay,0,stable,,,False,False,False,4.072700688346984,0.0
L13_C022,L13,propagation_delay,24,stable,,,False,False,False,4.072700688346984,0.0
L13_C022,L13,propagation_delay,96,stable,,,False,False,False,4.072700688346984,0.0
L13_C022,L13,propagation_delay,168,stable,,,False,False,False,4.072700688346984,0.0
L13_C023,L13,leakage_current,0,stable,,,False,False,False,14.80721731976525,0.0
L13_C023,L13,leakage_current,24,stable,,,False,False,False,14.80721731976525,0.0
L13_C023,L13,leakage_current,96,stable,,,False,False,False,14.80721731976525,0.0
L13_C023,L13,leakage_current,168,stable,,,False,False,False,14.80721731976525,0.0
L13_C023,L13,iddq,0,stable,,,False,False,False,0.6863439356633578,0.0
L13_C023,L13,iddq,24,stable,,,False,False,False,0.6863439356633578,0.0
L13_C023,L13,iddq,96,stable,,,False,False,False,0.6863439356633578,0.0
L13_C023,L13,iddq,168,stable,,,False,False,False,0.6863439356633578,0.0
L13_C023,L13,propagation_delay,0,stable,,,False,False,False,4.953428741918299,0.0
L13_C023,L13,propagation_delay,24,stable,,,False,False,False,4.953428741918299,0.0
L13_C023,L13,propagation_delay,96,stable,,,False,False,False,4.953428741918299,0.0
L13_C023,L13,propagation_delay,168,stable,,,False,False,False,4.953428741918299,0.0
L13_C024,L13,leakage_current,0,stable,,,False,False,False,12.464005362170226,0.0
L13_C024,L13,leakage_current,24,stable,,,False,False,False,12.464005362170226,0.0
L13_C024,L13,leakage_current,96,stable,,,False,False,False,12.464005362170226,0.0
L13_C024,L13,leakage_current,168,stable,,,False,False,False,12.464005362170226,0.0
L13_C024,L13,iddq,0,stable,,,False,False,False,0.4974268827775788,0.0
L13_C024,L13,iddq,24,stable,,,False,False,False,0.4974268827775788,0.0
L13_C024,L13,iddq,96,stable,,,False,False,False,0.4974268827775788,0.0
L13_C024,L13,iddq,168,stable,,,False,False,False,0.4974268827775788,0.0
L13_C024,L13,propagation_delay,0,stable,,,False,False,False,4.799078796134886,0.0
L13_C024,L13,propagation_delay,24,stable,,,False,False,False,4.799078796134886,0.0
L13_C024,L13,propagation_delay,96,stable,,,False,False,False,4.799078796134886,0.0
L13_C024,L13,propagation_delay,168,stable,,,False,False,False,4.799078796134886,0.0
L13_C025,L13,leakage_current,0,stable,,,False,False,False,12.882462598885711,0.0
L13_C025,L13,leakage_current,24,stable,,,False,False,False,12.882462598885711,0.0
L13_C025,L13,leakage_current,96,stable,,,False,False,False,12.882462598885711,0.0
L13_C025,L13,leakage_current,168,stable,,,False,False,False,12.882462598885711,0.0
L13_C025,L13,iddq,0,stable,,,False,False,False,0.5089957542000043,0.0
L13_C025,L13,iddq,24,stable,,,False,False,False,0.5089957542000043,0.0
L13_C025,L13,iddq,96,stable,,,False,False,False,0.5089957542000043,0.0
L13_C025,L13,iddq,168,stable,,,False,False,False,0.5089957542000043,0.0
L13_C025,L13,propagation_delay,0,stable,,,False,False,False,5.3993197770481824,0.0
L13_C025,L13,propagation_delay,24,stable,,,False,False,False,5.3993197770481824,0.0
L13_C025,L13,propagation_delay,96,stable,,,False,False,False,5.3993197770481824,0.0
L13_C025,L13,propagation_delay,168,stable,,,False,False,False,5.3993197770481824,0.0
L13_C026,L13,leakage_current,0,stable,,,False,False,False,14.86261406707317,0.0
L13_C026,L13,leakage_current,24,stable,,,False,False,False,14.86261406707317,0.0
L13_C026,L13,leakage_current,96,stable,,,False,False,False,14.86261406707317,0.0
L13_C026,L13,leakage_current,168,stable,,,False,False,False,14.86261406707317,0.0
L13_C026,L13,iddq,0,stable,,,False,False,False,0.4186398750223659,0.0
L13_C026,L13,iddq,24,stable,,,False,False,False,0.4186398750223659,0.0
L13_C026,L13,iddq,96,stable,,,False,False,False,0.4186398750223659,0.0
L13_C026,L13,iddq,168,stable,,,False,False,False,0.4186398750223659,0.0
L13_C026,L13,propagation_delay,0,stable,,,False,False,False,4.772939274140134,0.0
L13_C026,L13,propagation_delay,24,stable,,,False,False,False,4.772939274140134,0.0
L13_C026,L13,propagation_delay,96,stable,,,False,False,False,4.772939274140134,0.0
L13_C026,L13,propagation_delay,168,stable,,,False,False,False,4.772939274140134,0.0
L13_C027,L13,leakage_current,0,stable,,,False,False,False,11.858367693106285,0.0
L13_C027,L13,leakage_current,24,stable,,,False,False,False,11.858367693106285,0.0
L13_C027,L13,leakage_current,96,stable,,,False,False,False,11.858367693106285,0.0
L13_C027,L13,leakage_current,168,stable,,,False,False,False,11.858367693106285,0.0
L13_C027,L13,iddq,0,stable,,,False,False,False,0.5497449853954197,0.0
L13_C027,L13,iddq,24,stable,,,False,False,False,0.5497449853954197,0.0
L13_C027,L13,iddq,96,stable,,,False,False,False,0.5497449853954197,0.0
L13_C027,L13,iddq,168,stable,,,False,False,False,0.5497449853954197,0.0
L13_C027,L13,propagation_delay,0,stable,,,False,False,False,4.677971456670927,0.0
L13_C027,L13,propagation_delay,24,stable,,,False,False,False,4.677971456670927,0.0
L13_C027,L13,propagation_delay,96,stable,,,False,False,False,4.677971456670927,0.0
L13_C027,L13,propagation_delay,168,stable,,,False,False,False,4.677971456670927,0.0
L13_C028,L13,leakage_current,0,stable,,,False,False,False,17.113491646646022,0.0
L13_C028,L13,leakage_current,24,stable,,,False,False,False,17.113491646646022,0.0
L13_C028,L13,leakage_current,96,stable,,,False,False,False,17.113491646646022,0.0
L13_C028,L13,leakage_current,168,stable,,,False,False,False,17.113491646646022,0.0
L13_C028,L13,iddq,0,stable,,,False,False,False,0.4419492664689452,0.0
L13_C028,L13,iddq,24,stable,,,False,False,False,0.4419492664689452,0.0
L13_C028,L13,iddq,96,stable,,,False,False,False,0.4419492664689452,0.0
L13_C028,L13,iddq,168,stable,,,False,False,False,0.4419492664689452,0.0
L13_C028,L13,propagation_delay,0,stable,,,False,False,False,4.605159368497798,0.0
L13_C028,L13,propagation_delay,24,stable,,,False,False,False,4.605159368497798,0.0
L13_C028,L13,propagation_delay,96,stable,,,False,False,False,4.605159368497798,0.0
L13_C028,L13,propagation_delay,168,stable,,,False,False,False,4.605159368497798,0.0
L13_C029,L13,leakage_current,0,stable,,,False,False,False,10.341784553319446,0.0
L13_C029,L13,leakage_current,24,stable,,,False,False,False,10.341784553319446,0.0
L13_C029,L13,leakage_current,96,stable,,,False,False,False,10.341784553319446,0.0
L13_C029,L13,leakage_current,168,stable,,,False,False,False,10.341784553319446,0.0
L13_C029,L13,iddq,0,stable,,,False,False,False,0.45539107212938995,0.0
L13_C029,L13,iddq,24,stable,,,False,False,False,0.45539107212938995,0.0
L13_C029,L13,iddq,96,stable,,,False,False,False,0.45539107212938995,0.0
L13_C029,L13,iddq,168,stable,,,False,False,False,0.45539107212938995,0.0
L13_C029,L13,propagation_delay,0,stable,,,False,False,False,4.710981037209857,0.0
L13_C029,L13,propagation_delay,24,stable,,,False,False,False,4.710981037209857,0.0
L13_C029,L13,propagation_delay,96,stable,,,False,False,False,4.710981037209857,0.0
L13_C029,L13,propagation_delay,168,stable,,,False,False,False,4.710981037209857,0.0
L13_C030,L13,leakage_current,0,stable,,,False,False,False,12.090960463666272,0.0
L13_C030,L13,leakage_current,24,stable,,,False,False,False,12.090960463666272,0.0
L13_C030,L13,leakage_current,96,stable,,,False,False,False,12.090960463666272,0.0
L13_C030,L13,leakage_current,168,stable,,,False,False,False,12.090960463666272,0.0
L13_C030,L13,iddq,0,stable,,,False,False,False,0.5921351856361049,0.0
L13_C030,L13,iddq,24,stable,,,False,False,False,0.5921351856361049,0.0
L13_C030,L13,iddq,96,stable,,,False,False,False,0.5921351856361049,0.0
L13_C030,L13,iddq,168,stable,,,False,False,False,0.5921351856361049,0.0
L13_C030,L13,propagation_delay,0,stable,,,False,False,False,5.025832908694589,0.0
L13_C030,L13,propagation_delay,24,stable,,,False,False,False,5.025832908694589,0.0
L13_C030,L13,propagation_delay,96,stable,,,False,False,False,5.025832908694589,0.0
L13_C030,L13,propagation_delay,168,stable,,,False,False,False,5.025832908694589,0.0
L14_C001,L14,leakage_current,0,linear_drift,24.0,168.0,False,False,True,10.313754546605681,0.0
L14_C001,L14,leakage_current,24,linear_drift,24.0,168.0,False,False,True,11.33266467881025,0.0987913884900333
L14_C001,L14,leakage_current,96,linear_drift,24.0,168.0,False,False,True,15.03411195204946,0.4576759495403425
L14_C001,L14,leakage_current,168,linear_drift,24.0,168.0,False,False,True,19.944516898075687,0.9337785098482442
L14_C001,L14,iddq,0,linear_drift,24.0,96.0,False,True,True,0.3883575341349324,0.0
L14_C001,L14,iddq,24,linear_drift,24.0,96.0,False,True,True,0.4317691138390426,0.11178250938483689
L14_C001,L14,iddq,96,linear_drift,24.0,96.0,False,True,True,0.5933501883256078,0.5278451843281402
L14_C001,L14,iddq,168,linear_drift,24.0,96.0,False,True,True,0.8153997928561397,1.0996111088006706
L14_C001,L14,propagation_delay,0,linear_drift,24.0,96.0,False,True,True,5.2181462814493,0.0
L14_C001,L14,propagation_delay,24,linear_drift,24.0,96.0,False,True,True,5.363186574996125,0.02779536749716052
L14_C001,L14,propagation_delay,96,linear_drift,24.0,96.0,False,True,True,5.7983074556366,0.11118146998864208
L14_C001,L14,propagation_delay,168,linear_drift,24.0,96.0,False,True,True,6.233428336277075,0.19456757248012363
L14_C002,L14,leakage_current,0,linear_drift,24.0,168.0,False,False,True,9.055981468692037,0.0
L14_C002,L14,leakage_current,24,linear_drift,24.0,168.0,False,False,True,9.715588764053187,0.07283664367484816
L14_C002,L14,leakage_current,96,linear_drift,24.0,168.0,False,False,True,11.996924351966722,0.32475142461830236
L14_C002,L14,leakage_current,168,linear_drift,24.0,168.0,False,False,True,14.81394462055931,0.6358187869281163
L14_C002,L14,iddq,0,linear_drift,24.0,96.0,False,True,True,0.5228132463367963,0.0
L14_C002,L14,iddq,24,linear_drift,24.0,96.0,False,True,True,0.5897517865779763,0.12803527972980674
L14_C002,L14,iddq,96,linear_drift,24.0,96.0,False,True,True,0.8465201748079185,0.6191635937674583
L14_C002,L14,iddq,168,linear_drift,24.0,96.0,False,True,True,1.215081365865572,1.324121231394387
L14_C002,L14,propagation_delay,0,linear_drift,24.0,168.0,False,False,True,5.2802845117412796,0.0
L14_C002,L14,propagation_delay,24,linear_drift,24.0,168.0,False,False,True,5.3881877328193495,0.02043511497119815
L14_C002,L14,propagation_delay,96,linear_drift,24.0,168.0,False,False,True,5.711897396053559,0.0817404598847926
L14_C002,L14,propagation_delay,168,linear_drift,24.0,168.0,False,False,True,6.03560705928777,0.14304580479838722
L14_C003,L14,leakage_current,0,linear_drift,24.0,168.0,False,False,True,7.023969212311555,0.0
L14_C003,L14,leakage_current,24,linear_drift,24.0,168.0,False,False,True,7.549870426843819,0.07487236897486237
L14_C003,L14,leakage_current,96,linear_drift,24.0,168.0,False,False,True,9.375840161749867,0.33483503106989304
L14_C003,L14,leakage_current,168,linear_drift,24.0,168.0,False,False,True,11.64342879662248,0.6576708189742595
L14_C003,L14,iddq,0,linear_drift,24.0,96.0,False,True,True,0.49913887610437846,0.0
L14_C003,L14,iddq,24,linear_drift,24.0,96.0,False,True,True,0.5394188183305587,0.08069886789935599
L14_C003,L14,iddq,96,linear_drift,24.0,96.0,False,True,True,0.6808323494260192,0.36401386872467445
L14_C003,L14,iddq,168,linear_drift,24.0,96.0,False,True,True,0.8593187190975934,0.7216024642366169
L14_C003,L14,propagation_delay,0,linear_drift,24.0,96.0,False,True,True,5.042916259473453,0.0
L14_C003,L14,propagation_delay,24,linear_drift,24.0,96.0,False,True,True,5.227107839846742,0.036524814392321546
L14_C003,L14,propagation_delay,96,linear_drift,24.0,96.0,False,True,True,5.779682580966605,0.14609925756928582
L14_C003,L14,propagation_delay,168,linear_drift,24.0,96.0,False,True,True,6.332257322086468,0.2556737007462501
L14_C004,L14,leakage_current,0,linear_drift,24.0,168.0,False,False,True,8.311500296732635,0.0
L14_C004,L14,leakage_current,24,linear_drift,24.0,168.0,False,False,True,9.151040869527746,0.10100951005501922
L14_C004,L14,leakage_current,96,linear_drift,24.0,168.0,False,False,True,12.213600368310843,0.46948203480329254
L14_C004,L14,leakage_current,168,linear_drift,24.0,168.0,False,False,True,16.30110017905548,0.9612704803083105
L14_C004,L14,iddq,0,linear_drift,24.0,96.0,False,True,True,0.3629434246618382,0.0
L14_C004,L14,iddq,24,linear_drift,24.0,96.0,False,True,True,0.4003870059755898,0.10316644074386672
L14_C004,L14,iddq,96,linear_drift,24.0,96.0,False,True,True,0.5375304855241952,0.4810310615904486
L14_C004,L14,iddq,168,linear_drift,24.0,96.0,False,True,True,0.7216493506422451,0.9883246302495231
L14_C004,L14,propagation_delay,0,linear_drift,24.0,96.0,False,True,True,4.651432030060446,0.0
L14_C004,L14,propagation_delay,24,linear_drift,24.0,96.0,False,True,True,4.786676983211264,0.029075981821680072
L14_C004,L14,propagation_delay,96,linear_drift,24.0,96.0,False,True,True,5.192411842663719,0.11630392728672048
L14_C004,L14,propagation_delay,168,linear_drift,24.0,96.0,False,True,True,5.598146702116173,0.20353187275176068
L14_C005,L14,leakage_current,0,stable,,,False,False,False,5.766409031492647,0.0
L14_C005,L14,leakage_current,24,stable,,,False,False,False,5.766409031492647,0.0
L14_C005,L14,leakage_current,96,stable,,,False,False,False,5.766409031492647,0.0
L14_C005,L14,leakage_current,168,stable,,,False,False,False,5.766409031492647,0.0
L14_C005,L14,iddq,0,stable,,,False,False,False,0.39228312085377803,0.0
L14_C005,L14,iddq,24,stable,,,False,False,False,0.39228312085377803,0.0
L14_C005,L14,iddq,96,stable,,,False,False,False,0.39228312085377803,0.0
L14_C005,L14,iddq,168,stable,,,False,False,False,0.39228312085377803,0.0
L14_C005,L14,propagation_delay,0,stable,,,False,False,False,5.315336485189914,0.0
L14_C005,L14,propagation_delay,24,stable,,,False,False,False,5.315336485189914,0.0
L14_C005,L14,propagation_delay,96,stable,,,False,False,False,5.315336485189914,0.0
L14_C005,L14,propagation_delay,168,stable,,,False,False,False,5.315336485189914,0.0
L14_C006,L14,leakage_current,0,stable,,,False,False,False,10.804145855385212,0.0
L14_C006,L14,leakage_current,24,stable,,,False,False,False,10.804145855385212,0.0
L14_C006,L14,leakage_current,96,stable,,,False,False,False,10.804145855385212,0.0
L14_C006,L14,leakage_current,168,stable,,,False,False,False,10.804145855385212,0.0
L14_C006,L14,iddq,0,stable,,,False,False,False,0.4213968732774115,0.0
L14_C006,L14,iddq,24,stable,,,False,False,False,0.4213968732774115,0.0
L14_C006,L14,iddq,96,stable,,,False,False,False,0.4213968732774115,0.0
L14_C006,L14,iddq,168,stable,,,False,False,False,0.4213968732774115,0.0
L14_C006,L14,propagation_delay,0,stable,,,False,False,False,5.188961350131977,0.0
L14_C006,L14,propagation_delay,24,stable,,,False,False,False,5.188961350131977,0.0
L14_C006,L14,propagation_delay,96,stable,,,False,False,False,5.188961350131977,0.0
L14_C006,L14,propagation_delay,168,stable,,,False,False,False,5.188961350131977,0.0
L14_C007,L14,leakage_current,0,stable,,,False,False,False,6.475708013553567,0.0
L14_C007,L14,leakage_current,24,stable,,,False,False,False,6.475708013553567,0.0
L14_C007,L14,leakage_current,96,stable,,,False,False,False,6.475708013553567,0.0
L14_C007,L14,leakage_current,168,stable,,,False,False,False,6.475708013553567,0.0
L14_C007,L14,iddq,0,stable,,,False,False,False,0.45975256842365225,0.0
L14_C007,L14,iddq,24,stable,,,False,False,False,0.45975256842365225,0.0
L14_C007,L14,iddq,96,stable,,,False,False,False,0.45975256842365225,0.0
L14_C007,L14,iddq,168,stable,,,False,False,False,0.45975256842365225,0.0
L14_C007,L14,propagation_delay,0,stable,,,False,False,False,5.24787185865871,0.0
L14_C007,L14,propagation_delay,24,stable,,,False,False,False,5.24787185865871,0.0
L14_C007,L14,propagation_delay,96,stable,,,False,False,False,5.24787185865871,0.0
L14_C007,L14,propagation_delay,168,stable,,,False,False,False,5.24787185865871,0.0
L14_C008,L14,leakage_current,0,stable,,,False,False,False,12.114069034101421,0.0
L14_C008,L14,leakage_current,24,stable,,,False,False,False,12.114069034101421,0.0
L14_C008,L14,leakage_current,96,stable,,,False,False,False,12.114069034101421,0.0
L14_C008,L14,leakage_current,168,stable,,,False,False,False,12.114069034101421,0.0
L14_C008,L14,iddq,0,stable,,,False,False,False,0.49043532624977565,0.0
L14_C008,L14,iddq,24,stable,,,False,False,False,0.49043532624977565,0.0
L14_C008,L14,iddq,96,stable,,,False,False,False,0.49043532624977565,0.0
L14_C008,L14,iddq,168,stable,,,False,False,False,0.49043532624977565,0.0
L14_C008,L14,propagation_delay,0,stable,,,False,False,False,5.121084899254328,0.0
L14_C008,L14,propagation_delay,24,stable,,,False,False,False,5.121084899254328,0.0
L14_C008,L14,propagation_delay,96,stable,,,False,False,False,5.121084899254328,0.0
L14_C008,L14,propagation_delay,168,stable,,,False,False,False,5.121084899254328,0.0
L14_C009,L14,leakage_current,0,stable,,,False,False,False,12.829386657379935,0.0
L14_C009,L14,leakage_current,24,stable,,,False,False,False,12.829386657379935,0.0
L14_C009,L14,leakage_current,96,stable,,,False,False,False,12.829386657379935,0.0
L14_C009,L14,leakage_current,168,stable,,,False,False,False,12.829386657379935,0.0
L14_C009,L14,iddq,0,stable,,,False,False,False,0.41648484732353813,0.0
L14_C009,L14,iddq,24,stable,,,False,False,False,0.41648484732353813,0.0
L14_C009,L14,iddq,96,stable,,,False,False,False,0.41648484732353813,0.0
L14_C009,L14,iddq,168,stable,,,False,False,False,0.41648484732353813,0.0
L14_C009,L14,propagation_delay,0,stable,,,False,False,False,4.63282308299769,0.0
L14_C009,L14,propagation_delay,24,stable,,,False,False,False,4.63282308299769,0.0
L14_C009,L14,propagation_delay,96,stable,,,False,False,False,4.63282308299769,0.0
L14_C009,L14,propagation_delay,168,stable,,,False,False,False,4.63282308299769,0.0
L14_C010,L14,leakage_current,0,stable,,,False,False,False,10.286117684095142,0.0
L14_C010,L14,leakage_current,24,stable,,,False,False,False,10.286117684095142,0.0
L14_C010,L14,leakage_current,96,stable,,,False,False,False,10.286117684095142,0.0
L14_C010,L14,leakage_current,168,stable,,,False,False,False,10.286117684095142,0.0
L14_C010,L14,iddq,0,stable,,,False,False,False,0.47517494545987843,0.0
L14_C010,L14,iddq,24,stable,,,False,False,False,0.47517494545987843,0.0
L14_C010,L14,iddq,96,stable,,,False,False,False,0.47517494545987843,0.0
L14_C010,L14,iddq,168,stable,,,False,False,False,0.47517494545987843,0.0
L14_C010,L14,propagation_delay,0,stable,,,False,False,False,4.972034879893905,0.0
L14_C010,L14,propagation_delay,24,stable,,,False,False,False,4.972034879893905,0.0
L14_C010,L14,propagation_delay,96,stable,,,False,False,False,4.972034879893905,0.0
L14_C010,L14,propagation_delay,168,stable,,,False,False,False,4.972034879893905,0.0
L14_C011,L14,leakage_current,0,stable,,,False,False,False,9.596636086180098,0.0
L14_C011,L14,leakage_current,24,stable,,,False,False,False,9.596636086180098,0.0
L14_C011,L14,leakage_current,96,stable,,,False,False,False,9.596636086180098,0.0
L14_C011,L14,leakage_current,168,stable,,,False,False,False,9.596636086180098,0.0
L14_C011,L14,iddq,0,stable,,,False,False,False,0.38129621395889446,0.0
L14_C011,L14,iddq,24,stable,,,False,False,False,0.38129621395889446,0.0
L14_C011,L14,iddq,96,stable,,,False,False,False,0.38129621395889446,0.0
L14_C011,L14,iddq,168,stable,,,False,False,False,0.38129621395889446,0.0
L14_C011,L14,propagation_delay,0,stable,,,False,False,False,5.325594226102482,0.0
L14_C011,L14,propagation_delay,24,stable,,,False,False,False,5.325594226102482,0.0
L14_C011,L14,propagation_delay,96,stable,,,False,False,False,5.325594226102482,0.0
L14_C011,L14,propagation_delay,168,stable,,,False,False,False,5.325594226102482,0.0
L14_C012,L14,leakage_current,0,stable,,,False,False,False,9.067460545882902,0.0
L14_C012,L14,leakage_current,24,stable,,,False,False,False,9.067460545882902,0.0
L14_C012,L14,leakage_current,96,stable,,,False,False,False,9.067460545882902,0.0
L14_C012,L14,leakage_current,168,stable,,,False,False,False,9.067460545882902,0.0
L14_C012,L14,iddq,0,stable,,,False,False,False,0.4240754605205609,0.0
L14_C012,L14,iddq,24,stable,,,False,False,False,0.4240754605205609,0.0
L14_C012,L14,iddq,96,stable,,,False,False,False,0.4240754605205609,0.0
L14_C012,L14,iddq,168,stable,,,False,False,False,0.4240754605205609,0.0
L14_C012,L14,propagation_delay,0,stable,,,False,False,False,4.99526123308061,0.0
L14_C012,L14,propagation_delay,24,stable,,,False,False,False,4.99526123308061,0.0
L14_C012,L14,propagation_delay,96,stable,,,False,False,False,4.99526123308061,0.0
L14_C012,L14,propagation_delay,168,stable,,,False,False,False,4.99526123308061,0.0
L14_C013,L14,leakage_current,0,stable,,,False,False,False,6.061094204348578,0.0
L14_C013,L14,leakage_current,24,stable,,,False,False,False,6.061094204348578,0.0
L14_C013,L14,leakage_current,96,stable,,,False,False,False,6.061094204348578,0.0
L14_C013,L14,leakage_current,168,stable,,,False,False,False,6.061094204348578,0.0
L14_C013,L14,iddq,0,stable,,,False,False,False,0.508334074088262,0.0
L14_C013,L14,iddq,24,stable,,,False,False,False,0.508334074088262,0.0
L14_C013,L14,iddq,96,stable,,,False,False,False,0.508334074088262,0.0
L14_C013,L14,iddq,168,stable,,,False,False,False,0.508334074088262,0.0
L14_C013,L14,propagation_delay,0,stable,,,False,False,False,4.91634071286922,0.0
L14_C013,L14,propagation_delay,24,stable,,,False,False,False,4.91634071286922,0.0
L14_C013,L14,propagation_delay,96,stable,,,False,False,False,4.91634071286922,0.0
L14_C013,L14,propagation_delay,168,stable,,,False,False,False,4.91634071286922,0.0
L14_C014,L14,leakage_current,0,stable,,,False,False,False,12.480839860265107,0.0
L14_C014,L14,leakage_current,24,stable,,,False,False,False,12.480839860265107,0.0
L14_C014,L14,leakage_current,96,stable,,,False,False,False,12.480839860265107,0.0
L14_C014,L14,leakage_current,168,stable,,,False,False,False,12.480839860265107,0.0
L14_C014,L14,iddq,0,stable,,,False,False,False,0.39057288335787854,0.0
L14_C014,L14,iddq,24,stable,,,False,False,False,0.39057288335787854,0.0
L14_C014,L14,iddq,96,stable,,,False,False,False,0.39057288335787854,0.0
L14_C014,L14,iddq,168,stable,,,False,False,False,0.39057288335787854,0.0
L14_C014,L14,propagation_delay,0,stable,,,False,False,False,5.182396202412154,0.0
L14_C014,L14,propagation_delay,24,stable,,,False,False,False,5.182396202412154,0.0
L14_C014,L14,propagation_delay,96,stable,,,False,False,False,5.182396202412154,0.0
L14_C014,L14,propagation_delay,168,stable,,,False,False,False,5.182396202412154,0.0
L14_C015,L14,leakage_current,0,stable,,,False,False,False,8.452007375072355,0.0
L14_C015,L14,leakage_current,24,stable,,,False,False,False,8.452007375072355,0.0
L14_C015,L14,leakage_current,96,stable,,,False,False,False,8.452007375072355,0.0
L14_C015,L14,leakage_current,168,stable,,,False,False,False,8.452007375072355,0.0
L14_C015,L14,iddq,0,stable,,,False,False,False,0.5577382880706793,0.0
L14_C015,L14,iddq,24,stable,,,False,False,False,0.5577382880706793,0.0
L14_C015,L14,iddq,96,stable,,,False,False,False,0.5577382880706793,0.0
L14_C015,L14,iddq,168,stable,,,False,False,False,0.5577382880706793,0.0
L14_C015,L14,propagation_delay,0,stable,,,False,False,False,4.985702447956631,0.0
L14_C015,L14,propagation_delay,24,stable,,,False,False,False,4.985702447956631,0.0
L14_C015,L14,propagation_delay,96,stable,,,False,False,False,4.985702447956631,0.0
L14_C015,L14,propagation_delay,168,stable,,,False,False,False,4.985702447956631,0.0
L14_C016,L14,leakage_current,0,stable,,,False,False,False,7.182990735067965,0.0
L14_C016,L14,leakage_current,24,stable,,,False,False,False,7.182990735067965,0.0
L14_C016,L14,leakage_current,96,stable,,,False,False,False,7.182990735067965,0.0
L14_C016,L14,leakage_current,168,stable,,,False,False,False,7.182990735067965,0.0
L14_C016,L14,iddq,0,stable,,,False,False,False,0.5231242271269093,0.0
L14_C016,L14,iddq,24,stable,,,False,False,False,0.5231242271269093,0.0
L14_C016,L14,iddq,96,stable,,,False,False,False,0.5231242271269093,0.0
L14_C016,L14,iddq,168,stable,,,False,False,False,0.5231242271269093,0.0
L14_C016,L14,propagation_delay,0,stable,,,False,False,False,5.5855077033029055,0.0
L14_C016,L14,propagation_delay,24,stable,,,False,False,False,5.5855077033029055,0.0
L14_C016,L14,propagation_delay,96,stable,,,False,False,False,5.5855077033029055,0.0
L14_C016,L14,propagation_delay,168,stable,,,False,False,False,5.5855077033029055,0.0
L14_C017,L14,leakage_current,0,stable,,,False,False,False,12.462331564871548,0.0
L14_C017,L14,leakage_current,24,stable,,,False,False,False,12.462331564871548,0.0
L14_C017,L14,leakage_current,96,stable,,,False,False,False,12.462331564871548,0.0
L14_C017,L14,leakage_current,168,stable,,,False,False,False,12.462331564871548,0.0
L14_C017,L14,iddq,0,stable,,,False,False,False,0.351264684052866,0.0
L14_C017,L14,iddq,24,stable,,,False,False,False,0.351264684052866,0.0
L14_C017,L14,iddq,96,stable,,,False,False,False,0.351264684052866,0.0
L14_C017,L14,iddq,168,stable,,,False,False,False,0.351264684052866,0.0
L14_C017,L14,propagation_delay,0,stable,,,False,False,False,5.15849714572475,0.0
L14_C017,L14,propagation_delay,24,stable,,,False,False,False,5.15849714572475,0.0
L14_C017,L14,propagation_delay,96,stable,,,False,False,False,5.15849714572475,0.0
L14_C017,L14,propagation_delay,168,stable,,,False,False,False,5.15849714572475,0.0
L14_C018,L14,leakage_current,0,abrupt_failure,24.0,24.0,True,True,True,10.409257924269081,0.0
L14_C018,L14,leakage_current,24,abrupt_failure,24.0,24.0,True,True,True,168.08328367916727,15.14747995505835
L14_C018,L14,leakage_current,96,abrupt_failure,24.0,24.0,True,True,True,168.08328367916727,15.14747995505835
L14_C018,L14,leakage_current,168,abrupt_failure,24.0,24.0,True,True,True,168.08328367916727,15.14747995505835
L14_C018,L14,iddq,0,abrupt_failure,168.0,168.0,False,False,True,0.5791848403364908,0.0
L14_C018,L14,iddq,24,abrupt_failure,168.0,168.0,False,False,True,0.5791848403364908,0.0
L14_C018,L14,iddq,96,abrupt_failure,168.0,168.0,False,False,True,0.5791848403364908,0.0
L14_C018,L14,iddq,168,abrupt_failure,168.0,168.0,False,False,True,5.9629101347705555,9.295349117401392
L14_C018,L14,propagation_delay,0,abrupt_failure,96.0,96.0,False,True,True,5.46362410186698,0.0
L14_C018,L14,propagation_delay,24,abrupt_failure,96.0,96.0,False,True,True,5.46362410186698,0.0
L14_C018,L14,propagation_delay,96,abrupt_failure,96.0,96.0,False,True,True,13.756817642422181,1.5178924072981752
L14_C018,L14,propagation_delay,168,abrupt_failure,96.0,96.0,False,True,True,13.756817642422181,1.5178924072981752
L14_C019,L14,leakage_current,0,stable,,,False,False,False,10.518590005485269,0.0
L14_C019,L14,leakage_current,24,stable,,,False,False,False,10.518590005485269,0.0
L14_C019,L14,leakage_current,96,stable,,,False,False,False,10.518590005485269,0.0
L14_C019,L14,leakage_current,168,stable,,,False,False,False,10.518590005485269,0.0
L14_C019,L14,iddq,0,stable,,,False,False,False,0.5179359612682854,0.0
L14_C019,L14,iddq,24,stable,,,False,False,False,0.5179359612682854,0.0
L14_C019,L14,iddq,96,stable,,,False,False,False,0.5179359612682854,0.0
L14_C019,L14,iddq,168,stable,,,False,False,False,0.5179359612682854,0.0
L14_C019,L14,propagation_delay,0,stable,,,False,False,False,4.670745844775061,0.0
L14_C019,L14,propagation_delay,24,stable,,,False,False,False,4.670745844775061,0.0
L14_C019,L14,propagation_delay,96,stable,,,False,False,False,4.670745844775061,0.0
L14_C019,L14,propagation_delay,168,stable,,,False,False,False,4.670745844775061,0.0
L14_C020,L14,leakage_current,0,linear_drift,24.0,168.0,False,False,True,8.714606858804135,0.0
L14_C020,L14,leakage_current,24,linear_drift,24.0,168.0,False,False,True,9.528310607784832,0.0933723990266564
L14_C020,L14,leakage_current,96,linear_drift,24.0,168.0,False,False,True,12.454325878928486,0.42913226961537715
L14_C020,L14,leakage_current,168,linear_drift,24.0,168.0,False,False,True,16.27888085132526,0.8679994536849518
L14_C020,L14,iddq,0,linear_drift,24.0,96.0,False,True,True,0.45650807687884515,0.0
L14_C020,L14,iddq,24,linear_drift,24.0,96.0,False,True,True,0.501401025863758,0.09833987887322138
L14_C020,L14,iddq,96,linear_drift,24.0,96.0,False,True,True,0.6643477605134497,0.45528150357296765
L14_C020,L14,iddq,168,linear_drift,24.0,96.0,False,True,True,0.8802493894760456,0.9282230349445912
L14_C020,L14,propagation_delay,0,linear_drift,24.0,168.0,False,False,True,5.26454370318929,0.0
L14_C020,L14,propagation_delay,24,linear_drift,24.0,168.0,False,False,True,5.3705461351989,0.020135160421480326
L14_C020,L14,propagation_delay,96,linear_drift,24.0,168.0,False,False,True,5.68855343122773,0.08054064168592097
L14_C020,L14,propagation_delay,168,linear_drift,24.0,168.0,False,False,True,6.00656072725656,0.1409461229503618
L14_C021,L14,leakage_current,0,stable,,,False,False,False,10.163413727251081,0.0
L14_C021,L14,leakage_current,24,stable,,,False,False,False,10.163413727251081,0.0
L14_C021,L14,leakage_current,96,stable,,,False,False,False,10.163413727251081,0.0
L14_C021,L14,leakage_current,168,stable,,,False,False,False,10.163413727251081,0.0
L14_C021,L14,iddq,0,stable,,,False,False,False,0.45722302305831897,0.0
L14_C021,L14,iddq,24,stable,,,False,False,False,0.45722302305831897,0.0
L14_C021,L14,iddq,96,stable,,,False,False,False,0.45722302305831897,0.0
L14_C021,L14,iddq,168,stable,,,False,False,False,0.45722302305831897,0.0
L14_C021,L14,propagation_delay,0,stable,,,False,False,False,4.763152462083775,0.0
L14_C021,L14,propagation_delay,24,stable,,,False,False,False,4.763152462083775,0.0
L14_C021,L14,propagation_delay,96,stable,,,False,False,False,4.763152462083775,0.0
L14_C021,L14,propagation_delay,168,stable,,,False,False,False,4.763152462083775,0.0
L14_C022,L14,leakage_current,0,linear_drift,24.0,168.0,False,False,True,9.521010046490863,0.0
L14_C022,L14,leakage_current,24,linear_drift,24.0,168.0,False,False,True,10.461723602254956,0.09880396629880774
L14_C022,L14,leakage_current,96,linear_drift,24.0,168.0,False,False,True,13.879182839097682,0.45774269445426125
L14_C022,L14,leakage_current,168,linear_drift,24.0,168.0,False,False,True,18.412999961075545,0.9339334662147513
L14_C022,L14,iddq,0,linear_drift,24.0,96.0,False,True,True,0.4414482076249792,0.0
L14_C022,L14,iddq,24,linear_drift,24.0,96.0,False,True,True,0.4897384817110544,0.10939057686037522
L14_C022,L14,iddq,96,linear_drift,24.0,96.0,False,True,True,0.6686789448853855,0.5147392906699583
L14_C022,L14,iddq,168,linear_drift,24.0,96.0,False,True,True,0.9130006075300408,1.0681941658389438
L14_C022,L14,propagation_delay,0,linear_drift,24.0,96.0,False,True,True,4.629053167225481,0.0
L14_C022,L14,propagation_delay,24,linear_drift,24.0,96.0,False,True,True,4.806100190444475,0.038246919364097645
L14_C022,L14,propagation_delay,96,linear_drift,24.0,96.0,False,True,True,5.3372412601014565,0.15298767745639058
L14_C022,L14,propagation_delay,168,linear_drift,24.0,96.0,False,True,True,5.868382329758439,0.2677284355486837
L14_C023,L14,leakage_current,0,stable,,,False,False,False,8.36226377599627,0.0
L14_C023,L14,leakage_current,24,stable,,,False,False,False,8.36226377599627,0.0
L14_C023,L14,leakage_current,96,stable,,,False,False,False,8.36226377599627,0.0
L14_C023,L14,leakage_current,168,stable,,,False,False,False,8.36226377599627,0.0
L14_C023,L14,iddq,0,stable,,,False,False,False,0.40660036314502895,0.0
L14_C023,L14,iddq,24,stable,,,False,False,False,0.40660036314502895,0.0
L14_C023,L14,iddq,96,stable,,,False,False,False,0.40660036314502895,0.0
L14_C023,L14,iddq,168,stable,,,False,False,False,0.40660036314502895,0.0
L14_C023,L14,propagation_delay,0,stable,,,False,False,False,5.743634896641687,0.0
L14_C023,L14,propagation_delay,24,stable,,,False,False,False,5.743634896641687,0.0
L14_C023,L14,propagation_delay,96,stable,,,False,False,False,5.743634896641687,0.0
L14_C023,L14,propagation_delay,168,stable,,,False,False,False,5.743634896641687,0.0
L14_C024,L14,leakage_current,0,stable,,,False,False,False,9.341194906760697,0.0
L14_C024,L14,leakage_current,24,stable,,,False,False,False,9.341194906760697,0.0
L14_C024,L14,leakage_current,96,stable,,,False,False,False,9.341194906760697,0.0
L14_C024,L14,leakage_current,168,stable,,,False,False,False,9.341194906760697,0.0
L14_C024,L14,iddq,0,stable,,,False,False,False,0.48648877528599693,0.0
L14_C024,L14,iddq,24,stable,,,False,False,False,0.48648877528599693,0.0
L14_C024,L14,iddq,96,stable,,,False,False,False,0.48648877528599693,0.0
L14_C024,L14,iddq,168,stable,,,False,False,False,0.48648877528599693,0.0
L14_C024,L14,propagation_delay,0,stable,,,False,False,False,4.479025209084764,0.0
L14_C024,L14,propagation_delay,24,stable,,,False,False,False,4.479025209084764,0.0
L14_C024,L14,propagation_delay,96,stable,,,False,False,False,4.479025209084764,0.0
L14_C024,L14,propagation_delay,168,stable,,,False,False,False,4.479025209084764,0.0
L14_C025,L14,leakage_current,0,stable,,,False,False,False,7.64971450097467,0.0
L14_C025,L14,leakage_current,24,stable,,,False,False,False,7.64971450097467,0.0
L14_C025,L14,leakage_current,96,stable,,,False,False,False,7.64971450097467,0.0
L14_C025,L14,leakage_current,168,stable,,,False,False,False,7.64971450097467,0.0
L14_C025,L14,iddq,0,stable,,,False,False,False,0.44152835983797095,0.0
L14_C025,L14,iddq,24,stable,,,False,False,False,0.44152835983797095,0.0
L14_C025,L14,iddq,96,stable,,,False,False,False,0.44152835983797095,0.0
L14_C025,L14,iddq,168,stable,,,False,False,False,0.44152835983797095,0.0
L14_C025,L14,propagation_delay,0,stable,,,False,False,False,5.325840206321964,0.0
L14_C025,L14,propagation_delay,24,stable,,,False,False,False,5.325840206321964,0.0
L14_C025,L14,propagation_delay,96,stable,,,False,False,False,5.325840206321964,0.0
L14_C025,L14,propagation_delay,168,stable,,,False,False,False,5.325840206321964,0.0
L14_C026,L14,leakage_current,0,abrupt_failure,168.0,168.0,False,False,True,13.078058696850153,0.0
L14_C026,L14,leakage_current,24,abrupt_failure,168.0,168.0,False,False,True,13.078058696850153,0.0
L14_C026,L14,leakage_current,96,abrupt_failure,168.0,168.0,False,False,True,13.078058696850153,0.0
L14_C026,L14,leakage_current,168,abrupt_failure,168.0,168.0,False,False,True,187.85565319829496,13.364184895694033
L14_C026,L14,iddq,0,abrupt_failure,24.0,24.0,True,True,True,0.3843781091850673,0.0
L14_C026,L14,iddq,24,abrupt_failure,24.0,24.0,True,True,True,5.9027426001185805,14.356604497153024
L14_C026,L14,iddq,96,abrupt_failure,24.0,24.0,True,True,True,5.9027426001185805,14.356604497153024
L14_C026,L14,iddq,168,abrupt_failure,24.0,24.0,True,True,True,5.9027426001185805,14.356604497153024
L14_C026,L14,propagation_delay,0,abrupt_failure,96.0,96.0,False,True,True,5.361662789550169,0.0
L14_C026,L14,propagation_delay,24,abrupt_failure,96.0,96.0,False,True,True,5.361662789550169,0.0
L14_C026,L14,propagation_delay,96,abrupt_failure,96.0,96.0,False,True,True,12.804001091907061,1.3880653436210013
L14_C026,L14,propagation_delay,168,abrupt_failure,96.0,96.0,False,True,True,12.804001091907061,1.3880653436210013
L14_C027,L14,leakage_current,0,stable,,,False,False,False,9.612808103368222,0.0
L14_C027,L14,leakage_current,24,stable,,,False,False,False,9.612808103368222,0.0
L14_C027,L14,leakage_current,96,stable,,,False,False,False,9.612808103368222,0.0
L14_C027,L14,leakage_current,168,stable,,,False,False,False,9.612808103368222,0.0
L14_C027,L14,iddq,0,stable,,,False,False,False,0.49051123477556946,0.0
L14_C027,L14,iddq,24,stable,,,False,False,False,0.49051123477556946,0.0
L14_C027,L14,iddq,96,stable,,,False,False,False,0.49051123477556946,0.0
L14_C027,L14,iddq,168,stable,,,False,False,False,0.49051123477556946,0.0
L14_C027,L14,propagation_delay,0,stable,,,False,False,False,5.471718174037498,0.0
L14_C027,L14,propagation_delay,24,stable,,,False,False,False,5.471718174037498,0.0
L14_C027,L14,propagation_delay,96,stable,,,False,False,False,5.471718174037498,0.0
L14_C027,L14,propagation_delay,168,stable,,,False,False,False,5.471718174037498,0.0
L14_C028,L14,leakage_current,0,stable,,,False,False,False,7.194727708356471,0.0
L14_C028,L14,leakage_current,24,stable,,,False,False,False,7.194727708356471,0.0
L14_C028,L14,leakage_current,96,stable,,,False,False,False,7.194727708356471,0.0
L14_C028,L14,leakage_current,168,stable,,,False,False,False,7.194727708356471,0.0
L14_C028,L14,iddq,0,stable,,,False,False,False,0.46799966609086713,0.0
L14_C028,L14,iddq,24,stable,,,False,False,False,0.46799966609086713,0.0
L14_C028,L14,iddq,96,stable,,,False,False,False,0.46799966609086713,0.0
L14_C028,L14,iddq,168,stable,,,False,False,False,0.46799966609086713,0.0
L14_C028,L14,propagation_delay,0,stable,,,False,False,False,5.271007181323014,0.0
L14_C028,L14,propagation_delay,24,stable,,,False,False,False,5.271007181323014,0.0
L14_C028,L14,propagation_delay,96,stable,,,False,False,False,5.271007181323014,0.0
L14_C028,L14,propagation_delay,168,stable,,,False,False,False,5.271007181323014,0.0
L14_C029,L14,leakage_current,0,stable,,,False,False,False,8.008740525342974,0.0
L14_C029,L14,leakage_current,24,stable,,,False,False,False,8.008740525342974,0.0
L14_C029,L14,leakage_current,96,stable,,,False,False,False,8.008740525342974,0.0
L14_C029,L14,leakage_current,168,stable,,,False,False,False,8.008740525342974,0.0
L14_C029,L14,iddq,0,stable,,,False,False,False,0.4823109879947747,0.0
L14_C029,L14,iddq,24,stable,,,False,False,False,0.4823109879947747,0.0
L14_C029,L14,iddq,96,stable,,,False,False,False,0.4823109879947747,0.0
L14_C029,L14,iddq,168,stable,,,False,False,False,0.4823109879947747,0.0
L14_C029,L14,propagation_delay,0,stable,,,False,False,False,5.476756398884834,0.0
L14_C029,L14,propagation_delay,24,stable,,,False,False,False,5.476756398884834,0.0
L14_C029,L14,propagation_delay,96,stable,,,False,False,False,5.476756398884834,0.0
L14_C029,L14,propagation_delay,168,stable,,,False,False,False,5.476756398884834,0.0
L14_C030,L14,leakage_current,0,stable,,,False,False,False,10.410156190685916,0.0
L14_C030,L14,leakage_current,24,stable,,,False,False,False,10.410156190685916,0.0
L14_C030,L14,leakage_current,96,stable,,,False,False,False,10.410156190685916,0.0
L14_C030,L14,leakage_current,168,stable,,,False,False,False,10.410156190685916,0.0
L14_C030,L14,iddq,0,stable,,,False,False,False,0.511942349312702,0.0
L14_C030,L14,iddq,24,stable,,,False,False,False,0.511942349312702,0.0
L14_C030,L14,iddq,96,stable,,,False,False,False,0.511942349312702,0.0
L14_C030,L14,iddq,168,stable,,,False,False,False,0.511942349312702,0.0
L14_C030,L14,propagation_delay,0,stable,,,False,False,False,5.096149323923208,0.0
L14_C030,L14,propagation_delay,24,stable,,,False,False,False,5.096149323923208,0.0
L14_C030,L14,propagation_delay,96,stable,,,False,False,False,5.096149323923208,0.0
L14_C030,L14,propagation_delay,168,stable,,,False,False,False,5.096149323923208,0.0
