component_id,lot_id,parameter_name,elapsed_hours,value,unit,temperature_C,test_condition,instrument_id,channel_id,measurement_quality,rework_count,absolute_limit_low,absolute_limit_high,source_type
L01_C001,L01,leakage_current,0,13.77999874076976,uA,125.0,STATIC_BURN_IN,INST_01,CH_01,VALID,1,,50.0,synthetic
L01_C001,L01,leakage_current,24,14.973781729321548,uA,125.0,STATIC_BURN_IN,INST_01,CH_01,VALID,1,,50.0,synthetic
L01_C001,L01,leakage_current,96,18.824641606984,uA,125.0,STATIC_BURN_IN,INST_01,CH_01,VALID,1,,50.0,synthetic
L01_C001,L01,iddq,0,0.4714842921926815,mA,125.0,STATIC_BURN_IN,INST_01,CH_01,VALID,1,,2.0,synthetic
L01_C001,L01,iddq,24,0.5436421967234976,mA,125.0,STATIC_BURN_IN,INST_01,CH_01,VALID,1,,2.0,synthetic
L01_C001,L01,iddq,96,0.7228258112353937,mA,125.0,STATIC_BURN_IN,INST_01,CH_01,VALID,1,,2.0,synthetic
L01_C001,L01,iddq,168,0.9626723140155349,mA,125.0,STATIC_BURN_IN,INST_01,CH_01,VALID,1,,2.0,synthetic
L01_C001,L01,propagation_delay,0,4.581939995489421,ns,125.0,STATIC_BURN_IN,INST_01,CH_01,VALID,1,,8.0,synthetic
L01_C001,L01,propagation_delay,24,4.678453387029573,ns,125.0,STATIC_BURN_IN,INST_01,CH_01,VALID,1,,8.0,synthetic
L01_C001,L01,propagation_delay,96,5.2311968510252225,ns,125.0,STATIC_BURN_IN,INST_01,CH_01,VALID,1,,8.0,synthetic
L01_C001,L01,propagation_delay,168,5.723834517061466,ns,125.0,STATIC_BURN_IN,INST_01,CH_01,VALID,1,,8.0,synthetic
L01_C002,L01,leakage_current,0,10.42464556066738,uA,125.0,STATIC_BURN_IN,INST_01,CH_02,VALID,1,,50.0,synthetic
L01_C002,L01,leakage_current,24,9.94357239986051,uA,125.0,STATIC_BURN_IN,INST_01,CH_02,VALID,1,,50.0,synthetic
L01_C002,L01,leakage_current,96,10.272376559011247,uA,125.0,STATIC_BURN_IN,INST_01,CH_02,VALID,1,,50.0,synthetic
L01_C002,L01,leakage_current,168,10.428770440815034,uA,125.0,STATIC_BURN_IN,INST_01,CH_02,VALID,1,,50.0,synthetic
L01_C002,L01,iddq,0,0.5106165211070802,mA,125.0,STATIC_BURN_IN,INST_01,CH_02,VALID,1,,2.0,synthetic
L01_C002,L01,iddq,24,0.5079700572240333,mA,125.0,STATIC_BURN_IN,INST_01,CH_02,VALID,1,,2.0,synthetic
L01_C002,L01,iddq,96,0.5094532927851644,mA,125.0,STATIC_BURN_IN,INST_01,CH_02,VALID,1,,2.0,synthetic
L01_C002,L01,iddq,168,0.5118253636880877,mA,125.0,STATIC_BURN_IN,INST_01,CH_02,VALID,1,,2.0,synthetic
L01_C002,L01,propagation_delay,0,4.710312168992487,ns,125.0,STATIC_BURN_IN,INST_01,CH_02,VALID,1,,8.0,synthetic
L01_C002,L01,propagation_delay,24,4.879517272564971,ns,125.0,STATIC_BURN_IN,INST_01,CH_02,VALID,1,,8.0,synthetic
L01_C002,L01,propagation_delay,96,4.83110476734883,ns,125.0,STATIC_BURN_IN,INST_01,CH_02,VALID,1,,8.0,synthetic
L01_C002,L01,propagation_delay,168,4.827182109142685,ns,125.0,STATIC_BURN_IN,INST_01,CH_02,VALID,1,,8.0,synthetic
L01_C003,L01,leakage_current,0,8.864693325351075,uA,125.0,STATIC_BURN_IN,INST_01,CH_03,VALID,0,,50.0,synthetic
L01_C003,L01,leakage_current,24,9.417942772653173,uA,125.0,STATIC_BURN_IN,INST_01,CH_03,VALID,0,,50.0,synthetic
L01_C003,L01,leakage_current,96,179.24628130764782,uA,125.0,STATIC_BURN_IN,INST_01,CH_03,VALID,0,,50.0,synthetic
L01_C003,L01,leakage_current,168,178.2444332655071,uA,125.0,STATIC_BURN_IN,INST_01,CH_03,VALID,0,,50.0,synthetic
L01_C003,L01,iddq,0,0.4837610017055827,mA,125.0,STATIC_BURN_IN,INST_01,CH_03,VALID,0,,2.0,synthetic
L01_C003,L01,iddq,24,0.4698533777821561,mA,125.0,STATIC_BURN_IN,INST_01,CH_03,VALID,0,,2.0,synthetic
L01_C003,L01,iddq,96,16.89107422848986,mA,125.0,STATIC_BURN_IN,INST_01,CH_03,VALID,0,,2.0,synthetic
L01_C003,L01,iddq,168,16.72883705268066,mA,125.0,STATIC_BURN_IN,INST_01,CH_03,VALID,0,,2.0,synthetic
L01_C003,L01,propagation_delay,0,4.753722451233751,ns,125.0,STATIC_BURN_IN,INST_01,CH_03,VALID,0,,8.0,synthetic
L01_C003,L01,propagation_delay,24,4.72693583461615,ns,125.0,STATIC_BURN_IN,INST_01,CH_03,VALID,0,,8.0,synthetic
L01_C003,L01,propagation_delay,96,4.587852156602013,ns,125.0,STATIC_BURN_IN,INST_01,CH_03,VALID,0,,8.0,synthetic
L01_C003,L01,propagation_delay,168,10.843258238953695,ns,125.0,STATIC_BURN_IN,INST_01,CH_03,VALID,0,,8.0,synthetic
L01_C004,L01,leakage_current,0,8.966549801452807,uA,125.0,STATIC_BURN_IN,INST_01,CH_04,VALID,0,,50.0,synthetic
L01_C004,L01,leakage_current,24,8.993700951294821,uA,125.0,STATIC_BURN_IN,INST_01,CH_04,VALID,0,,50.0,synthetic
L01_C004,L01,leakage_current,96,9.243790656527056,uA,125.0,STATIC_BURN_IN,INST_01,CH_04,VALID,0,,50.0,synthetic
L01_C004,L01,leakage_current,168,9.202641393286733,uA,125.0,STATIC_BURN_IN,INST_01,CH_04,VALID,0,,50.0,synthetic
L01_C004,L01,iddq,0,0.4146900390077354,mA,125.0,STATIC_BURN_IN,INST_01,CH_04,VALID,0,,2.0,synthetic
L01_C004,L01,iddq,24,0.4270812061263826,mA,125.0,STATIC_BURN_IN,INST_01,CH_04,VALID,0,,2.0,synthetic
L01_C004,L01,iddq,96,0.43295923646158174,mA,125.0,STATIC_BURN_IN,INST_01,CH_04,VALID,0,,2.0,synthetic
L01_C004,L01,iddq,168,0.4259266781595606,mA,125.0,STATIC_BURN_IN,INST_01,CH_04,VALID,0,,2.0,synthetic
L01_C004,L01,propagation_delay,0,4.441220255353206,ns,125.0,STATIC_BURN_IN,INST_01,CH_04,VALID,0,,8.0,synthetic
L01_C004,L01,propagation_delay,24,4.275703980137452,ns,125.0,STATIC_BURN_IN,INST_01,CH_04,VALID,0,,8.0,synthetic
L01_C004,L01,propagation_delay,96,4.367102424665687,ns,125.0,STATIC_BURN_IN,INST_01,CH_04,VALID,0,,8.0,synthetic
L01_C004,L01,propagation_delay,168,4.210049998914789,ns,125.0,STATIC_BURN_IN,INST_01,CH_04,VALID,0,,8.0,synthetic
L01_C005,L01,leakage_current,0,12.084155872803445,uA,125.0,STATIC_BURN_IN,INST_01,CH_05,VALID,1,,50.0,synthetic
L01_C005,L01,leakage_current,24,12.02604947692051,uA,125.0,STATIC_BURN_IN,INST_01,CH_05,VALID,1,,50.0,synthetic
L01_C005,L01,leakage_current,96,11.930633558472593,uA,125.0,STATIC_BURN_IN,INST_01,CH_05,VALID,1,,50.0,synthetic
L01_C005,L01,leakage_current,168,12.64769280523131,uA,125.0,STATIC_BURN_IN,INST_01,CH_05,VALID,1,,50.0,synthetic
L01_C005,L01,iddq,0,0.49142302898976825,mA,125.0,STATIC_BURN_IN,INST_01,CH_05,VALID,1,,2.0,synthetic
L01_C005,L01,iddq,24,0.5258658344185146,mA,125.0,STATIC_BURN_IN,INST_01,CH_05,VALID,1,,2.0,synthetic
L01_C005,L01,iddq,96,0.5268024340574042,mA,125.0,STATIC_BURN_IN,INST_01,CH_05,VALID,1,,2.0,synthetic
L01_C005,L01,iddq,168,0.5087164958570762,mA,125.0,STATIC_BURN_IN,INST_01,CH_05,VALID,1,,2.0,synthetic
L01_C005,L01,propagation_delay,24,4.544627364258336,ns,125.0,STATIC_BURN_IN,INST_01,CH_05,VALID,1,,8.0,synthetic
L01_C005,L01,propagation_delay,96,4.646468545205167,ns,125.0,STATIC_BURN_IN,INST_01,CH_05,VALID,1,,8.0,synthetic
L01_C005,L01,propagation_delay,168,4.318711827431151,ns,125.0,STATIC_BURN_IN,INST_01,CH_05,VALID,1,,8.0,synthetic
L01_C006,L01,leakage_current,0,8.073652767988184,uA,125.0,STATIC_BURN_IN,INST_01,CH_06,VALID,0,,50.0,synthetic
L01_C006,L01,leakage_current,24,7.683646511279887,uA,125.0,STATIC_BURN_IN,INST_01,CH_06,VALID,0,,50.0,synthetic
L01_C006,L01,leakage_current,96,7.858840407788503,uA,125.0,STATIC_BURN_IN,INST_01,CH_06,VALID,0,,50.0,synthetic
L01_C006,L01,leakage_current,168,7.537982166469714,uA,125.0,STATIC_BURN_IN,INST_01,CH_06,VALID,0,,50.0,synthetic
L01_C006,L01,iddq,0,0.4143342364122321,mA,125.0,STATIC_BURN_IN,INST_01,CH_06,VALID,0,,2.0,synthetic
L01_C006,L01,iddq,24,0.42425974527387467,mA,125.0,STATIC_BURN_IN,INST_01,CH_06,VALID,0,,2.0,synthetic
L01_C006,L01,iddq,96,0.4265500337541961,mA,125.0,STATIC_BURN_IN,INST_01,CH_06,VALID,0,,2.0,synthetic
L01_C006,L01,iddq,168,0.4112146557195175,mA,125.0,STATIC_BURN_IN,INST_01,CH_06,VALID,0,,2.0,synthetic
L01_C006,L01,propagation_delay,0,4.41874723391151,ns,125.0,STATIC_BURN_IN,INST_01,CH_06,VALID,0,,8.0,synthetic
L01_C006,L01,propagation_delay,24,4.4864007798979655,ns,125.0,STATIC_BURN_IN,INST_01,CH_06,VALID,0,,8.0,synthetic
L01_C006,L01,propagation_delay,96,4.369282177904568,ns,125.0,STATIC_BURN_IN,INST_01,CH_06,VALID,0,,8.0,synthetic
L01_C006,L01,propagation_delay,168,4.514564174015609,ns,125.0,STATIC_BURN_IN,INST_01,CH_06,VALID,0,,8.0,synthetic
L01_C007,L01,leakage_current,0,11.760607380510866,uA,125.0,STATIC_BURN_IN,INST_01,CH_07,VALID,0,,50.0,synthetic
L01_C007,L01,leakage_current,24,11.704570211071902,uA,125.0,STATIC_BURN_IN,INST_01,CH_07,VALID,0,,50.0,synthetic
L01_C007,L01,leakage_current,96,11.433410082022286,uA,125.0,STATIC_BURN_IN,INST_01,CH_07,VALID,0,,50.0,synthetic
L01_C007,L01,leakage_current,168,11.601931449206054,uA,125.0,STATIC_BURN_IN,INST_01,CH_07,VALID,0,,50.0,synthetic
L01_C007,L01,iddq,0,0.5156442458042121,mA,125.0,STATIC_BURN_IN,INST_01,CH_07,VALID,0,,2.0,synthetic
L01_C007,L01,iddq,24,0.5011417750621366,mA,125.0,STATIC_BURN_IN,INST_01,CH_07,VALID,0,,2.0,synthetic
L01_C007,L01,iddq,96,0.5117711297702926,mA,125.0,STATIC_BURN_IN,INST_01,CH_07,VALID,0,,2.0,synthetic
L01_C007,L01,iddq,168,0.5195897529956423,mA,125.0,STATIC_BURN_IN,INST_01,CH_07,VALID,0,,2.0,synthetic
L01_C007,L01,propagation_delay,0,4.907701342529614,ns,125.0,STATIC_BURN_IN,INST_01,CH_07,VALID,0,,8.0,synthetic
L01_C007,L01,propagation_delay,24,4.726692209547794,ns,125.0,STATIC_BURN_IN,INST_01,CH_07,VALID,0,,8.0,synthetic
L01_C007,L01,propagation_delay,96,4.789054321515945,ns,125.0,STATIC_BURN_IN,INST_01,CH_07,VALID,0,,8.0,synthetic
L01_C007,L01,propagation_delay,168,4.729585253042914,ns,125.0,STATIC_BURN_IN,INST_01,CH_07,VALID,0,,8.0,synthetic
L01_C008,L01,leakage_current,0,11.653779334165844,uA,125.0,STATIC_BURN_IN,INST_01,CH_08,VALID,1,,50.0,synthetic
L01_C008,L01,leakage_current,24,11.328225299534632,uA,125.0,STATIC_BURN_IN,INST_01,CH_08,VALID,1,,50.0,synthetic
L01_C008,L01,leakage_current,96,10.986829085587065,uA,125.0,STATIC_BURN_IN,INST_01,CH_08,VALID,1,,50.0,synthetic
L01_C008,L01,leakage_current,168,11.54518893317071,uA,125.0,STATIC_BURN_IN,INST_01,CH_08,VALID,1,,50.0,synthetic
L01_C008,L01,iddq,0,0.37006558512600385,mA,125.0,STATIC_BURN_IN,INST_01,CH_08,VALID,1,,2.0,synthetic
L01_C008,L01,iddq,24,0.3812919639488903,mA,125.0,STATIC_BURN_IN,INST_01,CH_08,VALID,1,,2.0,synthetic
L01_C008,L01,iddq,168,0.37238761850355184,mA,125.0,STATIC_BURN_IN,INST_01,CH_08,VALID,1,,2.0,synthetic
L01_C008,L01,propagation_delay,0,4.287777944785542,ns,125.0,STATIC_BURN_IN,INST_01,CH_08,VALID,1,,8.0,synthetic
L01_C008,L01,propagation_delay,24,4.223405256920665,ns,125.0,STATIC_BURN_IN,INST_01,CH_08,VALID,1,,8.0,synthetic
L01_C008,L01,propagation_delay,96,4.269085377686751,ns,125.0,STATIC_BURN_IN,INST_01,CH_08,VALID,1,,8.0,synthetic
L01_C008,L01,propagation_delay,168,4.409051711361607,ns,125.0,STATIC_BURN_IN,INST_01,CH_08,VALID,1,,8.0,synthetic
L01_C009,L01,leakage_current,0,26.392481998713265,uA,125.0,STATIC_BURN_IN,INST_02,CH_01,VALID,0,,50.0,synthetic
L01_C009,L01,leakage_current,24,25.49246583822415,uA,125.0,STATIC_BURN_IN,INST_02,CH_01,VALID,0,,50.0,synthetic
L01_C009,L01,leakage_current,96,26.050717756596736,uA,125.0,STATIC_BURN_IN,INST_02,CH_01,VALID,0,,50.0,synthetic
L01_C009,L01,leakage_current,168,26.745469302344883,uA,125.0,STATIC_BURN_IN,INST_02,CH_01,VALID,0,,50.0,synthetic
L01_C009,L01,iddq,0,0.7555477588003462,mA,125.0,STATIC_BURN_IN,INST_02,CH_01,VALID,0,,2.0,synthetic
L01_C009,L01,iddq,24,0.7818282947237659,mA,125.0,STATIC_BURN_IN,INST_02,CH_01,VALID,0,,2.0,synthetic
L01_C009,L01,iddq,96,0.7896922081467537,mA,125.0,STATIC_BURN_IN,INST_02,CH_01,VALID,0,,2.0,synthetic
L01_C009,L01,iddq,168,0.7699421114822872,mA,125.0,STATIC_BURN_IN,INST_02,CH_01,VALID,0,,2.0,synthetic
L01_C009,L01,propagation_delay,24,5.603712646193118,ns,125.0,STATIC_BURN_IN,INST_02,CH_01,VALID,0,,8.0,synthetic
L01_C009,L01,propagation_delay,96,5.8424763817831185,ns,125.0,STATIC_BURN_IN,INST_02,CH_01,VALID,0,,8.0,synthetic
L01_C009,L01,propagation_delay,168,5.634956457007432,ns,125.0,STATIC_BURN_IN,INST_02,CH_01,VALID,0,,8.0,synthetic
L01_C010,L01,leakage_current,0,13.061080432507993,uA,125.0,STATIC_BURN_IN,INST_02,CH_02,VALID,1,,50.0,synthetic
L01_C010,L01,leakage_current,24,12.76937776144838,uA,125.0,STATIC_BURN_IN,INST_02,CH_02,VALID,1,,50.0,synthetic
L01_C010,L01,leakage_current,96,13.052570576484651,uA,125.0,STATIC_BURN_IN,INST_02,CH_02,VALID,1,,50.0,synthetic
L01_C010,L01,leakage_current,168,12.824232455638652,uA,125.0,STATIC_BURN_IN,INST_02,CH_02,VALID,1,,50.0,synthetic
L01_C010,L01,iddq,0,0.43196579272318625,mA,125.0,STATIC_BURN_IN,INST_02,CH_02,VALID,1,,2.0,synthetic
L01_C010,L01,iddq,24,0.43751164797563236,mA,125.0,STATIC_BURN_IN,INST_02,CH_02,VALID,1,,2.0,synthetic
L01_C010,L01,iddq,96,0.43388149467609244,mA,125.0,STATIC_BURN_IN,INST_02,CH_02,VALID,1,,2.0,synthetic
L01_C010,L01,iddq,168,0.42866331479116304,mA,125.0,STATIC_BURN_IN,INST_02,CH_02,VALID,1,,2.0,synthetic
L01_C010,L01,propagation_delay,0,4.946664318688663,ns,125.0,STATIC_BURN_IN,INST_02,CH_02,VALID,1,,8.0,synthetic
L01_C010,L01,propagation_delay,24,4.720693028182885,ns,125.0,STATIC_BURN_IN,INST_02,CH_02,VALID,1,,8.0,synthetic
L01_C010,L01,propagation_delay,96,4.743725988840042,ns,125.0,STATIC_BURN_IN,INST_02,CH_02,VALID,1,,8.0,synthetic
L01_C010,L01,propagation_delay,168,4.7629570876673935,ns,125.0,STATIC_BURN_IN,INST_02,CH_02,VALID,1,,8.0,synthetic
L01_C011,L01,leakage_current,0,12.566717893129653,uA,125.0,STATIC_BURN_IN,INST_02,CH_03,VALID,0,,50.0,synthetic
L01_C011,L01,leakage_current,24,12.192351327673615,uA,125.0,STATIC_BURN_IN,INST_02,CH_03,VALID,0,,50.0,synthetic
L01_C011,L01,leakage_current,96,12.219743328855246,uA,125.0,STATIC_BURN_IN,INST_02,CH_03,VALID,0,,50.0,synthetic
L01_C011,L01,leakage_current,168,12.213546403671161,uA,125.0,STATIC_BURN_IN,INST_02,CH_03,VALID,0,,50.0,synthetic
L01_C011,L01,iddq,0,0.33117567258680347,mA,125.0,STATIC_BURN_IN,INST_02,CH_03,VALID,0,,2.0,synthetic
L01_C011,L01,iddq,24,0.3341194261450889,mA,125.0,STATIC_BURN_IN,INST_02,CH_03,VALID,0,,2.0,synthetic
L01_C011,L01,iddq,96,0.3240674024644826,mA,125.0,STATIC_BURN_IN,INST_02,CH_03,VALID,0,,2.0,synthetic
L01_C011,L01,iddq,168,0.3288619571566697,mA,125.0,STATIC_BURN_IN,INST_02,CH_03,VALID,0,,2.0,synthetic
L01_C011,L01,propagation_delay,0,4.748627492530126,ns,125.0,STATIC_BURN_IN,INST_02,CH_03,VALID,0,,8.0,synthetic
L01_C011,L01,propagation_delay,24,4.855832640441374,ns,125.0,STATIC_BURN_IN,INST_02,CH_03,VALID,0,,8.0,synthetic
L01_C011,L01,propagation_delay,96,4.892949691136868,ns,125.0,STATIC_BURN_IN,INST_02,CH_03,VALID,0,,8.0,synthetic
L01_C011,L01,propagation_delay,168,4.786121834270797,ns,125.0,STATIC_BURN_IN,INST_02,CH_03,VALID,0,,8.0,synthetic
L01_C012,L01,leakage_current,0,11.540168756307112,uA,125.0,STATIC_BURN_IN,INST_02,CH_04,VALID,0,,50.0,synthetic
L01_C012,L01,leakage_current,24,12.036598109499145,uA,125.0,STATIC_BURN_IN,INST_02,CH_04,VALID,0,,50.0,synthetic
L01_C012,L01,leakage_current,96,11.653616534034564,uA,125.0,STATIC_BURN_IN,INST_02,CH_04,VALID,0,,50.0,synthetic
L01_C012,L01,leakage_current,168,12.009292324942363,uA,125.0,STATIC_BURN_IN,INST_02,CH_04,VALID,0,,50.0,synthetic
L01_C012,L01,iddq,0,0.44942243723722114,mA,125.0,STATIC_BURN_IN,INST_02,CH_04,VALID,0,,2.0,synthetic
L01_C012,L01,iddq,24,0.461532861100208,mA,125.0,STATIC_BURN_IN,INST_02,CH_04,VALID,0,,2.0,synthetic
L01_C012,L01,iddq,168,0.44444121780217627,mA,125.0,STATIC_BURN_IN,INST_02,CH_04,VALID,0,,2.0,synthetic
L01_C012,L01,propagation_delay,0,5.0796680862887085,ns,125.0,STATIC_BURN_IN,INST_02,CH_04,VALID,0,,8.0,synthetic
L01_C012,L01,propagation_delay,24,4.957792423228444,ns,125.0,STATIC_BURN_IN,INST_02,CH_04,VALID,0,,8.0,synthetic
L01_C012,L01,propagation_delay,96,4.862470438788248,ns,125.0,STATIC_BURN_IN,INST_02,CH_04,VALID,0,,8.0,synthetic
L01_C012,L01,propagation_delay,168,5.074474444632579,ns,125.0,STATIC_BURN_IN,INST_02,CH_04,VALID,0,,8.0,synthetic
L01_C013,L01,leakage_current,0,13.181418637320718,uA,125.0,STATIC_BURN_IN,INST_02,CH_05,VALID,0,,50.0,synthetic
L01_C013,L01,leakage_current,24,13.112147166890708,uA,125.0,STATIC_BURN_IN,INST_02,CH_05,VALID,0,,50.0,synthetic
L01_C013,L01,leakage_current,96,13.067346024268632,uA,125.0,STATIC_BURN_IN,INST_02,CH_05,VALID,0,,50.0,synthetic
L01_C013,L01,leakage_current,168,13.449555236119346,uA,125.0,STATIC_BURN_IN,INST_02,CH_05,VALID,0,,50.0,synthetic
L01_C013,L01,iddq,0,0.49758135394452857,mA,125.0,STATIC_BURN_IN,INST_02,CH_05,VALID,0,,2.0,synthetic
L01_C013,L01,iddq,24,0.5058627143672432,mA,125.0,STATIC_BURN_IN,INST_02,CH_05,VALID,0,,2.0,synthetic
L01_C013,L01,iddq,96,0.49172631146930756,mA,125.0,STATIC_BURN_IN,INST_02,CH_05,VALID,0,,2.0,synthetic
L01_C013,L01,iddq,168,0.4946838924722137,mA,125.0,STATIC_BURN_IN,INST_02,CH_05,VALID,0,,2.0,synthetic
L01_C013,L01,propagation_delay,0,4.594671361629477,ns,125.0,STATIC_BURN_IN,INST_02,CH_05,VALID,0,,8.0,synthetic
L01_C013,L01,propagation_delay,24,4.457429409535011,ns,125.0,STATIC_BURN_IN,INST_02,CH_05,VALID,0,,8.0,synthetic
L01_C013,L01,propagation_delay,96,4.685636670594219,ns,125.0,STATIC_BURN_IN,INST_02,CH_05,VALID,0,,8.0,synthetic
L01_C013,L01,propagation_delay,168,4.755492322264678,ns,125.0,STATIC_BURN_IN,INST_02,CH_05,VALID,0,,8.0,synthetic
L01_C014,L01,leakage_current,0,11.130545838682826,uA,125.0,STATIC_BURN_IN,INST_02,CH_06,VALID,0,,50.0,synthetic
L01_C014,L01,leakage_current,24,11.719941535494929,uA,125.0,STATIC_BURN_IN,INST_02,CH_06,VALID,0,,50.0,synthetic
L01_C014,L01,leakage_current,96,11.89453562490214,uA,125.0,STATIC_BURN_IN,INST_02,CH_06,VALID,0,,50.0,synthetic
L01_C014,L01,leakage_current,168,11.930262327327759,uA,125.0,STATIC_BURN_IN,INST_02,CH_06,VALID,0,,50.0,synthetic
L01_C014,L01,iddq,0,0.50493538735169,mA,125.0,STATIC_BURN_IN,INST_02,CH_06,VALID,0,,2.0,synthetic
L01_C014,L01,iddq,24,0.504489653512595,mA,125.0,STATIC_BURN_IN,INST_02,CH_06,VALID,0,,2.0,synthetic
L01_C014,L01,iddq,96,0.4983728314912075,mA,125.0,STATIC_BURN_IN,INST_02,CH_06,VALID,0,,2.0,synthetic
L01_C014,L01,iddq,168,0.4909399591160198,mA,125.0,STATIC_BURN_IN,INST_02,CH_06,VALID,0,,2.0,synthetic
L01_C014,L01,propagation_delay,0,4.636152444568603,ns,125.0,STATIC_BURN_IN,INST_02,CH_06,VALID,0,,8.0,synthetic
L01_C014,L01,propagation_delay,24,4.225955257868464,ns,125.0,STATIC_BURN_IN,INST_02,CH_06,VALID,0,,8.0,synthetic
L01_C014,L01,propagation_delay,96,4.585077605254381,ns,125.0,STATIC_BURN_IN,INST_02,CH_06,VALID,0,,8.0,synthetic
L01_C014,L01,propagation_delay,168,4.505911519247138,ns,125.0,STATIC_BURN_IN,INST_02,CH_06,VALID,0,,8.0,synthetic
L01_C015,L01,leakage_current,0,9.448943274941328,uA,125.0,STATIC_BURN_IN,INST_02,CH_07,VALID,1,,50.0,synthetic
L01_C015,L01,leakage_current,24,9.331049517074254,uA,125.0,STATIC_BURN_IN,INST_02,CH_07,VALID,1,,50.0,synthetic
L01_C015,L01,leakage_current,96,9.571226467845591,uA,125.0,STATIC_BURN_IN,INST_02,CH_07,VALID,1,,50.0,synthetic
L01_C015,L01,iddq,0,0.4774727818890754,mA,125.0,STATIC_BURN_IN,INST_02,CH_07,VALID,1,,2.0,synthetic
L01_C015,L01,iddq,24,0.4912504379776987,mA,125.0,STATIC_BURN_IN,INST_02,CH_07,VALID,1,,2.0,synthetic
L01_C015,L01,iddq,96,0.49182384003749374,mA,125.0,STATIC_BURN_IN,INST_02,CH_07,VALID,1,,2.0,synthetic
L01_C015,L01,iddq,168,0.5091560996969055,mA,125.0,STATIC_BURN_IN,INST_02,CH_07,VALID,1,,2.0,synthetic
L01_C015,L01,propagation_delay,0,4.530186597081527,ns,125.0,STATIC_BURN_IN,INST_02,CH_07,VALID,1,,8.0,synthetic
L01_C015,L01,propagation_delay,24,4.576132747915071,ns,125.0,STATIC_BURN_IN,INST_02,CH_07,VALID,1,,8.0,synthetic
L01_C015,L01,propagation_delay,96,4.596696586362516,ns,125.0,STATIC_BURN_IN,INST_02,CH_07,VALID,1,,8.0,synthetic
L01_C015,L01,propagation_delay,168,4.571219520518985,ns,125.0,STATIC_BURN_IN,INST_02,CH_07,VALID,1,,8.0,synthetic
L01_C016,L01,leakage_current,0,11.501559181526162,uA,125.0,STATIC_BURN_IN,INST_02,CH_08,VALID,2,,50.0,synthetic
L01_C016,L01,leakage_current,24,11.270948544582234,uA,125.0,STATIC_BURN_IN,INST_02,CH_08,VALID,2,,50.0,synthetic
L01_C016,L01,leakage_current,96,11.22096059010368,uA,125.0,STATIC_BURN_IN,INST_02,CH_08,VALID,2,,50.0,synthetic
L01_C016,L01,leakage_current,168,11.057910018154166,uA,125.0,STATIC_BURN_IN,INST_02,CH_08,VALID,2,,50.0,synthetic
L01_C016,L01,iddq,0,0.517893754046629,mA,125.0,STATIC_BURN_IN,INST_02,CH_08,VALID,2,,2.0,synthetic
L01_C016,L01,iddq,24,0.5059310733870802,mA,125.0,STATIC_BURN_IN,INST_02,CH_08,VALID,2,,2.0,synthetic
L01_C016,L01,iddq,96,0.5258162048947796,mA,125.0,STATIC_BURN_IN,INST_02,CH_08,VALID,2,,2.0,synthetic
L01_C016,L01,iddq,168,0.5137977393658697,mA,125.0,STATIC_BURN_IN,INST_02,CH_08,VALID,2,,2.0,synthetic
L01_C016,L01,propagation_delay,0,4.432465449410333,ns,125.0,STATIC_BURN_IN,INST_02,CH_08,VALID,2,,8.0,synthetic
L01_C016,L01,propagation_delay,24,4.283984723903652,ns,125.0,STATIC_BURN_IN,INST_02,CH_08,VALID,2,,8.0,synthetic
L01_C016,L01,propagation_delay,96,4.294190671489254,ns,125.0,STATIC_BURN_IN,INST_02,CH_08,VALID,2,,8.0,synthetic
L01_C016,L01,propagation_delay,168,4.309512826115336,ns,125.0,STATIC_BURN_IN,INST_02,CH_08,VALID,2,,8.0,synthetic
L01_C017,L01,leakage_current,0,12.942727340358946,uA,125.0,STATIC_BURN_IN,INST_01,CH_01,VALID,0,,50.0,synthetic
L01_C017,L01,leakage_current,24,13.317554086187869,uA,125.0,STATIC_BURN_IN,INST_01,CH_01,VALID,0,,50.0,synthetic
L01_C017,L01,leakage_current,96,12.94791862438945,uA,125.0,STATIC_BURN_IN,INST_01,CH_01,VALID,0,,50.0,synthetic
L01_C017,L01,leakage_current,168,13.552910734672446,uA,125.0,STATIC_BURN_IN,INST_01,CH_01,VALID,0,,50.0,synthetic
L01_C017,L01,iddq,0,0.4700219187939966,mA,125.0,STATIC_BURN_IN,INST_01,CH_01,VALID,0,,2.0,synthetic
L01_C017,L01,iddq,24,0.4567748083643405,mA,125.0,STATIC_BURN_IN,INST_01,CH_01,VALID,0,,2.0,synthetic
L01_C017,L01,iddq,96,0.46811769940914133,mA,125.0,STATIC_BURN_IN,INST_01,CH_01,VALID,0,,2.0,synthetic
L01_C017,L01,propagation_delay,0,4.8711809008339,ns,125.0,STATIC_BURN_IN,INST_01,CH_01,VALID,0,,8.0,synthetic
L01_C017,L01,propagation_delay,24,4.7346684096787754,ns,125.0,STATIC_BURN_IN,INST_01,CH_01,VALID,0,,8.0,synthetic
L01_C017,L01,propagation_delay,168,4.680773738971235,ns,125.0,STATIC_BURN_IN,INST_01,CH_01,VALID,0,,8.0,synthetic
L01_C018,L01,leakage_current,24,11.285483092599227,uA,125.0,STATIC_BURN_IN,INST_01,CH_02,VALID,0,,50.0,synthetic
L01_C018,L01,leakage_current,96,11.294290665596629,uA,125.0,STATIC_BURN_IN,INST_01,CH_02,VALID,0,,50.0,synthetic
L01_C018,L01,leakage_current,168,11.252394820695145,uA,125.0,STATIC_BURN_IN,INST_01,CH_02,VALID,0,,50.0,synthetic
L01_C018,L01,iddq,0,0.44908966048618965,mA,125.0,STATIC_BURN_IN,INST_01,CH_02,VALID,0,,2.0,synthetic
L01_C018,L01,iddq,24,0.44923878741123024,mA,125.0,STATIC_BURN_IN,INST_01,CH_02,VALID,0,,2.0,synthetic
L01_C018,L01,iddq,96,0.44060962478489396,mA,125.0,STATIC_BURN_IN,INST_01,CH_02,VALID,0,,2.0,synthetic
L01_C018,L01,iddq,168,0.4460544726327007,mA,125.0,STATIC_BURN_IN,INST_01,CH_02,VALID,0,,2.0,synthetic
L01_C018,L01,propagation_delay,0,4.617787558644944,ns,125.0,STATIC_BURN_IN,INST_01,CH_02,VALID,0,,8.0,synthetic
L01_C018,L01,propagation_delay,24,4.695808419674789,ns,125.0,STATIC_BURN_IN,INST_01,CH_02,VALID,0,,8.0,synthetic
L01_C018,L01,propagation_delay,96,4.76162868985306,ns,125.0,STATIC_BURN_IN,INST_01,CH_02,VALID,0,,8.0,synthetic
L01_C018,L01,propagation_delay,168,4.772599006830893,ns,125.0,STATIC_BURN_IN,INST_01,CH_02,VALID,0,,8.0,synthetic
L01_C019,L01,leakage_current,0,10.919605697156332,uA,125.0,STATIC_BURN_IN,INST_01,CH_03,VALID,0,,50.0,synthetic
L01_C019,L01,leakage_current,24,10.900183300908994,uA,125.0,STATIC_BURN_IN,INST_01,CH_03,VALID,0,,50.0,synthetic
L01_C019,L01,leakage_current,96,10.965141118595414,uA,125.0,STATIC_BURN_IN,INST_01,CH_03,VALID,0,,50.0,synthetic
L01_C019,L01,leakage_current,168,11.010478541653555,uA,125.0,STATIC_BURN_IN,INST_01,CH_03,VALID,0,,50.0,synthetic
L01_C019,L01,iddq,0,0.3691148351953795,mA,125.0,STATIC_BURN_IN,INST_01,CH_03,VALID,0,,2.0,synthetic
L01_C019,L01,iddq,24,0.3603158846836714,mA,125.0,STATIC_BURN_IN,INST_01,CH_03,VALID,0,,2.0,synthetic
L01_C019,L01,iddq,96,0.35898276862087813,mA,125.0,STATIC_BURN_IN,INST_01,CH_03,VALID,0,,2.0,synthetic
L01_C019,L01,iddq,168,0.3643950228539377,mA,125.0,STATIC_BURN_IN,INST_01,CH_03,VALID,0,,2.0,synthetic
L01_C019,L01,propagation_delay,0,4.777797671030681,ns,125.0,STATIC_BURN_IN,INST_01,CH_03,VALID,0,,8.0,synthetic
L01_C019,L01,propagation_delay,24,4.6541326198655,ns,125.0,STATIC_BURN_IN,INST_01,CH_03,VALID,0,,8.0,synthetic
L01_C019,L01,propagation_delay,96,4.6490493325467765,ns,125.0,STATIC_BURN_IN,INST_01,CH_03,VALID,0,,8.0,synthetic
L01_C019,L01,propagation_delay,168,4.639576781091654,ns,125.0,STATIC_BURN_IN,INST_01,CH_03,VALID,0,,8.0,synthetic
L01_C020,L01,leakage_current,0,8.306926227048299,uA,125.0,STATIC_BURN_IN,INST_01,CH_04,VALID,0,,50.0,synthetic
L01_C020,L01,leakage_current,24,8.930190932970799,uA,125.0,STATIC_BURN_IN,INST_01,CH_04,VALID,0,,50.0,synthetic
L01_C020,L01,leakage_current,96,8.676138897288979,uA,125.0,STATIC_BURN_IN,INST_01,CH_04,VALID,0,,50.0,synthetic
L01_C020,L01,leakage_current,168,8.711027712472145,uA,125.0,STATIC_BURN_IN,INST_01,CH_04,VALID,0,,50.0,synthetic
L01_C020,L01,iddq,0,0.4305568804225914,mA,125.0,STATIC_BURN_IN,INST_01,CH_04,VALID,0,,2.0,synthetic
L01_C020,L01,iddq,24,0.42926198646909625,mA,125.0,STATIC_BURN_IN,INST_01,CH_04,VALID,0,,2.0,synthetic
L01_C020,L01,iddq,96,0.4539027730801356,mA,125.0,STATIC_BURN_IN,INST_01,CH_04,VALID,0,,2.0,synthetic
L01_C020,L01,iddq,168,0.43215313859053645,mA,125.0,STATIC_BURN_IN,INST_01,CH_04,VALID,0,,2.0,synthetic
L01_C020,L01,propagation_delay,0,4.040827815617968,ns,125.0,STATIC_BURN_IN,INST_01,CH_04,VALID,0,,8.0,synthetic
L01_C020,L01,propagation_delay,24,4.069074680027689,ns,125.0,STATIC_BURN_IN,INST_01,CH_04,VALID,0,,8.0,synthetic
L01_C020,L01,propagation_delay,96,4.186268710789317,ns,125.0,STATIC_BURN_IN,INST_01,CH_04,VALID,0,,8.0,synthetic
L01_C020,L01,propagation_delay,168,4.080810693139855,ns,125.0,STATIC_BURN_IN,INST_01,CH_04,VALID,0,,8.0,synthetic
L01_C021,L01,leakage_current,0,11.780384069142563,uA,125.0,STATIC_BURN_IN,INST_01,CH_05,VALID,0,,50.0,synthetic
L01_C021,L01,leakage_current,24,11.410578591648742,uA,125.0,STATIC_BURN_IN,INST_01,CH_05,VALID,0,,50.0,synthetic
L01_C021,L01,leakage_current,96,11.68265459838999,uA,125.0,STATIC_BURN_IN,INST_01,CH_05,VALID,0,,50.0,synthetic
L01_C021,L01,leakage_current,168,11.014440620617815,uA,125.0,STATIC_BURN_IN,INST_01,CH_05,VALID,0,,50.0,synthetic
L01_C021,L01,iddq,0,0.41075188806851876,mA,125.0,STATIC_BURN_IN,INST_01,CH_05,VALID,0,,2.0,synthetic
L01_C021,L01,iddq,24,0.4086430101018207,mA,125.0,STATIC_BURN_IN,INST_01,CH_05,VALID,0,,2.0,synthetic
L01_C021,L01,iddq,96,0.4120296865564625,mA,125.0,STATIC_BURN_IN,INST_01,CH_05,VALID,0,,2.0,synthetic
L01_C021,L01,iddq,168,0.4072680528497535,mA,125.0,STATIC_BURN_IN,INST_01,CH_05,VALID,0,,2.0,synthetic
L01_C021,L01,propagation_delay,0,4.62408033183091,ns,125.0,STATIC_BURN_IN,INST_01,CH_05,VALID,0,,8.0,synthetic
L01_C021,L01,propagation_delay,24,4.5976940601666225,ns,125.0,STATIC_BURN_IN,INST_01,CH_05,VALID,0,,8.0,synthetic
L01_C021,L01,propagation_delay,96,4.77289216523712,ns,125.0,STATIC_BURN_IN,INST_01,CH_05,VALID,0,,8.0,synthetic
L01_C021,L01,propagation_delay,168,4.59034619250437,ns,125.0,STATIC_BURN_IN,INST_01,CH_05,VALID,0,,8.0,synthetic
L01_C022,L01,leakage_current,0,13.859158077083645,uA,125.0,STATIC_BURN_IN,INST_01,CH_06,VALID,0,,50.0,synthetic
L01_C022,L01,leakage_current,24,14.072715597904407,uA,125.0,STATIC_BURN_IN,INST_01,CH_06,VALID,0,,50.0,synthetic
L01_C022,L01,leakage_current,96,13.146938899289095,uA,125.0,STATIC_BURN_IN,INST_01,CH_06,VALID,0,,50.0,synthetic
L01_C022,L01,leakage_current,168,13.297626138362787,uA,125.0,STATIC_BURN_IN,INST_01,CH_06,VALID,0,,50.0,synthetic
L01_C022,L01,iddq,0,0.538522015015587,mA,125.0,STATIC_BURN_IN,INST_01,CH_06,VALID,0,,2.0,synthetic
L01_C022,L01,iddq,24,0.5332470795413518,mA,125.0,STATIC_BURN_IN,INST_01,CH_06,VALID,0,,2.0,synthetic
L01_C022,L01,iddq,96,0.5467087923443752,mA,125.0,STATIC_BURN_IN,INST_01,CH_06,VALID,0,,2.0,synthetic
L01_C022,L01,iddq,168,0.5498451993608487,mA,125.0,STATIC_BURN_IN,INST_01,CH_06,VALID,0,,2.0,synthetic
L01_C022,L01,propagation_delay,0,4.3146850427354755,ns,125.0,STATIC_BURN_IN,INST_01,CH_06,VALID,0,,8.0,synthetic
L01_C022,L01,propagation_delay,24,4.242419004721669,ns,125.0,STATIC_BURN_IN,INST_01,CH_06,VALID,0,,8.0,synthetic
L01_C022,L01,propagation_delay,96,4.436210723629493,ns,125.0,STATIC_BURN_IN,INST_01,CH_06,VALID,0,,8.0,synthetic
L01_C022,L01,propagation_delay,168,4.4418460403990805,ns,125.0,STATIC_BURN_IN,INST_01,CH_06,VALID,0,,8.0,synthetic
L01_C023,L01,leakage_current,0,12.670688042515481,uA,125.0,STATIC_BURN_IN,INST_01,CH_07,VALID,0,,50.0,synthetic
L01_C023,L01,leakage_current,24,13.445736584440143,uA,125.0,STATIC_BURN_IN,INST_01,CH_07,VALID,0,,50.0,synthetic
L01_C023,L01,leakage_current,96,22.005361483454816,uA,125.0,STATIC_BURN_IN,INST_01,CH_07,VALID,0,,50.0,synthetic
L01_C023,L01,leakage_current,168,50.66443620508912,uA,125.0,STATIC_BURN_IN,INST_01,CH_07,VALID,0,,50.0,synthetic
L01_C023,L01,iddq,0,0.5320206677652056,mA,125.0,STATIC_BURN_IN,INST_01,CH_07,VALID,0,,2.0,synthetic
L01_C023,L01,iddq,24,0.5844420131023079,mA,125.0,STATIC_BURN_IN,INST_01,CH_07,VALID,0,,2.0,synthetic
L01_C023,L01,iddq,96,0.7831386961173442,mA,125.0,STATIC_BURN_IN,INST_01,CH_07,VALID,0,,2.0,synthetic
L01_C023,L01,iddq,168,1.404193481786731,mA,125.0,STATIC_BURN_IN,INST_01,CH_07,VALID,0,,2.0,synthetic
L01_C023,L01,propagation_delay,0,4.724227053371509,ns,125.0,STATIC_BURN_IN,INST_01,CH_07,VALID,0,,8.0,synthetic
L01_C023,L01,propagation_delay,24,4.903234096348227,ns,125.0,STATIC_BURN_IN,INST_01,CH_07,VALID,0,,8.0,synthetic
L01_C023,L01,propagation_delay,96,5.20710981400551,ns,125.0,STATIC_BURN_IN,INST_01,CH_07,VALID,0,,8.0,synthetic
L01_C023,L01,propagation_delay,168,6.413034882115789,ns,125.0,STATIC_BURN_IN,INST_01,CH_07,VALID,0,,8.0,synthetic
L01_C024,L01,leakage_current,0,12.32895218419424,uA,125.0,STATIC_BURN_IN,INST_01,CH_08,VALID,0,,50.0,synthetic
L01_C024,L01,leakage_current,24,13.180340563861835,uA,125.0,STATIC_BURN_IN,INST_01,CH_08,VALID,0,,50.0,synthetic
L01_C024,L01,leakage_current,96,17.233072429358337,uA,125.0,STATIC_BURN_IN,INST_01,CH_08,VALID,0,,50.0,synthetic
L01_C024,L01,leakage_current,168,20.14442791215509,uA,125.0,STATIC_BURN_IN,INST_01,CH_08,VALID,0,,50.0,synthetic
L01_C024,L01,iddq,0,0.4265341725239425,mA,125.0,STATIC_BURN_IN,INST_01,CH_08,VALID,0,,2.0,synthetic
L01_C024,L01,iddq,24,0.4660435614643164,mA,125.0,STATIC_BURN_IN,INST_01,CH_08,VALID,0,,2.0,synthetic
L01_C024,L01,iddq,96,0.5538570303013155,mA,125.0,STATIC_BURN_IN,INST_01,CH_08,VALID,0,,2.0,synthetic
L01_C024,L01,iddq,168,0.6862685324741488,mA,125.0,STATIC_BURN_IN,INST_01,CH_08,VALID,0,,2.0,synthetic
L01_C024,L01,propagation_delay,96,5.959509260312819,ns,125.0,STATIC_BURN_IN,INST_01,CH_08,VALID,0,,8.0,synthetic
L01_C024,L01,propagation_delay,168,6.462130403319891,ns,125.0,STATIC_BURN_IN,INST_01,CH_08,VALID,0,,8.0,synthetic
L01_C025,L01,leakage_current,0,20.332597402837624,uA,125.0,STATIC_BURN_IN,INST_02,CH_01,VALID,0,,50.0,synthetic
L01_C025,L01,leakage_current,24,19.97806041150337,uA,125.0,STATIC_BURN_IN,INST_02,CH_01,VALID,0,,50.0,synthetic
L01_C025,L01,leakage_current,96,20.130428549721415,uA,125.0,STATIC_BURN_IN,INST_02,CH_01,VALID,0,,50.0,synthetic
L01_C025,L01,leakage_current,168,19.664534112839288,uA,125.0,STATIC_BURN_IN,INST_02,CH_01,VALID,0,,50.0,synthetic
L01_C025,L01,iddq,0,0.6813352319865411,mA,125.0,STATIC_BURN_IN,INST_02,CH_01,VALID,0,,2.0,synthetic
L01_C025,L01,iddq,24,0.6879830641470364,mA,125.0,STATIC_BURN_IN,INST_02,CH_01,VALID,0,,2.0,synthetic
L01_C025,L01,iddq,96,0.6901280589822365,mA,125.0,STATIC_BURN_IN,INST_02,CH_01,VALID,0,,2.0,synthetic
L01_C025,L01,iddq,168,0.6941562078140958,mA,125.0,STATIC_BURN_IN,INST_02,CH_01,VALID,0,,2.0,synthetic
L01_C025,L01,propagation_delay,0,5.253262033045417,ns,125.0,STATIC_BURN_IN,INST_02,CH_01,VALID,0,,8.0,synthetic
L01_C025,L01,propagation_delay,24,5.329072000751846,ns,125.0,STATIC_BURN_IN,INST_02,CH_01,VALID,0,,8.0,synthetic
L01_C025,L01,propagation_delay,96,5.4045320448907015,ns,125.0,STATIC_BURN_IN,INST_02,CH_01,VALID,0,,8.0,synthetic
L01_C025,L01,propagation_delay,168,5.283609935089669,ns,125.0,STATIC_BURN_IN,INST_02,CH_01,VALID,0,,8.0,synthetic
L01_C026,L01,leakage_current,0,11.471653601057598,uA,125.0,STATIC_BURN_IN,INST_02,CH_02,VALID,1,,50.0,synthetic
L01_C026,L01,leakage_current,24,11.385451742670028,uA,125.0,STATIC_BURN_IN,INST_02,CH_02,VALID,1,,50.0,synthetic
L01_C026,L01,leakage_current,96,11.577771087917066,uA,125.0,STATIC_BURN_IN,INST_02,CH_02,VALID,1,,50.0,synthetic
L01_C026,L01,leakage_current,168,11.646435980814541,uA,125.0,STATIC_BURN_IN,INST_02,CH_02,VALID,1,,50.0,synthetic
L01_C026,L01,iddq,0,0.4616206936112258,mA,125.0,STATIC_BURN_IN,INST_02,CH_02,VALID,1,,2.0,synthetic
L01_C026,L01,iddq,24,0.45179939164852734,mA,125.0,STATIC_BURN_IN,INST_02,CH_02,VALID,1,,2.0,synthetic
L01_C026,L01,iddq,96,0.46055869633401286,mA,125.0,STATIC_BURN_IN,INST_02,CH_02,VALID,1,,2.0,synthetic
L01_C026,L01,iddq,168,0.4695958124437987,mA,125.0,STATIC_BURN_IN,INST_02,CH_02,VALID,1,,2.0,synthetic
L01_C026,L01,propagation_delay,0,5.209363290409266,ns,125.0,STATIC_BURN_IN,INST_02,CH_02,VALID,1,,8.0,synthetic
L01_C026,L01,propagation_delay,24,5.247140251732993,ns,125.0,STATIC_BURN_IN,INST_02,CH_02,VALID,1,,8.0,synthetic
L01_C026,L01,propagation_delay,96,5.201914218333672,ns,125.0,STATIC_BURN_IN,INST_02,CH_02,VALID,1,,8.0,synthetic
L01_C026,L01,propagation_delay,168,5.1709760625804115,ns,125.0,STATIC_BURN_IN,INST_02,CH_02,VALID,1,,8.0,synthetic
L01_C027,L01,leakage_current,0,13.400672931159544,uA,125.0,STATIC_BURN_IN,INST_02,CH_03,VALID,0,,50.0,synthetic
L01_C027,L01,leakage_current,24,13.524139950350271,uA,125.0,STATIC_BURN_IN,INST_02,CH_03,VALID,0,,50.0,synthetic
L01_C027,L01,leakage_current,96,13.946394376227872,uA,125.0,STATIC_BURN_IN,INST_02,CH_03,VALID,0,,50.0,synthetic
L01_C027,L01,leakage_current,168,13.438989871082804,uA,125.0,STATIC_BURN_IN,INST_02,CH_03,VALID,0,,50.0,synthetic
L01_C027,L01,iddq,0,0.405715857149459,mA,125.0,STATIC_BURN_IN,INST_02,CH_03,VALID,0,,2.0,synthetic
L01_C027,L01,iddq,24,0.41107683523669614,mA,125.0,STATIC_BURN_IN,INST_02,CH_03,VALID,0,,2.0,synthetic
L01_C027,L01,iddq,96,0.4153013775284933,mA,125.0,STATIC_BURN_IN,INST_02,CH_03,VALID,0,,2.0,synthetic
L01_C027,L01,iddq,168,0.39330248513900967,mA,125.0,STATIC_BURN_IN,INST_02,CH_03,VALID,0,,2.0,synthetic
L01_C027,L01,propagation_delay,24,4.439483322745484,ns,125.0,STATIC_BURN_IN,INST_02,CH_03,VALID,0,,8.0,synthetic
L01_C027,L01,propagation_delay,96,4.451927113044145,ns,125.0,STATIC_BURN_IN,INST_02,CH_03,VALID,0,,8.0,synthetic
L01_C027,L01,propagation_delay,168,4.204210993218464,ns,125.0,STATIC_BURN_IN,INST_02,CH_03,VALID,0,,8.0,synthetic
L01_C028,L01,leakage_current,0,11.045391635136545,uA,125.0,STATIC_BURN_IN,INST_02,CH_04,VALID,1,,50.0,synthetic
L01_C028,L01,leakage_current,24,10.828005709585279,uA,125.0,STATIC_BURN_IN,INST_02,CH_04,VALID,1,,50.0,synthetic
L01_C028,L01,leakage_current,96,10.612475298150427,uA,125.0,STATIC_BURN_IN,INST_02,CH_04,VALID,1,,50.0,synthetic
L01_C028,L01,leakage_current,168,10.713967063575197,uA,125.0,STATIC_BURN_IN,INST_02,CH_04,VALID,1,,50.0,synthetic
L01_C028,L01,iddq,0,0.427543732486415,mA,125.0,STATIC_BURN_IN,INST_02,CH_04,VALID,1,,2.0,synthetic
L01_C028,L01,iddq,24,0.42701990460204564,mA,125.0,STATIC_BURN_IN,INST_02,CH_04,VALID,1,,2.0,synthetic
L01_C028,L01,iddq,96,0.4244280565033787,mA,125.0,STATIC_BURN_IN,INST_02,CH_04,VALID,1,,2.0,synthetic
L01_C028,L01,iddq,168,0.42010937587937247,mA,125.0,STATIC_BURN_IN,INST_02,CH_04,VALID,1,,2.0,synthetic
L01_C028,L01,propagation_delay,0,4.711968105218712,ns,125.0,STATIC_BURN_IN,INST_02,CH_04,VALID,1,,8.0,synthetic
L01_C028,L01,propagation_delay,24,5.005576327804855,ns,125.0,STATIC_BURN_IN,INST_02,CH_04,VALID,1,,8.0,synthetic
L01_C028,L01,propagation_delay,96,4.841969074191856,ns,125.0,STATIC_BURN_IN,INST_02,CH_04,VALID,1,,8.0,synthetic
L01_C028,L01,propagation_delay,168,5.015107797653897,ns,125.0,STATIC_BURN_IN,INST_02,CH_04,VALID,1,,8.0,synthetic
L01_C029,L01,leakage_current,0,10.030717822398891,uA,125.0,STATIC_BURN_IN,INST_02,CH_05,VALID,0,,50.0,synthetic
L01_C029,L01,leakage_current,24,9.705177102819073,uA,125.0,STATIC_BURN_IN,INST_02,CH_05,VALID,0,,50.0,synthetic
L01_C029,L01,leakage_current,96,9.887149932789482,uA,125.0,STATIC_BURN_IN,INST_02,CH_05,VALID,0,,50.0,synthetic
L01_C029,L01,leakage_current,168,9.680313104910269,uA,125.0,STATIC_BURN_IN,INST_02,CH_05,VALID,0,,50.0,synthetic
L01_C029,L01,iddq,0,0.37574772820541896,mA,125.0,STATIC_BURN_IN,INST_02,CH_05,VALID,0,,2.0,synthetic
L01_C029,L01,iddq,24,0.37585950453515704,mA,125.0,STATIC_BURN_IN,INST_02,CH_05,VALID,0,,2.0,synthetic
L01_C029,L01,iddq,96,0.37502900693799446,mA,125.0,STATIC_BURN_IN,INST_02,CH_05,VALID,0,,2.0,synthetic
L01_C029,L01,iddq,168,0.3763419621999899,mA,125.0,STATIC_BURN_IN,INST_02,CH_05,VALID,0,,2.0,synthetic
L01_C029,L01,propagation_delay,0,4.277783094677053,ns,125.0,STATIC_BURN_IN,INST_02,CH_05,VALID,0,,8.0,synthetic
L01_C029,L01,propagation_delay,24,4.349633624759031,ns,125.0,STATIC_BURN_IN,INST_02,CH_05,VALID,0,,8.0,synthetic
L01_C029,L01,propagation_delay,96,4.34872901988127,ns,125.0,STATIC_BURN_IN,INST_02,CH_05,VALID,0,,8.0,synthetic
L01_C029,L01,propagation_delay,168,4.431495871451627,ns,125.0,STATIC_BURN_IN,INST_02,CH_05,VALID,0,,8.0,synthetic
L01_C030,L01,leakage_current,0,7.6226070655885305,uA,125.0,STATIC_BURN_IN,INST_02,CH_06,VALID,1,,50.0,synthetic
L01_C030,L01,leakage_current,24,7.391148711997933,uA,125.0,STATIC_BURN_IN,INST_02,CH_06,VALID,1,,50.0,synthetic
L01_C030,L01,leakage_current,96,7.424956956579371,uA,125.0,STATIC_BURN_IN,INST_02,CH_06,VALID,1,,50.0,synthetic
L01_C030,L01,leakage_current,168,7.430564018141098,uA,125.0,STATIC_BURN_IN,INST_02,CH_06,VALID,1,,50.0,synthetic
L01_C030,L01,iddq,0,0.33576390523298616,mA,125.0,STATIC_BURN_IN,INST_02,CH_06,VALID,1,,2.0,synthetic
L01_C030,L01,iddq,24,0.3416870963512378,mA,125.0,STATIC_BURN_IN,INST_02,CH_06,VALID,1,,2.0,synthetic
L01_C030,L01,iddq,96,0.33346464432996026,mA,125.0,STATIC_BURN_IN,INST_02,CH_06,VALID,1,,2.0,synthetic
L01_C030,L01,iddq,168,0.33122879499362584,mA,125.0,STATIC_BURN_IN,INST_02,CH_06,VALID,1,,2.0,synthetic
L01_C030,L01,propagation_delay,0,4.38313709937821,ns,125.0,STATIC_BURN_IN,INST_02,CH_06,VALID,1,,8.0,synthetic
L01_C030,L01,propagation_delay,24,4.201252610413937,ns,125.0,STATIC_BURN_IN,INST_02,CH_06,VALID,1,,8.0,synthetic
L01_C030,L01,propagation_delay,96,4.070882081404365,ns,125.0,STATIC_BURN_IN,INST_02,CH_06,VALID,1,,8.0,synthetic
L01_C030,L01,propagation_delay,168,4.065154365602641,ns,125.0,STATIC_BURN_IN,INST_02,CH_06,VALID,1,,8.0,synthetic
L02_C001,L02,leakage_current,0,12.779071476690312,uA,125.0,STATIC_BURN_IN,INST_01,CH_01,VALID,0,,50.0,synthetic
L02_C001,L02,leakage_current,24,13.124271059310136,uA,125.0,STATIC_BURN_IN,INST_01,CH_01,VALID,0,,50.0,synthetic
L02_C001,L02,leakage_current,96,12.515185638415621,uA,125.0,STATIC_BURN_IN,INST_01,CH_01,VALID,0,,50.0,synthetic
L02_C001,L02,leakage_current,168,12.377940058180801,uA,125.0,STATIC_BURN_IN,INST_01,CH_01,VALID,0,,50.0,synthetic
L02_C001,L02,iddq,24,0.5246481950648485,mA,125.0,STATIC_BURN_IN,INST_01,CH_01,VALID,0,,2.0,synthetic
L02_C001,L02,iddq,96,0.5178983204066101,mA,125.0,STATIC_BURN_IN,INST_01,CH_01,VALID,0,,2.0,synthetic
L02_C001,L02,iddq,168,0.537081870966829,mA,125.0,STATIC_BURN_IN,INST_01,CH_01,VALID,0,,2.0,synthetic
L02_C001,L02,propagation_delay,0,4.7443227302887925,ns,125.0,STATIC_BURN_IN,INST_01,CH_01,VALID,0,,8.0,synthetic
L02_C001,L02,propagation_delay,24,4.73873468088484,ns,125.0,STATIC_BURN_IN,INST_01,CH_01,VALID,0,,8.0,synthetic
L02_C001,L02,propagation_delay,96,4.771027776526989,ns,125.0,STATIC_BURN_IN,INST_01,CH_01,VALID,0,,8.0,synthetic
L02_C001,L02,propagation_delay,168,4.8834446664134035,ns,125.0,STATIC_BURN_IN,INST_01,CH_01,VALID,0,,8.0,synthetic
L02_C002,L02,leakage_current,0,14.499221490761125,uA,125.0,STATIC_BURN_IN,INST_01,CH_02,VALID,0,,50.0,synthetic
L02_C002,L02,leakage_current,24,14.331264301704728,uA,125.0,STATIC_BURN_IN,INST_01,CH_02,VALID,0,,50.0,synthetic
L02_C002,L02,leakage_current,96,13.674040126558856,uA,125.0,STATIC_BURN_IN,INST_01,CH_02,VALID,0,,50.0,synthetic
L02_C002,L02,leakage_current,168,13.77090112160135,uA,125.0,STATIC_BURN_IN,INST_01,CH_02,VALID,0,,50.0,synthetic
L02_C002,L02,iddq,0,0.510542385170063,mA,125.0,STATIC_BURN_IN,INST_01,CH_02,VALID,0,,2.0,synthetic
L02_C002,L02,iddq,24,0.5252386087980893,mA,125.0,STATIC_BURN_IN,INST_01,CH_02,VALID,0,,2.0,synthetic
L02_C002,L02,iddq,96,0.5035005708389312,mA,125.0,STATIC_BURN_IN,INST_01,CH_02,VALID,0,,2.0,synthetic
L02_C002,L02,iddq,168,0.5002163526264992,mA,125.0,STATIC_BURN_IN,INST_01,CH_02,VALID,0,,2.0,synthetic
L02_C002,L02,propagation_delay,0,4.904699173863194,ns,125.0,STATIC_BURN_IN,INST_01,CH_02,VALID,0,,8.0,synthetic
L02_C002,L02,propagation_delay,24,4.907618501592676,ns,125.0,STATIC_BURN_IN,INST_01,CH_02,VALID,0,,8.0,synthetic
L02_C002,L02,propagation_delay,96,5.128733810040046,ns,125.0,STATIC_BURN_IN,INST_01,CH_02,VALID,0,,8.0,synthetic
L02_C002,L02,propagation_delay,168,4.865280422942628,ns,125.0,STATIC_BURN_IN,INST_01,CH_02,VALID,0,,8.0,synthetic
L02_C003,L02,leakage_current,0,8.757276488454147,uA,125.0,STATIC_BURN_IN,INST_01,CH_03,VALID,0,,50.0,synthetic
L02_C003,L02,leakage_current,24,8.888826728671871,uA,125.0,STATIC_BURN_IN,INST_01,CH_03,VALID,0,,50.0,synthetic
L02_C003,L02,leakage_current,168,8.799343252397785,uA,125.0,STATIC_BURN_IN,INST_01,CH_03,VALID,0,,50.0,synthetic
L02_C003,L02,iddq,0,0.41011755872568284,mA,125.0,STATIC_BURN_IN,INST_01,CH_03,VALID,0,,2.0,synthetic
L02_C003,L02,iddq,24,0.417522914774182,mA,125.0,STATIC_BURN_IN,INST_01,CH_03,VALID,0,,2.0,synthetic
L02_C003,L02,iddq,96,0.41008878583015124,mA,125.0,STATIC_BURN_IN,INST_01,CH_03,VALID,0,,2.0,synthetic
L02_C003,L02,iddq,168,0.42231019369723527,mA,125.0,STATIC_BURN_IN,INST_01,CH_03,VALID,0,,2.0,synthetic
L02_C003,L02,propagation_delay,0,4.962761316580957,ns,125.0,STATIC_BURN_IN,INST_01,CH_03,VALID,0,,8.0,synthetic
L02_C003,L02,propagation_delay,24,4.744663342193968,ns,125.0,STATIC_BURN_IN,INST_01,CH_03,VALID,0,,8.0,synthetic
L02_C003,L02,propagation_delay,96,5.0229043889158485,ns,125.0,STATIC_BURN_IN,INST_01,CH_03,VALID,0,,8.0,synthetic
L02_C003,L02,propagation_delay,168,4.830380901388273,ns,125.0,STATIC_BURN_IN,INST_01,CH_03,VALID,0,,8.0,synthetic
L02_C004,L02,leakage_current,0,7.841934343181774,uA,125.0,STATIC_BURN_IN,INST_01,CH_04,VALID,0,,50.0,synthetic
L02_C004,L02,leakage_current,24,7.760632120608104,uA,125.0,STATIC_BURN_IN,INST_01,CH_04,VALID,0,,50.0,synthetic
L02_C004,L02,leakage_current,96,7.820168635134362,uA,125.0,STATIC_BURN_IN,INST_01,CH_04,VALID,0,,50.0,synthetic
L02_C004,L02,leakage_current,168,7.770270201241376,uA,125.0,STATIC_BURN_IN,INST_01,CH_04,VALID,0,,50.0,synthetic
L02_C004,L02,iddq,0,0.33307261713418534,mA,125.0,STATIC_BURN_IN,INST_01,CH_04,VALID,0,,2.0,synthetic
L02_C004,L02,iddq,24,0.3468593428518992,mA,125.0,STATIC_BURN_IN,INST_01,CH_04,VALID,0,,2.0,synthetic
L02_C004,L02,iddq,96,0.3354894000135313,mA,125.0,STATIC_BURN_IN,INST_01,CH_04,VALID,0,,2.0,synthetic
L02_C004,L02,iddq,168,0.34395032630948025,mA,125.0,STATIC_BURN_IN,INST_01,CH_04,VALID,0,,2.0,synthetic
L02_C004,L02,propagation_delay,0,5.104371293443958,ns,125.0,STATIC_BURN_IN,INST_01,CH_04,VALID,0,,8.0,synthetic
L02_C004,L02,propagation_delay,24,5.028145321160645,ns,125.0,STATIC_BURN_IN,INST_01,CH_04,VALID,0,,8.0,synthetic
L02_C004,L02,propagation_delay,96,5.12396250644765,ns,125.0,STATIC_BURN_IN,INST_01,CH_04,VALID,0,,8.0,synthetic
L02_C004,L02,propagation_delay,168,5.04966431434984,ns,125.0,STATIC_BURN_IN,INST_01,CH_04,VALID,0,,8.0,synthetic
L02_C005,L02,leakage_current,0,11.541842153849705,uA,125.0,STATIC_BURN_IN,INST_01,CH_05,VALID,0,,50.0,synthetic
L02_C005,L02,leakage_current,24,11.764499241944533,uA,125.0,STATIC_BURN_IN,INST_01,CH_05,VALID,0,,50.0,synthetic
L02_C005,L02,leakage_current,96,11.534247812455837,uA,125.0,STATIC_BURN_IN,INST_01,CH_05,VALID,0,,50.0,synthetic
L02_C005,L02,leakage_current,168,12.101548560084977,uA,125.0,STATIC_BURN_IN,INST_01,CH_05,VALID,0,,50.0,synthetic
L02_C005,L02,iddq,0,0.48889403875751253,mA,125.0,STATIC_BURN_IN,INST_01,CH_05,VALID,0,,2.0,synthetic
L02_C005,L02,iddq,24,0.4890197412853736,mA,125.0,STATIC_BURN_IN,INST_01,CH_05,VALID,0,,2.0,synthetic
L02_C005,L02,iddq,96,0.4816916865598943,mA,125.0,STATIC_BURN_IN,INST_01,CH_05,VALID,0,,2.0,synthetic
L02_C005,L02,iddq,168,0.465006296155831,mA,125.0,STATIC_BURN_IN,INST_01,CH_05,VALID,0,,2.0,synthetic
L02_C005,L02,propagation_delay,0,5.238387938533459,ns,125.0,STATIC_BURN_IN,INST_01,CH_05,VALID,0,,8.0,synthetic
L02_C005,L02,propagation_delay,24,5.104394319995514,ns,125.0,STATIC_BURN_IN,INST_01,CH_05,VALID,0,,8.0,synthetic
L02_C005,L02,propagation_delay,96,5.479409377606004,ns,125.0,STATIC_BURN_IN,INST_01,CH_05,VALID,0,,8.0,synthetic
L02_C005,L02,propagation_delay,168,5.0822818323823,ns,125.0,STATIC_BURN_IN,INST_01,CH_05,VALID,0,,8.0,synthetic
L02_C006,L02,leakage_current,0,13.434970724608181,uA,125.0,STATIC_BURN_IN,INST_01,CH_06,VALID,0,,50.0,synthetic
L02_C006,L02,leakage_current,24,13.656081535614295,uA,125.0,STATIC_BURN_IN,INST_01,CH_06,VALID,0,,50.0,synthetic
L02_C006,L02,leakage_current,96,13.312194370996636,uA,125.0,STATIC_BURN_IN,INST_01,CH_06,VALID,0,,50.0,synthetic
L02_C006,L02,leakage_current,168,13.89301390225282,uA,125.0,STATIC_BURN_IN,INST_01,CH_06,VALID,0,,50.0,synthetic
L02_C006,L02,iddq,0,0.415685602596989,mA,125.0,STATIC_BURN_IN,INST_01,CH_06,VALID,0,,2.0,synthetic
L02_C006,L02,iddq,96,0.410195773839736,mA,125.0,STATIC_BURN_IN,INST_01,CH_06,VALID,0,,2.0,synthetic
L02_C006,L02,iddq,168,0.4253572706565926,mA,125.0,STATIC_BURN_IN,INST_01,CH_06,VALID,0,,2.0,synthetic
L02_C006,L02,propagation_delay,0,5.602867895632282,ns,125.0,STATIC_BURN_IN,INST_01,CH_06,VALID,0,,8.0,synthetic
L02_C006,L02,propagation_delay,24,5.23115614133775,ns,125.0,STATIC_BURN_IN,INST_01,CH_06,VALID,0,,8.0,synthetic
L02_C006,L02,propagation_delay,96,5.534456048159915,ns,125.0,STATIC_BURN_IN,INST_01,CH_06,VALID,0,,8.0,synthetic
L02_C006,L02,propagation_delay,168,5.4125313080471456,ns,125.0,STATIC_BURN_IN,INST_01,CH_06,VALID,0,,8.0,synthetic
L02_C007,L02,leakage_current,0,12.978580836594846,uA,125.0,STATIC_BURN_IN,INST_01,CH_07,VALID,0,,50.0,synthetic
L02_C007,L02,leakage_current,24,12.598167991187859,uA,125.0,STATIC_BURN_IN,INST_01,CH_07,VALID,0,,50.0,synthetic
L02_C007,L02,leakage_current,96,12.992324357244257,uA,125.0,STATIC_BURN_IN,INST_01,CH_07,VALID,0,,50.0,synthetic
L02_C007,L02,leakage_current,168,12.767811286771439,uA,125.0,STATIC_BURN_IN,INST_01,CH_07,VALID,0,,50.0,synthetic
L02_C007,L02,iddq,0,0.3906289744029437,mA,125.0,STATIC_BURN_IN,INST_01,CH_07,VALID,0,,2.0,synthetic
L02_C007,L02,iddq,24,0.38457832397438696,mA,125.0,STATIC_BURN_IN,INST_01,CH_07,VALID,0,,2.0,synthetic
L02_C007,L02,iddq,96,0.3948975207620554,mA,125.0,STATIC_BURN_IN,INST_01,CH_07,VALID,0,,2.0,synthetic
L02_C007,L02,iddq,168,0.3854721183180491,mA,125.0,STATIC_BURN_IN,INST_01,CH_07,VALID,0,,2.0,synthetic
L02_C007,L02,propagation_delay,0,5.004991607552326,ns,125.0,STATIC_BURN_IN,INST_01,CH_07,VALID,0,,8.0,synthetic
L02_C007,L02,propagation_delay,24,4.968933612333745,ns,125.0,STATIC_BURN_IN,INST_01,CH_07,VALID,0,,8.0,synthetic
L02_C007,L02,propagation_delay,96,4.9299479989643,ns,125.0,STATIC_BURN_IN,INST_01,CH_07,VALID,0,,8.0,synthetic
L02_C007,L02,propagation_delay,168,5.150131789161434,ns,125.0,STATIC_BURN_IN,INST_01,CH_07,VALID,0,,8.0,synthetic
L02_C008,L02,leakage_current,0,12.175144611904708,uA,125.0,STATIC_BURN_IN,INST_01,CH_08,VALID,0,,50.0,synthetic
L02_C008,L02,leakage_current,24,12.184521294396761,uA,125.0,STATIC_BURN_IN,INST_01,CH_08,VALID,0,,50.0,synthetic
L02_C008,L02,leakage_current,96,12.305874139594792,uA,125.0,STATIC_BURN_IN,INST_01,CH_08,VALID,0,,50.0,synthetic
L02_C008,L02,leakage_current,168,12.425059488725006,uA,125.0,STATIC_BURN_IN,INST_01,CH_08,VALID,0,,50.0,synthetic
L02_C008,L02,iddq,0,0.4626792753279613,mA,125.0,STATIC_BURN_IN,INST_01,CH_08,VALID,0,,2.0,synthetic
L02_C008,L02,iddq,24,0.44463897250523937,mA,125.0,STATIC_BURN_IN,INST_01,CH_08,VALID,0,,2.0,synthetic
L02_C008,L02,iddq,96,0.47271229441333407,mA,125.0,STATIC_BURN_IN,INST_01,CH_08,VALID,0,,2.0,synthetic
L02_C008,L02,iddq,168,0.45942214410179444,mA,125.0,STATIC_BURN_IN,INST_01,CH_08,VALID,0,,2.0,synthetic
L02_C008,L02,propagation_delay,0,4.896246378027932,ns,125.0,STATIC_BURN_IN,INST_01,CH_08,VALID,0,,8.0,synthetic
L02_C008,L02,propagation_delay,24,4.958254159780802,ns,125.0,STATIC_BURN_IN,INST_01,CH_08,VALID,0,,8.0,synthetic
L02_C008,L02,propagation_delay,96,4.932615115439363,ns,125.0,STATIC_BURN_IN,INST_01,CH_08,VALID,0,,8.0,synthetic
L02_C008,L02,propagation_delay,168,4.9274679419974845,ns,125.0,STATIC_BURN_IN,INST_01,CH_08,VALID,0,,8.0,synthetic
L02_C009,L02,leakage_current,0,12.608870951900323,uA,125.0,STATIC_BURN_IN,INST_02,CH_01,VALID,1,,50.0,synthetic
L02_C009,L02,leakage_current,24,12.461660795107738,uA,125.0,STATIC_BURN_IN,INST_02,CH_01,VALID,1,,50.0,synthetic
L02_C009,L02,leakage_current,96,12.477414740277206,uA,125.0,STATIC_BURN_IN,INST_02,CH_01,VALID,1,,50.0,synthetic
L02_C009,L02,leakage_current,168,11.839588740825546,uA,125.0,STATIC_BURN_IN,INST_02,CH_01,VALID,1,,50.0,synthetic
L02_C009,L02,iddq,0,0.40027964167561586,mA,125.0,STATIC_BURN_IN,INST_02,CH_01,VALID,1,,2.0,synthetic
L02_C009,L02,iddq,24,0.38523803085650116,mA,125.0,STATIC_BURN_IN,INST_02,CH_01,VALID,1,,2.0,synthetic
L02_C009,L02,iddq,96,0.39445368576954,mA,125.0,STATIC_BURN_IN,INST_02,CH_01,VALID,1,,2.0,synthetic
L02_C009,L02,iddq,168,0.39390357479133054,mA,125.0,STATIC_BURN_IN,INST_02,CH_01,VALID,1,,2.0,synthetic
L02_C009,L02,propagation_delay,0,5.152097128408466,ns,125.0,STATIC_BURN_IN,INST_02,CH_01,VALID,1,,8.0,synthetic
L02_C009,L02,propagation_delay,24,5.37484019982549,ns,125.0,STATIC_BURN_IN,INST_02,CH_01,VALID,1,,8.0,synthetic
L02_C009,L02,propagation_delay,96,5.168903494196508,ns,125.0,STATIC_BURN_IN,INST_02,CH_01,VALID,1,,8.0,synthetic
L02_C009,L02,propagation_delay,168,5.36143847918311,ns,125.0,STATIC_BURN_IN,INST_02,CH_01,VALID,1,,8.0,synthetic
L02_C010,L02,leakage_current,0,8.24968442210172,uA,125.0,STATIC_BURN_IN,INST_02,CH_02,VALID,0,,50.0,synthetic
L02_C010,L02,leakage_current,96,8.045725544664172,uA,125.0,STATIC_BURN_IN,INST_02,CH_02,VALID,0,,50.0,synthetic
L02_C010,L02,leakage_current,168,8.12773900914061,uA,125.0,STATIC_BURN_IN,INST_02,CH_02,VALID,0,,50.0,synthetic
L02_C010,L02,iddq,0,0.44042955288174096,mA,125.0,STATIC_BURN_IN,INST_02,CH_02,VALID,0,,2.0,synthetic
L02_C010,L02,iddq,24,0.44524013205807766,mA,125.0,STATIC_BURN_IN,INST_02,CH_02,VALID,0,,2.0,synthetic
L02_C010,L02,iddq,96,0.43064667335289997,mA,125.0,STATIC_BURN_IN,INST_02,CH_02,VALID,0,,2.0,synthetic
L02_C010,L02,iddq,168,0.43945346852593203,mA,125.0,STATIC_BURN_IN,INST_02,CH_02,VALID,0,,2.0,synthetic
L02_C010,L02,propagation_delay,0,4.736492275278832,ns,125.0,STATIC_BURN_IN,INST_02,CH_02,VALID,0,,8.0,synthetic
L02_C010,L02,propagation_delay,24,4.912353697743794,ns,125.0,STATIC_BURN_IN,INST_02,CH_02,VALID,0,,8.0,synthetic
L02_C010,L02,propagation_delay,96,4.776297102024545,ns,125.0,STATIC_BURN_IN,INST_02,CH_02,VALID,0,,8.0,synthetic
L02_C010,L02,propagation_delay,168,4.945174711186874,ns,125.0,STATIC_BURN_IN,INST_02,CH_02,VALID,0,,8.0,synthetic
L02_C011,L02,leakage_current,0,10.88856276993803,uA,125.0,STATIC_BURN_IN,INST_02,CH_03,VALID,0,,50.0,synthetic
L02_C011,L02,leakage_current,24,10.533494385825389,uA,125.0,STATIC_BURN_IN,INST_02,CH_03,VALID,0,,50.0,synthetic
L02_C011,L02,leakage_current,96,10.724731408765726,uA,125.0,STATIC_BURN_IN,INST_02,CH_03,VALID,0,,50.0,synthetic
L02_C011,L02,leakage_current,168,11.249317860177404,uA,125.0,STATIC_BURN_IN,INST_02,CH_03,VALID,0,,50.0,synthetic
L02_C011,L02,iddq,0,0.4876661001338474,mA,125.0,STATIC_BURN_IN,INST_02,CH_03,VALID,0,,2.0,synthetic
L02_C011,L02,iddq,24,0.4760169055900323,mA,125.0,STATIC_BURN_IN,INST_02,CH_03,VALID,0,,2.0,synthetic
L02_C011,L02,iddq,96,0.4882429484686809,mA,125.0,STATIC_BURN_IN,INST_02,CH_03,VALID,0,,2.0,synthetic
L02_C011,L02,iddq,168,0.5160195720474581,mA,125.0,STATIC_BURN_IN,INST_02,CH_03,VALID,0,,2.0,synthetic
L02_C011,L02,propagation_delay,0,5.066612611687644,ns,125.0,STATIC_BURN_IN,INST_02,CH_03,VALID,0,,8.0,synthetic
L02_C011,L02,propagation_delay,24,5.265034634230065,ns,125.0,STATIC_BURN_IN,INST_02,CH_03,VALID,0,,8.0,synthetic
L02_C011,L02,propagation_delay,96,5.043833025020325,ns,125.0,STATIC_BURN_IN,INST_02,CH_03,VALID,0,,8.0,synthetic
L02_C011,L02,propagation_delay,168,5.243416826745705,ns,125.0,STATIC_BURN_IN,INST_02,CH_03,VALID,0,,8.0,synthetic
L02_C012,L02,leakage_current,0,15.609782020927685,uA,125.0,STATIC_BURN_IN,INST_02,CH_04,VALID,0,,50.0,synthetic
L02_C012,L02,leakage_current,24,15.759322667067622,uA,125.0,STATIC_BURN_IN,INST_02,CH_04,VALID,0,,50.0,synthetic
L02_C012,L02,leakage_current,96,15.82157528623777,uA,125.0,STATIC_BURN_IN,INST_02,CH_04,VALID,0,,50.0,synthetic
L02_C012,L02,leakage_current,168,16.021582464278563,uA,125.0,STATIC_BURN_IN,INST_02,CH_04,VALID,0,,50.0,synthetic
L02_C012,L02,iddq,0,0.514550131013111,mA,125.0,STATIC_BURN_IN,INST_02,CH_04,VALID,0,,2.0,synthetic
L02_C012,L02,iddq,24,0.542000904998498,mA,125.0,STATIC_BURN_IN,INST_02,CH_04,VALID,0,,2.0,synthetic
L02_C012,L02,iddq,96,0.5547411615933737,mA,125.0,STATIC_BURN_IN,INST_02,CH_04,VALID,0,,2.0,synthetic
L02_C012,L02,iddq,168,0.5408477722658523,mA,125.0,STATIC_BURN_IN,INST_02,CH_04,VALID,0,,2.0,synthetic
L02_C012,L02,propagation_delay,0,5.106912109874026,ns,125.0,STATIC_BURN_IN,INST_02,CH_04,VALID,0,,8.0,synthetic
L02_C012,L02,propagation_delay,24,5.27760678512587,ns,125.0,STATIC_BURN_IN,INST_02,CH_04,VALID,0,,8.0,synthetic
L02_C012,L02,propagation_delay,96,5.23635651688963,ns,125.0,STATIC_BURN_IN,INST_02,CH_04,VALID,0,,8.0,synthetic
L02_C012,L02,propagation_delay,168,4.910783656847087,ns,125.0,STATIC_BURN_IN,INST_02,CH_04,VALID,0,,8.0,synthetic
L02_C013,L02,leakage_current,0,10.811672072663706,uA,125.0,STATIC_BURN_IN,INST_02,CH_05,VALID,0,,50.0,synthetic
L02_C013,L02,leakage_current,24,10.78215834018095,uA,125.0,STATIC_BURN_IN,INST_02,CH_05,VALID,0,,50.0,synthetic
L02_C013,L02,leakage_current,96,10.865955090449102,uA,125.0,STATIC_BURN_IN,INST_02,CH_05,VALID,0,,50.0,synthetic
L02_C013,L02,leakage_current,168,10.694310589629657,uA,125.0,STATIC_BURN_IN,INST_02,CH_05,VALID,0,,50.0,synthetic
L02_C013,L02,iddq,0,0.47635540975094065,mA,125.0,STATIC_BURN_IN,INST_02,CH_05,VALID,0,,2.0,synthetic
L02_C013,L02,iddq,24,0.4605582202308887,mA,125.0,STATIC_BURN_IN,INST_02,CH_05,VALID,0,,2.0,synthetic
L02_C013,L02,iddq,96,0.46176159620817214,mA,125.0,STATIC_BURN_IN,INST_02,CH_05,VALID,0,,2.0,synthetic
L02_C013,L02,iddq,168,0.4585440373226926,mA,125.0,STATIC_BURN_IN,INST_02,CH_05,VALID,0,,2.0,synthetic
L02_C013,L02,propagation_delay,0,4.928369724071032,ns,125.0,STATIC_BURN_IN,INST_02,CH_05,VALID,0,,8.0,synthetic
L02_C013,L02,propagation_delay,24,4.852773637538844,ns,125.0,STATIC_BURN_IN,INST_02,CH_05,VALID,0,,8.0,synthetic
L02_C013,L02,propagation_delay,96,4.980606529288925,ns,125.0,STATIC_BURN_IN,INST_02,CH_05,VALID,0,,8.0,synthetic
L02_C013,L02,propagation_delay,168,4.94437360477115,ns,125.0,STATIC_BURN_IN,INST_02,CH_05,VALID,0,,8.0,synthetic
L02_C014,L02,leakage_current,0,11.65244281899102,uA,125.0,STATIC_BURN_IN,INST_02,CH_06,VALID,0,,50.0,synthetic
L02_C014,L02,leakage_current,24,13.013412909435521,uA,125.0,STATIC_BURN_IN,INST_02,CH_06,VALID,0,,50.0,synthetic
L02_C014,L02,leakage_current,96,16.30580924169489,uA,125.0,STATIC_BURN_IN,INST_02,CH_06,VALID,0,,50.0,synthetic
L02_C014,L02,leakage_current,168,20.376787032771713,uA,125.0,STATIC_BURN_IN,INST_02,CH_06,VALID,0,,50.0,synthetic
L02_C014,L02,iddq,0,0.5123316394656128,mA,125.0,STATIC_BURN_IN,INST_02,CH_06,VALID,0,,2.0,synthetic
L02_C014,L02,iddq,96,0.7781077116980234,mA,125.0,STATIC_BURN_IN,INST_02,CH_06,VALID,0,,2.0,synthetic
L02_C014,L02,iddq,168,1.0204734928921888,mA,125.0,STATIC_BURN_IN,INST_02,CH_06,VALID,0,,2.0,synthetic
L02_C014,L02,propagation_delay,0,4.757612196533414,ns,125.0,STATIC_BURN_IN,INST_02,CH_06,VALID,0,,8.0,synthetic
L02_C014,L02,propagation_delay,24,5.038483455507514,ns,125.0,STATIC_BURN_IN,INST_02,CH_06,VALID,0,,8.0,synthetic
L02_C014,L02,propagation_delay,96,5.4026852074083465,ns,125.0,STATIC_BURN_IN,INST_02,CH_06,VALID,0,,8.0,synthetic
L02_C014,L02,propagation_delay,168,6.076220569493459,ns,125.0,STATIC_BURN_IN,INST_02,CH_06,VALID,0,,8.0,synthetic
L02_C015,L02,leakage_current,0,10.38412335867765,uA,125.0,STATIC_BURN_IN,INST_02,CH_07,VALID,0,,50.0,synthetic
L02_C015,L02,leakage_current,24,10.73300253486186,uA,125.0,STATIC_BURN_IN,INST_02,CH_07,VALID,0,,50.0,synthetic
L02_C015,L02,leakage_current,96,10.699066934683454,uA,125.0,STATIC_BURN_IN,INST_02,CH_07,VALID,0,,50.0,synthetic
L02_C015,L02,leakage_current,168,10.09717003250006,uA,125.0,STATIC_BURN_IN,INST_02,CH_07,VALID,0,,50.0,synthetic
L02_C015,L02,iddq,0,0.4395795705067006,mA,125.0,STATIC_BURN_IN,INST_02,CH_07,VALID,0,,2.0,synthetic
L02_C015,L02,iddq,24,0.43518308806376294,mA,125.0,STATIC_BURN_IN,INST_02,CH_07,VALID,0,,2.0,synthetic
L02_C015,L02,iddq,96,0.43106021908156084,mA,125.0,STATIC_BURN_IN,INST_02,CH_07,VALID,0,,2.0,synthetic
L02_C015,L02,iddq,168,0.43130524764870276,mA,125.0,STATIC_BURN_IN,INST_02,CH_07,VALID,0,,2.0,synthetic
L02_C015,L02,propagation_delay,0,4.27677977993671,ns,125.0,STATIC_BURN_IN,INST_02,CH_07,VALID,0,,8.0,synthetic
L02_C015,L02,propagation_delay,24,4.375188222923569,ns,125.0,STATIC_BURN_IN,INST_02,CH_07,VALID,0,,8.0,synthetic
L02_C015,L02,propagation_delay,96,4.22741230555536,ns,125.0,STATIC_BURN_IN,INST_02,CH_07,VALID,0,,8.0,synthetic
L02_C015,L02,propagation_delay,168,4.532145590561418,ns,125.0,STATIC_BURN_IN,INST_02,CH_07,VALID,0,,8.0,synthetic
L02_C016,L02,leakage_current,0,12.906232373087105,uA,125.0,STATIC_BURN_IN,INST_02,CH_08,VALID,0,,50.0,synthetic
L02_C016,L02,leakage_current,24,12.74020231034662,uA,125.0,STATIC_BURN_IN,INST_02,CH_08,VALID,0,,50.0,synthetic
L02_C016,L02,leakage_current,96,12.693093381242617,uA,125.0,STATIC_BURN_IN,INST_02,CH_08,VALID,0,,50.0,synthetic
L02_C016,L02,leakage_current,168,12.512322359050815,uA,125.0,STATIC_BURN_IN,INST_02,CH_08,VALID,0,,50.0,synthetic
L02_C016,L02,iddq,24,0.5364274503009737,mA,125.0,STATIC_BURN_IN,INST_02,CH_08,VALID,0,,2.0,synthetic
L02_C016,L02,iddq,96,0.5569006281261069,mA,125.0,STATIC_BURN_IN,INST_02,CH_08,VALID,0,,2.0,synthetic
L02_C016,L02,iddq,168,0.5362731071648499,mA,125.0,STATIC_BURN_IN,INST_02,CH_08,VALID,0,,2.0,synthetic
L02_C016,L02,propagation_delay,0,5.032522715815167,ns,125.0,STATIC_BURN_IN,INST_02,CH_08,VALID,0,,8.0,synthetic
L02_C016,L02,propagation_delay,24,4.968676132367123,ns,125.0,STATIC_BURN_IN,INST_02,CH_08,VALID,0,,8.0,synthetic
L02_C016,L02,propagation_delay,96,5.098611471147122,ns,125.0,STATIC_BURN_IN,INST_02,CH_08,VALID,0,,8.0,synthetic
L02_C016,L02,propagation_delay,168,4.86843214019724,ns,125.0,STATIC_BURN_IN,INST_02,CH_08,VALID,0,,8.0,synthetic
L02_C017,L02,leakage_current,0,13.039034709276242,uA,125.0,STATIC_BURN_IN,INST_01,CH_01,VALID,0,,50.0,synthetic
L02_C017,L02,leakage_current,24,13.603890418264355,uA,125.0,STATIC_BURN_IN,INST_01,CH_01,VALID,0,,50.0,synthetic
L02_C017,L02,leakage_current,96,13.48592532195139,uA,125.0,STATIC_BURN_IN,INST_01,CH_01,VALID,0,,50.0,synthetic
L02_C017,L02,leakage_current,168,13.176264218985896,uA,125.0,STATIC_BURN_IN,INST_01,CH_01,VALID,0,,50.0,synthetic
L02_C017,L02,iddq,0,0.5804599633433841,mA,125.0,STATIC_BURN_IN,INST_01,CH_01,VALID,0,,2.0,synthetic
L02_C017,L02,iddq,24,0.6077562469902135,mA,125.0,STATIC_BURN_IN,INST_01,CH_01,VALID,0,,2.0,synthetic
L02_C017,L02,iddq,96,0.6044249375372319,mA,125.0,STATIC_BURN_IN,INST_01,CH_01,VALID,0,,2.0,synthetic
L02_C017,L02,iddq,168,0.5945826748015686,mA,125.0,STATIC_BURN_IN,INST_01,CH_01,VALID,0,,2.0,synthetic
L02_C017,L02,propagation_delay,0,5.184021785609289,ns,125.0,STATIC_BURN_IN,INST_01,CH_01,VALID,0,,8.0,synthetic
L02_C017,L02,propagation_delay,24,4.901304805406659,ns,125.0,STATIC_BURN_IN,INST_01,CH_01,VALID,0,,8.0,synthetic
L02_C017,L02,propagation_delay,96,4.894136871349153,ns,125.0,STATIC_BURN_IN,INST_01,CH_01,VALID,0,,8.0,synthetic
L02_C017,L02,propagation_delay,168,4.914582693216501,ns,125.0,STATIC_BURN_IN,INST_01,CH_01,VALID,0,,8.0,synthetic
L02_C018,L02,leakage_current,0,10.162416860662322,uA,125.0,STATIC_BURN_IN,INST_01,CH_02,VALID,0,,50.0,synthetic
L02_C018,L02,leakage_current,24,10.008100991517257,uA,125.0,STATIC_BURN_IN,INST_01,CH_02,VALID,0,,50.0,synthetic
L02_C018,L02,leakage_current,96,10.484555651530975,uA,125.0,STATIC_BURN_IN,INST_01,CH_02,VALID,0,,50.0,synthetic
L02_C018,L02,leakage_current,168,10.289210341279805,uA,125.0,STATIC_BURN_IN,INST_01,CH_02,VALID,0,,50.0,synthetic
L02_C018,L02,iddq,0,0.40000163682415596,mA,125.0,STATIC_BURN_IN,INST_01,CH_02,VALID,0,,2.0,synthetic
L02_C018,L02,iddq,24,0.3783028296067019,mA,125.0,STATIC_BURN_IN,INST_01,CH_02,VALID,0,,2.0,synthetic
L02_C018,L02,iddq,96,0.3915558478385499,mA,125.0,STATIC_BURN_IN,INST_01,CH_02,VALID,0,,2.0,synthetic
L02_C018,L02,iddq,168,0.3831127557237824,mA,125.0,STATIC_BURN_IN,INST_01,CH_02,VALID,0,,2.0,synthetic
L02_C018,L02,propagation_delay,0,5.196098074076074,ns,125.0,STATIC_BURN_IN,INST_01,CH_02,VALID,0,,8.0,synthetic
L02_C018,L02,propagation_delay,24,5.202115567579274,ns,125.0,STATIC_BURN_IN,INST_01,CH_02,VALID,0,,8.0,synthetic
L02_C018,L02,propagation_delay,96,5.257782534983075,ns,125.0,STATIC_BURN_IN,INST_01,CH_02,VALID,0,,8.0,synthetic
L02_C018,L02,propagation_delay,168,5.193617866373268,ns,125.0,STATIC_BURN_IN,INST_01,CH_02,VALID,0,,8.0,synthetic
L02_C019,L02,leakage_current,0,10.594636732713132,uA,125.0,STATIC_BURN_IN,INST_01,CH_03,VALID,0,,50.0,synthetic
L02_C019,L02,leakage_current,24,10.725195348438236,uA,125.0,STATIC_BURN_IN,INST_01,CH_03,VALID,0,,50.0,synthetic
L02_C019,L02,leakage_current,96,10.307519348750342,uA,125.0,STATIC_BURN_IN,INST_01,CH_03,VALID,0,,50.0,synthetic
L02_C019,L02,leakage_current,168,10.333399111463088,uA,125.0,STATIC_BURN_IN,INST_01,CH_03,VALID,0,,50.0,synthetic
L02_C019,L02,iddq,0,0.48739415465850067,mA,125.0,STATIC_BURN_IN,INST_01,CH_03,VALID,0,,2.0,synthetic
L02_C019,L02,iddq,24,0.4985892579146987,mA,125.0,STATIC_BURN_IN,INST_01,CH_03,VALID,0,,2.0,synthetic
L02_C019,L02,iddq,96,0.5091965738077395,mA,125.0,STATIC_BURN_IN,INST_01,CH_03,VALID,0,,2.0,synthetic
L02_C019,L02,iddq,168,0.5093493600943966,mA,125.0,STATIC_BURN_IN,INST_01,CH_03,VALID,0,,2.0,synthetic
L02_C019,L02,propagation_delay,0,4.641649857754046,ns,125.0,STATIC_BURN_IN,INST_01,CH_03,VALID,0,,8.0,synthetic
L02_C019,L02,propagation_delay,24,4.589920865655211,ns,125.0,STATIC_BURN_IN,INST_01,CH_03,VALID,0,,8.0,synthetic
L02_C019,L02,propagation_delay,96,4.559597617812977,ns,125.0,STATIC_BURN_IN,INST_01,CH_03,VALID,0,,8.0,synthetic
L02_C019,L02,propagation_delay,168,4.578234103804835,ns,125.0,STATIC_BURN_IN,INST_01,CH_03,VALID,0,,8.0,synthetic
L02_C020,L02,leakage_current,0,13.944889706633575,uA,125.0,STATIC_BURN_IN,INST_01,CH_04,VALID,0,,50.0,synthetic
L02_C020,L02,leakage_current,24,14.798510446923927,uA,125.0,STATIC_BURN_IN,INST_01,CH_04,VALID,0,,50.0,synthetic
L02_C020,L02,iddq,0,0.6285945351236905,mA,125.0,STATIC_BURN_IN,INST_01,CH_04,VALID,0,,2.0,synthetic
L02_C020,L02,iddq,24,0.5997088530757991,mA,125.0,STATIC_BURN_IN,INST_01,CH_04,VALID,0,,2.0,synthetic
L02_C020,L02,iddq,96,0.6119478074148281,mA,125.0,STATIC_BURN_IN,INST_01,CH_04,VALID,0,,2.0,synthetic
L02_C020,L02,iddq,168,0.6149618325413312,mA,125.0,STATIC_BURN_IN,INST_01,CH_04,VALID,0,,2.0,synthetic
L02_C020,L02,propagation_delay,0,5.1418978662643795,ns,125.0,STATIC_BURN_IN,INST_01,CH_04,VALID,0,,8.0,synthetic
L02_C020,L02,propagation_delay,24,5.183875179655421,ns,125.0,STATIC_BURN_IN,INST_01,CH_04,VALID,0,,8.0,synthetic
L02_C020,L02,propagation_delay,96,5.077405818806243,ns,125.0,STATIC_BURN_IN,INST_01,CH_04,VALID,0,,8.0,synthetic
L02_C020,L02,propagation_delay,168,4.997950650847072,ns,125.0,STATIC_BURN_IN,INST_01,CH_04,VALID,0,,8.0,synthetic
L02_C021,L02,leakage_current,0,11.81877486697219,uA,125.0,STATIC_BURN_IN,INST_01,CH_05,VALID,0,,50.0,synthetic
L02_C021,L02,leakage_current,24,12.168403542081263,uA,125.0,STATIC_BURN_IN,INST_01,CH_05,VALID,0,,50.0,synthetic
L02_C021,L02,leakage_current,96,16.643896258245963,uA,125.0,STATIC_BURN_IN,INST_01,CH_05,VALID,0,,50.0,synthetic
L02_C021,L02,leakage_current,168,27.924114480717538,uA,125.0,STATIC_BURN_IN,INST_01,CH_05,VALID,0,,50.0,synthetic
L02_C021,L02,iddq,0,0.457396720147594,mA,125.0,STATIC_BURN_IN,INST_01,CH_05,VALID,0,,2.0,synthetic
L02_C021,L02,iddq,24,0.505191317420072,mA,125.0,STATIC_BURN_IN,INST_01,CH_05,VALID,0,,2.0,synthetic
L02_C021,L02,iddq,96,0.6667220046221503,mA,125.0,STATIC_BURN_IN,INST_01,CH_05,VALID,0,,2.0,synthetic
L02_C021,L02,iddq,168,1.1147850408976732,mA,125.0,STATIC_BURN_IN,INST_01,CH_05,VALID,0,,2.0,synthetic
L02_C021,L02,propagation_delay,0,5.1568414700398915,ns,125.0,STATIC_BURN_IN,INST_01,CH_05,VALID,0,,8.0,synthetic
L02_C021,L02,propagation_delay,24,5.164570233955418,ns,125.0,STATIC_BURN_IN,INST_01,CH_05,VALID,0,,8.0,synthetic
L02_C021,L02,propagation_delay,96,5.635987779921823,ns,125.0,STATIC_BURN_IN,INST_01,CH_05,VALID,0,,8.0,synthetic
L02_C021,L02,propagation_delay,168,6.2308960340461175,ns,125.0,STATIC_BURN_IN,INST_01,CH_05,VALID,0,,8.0,synthetic
L02_C022,L02,leakage_current,0,12.132982055795717,uA,125.0,STATIC_BURN_IN,INST_01,CH_06,VALID,0,,50.0,synthetic
L02_C022,L02,leakage_current,24,12.407537197057946,uA,125.0,STATIC_BURN_IN,INST_01,CH_06,VALID,0,,50.0,synthetic
L02_C022,L02,leakage_current,96,12.860789777625348,uA,125.0,STATIC_BURN_IN,INST_01,CH_06,VALID,0,,50.0,synthetic
L02_C022,L02,leakage_current,168,12.564092739724892,uA,125.0,STATIC_BURN_IN,INST_01,CH_06,VALID,0,,50.0,synthetic
L02_C022,L02,iddq,0,0.42758005815353867,mA,125.0,STATIC_BURN_IN,INST_01,CH_06,VALID,0,,2.0,synthetic
L02_C022,L02,iddq,24,0.46339725187570546,mA,125.0,STATIC_BURN_IN,INST_01,CH_06,VALID,0,,2.0,synthetic
L02_C022,L02,iddq,96,0.4481772856291615,mA,125.0,STATIC_BURN_IN,INST_01,CH_06,VALID,0,,2.0,synthetic
L02_C022,L02,iddq,168,0.4465627784004695,mA,125.0,STATIC_BURN_IN,INST_01,CH_06,VALID,0,,2.0,synthetic
L02_C022,L02,propagation_delay,0,4.849750917893032,ns,125.0,STATIC_BURN_IN,INST_01,CH_06,VALID,0,,8.0,synthetic
L02_C022,L02,propagation_delay,24,4.706947502074184,ns,125.0,STATIC_BURN_IN,INST_01,CH_06,VALID,0,,8.0,synthetic
L02_C022,L02,propagation_delay,96,4.7432713088643705,ns,125.0,STATIC_BURN_IN,INST_01,CH_06,VALID,0,,8.0,synthetic
L02_C022,L02,propagation_delay,168,4.686547347314728,ns,125.0,STATIC_BURN_IN,INST_01,CH_06,VALID,0,,8.0,synthetic
L02_C023,L02,leakage_current,0,11.59859770402607,uA,125.0,STATIC_BURN_IN,INST_01,CH_07,VALID,0,,50.0,synthetic
L02_C023,L02,leakage_current,24,11.559571322452683,uA,125.0,STATIC_BURN_IN,INST_01,CH_07,VALID,0,,50.0,synthetic
L02_C023,L02,leakage_current,96,11.72478704099885,uA,125.0,STATIC_BURN_IN,INST_01,CH_07,VALID,0,,50.0,synthetic
L02_C023,L02,leakage_current,168,11.471146065033,uA,125.0,STATIC_BURN_IN,INST_01,CH_07,VALID,0,,50.0,synthetic
L02_C023,L02,iddq,0,0.46861184286901253,mA,125.0,STATIC_BURN_IN,INST_01,CH_07,VALID,0,,2.0,synthetic
L02_C023,L02,iddq,24,0.47471625228485614,mA,125.0,STATIC_BURN_IN,INST_01,CH_07,VALID,0,,2.0,synthetic
L02_C023,L02,iddq,96,0.46460868153278784,mA,125.0,STATIC_BURN_IN,INST_01,CH_07,VALID,0,,2.0,synthetic
L02_C023,L02,iddq,168,0.47689246160299126,mA,125.0,STATIC_BURN_IN,INST_01,CH_07,VALID,0,,2.0,synthetic
L02_C023,L02,propagation_delay,0,4.859157965721529,ns,125.0,STATIC_BURN_IN,INST_01,CH_07,VALID,0,,8.0,synthetic
L02_C023,L02,propagation_delay,24,4.984539214195156,ns,125.0,STATIC_BURN_IN,INST_01,CH_07,VALID,0,,8.0,synthetic
L02_C023,L02,propagation_delay,96,5.157985344776312,ns,125.0,STATIC_BURN_IN,INST_01,CH_07,VALID,0,,8.0,synthetic
L02_C023,L02,propagation_delay,168,5.014329212211115,ns,125.0,STATIC_BURN_IN,INST_01,CH_07,VALID,0,,8.0,synthetic
L02_C024,L02,leakage_current,0,9.827022483196174,uA,125.0,STATIC_BURN_IN,INST_01,CH_08,VALID,0,,50.0,synthetic
L02_C024,L02,leakage_current,24,9.922773289739336,uA,125.0,STATIC_BURN_IN,INST_01,CH_08,VALID,0,,50.0,synthetic
L02_C024,L02,leakage_current,168,9.91281882867506,uA,125.0,STATIC_BURN_IN,INST_01,CH_08,VALID,0,,50.0,synthetic
L02_C024,L02,iddq,0,0.6043206125565309,mA,125.0,STATIC_BURN_IN,INST_01,CH_08,VALID,0,,2.0,synthetic
L02_C024,L02,iddq,24,0.586564468352053,mA,125.0,STATIC_BURN_IN,INST_01,CH_08,VALID,0,,2.0,synthetic
L02_C024,L02,iddq,96,0.5790919024543276,mA,125.0,STATIC_BURN_IN,INST_01,CH_08,VALID,0,,2.0,synthetic
L02_C024,L02,iddq,168,0.561870460852469,mA,125.0,STATIC_BURN_IN,INST_01,CH_08,VALID,0,,2.0,synthetic
L02_C024,L02,propagation_delay,0,5.425316649476407,ns,125.0,STATIC_BURN_IN,INST_01,CH_08,VALID,0,,8.0,synthetic
L02_C024,L02,propagation_delay,24,5.599783250692282,ns,125.0,STATIC_BURN_IN,INST_01,CH_08,VALID,0,,8.0,synthetic
L02_C024,L02,propagation_delay,96,5.343647314547152,ns,125.0,STATIC_BURN_IN,INST_01,CH_08,VALID,0,,8.0,synthetic
L02_C024,L02,propagation_delay,168,5.446191601103005,ns,125.0,STATIC_BURN_IN,INST_01,CH_08,VALID,0,,8.0,synthetic
L02_C025,L02,leakage_current,0,13.473971972391226,uA,125.0,STATIC_BURN_IN,INST_02,CH_01,VALID,0,,50.0,synthetic
L02_C025,L02,leakage_current,96,13.290239625019767,uA,125.0,STATIC_BURN_IN,INST_02,CH_01,VALID,0,,50.0,synthetic
L02_C025,L02,leakage_current,168,13.455066061216892,uA,125.0,STATIC_BURN_IN,INST_02,CH_01,VALID,0,,50.0,synthetic
L02_C025,L02,iddq,0,0.42653915157120614,mA,125.0,STATIC_BURN_IN,INST_02,CH_01,VALID,0,,2.0,synthetic
L02_C025,L02,iddq,24,0.44598102688572183,mA,125.0,STATIC_BURN_IN,INST_02,CH_01,VALID,0,,2.0,synthetic
L02_C025,L02,iddq,96,0.4358448190338838,mA,125.0,STATIC_BURN_IN,INST_02,CH_01,VALID,0,,2.0,synthetic
L02_C025,L02,iddq,168,0.4446704399331029,mA,125.0,STATIC_BURN_IN,INST_02,CH_01,VALID,0,,2.0,synthetic
L02_C025,L02,propagation_delay,0,4.560673749068363,ns,125.0,STATIC_BURN_IN,INST_02,CH_01,VALID,0,,8.0,synthetic
L02_C025,L02,propagation_delay,24,4.499591211552394,ns,125.0,STATIC_BURN_IN,INST_02,CH_01,VALID,0,,8.0,synthetic
L02_C025,L02,propagation_delay,96,4.487644736657736,ns,125.0,STATIC_BURN_IN,INST_02,CH_01,VALID,0,,8.0,synthetic
L02_C025,L02,propagation_delay,168,4.552929099761883,ns,125.0,STATIC_BURN_IN,INST_02,CH_01,VALID,0,,8.0,synthetic
L02_C026,L02,leakage_current,0,9.20790901470535,uA,125.0,STATIC_BURN_IN,INST_02,CH_02,VALID,0,,50.0,synthetic
L02_C026,L02,leakage_current,24,9.140691224072564,uA,125.0,STATIC_BURN_IN,INST_02,CH_02,VALID,0,,50.0,synthetic
L02_C026,L02,leakage_current,96,9.288416547645236,uA,125.0,STATIC_BURN_IN,INST_02,CH_02,VALID,0,,50.0,synthetic
L02_C026,L02,leakage_current,168,8.883177915965515,uA,125.0,STATIC_BURN_IN,INST_02,CH_02,VALID,0,,50.0,synthetic
L02_C026,L02,iddq,0,0.4302010627900219,mA,125.0,STATIC_BURN_IN,INST_02,CH_02,VALID,0,,2.0,synthetic
L02_C026,L02,iddq,24,0.44381720498110594,mA,125.0,STATIC_BURN_IN,INST_02,CH_02,VALID,0,,2.0,synthetic
L02_C026,L02,iddq,96,0.44637999562789543,mA,125.0,STATIC_BURN_IN,INST_02,CH_02,VALID,0,,2.0,synthetic
L02_C026,L02,iddq,168,0.42259720201968415,mA,125.0,STATIC_BURN_IN,INST_02,CH_02,VALID,0,,2.0,synthetic
L02_C026,L02,propagation_delay,0,5.334721677629284,ns,125.0,STATIC_BURN_IN,INST_02,CH_02,VALID,0,,8.0,synthetic
L02_C026,L02,propagation_delay,24,5.374080617328965,ns,125.0,STATIC_BURN_IN,INST_02,CH_02,VALID,0,,8.0,synthetic
L02_C026,L02,propagation_delay,96,5.245787782625817,ns,125.0,STATIC_BURN_IN,INST_02,CH_02,VALID,0,,8.0,synthetic
L02_C026,L02,propagation_delay,168,5.4591207509274975,ns,125.0,STATIC_BURN_IN,INST_02,CH_02,VALID,0,,8.0,synthetic
L02_C027,L02,leakage_current,0,10.164235650203725,uA,125.0,STATIC_BURN_IN,INST_02,CH_03,VALID,2,,50.0,synthetic
L02_C027,L02,leakage_current,24,10.210028330773213,uA,125.0,STATIC_BURN_IN,INST_02,CH_03,VALID,2,,50.0,synthetic
L02_C027,L02,leakage_current,96,10.04920771785594,uA,125.0,STATIC_BURN_IN,INST_02,CH_03,VALID,2,,50.0,synthetic
L02_C027,L02,leakage_current,168,10.060458077727331,uA,125.0,STATIC_BURN_IN,INST_02,CH_03,VALID,2,,50.0,synthetic
L02_C027,L02,iddq,0,0.44072061128536183,mA,125.0,STATIC_BURN_IN,INST_02,CH_03,VALID,2,,2.0,synthetic
L02_C027,L02,iddq,24,0.4578675928254758,mA,125.0,STATIC_BURN_IN,INST_02,CH_03,VALID,2,,2.0,synthetic
L02_C027,L02,iddq,96,0.44253461262196586,mA,125.0,STATIC_BURN_IN,INST_02,CH_03,VALID,2,,2.0,synthetic
L02_C027,L02,iddq,168,0.45454828319845697,mA,125.0,STATIC_BURN_IN,INST_02,CH_03,VALID,2,,2.0,synthetic
L02_C027,L02,propagation_delay,0,4.907512725081101,ns,125.0,STATIC_BURN_IN,INST_02,CH_03,VALID,2,,8.0,synthetic
L02_C027,L02,propagation_delay,24,5.073407487246526,ns,125.0,STATIC_BURN_IN,INST_02,CH_03,VALID,2,,8.0,synthetic
L02_C027,L02,propagation_delay,96,5.059535908767933,ns,125.0,STATIC_BURN_IN,INST_02,CH_03,VALID,2,,8.0,synthetic
L02_C027,L02,propagation_delay,168,4.962528148604891,ns,125.0,STATIC_BURN_IN,INST_02,CH_03,VALID,2,,8.0,synthetic
L02_C028,L02,leakage_current,0,14.25261882519026,uA,125.0,STATIC_BURN_IN,INST_02,CH_04,VALID,0,,50.0,synthetic
L02_C028,L02,leakage_current,24,13.962699337810745,uA,125.0,STATIC_BURN_IN,INST_02,CH_04,VALID,0,,50.0,synthetic
L02_C028,L02,leakage_current,96,14.462306519652149,uA,125.0,STATIC_BURN_IN,INST_02,CH_04,VALID,0,,50.0,synthetic
L02_C028,L02,leakage_current,168,13.921243631533605,uA,125.0,STATIC_BURN_IN,INST_02,CH_04,VALID,0,,50.0,synthetic
L02_C028,L02,iddq,0,0.48221483556124206,mA,125.0,STATIC_BURN_IN,INST_02,CH_04,VALID,0,,2.0,synthetic
L02_C028,L02,iddq,24,0.5034776523429646,mA,125.0,STATIC_BURN_IN,INST_02,CH_04,VALID,0,,2.0,synthetic
L02_C028,L02,iddq,96,0.5016638269108022,mA,125.0,STATIC_BURN_IN,INST_02,CH_04,VALID,0,,2.0,synthetic
L02_C028,L02,iddq,168,0.48754819003486116,mA,125.0,STATIC_BURN_IN,INST_02,CH_04,VALID,0,,2.0,synthetic
L02_C028,L02,propagation_delay,0,4.789925199699409,ns,125.0,STATIC_BURN_IN,INST_02,CH_04,VALID,0,,8.0,synthetic
L02_C028,L02,propagation_delay,24,4.7632351741883,ns,125.0,STATIC_BURN_IN,INST_02,CH_04,VALID,0,,8.0,synthetic
L02_C028,L02,propagation_delay,96,4.775813769911202,ns,125.0,STATIC_BURN_IN,INST_02,CH_04,VALID,0,,8.0,synthetic
L02_C028,L02,propagation_delay,168,4.906523259910378,ns,125.0,STATIC_BURN_IN,INST_02,CH_04,VALID,0,,8.0,synthetic
L02_C029,L02,leakage_current,24,11.337902908481166,uA,125.0,STATIC_BURN_IN,INST_02,CH_05,VALID,0,,50.0,synthetic
L02_C029,L02,leakage_current,96,11.3595567085328,uA,125.0,STATIC_BURN_IN,INST_02,CH_05,VALID,0,,50.0,synthetic
L02_C029,L02,leakage_current,168,11.500460584286827,uA,125.0,STATIC_BURN_IN,INST_02,CH_05,VALID,0,,50.0,synthetic
L02_C029,L02,iddq,0,0.4823094756867655,mA,125.0,STATIC_BURN_IN,INST_02,CH_05,VALID,0,,2.0,synthetic
L02_C029,L02,iddq,24,0.4731820790235088,mA,125.0,STATIC_BURN_IN,INST_02,CH_05,VALID,0,,2.0,synthetic
L02_C029,L02,iddq,96,0.5147200257973804,mA,125.0,STATIC_BURN_IN,INST_02,CH_05,VALID,0,,2.0,synthetic
L02_C029,L02,iddq,168,0.46355864488122445,mA,125.0,STATIC_BURN_IN,INST_02,CH_05,VALID,0,,2.0,synthetic
L02_C029,L02,propagation_delay,0,4.799517748396447,ns,125.0,STATIC_BURN_IN,INST_02,CH_05,VALID,0,,8.0,synthetic
L02_C029,L02,propagation_delay,24,4.8936986312450195,ns,125.0,STATIC_BURN_IN,INST_02,CH_05,VALID,0,,8.0,synthetic
L02_C029,L02,propagation_delay,96,4.880262752686443,ns,125.0,STATIC_BURN_IN,INST_02,CH_05,VALID,0,,8.0,synthetic
L02_C029,L02,propagation_delay,168,4.708938146401055,ns,125.0,STATIC_BURN_IN,INST_02,CH_05,VALID,0,,8.0,synthetic
L02_C030,L02,leakage_current,0,9.713826287432413,uA,125.0,STATIC_BURN_IN,INST_02,CH_06,VALID,0,,50.0,synthetic
L02_C030,L02,leakage_current,24,9.746921483705023,uA,125.0,STATIC_BURN_IN,INST_02,CH_06,VALID,0,,50.0,synthetic
L02_C030,L02,leakage_current,96,9.388567589845607,uA,125.0,STATIC_BURN_IN,INST_02,CH_06,VALID,0,,50.0,synthetic
L02_C030,L02,leakage_current,168,9.591140372205492,uA,125.0,STATIC_BURN_IN,INST_02,CH_06,VALID,0,,50.0,synthetic
L02_C030,L02,iddq,0,0.3741374312226623,mA,125.0,STATIC_BURN_IN,INST_02,CH_06,VALID,0,,2.0,synthetic
L02_C030,L02,iddq,24,0.3833324769101323,mA,125.0,STATIC_BURN_IN,INST_02,CH_06,VALID,0,,2.0,synthetic
L02_C030,L02,iddq,96,0.37664371951939085,mA,125.0,STATIC_BURN_IN,INST_02,CH_06,VALID,0,,2.0,synthetic
L02_C030,L02,iddq,168,0.36720209805526605,mA,125.0,STATIC_BURN_IN,INST_02,CH_06,VALID,0,,2.0,synthetic
L02_C030,L02,propagation_delay,0,4.6934282486372565,ns,125.0,STATIC_BURN_IN,INST_02,CH_06,VALID,0,,8.0,synthetic
L02_C030,L02,propagation_delay,24,4.681631654570749,ns,125.0,STATIC_BURN_IN,INST_02,CH_06,VALID,0,,8.0,synthetic
L02_C030,L02,propagation_delay,96,4.672981869773679,ns,125.0,STATIC_BURN_IN,INST_02,CH_06,VALID,0,,8.0,synthetic
L02_C030,L02,propagation_delay,168,4.793410374217757,ns,125.0,STATIC_BURN_IN,INST_02,CH_06,VALID,0,,8.0,synthetic
L03_C001,L03,leakage_current,0,12.490016363862585,uA,125.0,STATIC_BURN_IN,INST_01,CH_01,VALID,0,,50.0,synthetic
L03_C001,L03,leakage_current,24,11.948338154491088,uA,125.0,STATIC_BURN_IN,INST_01,CH_01,VALID,0,,50.0,synthetic
L03_C001,L03,leakage_current,96,12.299780256833754,uA,125.0,STATIC_BURN_IN,INST_01,CH_01,VALID,0,,50.0,synthetic
L03_C001,L03,leakage_current,168,12.290184454936593,uA,125.0,STATIC_BURN_IN,INST_01,CH_01,VALID,0,,50.0,synthetic
L03_C001,L03,iddq,0,0.6332751686816404,mA,125.0,STATIC_BURN_IN,INST_01,CH_01,VALID,0,,2.0,synthetic
L03_C001,L03,iddq,24,0.6086151276237737,mA,125.0,STATIC_BURN_IN,INST_01,CH_01,VALID,0,,2.0,synthetic
L03_C001,L03,iddq,96,0.6014035891865672,mA,125.0,STATIC_BURN_IN,INST_01,CH_01,VALID,0,,2.0,synthetic
L03_C001,L03,iddq,168,0.6099563380514071,mA,125.0,STATIC_BURN_IN,INST_01,CH_01,VALID,0,,2.0,synthetic
L03_C001,L03,propagation_delay,0,5.5835105892710954,ns,125.0,STATIC_BURN_IN,INST_01,CH_01,VALID,0,,8.0,synthetic
L03_C001,L03,propagation_delay,24,5.3895778424021765,ns,125.0,STATIC_BURN_IN,INST_01,CH_01,VALID,0,,8.0,synthetic
L03_C001,L03,propagation_delay,96,5.5884986536429135,ns,125.0,STATIC_BURN_IN,INST_01,CH_01,VALID,0,,8.0,synthetic
L03_C001,L03,propagation_delay,168,5.584616931311963,ns,125.0,STATIC_BURN_IN,INST_01,CH_01,VALID,0,,8.0,synthetic
L03_C002,L03,leakage_current,0,11.489596870974442,uA,125.0,STATIC_BURN_IN,INST_01,CH_02,VALID,1,,50.0,synthetic
L03_C002,L03,leakage_current,24,11.4109408623153,uA,125.0,STATIC_BURN_IN,INST_01,CH_02,VALID,1,,50.0,synthetic
L03_C002,L03,leakage_current,96,11.46514704898825,uA,125.0,STATIC_BURN_IN,INST_01,CH_02,VALID,1,,50.0,synthetic
L03_C002,L03,leakage_current,168,11.677808070808766,uA,125.0,STATIC_BURN_IN,INST_01,CH_02,VALID,1,,50.0,synthetic
L03_C002,L03,iddq,24,0.6642149683041262,mA,125.0,STATIC_BURN_IN,INST_01,CH_02,VALID,1,,2.0,synthetic
L03_C002,L03,iddq,96,0.699191967304049,mA,125.0,STATIC_BURN_IN,INST_01,CH_02,VALID,1,,2.0,synthetic
L03_C002,L03,iddq,168,0.6698088630584779,mA,125.0,STATIC_BURN_IN,INST_01,CH_02,VALID,1,,2.0,synthetic
L03_C002,L03,propagation_delay,0,5.026599929038181,ns,125.0,STATIC_BURN_IN,INST_01,CH_02,VALID,1,,8.0,synthetic
L03_C002,L03,propagation_delay,24,4.977256611233863,ns,125.0,STATIC_BURN_IN,INST_01,CH_02,VALID,1,,8.0,synthetic
L03_C002,L03,propagation_delay,96,4.788801584509427,ns,125.0,STATIC_BURN_IN,INST_01,CH_02,VALID,1,,8.0,synthetic
L03_C002,L03,propagation_delay,168,4.991960516462845,ns,125.0,STATIC_BURN_IN,INST_01,CH_02,VALID,1,,8.0,synthetic
L03_C003,L03,leakage_current,0,9.145022240100186,uA,125.0,STATIC_BURN_IN,INST_01,CH_03,VALID,0,,50.0,synthetic
L03_C003,L03,leakage_current,24,9.061634749717541,uA,125.0,STATIC_BURN_IN,INST_01,CH_03,VALID,0,,50.0,synthetic
L03_C003,L03,leakage_current,96,9.197338644472165,uA,125.0,STATIC_BURN_IN,INST_01,CH_03,VALID,0,,50.0,synthetic
L03_C003,L03,leakage_current,168,8.925206381093922,uA,125.0,STATIC_BURN_IN,INST_01,CH_03,VALID,0,,50.0,synthetic
L03_C003,L03,iddq,24,0.5082170250849428,mA,125.0,STATIC_BURN_IN,INST_01,CH_03,VALID,0,,2.0,synthetic
L03_C003,L03,iddq,96,0.49306595329300956,mA,125.0,STATIC_BURN_IN,INST_01,CH_03,VALID,0,,2.0,synthetic
L03_C003,L03,iddq,168,0.5115552297563777,mA,125.0,STATIC_BURN_IN,INST_01,CH_03,VALID,0,,2.0,synthetic
L03_C003,L03,propagation_delay,0,5.4500327235673796,ns,125.0,STATIC_BURN_IN,INST_01,CH_03,VALID,0,,8.0,synthetic
L03_C003,L03,propagation_delay,24,5.288642715943783,ns,125.0,STATIC_BURN_IN,INST_01,CH_03,VALID,0,,8.0,synthetic
L03_C003,L03,propagation_delay,96,5.19076117562254,ns,125.0,STATIC_BURN_IN,INST_01,CH_03,VALID,0,,8.0,synthetic
L03_C003,L03,propagation_delay,168,5.530019157662478,ns,125.0,STATIC_BURN_IN,INST_01,CH_03,VALID,0,,8.0,synthetic
L03_C004,L03,leakage_current,0,12.181167693563697,uA,125.0,STATIC_BURN_IN,INST_01,CH_04,VALID,1,,50.0,synthetic
L03_C004,L03,leakage_current,24,11.705857088695158,uA,125.0,STATIC_BURN_IN,INST_01,CH_04,VALID,1,,50.0,synthetic
L03_C004,L03,leakage_current,96,11.753030745527202,uA,125.0,STATIC_BURN_IN,INST_01,CH_04,VALID,1,,50.0,synthetic
L03_C004,L03,leakage_current,168,11.62438662479184,uA,125.0,STATIC_BURN_IN,INST_01,CH_04,VALID,1,,50.0,synthetic
L03_C004,L03,iddq,0,0.5915511094837633,mA,125.0,STATIC_BURN_IN,INST_01,CH_04,VALID,1,,2.0,synthetic
L03_C004,L03,iddq,96,0.6034210239869073,mA,125.0,STATIC_BURN_IN,INST_01,CH_04,VALID,1,,2.0,synthetic
L03_C004,L03,iddq,168,0.5858757237488937,mA,125.0,STATIC_BURN_IN,INST_01,CH_04,VALID,1,,2.0,synthetic
L03_C004,L03,propagation_delay,0,4.6728344105035795,ns,125.0,STATIC_BURN_IN,INST_01,CH_04,VALID,1,,8.0,synthetic
L03_C004,L03,propagation_delay,24,4.648022777106454,ns,125.0,STATIC_BURN_IN,INST_01,CH_04,VALID,1,,8.0,synthetic
L03_C004,L03,propagation_delay,96,4.522664884662786,ns,125.0,STATIC_BURN_IN,INST_01,CH_04,VALID,1,,8.0,synthetic
L03_C004,L03,propagation_delay,168,4.607946819806901,ns,125.0,STATIC_BURN_IN,INST_01,CH_04,VALID,1,,8.0,synthetic
L03_C005,L03,leakage_current,0,8.662011119445943,uA,125.0,STATIC_BURN_IN,INST_01,CH_05,VALID,0,,50.0,synthetic
L03_C005,L03,leakage_current,24,8.826336713949951,uA,125.0,STATIC_BURN_IN,INST_01,CH_05,VALID,0,,50.0,synthetic
L03_C005,L03,leakage_current,96,8.669698393864063,uA,125.0,STATIC_BURN_IN,INST_01,CH_05,VALID,0,,50.0,synthetic
L03_C005,L03,leakage_current,168,8.635023447874026,uA,125.0,STATIC_BURN_IN,INST_01,CH_05,VALID,0,,50.0,synthetic
L03_C005,L03,iddq,0,0.5322235339193819,mA,125.0,STATIC_BURN_IN,INST_01,CH_05,VALID,0,,2.0,synthetic
L03_C005,L03,iddq,24,0.5204413013475783,mA,125.0,STATIC_BURN_IN,INST_01,CH_05,VALID,0,,2.0,synthetic
L03_C005,L03,iddq,96,0.518790356815586,mA,125.0,STATIC_BURN_IN,INST_01,CH_05,VALID,0,,2.0,synthetic
L03_C005,L03,iddq,168,0.5046936229314695,mA,125.0,STATIC_BURN_IN,INST_01,CH_05,VALID,0,,2.0,synthetic
L03_C005,L03,propagation_delay,0,5.330182561285608,ns,125.0,STATIC_BURN_IN,INST_01,CH_05,VALID,0,,8.0,synthetic
L03_C005,L03,propagation_delay,24,5.163915064156665,ns,125.0,STATIC_BURN_IN,INST_01,CH_05,VALID,0,,8.0,synthetic
L03_C005,L03,propagation_delay,96,5.235281755419501,ns,125.0,STATIC_BURN_IN,INST_01,CH_05,VALID,0,,8.0,synthetic
L03_C005,L03,propagation_delay,168,5.12254513992287,ns,125.0,STATIC_BURN_IN,INST_01,CH_05,VALID,0,,8.0,synthetic
L03_C006,L03,leakage_current,0,14.732788924290743,uA,125.0,STATIC_BURN_IN,INST_01,CH_06,VALID,1,,50.0,synthetic
L03_C006,L03,leakage_current,24,15.101182240831285,uA,125.0,STATIC_BURN_IN,INST_01,CH_06,VALID,1,,50.0,synthetic
L03_C006,L03,leakage_current,96,15.129492811177062,uA,125.0,STATIC_BURN_IN,INST_01,CH_06,VALID,1,,50.0,synthetic
L03_C006,L03,leakage_current,168,15.138231093936106,uA,125.0,STATIC_BURN_IN,INST_01,CH_06,VALID,1,,50.0,synthetic
L03_C006,L03,iddq,0,0.6105454955771363,mA,125.0,STATIC_BURN_IN,INST_01,CH_06,VALID,1,,2.0,synthetic
L03_C006,L03,iddq,24,0.6296005281888811,mA,125.0,STATIC_BURN_IN,INST_01,CH_06,VALID,1,,2.0,synthetic
L03_C006,L03,iddq,96,0.6269572999540796,mA,125.0,STATIC_BURN_IN,INST_01,CH_06,VALID,1,,2.0,synthetic
L03_C006,L03,iddq,168,0.6352669110202801,mA,125.0,STATIC_BURN_IN,INST_01,CH_06,VALID,1,,2.0,synthetic
L03_C006,L03,propagation_delay,0,4.94474424385288,ns,125.0,STATIC_BURN_IN,INST_01,CH_06,VALID,1,,8.0,synthetic
L03_C006,L03,propagation_delay,24,4.9717171252115,ns,125.0,STATIC_BURN_IN,INST_01,CH_06,VALID,1,,8.0,synthetic
L03_C006,L03,propagation_delay,96,4.9827015744332055,ns,125.0,STATIC_BURN_IN,INST_01,CH_06,VALID,1,,8.0,synthetic
L03_C006,L03,propagation_delay,168,5.026248428501792,ns,125.0,STATIC_BURN_IN,INST_01,CH_06,VALID,1,,8.0,synthetic
L03_C007,L03,leakage_current,0,9.430036005553266,uA,125.0,STATIC_BURN_IN,INST_01,CH_07,VALID,1,,50.0,synthetic
L03_C007,L03,leakage_current,24,9.074731268221583,uA,125.0,STATIC_BURN_IN,INST_01,CH_07,VALID,1,,50.0,synthetic
L03_C007,L03,leakage_current,96,8.976316959953245,uA,125.0,STATIC_BURN_IN,INST_01,CH_07,VALID,1,,50.0,synthetic
L03_C007,L03,leakage_current,168,8.839481861626835,uA,125.0,STATIC_BURN_IN,INST_01,CH_07,VALID,1,,50.0,synthetic
L03_C007,L03,iddq,0,0.4463129792027898,mA,125.0,STATIC_BURN_IN,INST_01,CH_07,VALID,1,,2.0,synthetic
L03_C007,L03,iddq,24,0.4352378033026282,mA,125.0,STATIC_BURN_IN,INST_01,CH_07,VALID,1,,2.0,synthetic
L03_C007,L03,iddq,96,0.4658974582976847,mA,125.0,STATIC_BURN_IN,INST_01,CH_07,VALID,1,,2.0,synthetic
L03_C007,L03,iddq,168,0.4479111450149606,mA,125.0,STATIC_BURN_IN,INST_01,CH_07,VALID,1,,2.0,synthetic
L03_C007,L03,propagation_delay,0,5.1352766245040815,ns,125.0,STATIC_BURN_IN,INST_01,CH_07,VALID,1,,8.0,synthetic
L03_C007,L03,propagation_delay,24,5.1581094447224025,ns,125.0,STATIC_BURN_IN,INST_01,CH_07,VALID,1,,8.0,synthetic
L03_C007,L03,propagation_delay,96,5.010752333406384,ns,125.0,STATIC_BURN_IN,INST_01,CH_07,VALID,1,,8.0,synthetic
L03_C007,L03,propagation_delay,168,4.895603744523754,ns,125.0,STATIC_BURN_IN,INST_01,CH_07,VALID,1,,8.0,synthetic
L03_C008,L03,leakage_current,0,15.39416770946227,uA,125.0,STATIC_BURN_IN,INST_01,CH_08,VALID,0,,50.0,synthetic
L03_C008,L03,leakage_current,24,15.7424861214576,uA,125.0,STATIC_BURN_IN,INST_01,CH_08,VALID,0,,50.0,synthetic
L03_C008,L03,leakage_current,96,15.774097520667214,uA,125.0,STATIC_BURN_IN,INST_01,CH_08,VALID,0,,50.0,synthetic
L03_C008,L03,leakage_current,168,15.637963874646598,uA,125.0,STATIC_BURN_IN,INST_01,CH_08,VALID,0,,50.0,synthetic
L03_C008,L03,iddq,0,0.46057049140074646,mA,125.0,STATIC_BURN_IN,INST_01,CH_08,VALID,0,,2.0,synthetic
L03_C008,L03,iddq,24,0.4496007762051768,mA,125.0,STATIC_BURN_IN,INST_01,CH_08,VALID,0,,2.0,synthetic
L03_C008,L03,iddq,96,0.4600931487059707,mA,125.0,STATIC_BURN_IN,INST_01,CH_08,VALID,0,,2.0,synthetic
L03_C008,L03,iddq,168,0.46916873416644456,mA,125.0,STATIC_BURN_IN,INST_01,CH_08,VALID,0,,2.0,synthetic
L03_C008,L03,propagation_delay,0,4.9079389931845805,ns,125.0,STATIC_BURN_IN,INST_01,CH_08,VALID,0,,8.0,synthetic
L03_C008,L03,propagation_delay,24,4.967072634675313,ns,125.0,STATIC_BURN_IN,INST_01,CH_08,VALID,0,,8.0,synthetic
L03_C008,L03,propagation_delay,96,4.96048177006433,ns,125.0,STATIC_BURN_IN,INST_01,CH_08,VALID,0,,8.0,synthetic
L03_C008,L03,propagation_delay,168,4.983160769723274,ns,125.0,STATIC_BURN_IN,INST_01,CH_08,VALID,0,,8.0,synthetic
L03_C009,L03,leakage_current,0,13.206281419089516,uA,125.0,STATIC_BURN_IN,INST_02,CH_01,VALID,0,,50.0,synthetic
L03_C009,L03,leakage_current,24,13.042803794625284,uA,125.0,STATIC_BURN_IN,INST_02,CH_01,VALID,0,,50.0,synthetic
L03_C009,L03,leakage_current,96,12.867019726675995,uA,125.0,STATIC_BURN_IN,INST_02,CH_01,VALID,0,,50.0,synthetic
L03_C009,L03,leakage_current,168,13.28843357876521,uA,125.0,STATIC_BURN_IN,INST_02,CH_01,VALID,0,,50.0,synthetic
L03_C009,L03,iddq,0,0.3943374514410819,mA,125.0,STATIC_BURN_IN,INST_02,CH_01,VALID,0,,2.0,synthetic
L03_C009,L03,iddq,96,0.3881077340213495,mA,125.0,STATIC_BURN_IN,INST_02,CH_01,VALID,0,,2.0,synthetic
L03_C009,L03,iddq,168,0.3801809246199205,mA,125.0,STATIC_BURN_IN,INST_02,CH_01,VALID,0,,2.0,synthetic
L03_C009,L03,propagation_delay,0,5.407856681739975,ns,125.0,STATIC_BURN_IN,INST_02,CH_01,VALID,0,,8.0,synthetic
L03_C009,L03,propagation_delay,24,5.3025883471946855,ns,125.0,STATIC_BURN_IN,INST_02,CH_01,VALID,0,,8.0,synthetic
L03_C009,L03,propagation_delay,96,5.377605687730322,ns,125.0,STATIC_BURN_IN,INST_02,CH_01,VALID,0,,8.0,synthetic
L03_C009,L03,propagation_delay,168,5.413848120183536,ns,125.0,STATIC_BURN_IN,INST_02,CH_01,VALID,0,,8.0,synthetic
L03_C010,L03,leakage_current,0,9.743625529530512,uA,125.0,STATIC_BURN_IN,INST_02,CH_02,VALID,0,,50.0,synthetic
L03_C010,L03,leakage_current,24,9.826530533717111,uA,125.0,STATIC_BURN_IN,INST_02,CH_02,VALID,0,,50.0,synthetic
L03_C010,L03,leakage_current,96,9.747000465932848,uA,125.0,STATIC_BURN_IN,INST_02,CH_02,VALID,0,,50.0,synthetic
L03_C010,L03,leakage_current,168,9.298754564333333,uA,125.0,STATIC_BURN_IN,INST_02,CH_02,VALID,0,,50.0,synthetic
L03_C010,L03,iddq,0,0.5175379472519166,mA,125.0,STATIC_BURN_IN,INST_02,CH_02,VALID,0,,2.0,synthetic
L03_C010,L03,iddq,24,0.520011094777268,mA,125.0,STATIC_BURN_IN,INST_02,CH_02,VALID,0,,2.0,synthetic
L03_C010,L03,iddq,96,0.536536548060774,mA,125.0,STATIC_BURN_IN,INST_02,CH_02,VALID,0,,2.0,synthetic
L03_C010,L03,iddq,168,0.5020234703429293,mA,125.0,STATIC_BURN_IN,INST_02,CH_02,VALID,0,,2.0,synthetic
L03_C010,L03,propagation_delay,0,5.715368365527388,ns,125.0,STATIC_BURN_IN,INST_02,CH_02,VALID,0,,8.0,synthetic
L03_C010,L03,propagation_delay,24,5.637154655559798,ns,125.0,STATIC_BURN_IN,INST_02,CH_02,VALID,0,,8.0,synthetic
L03_C010,L03,propagation_delay,96,5.646108198157214,ns,125.0,STATIC_BURN_IN,INST_02,CH_02,VALID,0,,8.0,synthetic
L03_C010,L03,propagation_delay,168,5.373264242491112,ns,125.0,STATIC_BURN_IN,INST_02,CH_02,VALID,0,,8.0,synthetic
L03_C011,L03,leakage_current,0,11.554192982726294,uA,125.0,STATIC_BURN_IN,INST_02,CH_03,VALID,1,,50.0,synthetic
L03_C011,L03,leakage_current,24,12.102544339786391,uA,125.0,STATIC_BURN_IN,INST_02,CH_03,VALID,1,,50.0,synthetic
L03_C011,L03,leakage_current,96,11.884540153053088,uA,125.0,STATIC_BURN_IN,INST_02,CH_03,VALID,1,,50.0,synthetic
L03_C011,L03,leakage_current,168,11.818934743618952,uA,125.0,STATIC_BURN_IN,INST_02,CH_03,VALID,1,,50.0,synthetic
L03_C011,L03,iddq,0,0.6377164312660024,mA,125.0,STATIC_BURN_IN,INST_02,CH_03,VALID,1,,2.0,synthetic
L03_C011,L03,iddq,24,0.6231284623476294,mA,125.0,STATIC_BURN_IN,INST_02,CH_03,VALID,1,,2.0,synthetic
L03_C011,L03,iddq,96,0.610422416349752,mA,125.0,STATIC_BURN_IN,INST_02,CH_03,VALID,1,,2.0,synthetic
L03_C011,L03,iddq,168,0.6172474304345041,mA,125.0,STATIC_BURN_IN,INST_02,CH_03,VALID,1,,2.0,synthetic
L03_C011,L03,propagation_delay,0,5.302647354940179,ns,125.0,STATIC_BURN_IN,INST_02,CH_03,VALID,1,,8.0,synthetic
L03_C011,L03,propagation_delay,24,5.149328372050467,ns,125.0,STATIC_BURN_IN,INST_02,CH_03,VALID,1,,8.0,synthetic
L03_C011,L03,propagation_delay,96,5.425675515877678,ns,125.0,STATIC_BURN_IN,INST_02,CH_03,VALID,1,,8.0,synthetic
L03_C011,L03,propagation_delay,168,5.309858604305098,ns,125.0,STATIC_BURN_IN,INST_02,CH_03,VALID,1,,8.0,synthetic
L03_C012,L03,leakage_current,0,12.666016317376503,uA,125.0,STATIC_BURN_IN,INST_02,CH_04,VALID,0,,50.0,synthetic
L03_C012,L03,leakage_current,24,13.294570693640848,uA,125.0,STATIC_BURN_IN,INST_02,CH_04,VALID,0,,50.0,synthetic
L03_C012,L03,leakage_current,96,13.001925826662362,uA,125.0,STATIC_BURN_IN,INST_02,CH_04,VALID,0,,50.0,synthetic
L03_C012,L03,leakage_current,168,13.571171928711353,uA,125.0,STATIC_BURN_IN,INST_02,CH_04,VALID,0,,50.0,synthetic
L03_C012,L03,iddq,0,0.5540999949519034,mA,125.0,STATIC_BURN_IN,INST_02,CH_04,VALID,0,,2.0,synthetic
L03_C012,L03,iddq,24,0.5566845991757589,mA,125.0,STATIC_BURN_IN,INST_02,CH_04,VALID,0,,2.0,synthetic
L03_C012,L03,iddq,96,0.5529391863529679,mA,125.0,STATIC_BURN_IN,INST_02,CH_04,VALID,0,,2.0,synthetic
L03_C012,L03,iddq,168,0.56686654574603,mA,125.0,STATIC_BURN_IN,INST_02,CH_04,VALID,0,,2.0,synthetic
L03_C012,L03,propagation_delay,0,5.285408905418626,ns,125.0,STATIC_BURN_IN,INST_02,CH_04,VALID,0,,8.0,synthetic
L03_C012,L03,propagation_delay,24,5.217833970275295,ns,125.0,STATIC_BURN_IN,INST_02,CH_04,VALID,0,,8.0,synthetic
L03_C012,L03,propagation_delay,96,5.266729792369656,ns,125.0,STATIC_BURN_IN,INST_02,CH_04,VALID,0,,8.0,synthetic
L03_C012,L03,propagation_delay,168,5.14993532735565,ns,125.0,STATIC_BURN_IN,INST_02,CH_04,VALID,0,,8.0,synthetic
L03_C013,L03,leakage_current,0,8.240653681671207,uA,125.0,STATIC_BURN_IN,INST_02,CH_05,VALID,0,,50.0,synthetic
L03_C013,L03,leakage_current,24,8.178344738944341,uA,125.0,STATIC_BURN_IN,INST_02,CH_05,VALID,0,,50.0,synthetic
L03_C013,L03,leakage_current,96,8.54855684268112,uA,125.0,STATIC_BURN_IN,INST_02,CH_05,VALID,0,,50.0,synthetic
L03_C013,L03,leakage_current,168,111.84842911488728,uA,125.0,STATIC_BURN_IN,INST_02,CH_05,VALID,0,,50.0,synthetic
L03_C013,L03,iddq,0,0.5724335428062871,mA,125.0,STATIC_BURN_IN,INST_02,CH_05,VALID,0,,2.0,synthetic
L03_C013,L03,iddq,24,0.5832065273115166,mA,125.0,STATIC_BURN_IN,INST_02,CH_05,VALID,0,,2.0,synthetic
L03_C013,L03,iddq,96,15.093018067658928,mA,125.0,STATIC_BURN_IN,INST_02,CH_05,VALID,0,,2.0,synthetic
L03_C013,L03,iddq,168,15.05170459313204,mA,125.0,STATIC_BURN_IN,INST_02,CH_05,VALID,0,,2.0,synthetic
L03_C013,L03,propagation_delay,0,5.378705819280025,ns,125.0,STATIC_BURN_IN,INST_02,CH_05,VALID,0,,8.0,synthetic
L03_C013,L03,propagation_delay,24,5.205745199141131,ns,125.0,STATIC_BURN_IN,INST_02,CH_05,VALID,0,,8.0,synthetic
L03_C013,L03,propagation_delay,96,12.052721451358858,ns,125.0,STATIC_BURN_IN,INST_02,CH_05,VALID,0,,8.0,synthetic
L03_C013,L03,propagation_delay,168,11.9881232889048,ns,125.0,STATIC_BURN_IN,INST_02,CH_05,VALID,0,,8.0,synthetic
L03_C014,L03,leakage_current,0,13.108740969918482,uA,125.0,STATIC_BURN_IN,INST_02,CH_06,VALID,1,,50.0,synthetic
L03_C014,L03,leakage_current,24,13.300570066084736,uA,125.0,STATIC_BURN_IN,INST_02,CH_06,VALID,1,,50.0,synthetic
L03_C014,L03,leakage_current,96,13.084047704891928,uA,125.0,STATIC_BURN_IN,INST_02,CH_06,VALID,1,,50.0,synthetic
L03_C014,L03,leakage_current,168,13.161955913878733,uA,125.0,STATIC_BURN_IN,INST_02,CH_06,VALID,1,,50.0,synthetic
L03_C014,L03,iddq,0,0.6631784136490969,mA,125.0,STATIC_BURN_IN,INST_02,CH_06,VALID,1,,2.0,synthetic
L03_C014,L03,iddq,24,0.6602405685097152,mA,125.0,STATIC_BURN_IN,INST_02,CH_06,VALID,1,,2.0,synthetic
L03_C014,L03,iddq,96,0.6629095270075552,mA,125.0,STATIC_BURN_IN,INST_02,CH_06,VALID,1,,2.0,synthetic
L03_C014,L03,iddq,168,0.6537478542088887,mA,125.0,STATIC_BURN_IN,INST_02,CH_06,VALID,1,,2.0,synthetic
L03_C014,L03,propagation_delay,0,5.760703826984719,ns,125.0,STATIC_BURN_IN,INST_02,CH_06,VALID,1,,8.0,synthetic
L03_C014,L03,propagation_delay,24,5.546322912745755,ns,125.0,STATIC_BURN_IN,INST_02,CH_06,VALID,1,,8.0,synthetic
L03_C014,L03,propagation_delay,96,5.822378661699099,ns,125.0,STATIC_BURN_IN,INST_02,CH_06,VALID,1,,8.0,synthetic
L03_C014,L03,propagation_delay,168,5.688658904646778,ns,125.0,STATIC_BURN_IN,INST_02,CH_06,VALID,1,,8.0,synthetic
L03_C015,L03,leakage_current,0,10.046015049714805,uA,125.0,STATIC_BURN_IN,INST_02,CH_07,VALID,0,,50.0,synthetic
L03_C015,L03,leakage_current,24,10.245728407433468,uA,125.0,STATIC_BURN_IN,INST_02,CH_07,VALID,0,,50.0,synthetic
L03_C015,L03,leakage_current,96,10.395391208619655,uA,125.0,STATIC_BURN_IN,INST_02,CH_07,VALID,0,,50.0,synthetic
L03_C015,L03,leakage_current,168,10.585934941455466,uA,125.0,STATIC_BURN_IN,INST_02,CH_07,VALID,0,,50.0,synthetic
L03_C015,L03,iddq,0,0.4814954901301763,mA,125.0,STATIC_BURN_IN,INST_02,CH_07,VALID,0,,2.0,synthetic
L03_C015,L03,iddq,24,0.4939811225871484,mA,125.0,STATIC_BURN_IN,INST_02,CH_07,VALID,0,,2.0,synthetic
L03_C015,L03,iddq,96,0.47818138317807646,mA,125.0,STATIC_BURN_IN,INST_02,CH_07,VALID,0,,2.0,synthetic
L03_C015,L03,iddq,168,0.49270110308814064,mA,125.0,STATIC_BURN_IN,INST_02,CH_07,VALID,0,,2.0,synthetic
L03_C015,L03,propagation_delay,0,4.833626907465457,ns,125.0,STATIC_BURN_IN,INST_02,CH_07,VALID,0,,8.0,synthetic
L03_C015,L03,propagation_delay,24,4.900055576448981,ns,125.0,STATIC_BURN_IN,INST_02,CH_07,VALID,0,,8.0,synthetic
L03_C015,L03,propagation_delay,96,4.775117685778709,ns,125.0,STATIC_BURN_IN,INST_02,CH_07,VALID,0,,8.0,synthetic
L03_C015,L03,propagation_delay,168,4.525953873667087,ns,125.0,STATIC_BURN_IN,INST_02,CH_07,VALID,0,,8.0,synthetic
L03_C016,L03,leakage_current,0,9.54355682115476,uA,125.0,STATIC_BURN_IN,INST_02,CH_08,VALID,0,,50.0,synthetic
L03_C016,L03,leakage_current,24,9.585234114413993,uA,125.0,STATIC_BURN_IN,INST_02,CH_08,VALID,0,,50.0,synthetic
L03_C016,L03,leakage_current,96,9.876303873853244,uA,125.0,STATIC_BURN_IN,INST_02,CH_08,VALID,0,,50.0,synthetic
L03_C016,L03,leakage_current,168,9.521476493377405,uA,125.0,STATIC_BURN_IN,INST_02,CH_08,VALID,0,,50.0,synthetic
L03_C016,L03,iddq,0,0.5283871629993409,mA,125.0,STATIC_BURN_IN,INST_02,CH_08,VALID,0,,2.0,synthetic
L03_C016,L03,iddq,24,0.5135698288482825,mA,125.0,STATIC_BURN_IN,INST_02,CH_08,VALID,0,,2.0,synthetic
L03_C016,L03,iddq,96,0.5234772077034926,mA,125.0,STATIC_BURN_IN,INST_02,CH_08,VALID,0,,2.0,synthetic
L03_C016,L03,iddq,168,0.5174558128913962,mA,125.0,STATIC_BURN_IN,INST_02,CH_08,VALID,0,,2.0,synthetic
L03_C016,L03,propagation_delay,0,5.022323526276229,ns,125.0,STATIC_BURN_IN,INST_02,CH_08,VALID,0,,8.0,synthetic
L03_C016,L03,propagation_delay,24,4.788410530869121,ns,125.0,STATIC_BURN_IN,INST_02,CH_08,VALID,0,,8.0,synthetic
L03_C016,L03,propagation_delay,96,5.026844051866164,ns,125.0,STATIC_BURN_IN,INST_02,CH_08,VALID,0,,8.0,synthetic
L03_C016,L03,propagation_delay,168,4.981825640944008,ns,125.0,STATIC_BURN_IN,INST_02,CH_08,VALID,0,,8.0,synthetic
L03_C017,L03,leakage_current,0,10.93371782612929,uA,125.0,STATIC_BURN_IN,INST_01,CH_01,VALID,0,,50.0,synthetic
L03_C017,L03,leakage_current,24,10.475941163972431,uA,125.0,STATIC_BURN_IN,INST_01,CH_01,VALID,0,,50.0,synthetic
L03_C017,L03,leakage_current,168,10.565530083186038,uA,125.0,STATIC_BURN_IN,INST_01,CH_01,VALID,0,,50.0,synthetic
L03_C017,L03,iddq,0,0.653038800556864,mA,125.0,STATIC_BURN_IN,INST_01,CH_01,VALID,0,,2.0,synthetic
L03_C017,L03,iddq,24,0.6274132026915697,mA,125.0,STATIC_BURN_IN,INST_01,CH_01,VALID,0,,2.0,synthetic
L03_C017,L03,iddq,96,0.6337922415771632,mA,125.0,STATIC_BURN_IN,INST_01,CH_01,VALID,0,,2.0,synthetic
L03_C017,L03,iddq,168,0.6310974178472314,mA,125.0,STATIC_BURN_IN,INST_01,CH_01,VALID,0,,2.0,synthetic
L03_C017,L03,propagation_delay,0,4.661000634782473,ns,125.0,STATIC_BURN_IN,INST_01,CH_01,VALID,0,,8.0,synthetic
L03_C017,L03,propagation_delay,24,4.881363900376394,ns,125.0,STATIC_BURN_IN,INST_01,CH_01,VALID,0,,8.0,synthetic
L03_C017,L03,propagation_delay,96,4.87238400627757,ns,125.0,STATIC_BURN_IN,INST_01,CH_01,VALID,0,,8.0,synthetic
L03_C017,L03,propagation_delay,168,4.837322561987471,ns,125.0,STATIC_BURN_IN,INST_01,CH_01,VALID,0,,8.0,synthetic
L03_C018,L03,leakage_current,0,8.033069360865559,uA,125.0,STATIC_BURN_IN,INST_01,CH_02,VALID,0,,50.0,synthetic
L03_C018,L03,leakage_current,96,8.146245542207621,uA,125.0,STATIC_BURN_IN,INST_01,CH_02,VALID,0,,50.0,synthetic
L03_C018,L03,leakage_current,168,8.06271309488682,uA,125.0,STATIC_BURN_IN,INST_01,CH_02,VALID,0,,50.0,synthetic
L03_C018,L03,iddq,0,0.6087028619443299,mA,125.0,STATIC_BURN_IN,INST_01,CH_02,VALID,0,,2.0,synthetic
L03_C018,L03,iddq,24,0.609234470343281,mA,125.0,STATIC_BURN_IN,INST_01,CH_02,VALID,0,,2.0,synthetic
L03_C018,L03,iddq,96,0.5955176903513556,mA,125.0,STATIC_BURN_IN,INST_01,CH_02,VALID,0,,2.0,synthetic
L03_C018,L03,iddq,168,0.6049442441331435,mA,125.0,STATIC_BURN_IN,INST_01,CH_02,VALID,0,,2.0,synthetic
L03_C018,L03,propagation_delay,0,4.60454384498874,ns,125.0,STATIC_BURN_IN,INST_01,CH_02,VALID,0,,8.0,synthetic
L03_C018,L03,propagation_delay,24,4.754478731417668,ns,125.0,STATIC_BURN_IN,INST_01,CH_02,VALID,0,,8.0,synthetic
L03_C018,L03,propagation_delay,96,4.923063781154989,ns,125.0,STATIC_BURN_IN,INST_01,CH_02,VALID,0,,8.0,synthetic
L03_C018,L03,propagation_delay,168,4.828518940608391,ns,125.0,STATIC_BURN_IN,INST_01,CH_02,VALID,0,,8.0,synthetic
L03_C019,L03,leakage_current,0,12.86042362767673,uA,125.0,STATIC_BURN_IN,INST_01,CH_03,VALID,0,,50.0,synthetic
L03_C019,L03,leakage_current,24,12.323939628944943,uA,125.0,STATIC_BURN_IN,INST_01,CH_03,VALID,0,,50.0,synthetic
L03_C019,L03,leakage_current,96,12.79406294535057,uA,125.0,STATIC_BURN_IN,INST_01,CH_03,VALID,0,,50.0,synthetic
L03_C019,L03,leakage_current,168,12.764316115804162,uA,125.0,STATIC_BURN_IN,INST_01,CH_03,VALID,0,,50.0,synthetic
L03_C019,L03,iddq,0,0.621453035599167,mA,125.0,STATIC_BURN_IN,INST_01,CH_03,VALID,0,,2.0,synthetic
L03_C019,L03,iddq,96,0.6286677915608914,mA,125.0,STATIC_BURN_IN,INST_01,CH_03,VALID,0,,2.0,synthetic
L03_C019,L03,iddq,168,0.5913115182862625,mA,125.0,STATIC_BURN_IN,INST_01,CH_03,VALID,0,,2.0,synthetic
L03_C019,L03,propagation_delay,0,4.9772325766200805,ns,125.0,STATIC_BURN_IN,INST_01,CH_03,VALID,0,,8.0,synthetic
L03_C019,L03,propagation_delay,24,5.070609489669093,ns,125.0,STATIC_BURN_IN,INST_01,CH_03,VALID,0,,8.0,synthetic
L03_C019,L03,propagation_delay,96,4.8677283706304415,ns,125.0,STATIC_BURN_IN,INST_01,CH_03,VALID,0,,8.0,synthetic
L03_C019,L03,propagation_delay,168,5.056300242869849,ns,125.0,STATIC_BURN_IN,INST_01,CH_03,VALID,0,,8.0,synthetic
L03_C020,L03,leakage_current,0,8.440242010449916,uA,125.0,STATIC_BURN_IN,INST_01,CH_04,VALID,0,,50.0,synthetic
L03_C020,L03,leakage_current,96,8.290323784583276,uA,125.0,STATIC_BURN_IN,INST_01,CH_04,VALID,0,,50.0,synthetic
L03_C020,L03,leakage_current,168,8.353584377440658,uA,125.0,STATIC_BURN_IN,INST_01,CH_04,VALID,0,,50.0,synthetic
L03_C020,L03,iddq,0,0.6118641049206869,mA,125.0,STATIC_BURN_IN,INST_01,CH_04,VALID,0,,2.0,synthetic
L03_C020,L03,iddq,24,0.6307988289350769,mA,125.0,STATIC_BURN_IN,INST_01,CH_04,VALID,0,,2.0,synthetic
L03_C020,L03,iddq,96,0.6220885428108176,mA,125.0,STATIC_BURN_IN,INST_01,CH_04,VALID,0,,2.0,synthetic
L03_C020,L03,iddq,168,0.621804802834954,mA,125.0,STATIC_BURN_IN,INST_01,CH_04,VALID,0,,2.0,synthetic
L03_C020,L03,propagation_delay,0,5.758312762830898,ns,125.0,STATIC_BURN_IN,INST_01,CH_04,VALID,0,,8.0,synthetic
L03_C020,L03,propagation_delay,24,5.703958004290767,ns,125.0,STATIC_BURN_IN,INST_01,CH_04,VALID,0,,8.0,synthetic
L03_C020,L03,propagation_delay,96,5.613287975861937,ns,125.0,STATIC_BURN_IN,INST_01,CH_04,VALID,0,,8.0,synthetic
L03_C020,L03,propagation_delay,168,5.5093908378567376,ns,125.0,STATIC_BURN_IN,INST_01,CH_04,VALID,0,,8.0,synthetic
L03_C021,L03,leakage_current,0,7.701514042015537,uA,125.0,STATIC_BURN_IN,INST_01,CH_05,VALID,0,,50.0,synthetic
L03_C021,L03,leakage_current,24,7.690068595475239,uA,125.0,STATIC_BURN_IN,INST_01,CH_05,VALID,0,,50.0,synthetic
L03_C021,L03,leakage_current,96,7.624326321449524,uA,125.0,STATIC_BURN_IN,INST_01,CH_05,VALID,0,,50.0,synthetic
L03_C021,L03,leakage_current,168,7.487862483765533,uA,125.0,STATIC_BURN_IN,INST_01,CH_05,VALID,0,,50.0,synthetic
L03_C021,L03,iddq,0,0.4998187408143206,mA,125.0,STATIC_BURN_IN,INST_01,CH_05,VALID,0,,2.0,synthetic
L03_C021,L03,iddq,24,0.5221413333766104,mA,125.0,STATIC_BURN_IN,INST_01,CH_05,VALID,0,,2.0,synthetic
L03_C021,L03,iddq,96,0.5079537181383649,mA,125.0,STATIC_BURN_IN,INST_01,CH_05,VALID,0,,2.0,synthetic
L03_C021,L03,iddq,168,0.5027616356602712,mA,125.0,STATIC_BURN_IN,INST_01,CH_05,VALID,0,,2.0,synthetic
L03_C021,L03,propagation_delay,0,5.735252127654907,ns,125.0,STATIC_BURN_IN,INST_01,CH_05,VALID,0,,8.0,synthetic
L03_C021,L03,propagation_delay,24,5.344842170595426,ns,125.0,STATIC_BURN_IN,INST_01,CH_05,VALID,0,,8.0,synthetic
L03_C021,L03,propagation_delay,96,5.491903389863263,ns,125.0,STATIC_BURN_IN,INST_01,CH_05,VALID,0,,8.0,synthetic
L03_C021,L03,propagation_delay,168,5.57440427027396,ns,125.0,STATIC_BURN_IN,INST_01,CH_05,VALID,0,,8.0,synthetic
L03_C022,L03,leakage_current,0,9.509148281182318,uA,125.0,STATIC_BURN_IN,INST_01,CH_06,VALID,0,,50.0,synthetic
L03_C022,L03,leakage_current,24,9.473527603133082,uA,125.0,STATIC_BURN_IN,INST_01,CH_06,VALID,0,,50.0,synthetic
L03_C022,L03,leakage_current,96,8.987913248549798,uA,125.0,STATIC_BURN_IN,INST_01,CH_06,VALID,0,,50.0,synthetic
L03_C022,L03,leakage_current,168,9.42681839255775,uA,125.0,STATIC_BURN_IN,INST_01,CH_06,VALID,0,,50.0,synthetic
L03_C022,L03,iddq,0,0.53129706752468,mA,125.0,STATIC_BURN_IN,INST_01,CH_06,VALID,0,,2.0,synthetic
L03_C022,L03,iddq,24,0.5243363962581008,mA,125.0,STATIC_BURN_IN,INST_01,CH_06,VALID,0,,2.0,synthetic
L03_C022,L03,iddq,96,0.5236220864578292,mA,125.0,STATIC_BURN_IN,INST_01,CH_06,VALID,0,,2.0,synthetic
L03_C022,L03,iddq,168,0.5279147756906878,mA,125.0,STATIC_BURN_IN,INST_01,CH_06,VALID,0,,2.0,synthetic
L03_C022,L03,propagation_delay,0,4.285814461645061,ns,125.0,STATIC_BURN_IN,INST_01,CH_06,VALID,0,,8.0,synthetic
L03_C022,L03,propagation_delay,24,4.325175568934099,ns,125.0,STATIC_BURN_IN,INST_01,CH_06,VALID,0,,8.0,synthetic
L03_C022,L03,propagation_delay,96,4.188913086018159,ns,125.0,STATIC_BURN_IN,INST_01,CH_06,VALID,0,,8.0,synthetic
L03_C022,L03,propagation_delay,168,4.34629046877651,ns,125.0,STATIC_BURN_IN,INST_01,CH_06,VALID,0,,8.0,synthetic
L03_C023,L03,leakage_current,0,14.651495382855698,uA,125.0,STATIC_BURN_IN,INST_01,CH_07,VALID,0,,50.0,synthetic
L03_C023,L03,leakage_current,96,14.817266710755213,uA,125.0,STATIC_BURN_IN,INST_01,CH_07,VALID,0,,50.0,synthetic
L03_C023,L03,leakage_current,168,13.71536608737585,uA,125.0,STATIC_BURN_IN,INST_01,CH_07,VALID,0,,50.0,synthetic
L03_C023,L03,iddq,0,0.5133968348532099,mA,125.0,STATIC_BURN_IN,INST_01,CH_07,VALID,0,,2.0,synthetic
L03_C023,L03,iddq,24,0.5230654003905155,mA,125.0,STATIC_BURN_IN,INST_01,CH_07,VALID,0,,2.0,synthetic
L03_C023,L03,iddq,96,0.5047916972716208,mA,125.0,STATIC_BURN_IN,INST_01,CH_07,VALID,0,,2.0,synthetic
L03_C023,L03,iddq,168,0.5017659987836851,mA,125.0,STATIC_BURN_IN,INST_01,CH_07,VALID,0,,2.0,synthetic
L03_C023,L03,propagation_delay,0,4.997898296287835,ns,125.0,STATIC_BURN_IN,INST_01,CH_07,VALID,0,,8.0,synthetic
L03_C023,L03,propagation_delay,24,5.146372652968106,ns,125.0,STATIC_BURN_IN,INST_01,CH_07,VALID,0,,8.0,synthetic
L03_C023,L03,propagation_delay,96,5.187873450850215,ns,125.0,STATIC_BURN_IN,INST_01,CH_07,VALID,0,,8.0,synthetic
L03_C023,L03,propagation_delay,168,5.025744284548467,ns,125.0,STATIC_BURN_IN,INST_01,CH_07,VALID,0,,8.0,synthetic
L03_C024,L03,leakage_current,0,14.292696265616385,uA,125.0,STATIC_BURN_IN,INST_01,CH_08,VALID,0,,50.0,synthetic
L03_C024,L03,leakage_current,24,13.590964051674813,uA,125.0,STATIC_BURN_IN,INST_01,CH_08,VALID,0,,50.0,synthetic
L03_C024,L03,leakage_current,96,13.865461782659303,uA,125.0,STATIC_BURN_IN,INST_01,CH_08,VALID,0,,50.0,synthetic
L03_C024,L03,leakage_current,168,13.650327482073187,uA,125.0,STATIC_BURN_IN,INST_01,CH_08,VALID,0,,50.0,synthetic
L03_C024,L03,iddq,0,0.7175057080564914,mA,125.0,STATIC_BURN_IN,INST_01,CH_08,VALID,0,,2.0,synthetic
L03_C024,L03,iddq,24,0.7187902263998499,mA,125.0,STATIC_BURN_IN,INST_01,CH_08,VALID,0,,2.0,synthetic
L03_C024,L03,iddq,96,0.703983684561677,mA,125.0,STATIC_BURN_IN,INST_01,CH_08,VALID,0,,2.0,synthetic
L03_C024,L03,iddq,168,0.6993908181380167,mA,125.0,STATIC_BURN_IN,INST_01,CH_08,VALID,0,,2.0,synthetic
L03_C024,L03,propagation_delay,0,4.942464088985463,ns,125.0,STATIC_BURN_IN,INST_01,CH_08,VALID,0,,8.0,synthetic
L03_C024,L03,propagation_delay,24,5.361474282779638,ns,125.0,STATIC_BURN_IN,INST_01,CH_08,VALID,0,,8.0,synthetic
L03_C024,L03,propagation_delay,96,5.1599002074735685,ns,125.0,STATIC_BURN_IN,INST_01,CH_08,VALID,0,,8.0,synthetic
L03_C024,L03,propagation_delay,168,5.446768029747629,ns,125.0,STATIC_BURN_IN,INST_01,CH_08,VALID,0,,8.0,synthetic
L03_C025,L03,leakage_current,0,19.024905050164225,uA,125.0,STATIC_BURN_IN,INST_02,CH_01,VALID,0,,50.0,synthetic
L03_C025,L03,leakage_current,24,19.477718584082822,uA,125.0,STATIC_BURN_IN,INST_02,CH_01,VALID,0,,50.0,synthetic
L03_C025,L03,leakage_current,96,18.921323091558865,uA,125.0,STATIC_BURN_IN,INST_02,CH_01,VALID,0,,50.0,synthetic
L03_C025,L03,leakage_current,168,19.071910072231145,uA,125.0,STATIC_BURN_IN,INST_02,CH_01,VALID,0,,50.0,synthetic
L03_C025,L03,iddq,0,0.8582298967331224,mA,125.0,STATIC_BURN_IN,INST_02,CH_01,VALID,0,,2.0,synthetic
L03_C025,L03,iddq,24,0.9134632139810459,mA,125.0,STATIC_BURN_IN,INST_02,CH_01,VALID,0,,2.0,synthetic
L03_C025,L03,iddq,96,0.8505446448524793,mA,125.0,STATIC_BURN_IN,INST_02,CH_01,VALID,0,,2.0,synthetic
L03_C025,L03,iddq,168,0.8783840872863967,mA,125.0,STATIC_BURN_IN,INST_02,CH_01,VALID,0,,2.0,synthetic
L03_C025,L03,propagation_delay,0,6.255878279033686,ns,125.0,STATIC_BURN_IN,INST_02,CH_01,VALID,0,,8.0,synthetic
L03_C025,L03,propagation_delay,24,6.15970309083791,ns,125.0,STATIC_BURN_IN,INST_02,CH_01,VALID,0,,8.0,synthetic
L03_C025,L03,propagation_delay,96,6.017254371020812,ns,125.0,STATIC_BURN_IN,INST_02,CH_01,VALID,0,,8.0,synthetic
L03_C025,L03,propagation_delay,168,6.16838096987103,ns,125.0,STATIC_BURN_IN,INST_02,CH_01,VALID,0,,8.0,synthetic
L03_C026,L03,leakage_current,0,9.98457913566149,uA,125.0,STATIC_BURN_IN,INST_02,CH_02,VALID,0,,50.0,synthetic
L03_C026,L03,leakage_current,24,10.321949358228009,uA,125.0,STATIC_BURN_IN,INST_02,CH_02,VALID,0,,50.0,synthetic
L03_C026,L03,leakage_current,96,10.457917312417369,uA,125.0,STATIC_BURN_IN,INST_02,CH_02,VALID,0,,50.0,synthetic
L03_C026,L03,leakage_current,168,10.272060103999422,uA,125.0,STATIC_BURN_IN,INST_02,CH_02,VALID,0,,50.0,synthetic
L03_C026,L03,iddq,0,0.5545874423142305,mA,125.0,STATIC_BURN_IN,INST_02,CH_02,VALID,0,,2.0,synthetic
L03_C026,L03,iddq,24,0.5855448972119004,mA,125.0,STATIC_BURN_IN,INST_02,CH_02,VALID,0,,2.0,synthetic
L03_C026,L03,iddq,96,0.580743170221441,mA,125.0,STATIC_BURN_IN,INST_02,CH_02,VALID,0,,2.0,synthetic
L03_C026,L03,iddq,168,0.5770946296284859,mA,125.0,STATIC_BURN_IN,INST_02,CH_02,VALID,0,,2.0,synthetic
L03_C026,L03,propagation_delay,0,4.872063345969571,ns,125.0,STATIC_BURN_IN,INST_02,CH_02,VALID,0,,8.0,synthetic
L03_C026,L03,propagation_delay,24,4.885454867974617,ns,125.0,STATIC_BURN_IN,INST_02,CH_02,VALID,0,,8.0,synthetic
L03_C026,L03,propagation_delay,96,4.850674881778709,ns,125.0,STATIC_BURN_IN,INST_02,CH_02,VALID,0,,8.0,synthetic
L03_C026,L03,propagation_delay,168,5.007996502737825,ns,125.0,STATIC_BURN_IN,INST_02,CH_02,VALID,0,,8.0,synthetic
L03_C027,L03,leakage_current,0,11.015960476895888,uA,125.0,STATIC_BURN_IN,INST_02,CH_03,VALID,0,,50.0,synthetic
L03_C027,L03,leakage_current,24,11.219368309343567,uA,125.0,STATIC_BURN_IN,INST_02,CH_03,VALID,0,,50.0,synthetic
L03_C027,L03,leakage_current,96,11.096799196372602,uA,125.0,STATIC_BURN_IN,INST_02,CH_03,VALID,0,,50.0,synthetic
L03_C027,L03,leakage_current,168,11.248809363514695,uA,125.0,STATIC_BURN_IN,INST_02,CH_03,VALID,0,,50.0,synthetic
L03_C027,L03,iddq,0,0.5530724756728314,mA,125.0,STATIC_BURN_IN,INST_02,CH_03,VALID,0,,2.0,synthetic
L03_C027,L03,iddq,24,0.5494899699098873,mA,125.0,STATIC_BURN_IN,INST_02,CH_03,VALID,0,,2.0,synthetic
L03_C027,L03,iddq,96,0.5286395244081478,mA,125.0,STATIC_BURN_IN,INST_02,CH_03,VALID,0,,2.0,synthetic
L03_C027,L03,iddq,168,0.517416578545388,mA,125.0,STATIC_BURN_IN,INST_02,CH_03,VALID,0,,2.0,synthetic
L03_C027,L03,propagation_delay,0,4.864319457869026,ns,125.0,STATIC_BURN_IN,INST_02,CH_03,VALID,0,,8.0,synthetic
L03_C027,L03,propagation_delay,24,4.963498646554012,ns,125.0,STATIC_BURN_IN,INST_02,CH_03,VALID,0,,8.0,synthetic
L03_C027,L03,propagation_delay,96,5.009492715014823,ns,125.0,STATIC_BURN_IN,INST_02,CH_03,VALID,0,,8.0,synthetic
L03_C027,L03,propagation_delay,168,4.856429101061456,ns,125.0,STATIC_BURN_IN,INST_02,CH_03,VALID,0,,8.0,synthetic
L03_C028,L03,leakage_current,0,10.658257516061841,uA,125.0,STATIC_BURN_IN,INST_02,CH_04,VALID,0,,50.0,synthetic
L03_C028,L03,leakage_current,24,10.53964777165797,uA,125.0,STATIC_BURN_IN,INST_02,CH_04,VALID,0,,50.0,synthetic
L03_C028,L03,leakage_current,96,10.393766649188265,uA,125.0,STATIC_BURN_IN,INST_02,CH_04,VALID,0,,50.0,synthetic
L03_C028,L03,leakage_current,168,10.499311001520153,uA,125.0,STATIC_BURN_IN,INST_02,CH_04,VALID,0,,50.0,synthetic
L03_C028,L03,iddq,0,0.49615248304651705,mA,125.0,STATIC_BURN_IN,INST_02,CH_04,VALID,0,,2.0,synthetic
L03_C028,L03,iddq,24,0.49731526276122734,mA,125.0,STATIC_BURN_IN,INST_02,CH_04,VALID,0,,2.0,synthetic
L03_C028,L03,iddq,96,0.49891380413345704,mA,125.0,STATIC_BURN_IN,INST_02,CH_04,VALID,0,,2.0,synthetic
L03_C028,L03,propagation_delay,0,5.284007147344725,ns,125.0,STATIC_BURN_IN,INST_02,CH_04,VALID,0,,8.0,synthetic
L03_C028,L03,propagation_delay,24,5.2248254589162,ns,125.0,STATIC_BURN_IN,INST_02,CH_04,VALID,0,,8.0,synthetic
L03_C028,L03,propagation_delay,96,5.376051922419542,ns,125.0,STATIC_BURN_IN,INST_02,CH_04,VALID,0,,8.0,synthetic
L03_C028,L03,propagation_delay,168,5.385613557991108,ns,125.0,STATIC_BURN_IN,INST_02,CH_04,VALID,0,,8.0,synthetic
L03_C029,L03,leakage_current,0,9.364400645093653,uA,125.0,STATIC_BURN_IN,INST_02,CH_05,VALID,1,,50.0,synthetic
L03_C029,L03,leakage_current,24,9.282243791036313,uA,125.0,STATIC_BURN_IN,INST_02,CH_05,VALID,1,,50.0,synthetic
L03_C029,L03,leakage_current,96,9.374079069915695,uA,125.0,STATIC_BURN_IN,INST_02,CH_05,VALID,1,,50.0,synthetic
L03_C029,L03,leakage_current,168,9.07106021360743,uA,125.0,STATIC_BURN_IN,INST_02,CH_05,VALID,1,,50.0,synthetic
L03_C029,L03,iddq,0,0.5441241671970316,mA,125.0,STATIC_BURN_IN,INST_02,CH_05,VALID,1,,2.0,synthetic
L03_C029,L03,iddq,24,0.5482938462837731,mA,125.0,STATIC_BURN_IN,INST_02,CH_05,VALID,1,,2.0,synthetic
L03_C029,L03,iddq,96,0.5571990328685148,mA,125.0,STATIC_BURN_IN,INST_02,CH_05,VALID,1,,2.0,synthetic
L03_C029,L03,iddq,168,0.548583744183486,mA,125.0,STATIC_BURN_IN,INST_02,CH_05,VALID,1,,2.0,synthetic
L03_C029,L03,propagation_delay,0,5.228265813797385,ns,125.0,STATIC_BURN_IN,INST_02,CH_05,VALID,1,,8.0,synthetic
L03_C029,L03,propagation_delay,24,5.117886965601025,ns,125.0,STATIC_BURN_IN,INST_02,CH_05,VALID,1,,8.0,synthetic
L03_C030,L03,leakage_current,0,9.59916867716212,uA,125.0,STATIC_BURN_IN,INST_02,CH_06,VALID,0,,50.0,synthetic
L03_C030,L03,leakage_current,24,9.494190743692961,uA,125.0,STATIC_BURN_IN,INST_02,CH_06,VALID,0,,50.0,synthetic
L03_C030,L03,leakage_current,96,9.516107347485239,uA,125.0,STATIC_BURN_IN,INST_02,CH_06,VALID,0,,50.0,synthetic
L03_C030,L03,leakage_current,168,9.606332685152044,uA,125.0,STATIC_BURN_IN,INST_02,CH_06,VALID,0,,50.0,synthetic
L03_C030,L03,iddq,0,0.5074787549818647,mA,125.0,STATIC_BURN_IN,INST_02,CH_06,VALID,0,,2.0,synthetic
L03_C030,L03,iddq,96,0.5055318118215067,mA,125.0,STATIC_BURN_IN,INST_02,CH_06,VALID,0,,2.0,synthetic
L03_C030,L03,iddq,168,0.522987662842153,mA,125.0,STATIC_BURN_IN,INST_02,CH_06,VALID,0,,2.0,synthetic
L03_C030,L03,propagation_delay,0,4.878086527390262,ns,125.0,STATIC_BURN_IN,INST_02,CH_06,VALID,0,,8.0,synthetic
L03_C030,L03,propagation_delay,24,4.846127758329755,ns,125.0,STATIC_BURN_IN,INST_02,CH_06,VALID,0,,8.0,synthetic
L03_C030,L03,propagation_delay,96,4.973120438164683,ns,125.0,STATIC_BURN_IN,INST_02,CH_06,VALID,0,,8.0,synthetic
L03_C030,L03,propagation_delay,168,4.872212417553928,ns,125.0,STATIC_BURN_IN,INST_02,CH_06,VALID,0,,8.0,synthetic
L04_C001,L04,leakage_current,0,7.66134652445303,uA,125.0,STATIC_BURN_IN,INST_01,CH_01,VALID,1,,50.0,synthetic
L04_C001,L04,leakage_current,24,7.472923032196682,uA,125.0,STATIC_BURN_IN,INST_01,CH_01,VALID,1,,50.0,synthetic
L04_C001,L04,leakage_current,96,7.850468495338868,uA,125.0,STATIC_BURN_IN,INST_01,CH_01,VALID,1,,50.0,synthetic
L04_C001,L04,leakage_current,168,7.971965047681579,uA,125.0,STATIC_BURN_IN,INST_01,CH_01,VALID,1,,50.0,synthetic
L04_C001,L04,iddq,0,0.31612468114368336,mA,125.0,STATIC_BURN_IN,INST_01,CH_01,VALID,1,,2.0,synthetic
L04_C001,L04,iddq,24,0.3099830083069365,mA,125.0,STATIC_BURN_IN,INST_01,CH_01,VALID,1,,2.0,synthetic
L04_C001,L04,iddq,96,0.31614651927886267,mA,125.0,STATIC_BURN_IN,INST_01,CH_01,VALID,1,,2.0,synthetic
L04_C001,L04,iddq,168,0.3183450524353024,mA,125.0,STATIC_BURN_IN,INST_01,CH_01,VALID,1,,2.0,synthetic
L04_C001,L04,propagation_delay,0,4.585258857051221,ns,125.0,STATIC_BURN_IN,INST_01,CH_01,VALID,1,,8.0,synthetic
L04_C001,L04,propagation_delay,24,4.533279966315048,ns,125.0,STATIC_BURN_IN,INST_01,CH_01,VALID,1,,8.0,synthetic
L04_C001,L04,propagation_delay,96,4.553990360978316,ns,125.0,STATIC_BURN_IN,INST_01,CH_01,VALID,1,,8.0,synthetic
L04_C001,L04,propagation_delay,168,4.31991136841863,ns,125.0,STATIC_BURN_IN,INST_01,CH_01,VALID,1,,8.0,synthetic
L04_C002,L04,leakage_current,0,15.47357349325671,uA,125.0,STATIC_BURN_IN,INST_01,CH_02,VALID,0,,50.0,synthetic
L04_C002,L04,leakage_current,24,15.355773433576429,uA,125.0,STATIC_BURN_IN,INST_01,CH_02,VALID,0,,50.0,synthetic
L04_C002,L04,leakage_current,96,16.04350919391609,uA,125.0,STATIC_BURN_IN,INST_01,CH_02,VALID,0,,50.0,synthetic
L04_C002,L04,leakage_current,168,15.65796464390861,uA,125.0,STATIC_BURN_IN,INST_01,CH_02,VALID,0,,50.0,synthetic
L04_C002,L04,iddq,0,0.7300592673916143,mA,125.0,STATIC_BURN_IN,INST_01,CH_02,VALID,0,,2.0,synthetic
L04_C002,L04,iddq,24,0.7262893974408275,mA,125.0,STATIC_BURN_IN,INST_01,CH_02,VALID,0,,2.0,synthetic
L04_C002,L04,iddq,96,0.692986972474127,mA,125.0,STATIC_BURN_IN,INST_01,CH_02,VALID,0,,2.0,synthetic
L04_C002,L04,iddq,168,0.758983906298031,mA,125.0,STATIC_BURN_IN,INST_01,CH_02,VALID,0,,2.0,synthetic
L04_C002,L04,propagation_delay,0,5.30580330573912,ns,125.0,STATIC_BURN_IN,INST_01,CH_02,VALID,0,,8.0,synthetic
L04_C002,L04,propagation_delay,24,5.493176101180332,ns,125.0,STATIC_BURN_IN,INST_01,CH_02,VALID,0,,8.0,synthetic
L04_C002,L04,propagation_delay,96,5.601572614905486,ns,125.0,STATIC_BURN_IN,INST_01,CH_02,VALID,0,,8.0,synthetic
L04_C002,L04,propagation_delay,168,5.5365069366505635,ns,125.0,STATIC_BURN_IN,INST_01,CH_02,VALID,0,,8.0,synthetic
L04_C003,L04,leakage_current,0,11.757143005519291,uA,125.0,STATIC_BURN_IN,INST_01,CH_03,VALID,0,,50.0,synthetic
L04_C003,L04,leakage_current,24,11.57235520022292,uA,125.0,STATIC_BURN_IN,INST_01,CH_03,VALID,0,,50.0,synthetic
L04_C003,L04,leakage_current,96,11.381207164156374,uA,125.0,STATIC_BURN_IN,INST_01,CH_03,VALID,0,,50.0,synthetic
L04_C003,L04,leakage_current,168,11.915912722475545,uA,125.0,STATIC_BURN_IN,INST_01,CH_03,VALID,0,,50.0,synthetic
L04_C003,L04,iddq,0,0.548390237840656,mA,125.0,STATIC_BURN_IN,INST_01,CH_03,VALID,0,,2.0,synthetic
L04_C003,L04,iddq,24,0.5828083750810746,mA,125.0,STATIC_BURN_IN,INST_01,CH_03,VALID,0,,2.0,synthetic
L04_C003,L04,iddq,96,0.5681757240501275,mA,125.0,STATIC_BURN_IN,INST_01,CH_03,VALID,0,,2.0,synthetic
L04_C003,L04,iddq,168,0.5612452127765977,mA,125.0,STATIC_BURN_IN,INST_01,CH_03,VALID,0,,2.0,synthetic
L04_C003,L04,propagation_delay,0,4.221844741167547,ns,125.0,STATIC_BURN_IN,INST_01,CH_03,VALID,0,,8.0,synthetic
L04_C003,L04,propagation_delay,24,4.001982089277937,ns,125.0,STATIC_BURN_IN,INST_01,CH_03,VALID,0,,8.0,synthetic
L04_C003,L04,propagation_delay,96,4.182027242955574,ns,125.0,STATIC_BURN_IN,INST_01,CH_03,VALID,0,,8.0,synthetic
L04_C003,L04,propagation_delay,168,4.223621389791844,ns,125.0,STATIC_BURN_IN,INST_01,CH_03,VALID,0,,8.0,synthetic
L04_C004,L04,leakage_current,0,8.69084957581383,uA,125.0,STATIC_BURN_IN,INST_01,CH_04,VALID,0,,50.0,synthetic
L04_C004,L04,leakage_current,24,9.155264821942655,uA,125.0,STATIC_BURN_IN,INST_01,CH_04,VALID,0,,50.0,synthetic
L04_C004,L04,leakage_current,168,9.041823331601508,uA,125.0,STATIC_BURN_IN,INST_01,CH_04,VALID,0,,50.0,synthetic
L04_C004,L04,iddq,0,0.5375501251390544,mA,125.0,STATIC_BURN_IN,INST_01,CH_04,VALID,0,,2.0,synthetic
L04_C004,L04,iddq,24,0.5561382637484763,mA,125.0,STATIC_BURN_IN,INST_01,CH_04,VALID,0,,2.0,synthetic
L04_C004,L04,iddq,96,0.5646367025342882,mA,125.0,STATIC_BURN_IN,INST_01,CH_04,VALID,0,,2.0,synthetic
L04_C004,L04,iddq,168,0.5453694652441042,mA,125.0,STATIC_BURN_IN,INST_01,CH_04,VALID,0,,2.0,synthetic
L04_C004,L04,propagation_delay,0,4.90593085597248,ns,125.0,STATIC_BURN_IN,INST_01,CH_04,VALID,0,,8.0,synthetic
L04_C004,L04,propagation_delay,24,4.769414118717343,ns,125.0,STATIC_BURN_IN,INST_01,CH_04,VALID,0,,8.0,synthetic
L04_C004,L04,propagation_delay,168,4.746928405860627,ns,125.0,STATIC_BURN_IN,INST_01,CH_04,VALID,0,,8.0,synthetic
L04_C005,L04,leakage_current,0,20.701458911750834,uA,125.0,STATIC_BURN_IN,INST_01,CH_05,VALID,0,,50.0,synthetic
L04_C005,L04,leakage_current,24,20.059049509413732,uA,125.0,STATIC_BURN_IN,INST_01,CH_05,VALID,0,,50.0,synthetic
L04_C005,L04,leakage_current,96,20.12080726843267,uA,125.0,STATIC_BURN_IN,INST_01,CH_05,VALID,0,,50.0,synthetic
L04_C005,L04,leakage_current,168,20.326971969585873,uA,125.0,STATIC_BURN_IN,INST_01,CH_05,VALID,0,,50.0,synthetic
L04_C005,L04,iddq,0,0.9045633747235,mA,125.0,STATIC_BURN_IN,INST_01,CH_05,VALID,0,,2.0,synthetic
L04_C005,L04,iddq,24,0.8699064755060558,mA,125.0,STATIC_BURN_IN,INST_01,CH_05,VALID,0,,2.0,synthetic
L04_C005,L04,iddq,96,0.8821819462381156,mA,125.0,STATIC_BURN_IN,INST_01,CH_05,VALID,0,,2.0,synthetic
L04_C005,L04,iddq,168,0.8730907515786792,mA,125.0,STATIC_BURN_IN,INST_01,CH_05,VALID,0,,2.0,synthetic
L04_C005,L04,propagation_delay,0,5.503652135459088,ns,125.0,STATIC_BURN_IN,INST_01,CH_05,VALID,0,,8.0,synthetic
L04_C005,L04,propagation_delay,24,5.777070978427311,ns,125.0,STATIC_BURN_IN,INST_01,CH_05,VALID,0,,8.0,synthetic
L04_C005,L04,propagation_delay,96,6.0426010313305305,ns,125.0,STATIC_BURN_IN,INST_01,CH_05,VALID,0,,8.0,synthetic
L04_C005,L04,propagation_delay,168,5.722955123152395,ns,125.0,STATIC_BURN_IN,INST_01,CH_05,VALID,0,,8.0,synthetic
L04_C006,L04,leakage_current,0,7.452511864357369,uA,125.0,STATIC_BURN_IN,INST_01,CH_06,VALID,0,,50.0,synthetic
L04_C006,L04,leakage_current,24,7.489389021282465,uA,125.0,STATIC_BURN_IN,INST_01,CH_06,VALID,0,,50.0,synthetic
L04_C006,L04,leakage_current,96,7.519122259918381,uA,125.0,STATIC_BURN_IN,INST_01,CH_06,VALID,0,,50.0,synthetic
L04_C006,L04,leakage_current,168,7.3785519056340005,uA,125.0,STATIC_BURN_IN,INST_01,CH_06,VALID,0,,50.0,synthetic
L04_C006,L04,iddq,0,0.40536368119802846,mA,125.0,STATIC_BURN_IN,INST_01,CH_06,VALID,0,,2.0,synthetic
L04_C006,L04,iddq,24,0.40689306441756845,mA,125.0,STATIC_BURN_IN,INST_01,CH_06,VALID,0,,2.0,synthetic
L04_C006,L04,iddq,96,0.4167672180936518,mA,125.0,STATIC_BURN_IN,INST_01,CH_06,VALID,0,,2.0,synthetic
L04_C006,L04,iddq,168,0.39018553688773283,mA,125.0,STATIC_BURN_IN,INST_01,CH_06,VALID,0,,2.0,synthetic
L04_C006,L04,propagation_delay,0,4.563493044630576,ns,125.0,STATIC_BURN_IN,INST_01,CH_06,VALID,0,,8.0,synthetic
L04_C006,L04,propagation_delay,24,4.56372922953303,ns,125.0,STATIC_BURN_IN,INST_01,CH_06,VALID,0,,8.0,synthetic
L04_C006,L04,propagation_delay,96,4.889689026532544,ns,125.0,STATIC_BURN_IN,INST_01,CH_06,VALID,0,,8.0,synthetic
L04_C006,L04,propagation_delay,168,4.698765912431494,ns,125.0,STATIC_BURN_IN,INST_01,CH_06,VALID,0,,8.0,synthetic
L04_C007,L04,leakage_current,0,11.135043540083508,uA,125.0,STATIC_BURN_IN,INST_01,CH_07,VALID,0,,50.0,synthetic
L04_C007,L04,leakage_current,24,11.21551439074148,uA,125.0,STATIC_BURN_IN,INST_01,CH_07,VALID,0,,50.0,synthetic
L04_C007,L04,leakage_current,96,11.29227847225017,uA,125.0,STATIC_BURN_IN,INST_01,CH_07,VALID,0,,50.0,synthetic
L04_C007,L04,leakage_current,168,11.05708288248238,uA,125.0,STATIC_BURN_IN,INST_01,CH_07,VALID,0,,50.0,synthetic
L04_C007,L04,iddq,0,0.4512963988151956,mA,125.0,STATIC_BURN_IN,INST_01,CH_07,VALID,0,,2.0,synthetic
L04_C007,L04,iddq,24,0.4489194144903005,mA,125.0,STATIC_BURN_IN,INST_01,CH_07,VALID,0,,2.0,synthetic
L04_C007,L04,iddq,96,0.44217194370590246,mA,125.0,STATIC_BURN_IN,INST_01,CH_07,VALID,0,,2.0,synthetic
L04_C007,L04,iddq,168,0.43912572284301576,mA,125.0,STATIC_BURN_IN,INST_01,CH_07,VALID,0,,2.0,synthetic
L04_C007,L04,propagation_delay,0,4.33149507281223,ns,125.0,STATIC_BURN_IN,INST_01,CH_07,VALID,0,,8.0,synthetic
L04_C007,L04,propagation_delay,24,4.5392083503712595,ns,125.0,STATIC_BURN_IN,INST_01,CH_07,VALID,0,,8.0,synthetic
L04_C007,L04,propagation_delay,96,4.150077637763675,ns,125.0,STATIC_BURN_IN,INST_01,CH_07,VALID,0,,8.0,synthetic
L04_C007,L04,propagation_delay,168,4.210911040302443,ns,125.0,STATIC_BURN_IN,INST_01,CH_07,VALID,0,,8.0,synthetic
L04_C008,L04,leakage_current,0,9.712677263226071,uA,125.0,STATIC_BURN_IN,INST_01,CH_08,VALID,0,,50.0,synthetic
L04_C008,L04,leakage_current,24,9.330095614470826,uA,125.0,STATIC_BURN_IN,INST_01,CH_08,VALID,0,,50.0,synthetic
L04_C008,L04,leakage_current,96,9.766976736063867,uA,125.0,STATIC_BURN_IN,INST_01,CH_08,VALID,0,,50.0,synthetic
L04_C008,L04,leakage_current,168,9.273636770968022,uA,125.0,STATIC_BURN_IN,INST_01,CH_08,VALID,0,,50.0,synthetic
L04_C008,L04,iddq,0,0.46241268547310305,mA,125.0,STATIC_BURN_IN,INST_01,CH_08,VALID,0,,2.0,synthetic
L04_C008,L04,iddq,24,0.4587515658273553,mA,125.0,STATIC_BURN_IN,INST_01,CH_08,VALID,0,,2.0,synthetic
L04_C008,L04,iddq,96,0.45006225509041786,mA,125.0,STATIC_BURN_IN,INST_01,CH_08,VALID,0,,2.0,synthetic
L04_C008,L04,iddq,168,0.43642840156601126,mA,125.0,STATIC_BURN_IN,INST_01,CH_08,VALID,0,,2.0,synthetic
L04_C008,L04,propagation_delay,0,4.755005736977018,ns,125.0,STATIC_BURN_IN,INST_01,CH_08,VALID,0,,8.0,synthetic
L04_C008,L04,propagation_delay,24,4.683296183050158,ns,125.0,STATIC_BURN_IN,INST_01,CH_08,VALID,0,,8.0,synthetic
L04_C008,L04,propagation_delay,96,4.656975778628099,ns,125.0,STATIC_BURN_IN,INST_01,CH_08,VALID,0,,8.0,synthetic
L04_C008,L04,propagation_delay,168,4.724345035691956,ns,125.0,STATIC_BURN_IN,INST_01,CH_08,VALID,0,,8.0,synthetic
L04_C009,L04,leakage_current,24,10.290911023319033,uA,125.0,STATIC_BURN_IN,INST_02,CH_01,VALID,0,,50.0,synthetic
L04_C009,L04,leakage_current,96,10.417978758483452,uA,125.0,STATIC_BURN_IN,INST_02,CH_01,VALID,0,,50.0,synthetic
L04_C009,L04,leakage_current,168,10.415148514982745,uA,125.0,STATIC_BURN_IN,INST_02,CH_01,VALID,0,,50.0,synthetic
L04_C009,L04,iddq,0,0.3955287547743073,mA,125.0,STATIC_BURN_IN,INST_02,CH_01,VALID,0,,2.0,synthetic
L04_C009,L04,iddq,24,0.4034821327995302,mA,125.0,STATIC_BURN_IN,INST_02,CH_01,VALID,0,,2.0,synthetic
L04_C009,L04,iddq,96,0.39799705841289207,mA,125.0,STATIC_BURN_IN,INST_02,CH_01,VALID,0,,2.0,synthetic
L04_C009,L04,iddq,168,0.4037556415142878,mA,125.0,STATIC_BURN_IN,INST_02,CH_01,VALID,0,,2.0,synthetic
L04_C009,L04,propagation_delay,0,4.809774659002386,ns,125.0,STATIC_BURN_IN,INST_02,CH_01,VALID,0,,8.0,synthetic
L04_C009,L04,propagation_delay,24,4.852375484975717,ns,125.0,STATIC_BURN_IN,INST_02,CH_01,VALID,0,,8.0,synthetic
L04_C009,L04,propagation_delay,96,4.639489383493137,ns,125.0,STATIC_BURN_IN,INST_02,CH_01,VALID,0,,8.0,synthetic
L04_C009,L04,propagation_delay,168,4.814681588199628,ns,125.0,STATIC_BURN_IN,INST_02,CH_01,VALID,0,,8.0,synthetic
L04_C010,L04,leakage_current,0,9.030685873370148,uA,125.0,STATIC_BURN_IN,INST_02,CH_02,VALID,0,,50.0,synthetic
L04_C010,L04,leakage_current,96,383.2278616851647,uA,125.0,STATIC_BURN_IN,INST_02,CH_02,VALID,0,,50.0,synthetic
L04_C010,L04,leakage_current,168,371.1921994013785,uA,125.0,STATIC_BURN_IN,INST_02,CH_02,VALID,0,,50.0,synthetic
L04_C010,L04,iddq,0,0.46220466127238535,mA,125.0,STATIC_BURN_IN,INST_02,CH_02,VALID,0,,2.0,synthetic
L04_C010,L04,iddq,24,0.44012308941337996,mA,125.0,STATIC_BURN_IN,INST_02,CH_02,VALID,0,,2.0,synthetic
L04_C010,L04,iddq,96,5.3695929270093945,mA,125.0,STATIC_BURN_IN,INST_02,CH_02,VALID,0,,2.0,synthetic
L04_C010,L04,iddq,168,5.57864490396443,mA,125.0,STATIC_BURN_IN,INST_02,CH_02,VALID,0,,2.0,synthetic
L04_C010,L04,propagation_delay,0,4.282466409020015,ns,125.0,STATIC_BURN_IN,INST_02,CH_02,VALID,0,,8.0,synthetic
L04_C010,L04,propagation_delay,24,10.558936430107357,ns,125.0,STATIC_BURN_IN,INST_02,CH_02,VALID,0,,8.0,synthetic
L04_C010,L04,propagation_delay,96,10.454331270643694,ns,125.0,STATIC_BURN_IN,INST_02,CH_02,VALID,0,,8.0,synthetic
L04_C010,L04,propagation_delay,168,10.75518185314691,ns,125.0,STATIC_BURN_IN,INST_02,CH_02,VALID,0,,8.0,synthetic
L04_C011,L04,leakage_current,0,9.767699396096406,uA,125.0,STATIC_BURN_IN,INST_02,CH_03,VALID,1,,50.0,synthetic
L04_C011,L04,leakage_current,24,9.789196655342487,uA,125.0,STATIC_BURN_IN,INST_02,CH_03,VALID,1,,50.0,synthetic
L04_C011,L04,leakage_current,96,9.529369866005174,uA,125.0,STATIC_BURN_IN,INST_02,CH_03,VALID,1,,50.0,synthetic
L04_C011,L04,leakage_current,168,9.808044229189885,uA,125.0,STATIC_BURN_IN,INST_02,CH_03,VALID,1,,50.0,synthetic
L04_C011,L04,iddq,0,0.397270712139912,mA,125.0,STATIC_BURN_IN,INST_02,CH_03,VALID,1,,2.0,synthetic
L04_C011,L04,iddq,24,0.41073566982527543,mA,125.0,STATIC_BURN_IN,INST_02,CH_03,VALID,1,,2.0,synthetic
L04_C011,L04,iddq,96,0.4067916601230794,mA,125.0,STATIC_BURN_IN,INST_02,CH_03,VALID,1,,2.0,synthetic
L04_C011,L04,iddq,168,0.42753778811363535,mA,125.0,STATIC_BURN_IN,INST_02,CH_03,VALID,1,,2.0,synthetic
L04_C011,L04,propagation_delay,0,3.9122783177071057,ns,125.0,STATIC_BURN_IN,INST_02,CH_03,VALID,1,,8.0,synthetic
L04_C011,L04,propagation_delay,24,3.9627213276930333,ns,125.0,STATIC_BURN_IN,INST_02,CH_03,VALID,1,,8.0,synthetic
L04_C011,L04,propagation_delay,96,3.8942690481419837,ns,125.0,STATIC_BURN_IN,INST_02,CH_03,VALID,1,,8.0,synthetic
L04_C011,L04,propagation_delay,168,3.9314499577649142,ns,125.0,STATIC_BURN_IN,INST_02,CH_03,VALID,1,,8.0,synthetic
L04_C012,L04,leakage_current,0,7.254724501617077,uA,125.0,STATIC_BURN_IN,INST_02,CH_04,VALID,0,,50.0,synthetic
L04_C012,L04,leakage_current,24,7.159318963591691,uA,125.0,STATIC_BURN_IN,INST_02,CH_04,VALID,0,,50.0,synthetic
L04_C012,L04,leakage_current,96,7.288365909584966,uA,125.0,STATIC_BURN_IN,INST_02,CH_04,VALID,0,,50.0,synthetic
L04_C012,L04,leakage_current,168,7.228468619348897,uA,125.0,STATIC_BURN_IN,INST_02,CH_04,VALID,0,,50.0,synthetic
L04_C012,L04,iddq,24,0.5425176561333651,mA,125.0,STATIC_BURN_IN,INST_02,CH_04,VALID,0,,2.0,synthetic
L04_C012,L04,iddq,96,0.5488642165569271,mA,125.0,STATIC_BURN_IN,INST_02,CH_04,VALID,0,,2.0,synthetic
L04_C012,L04,iddq,168,0.5390912698274574,mA,125.0,STATIC_BURN_IN,INST_02,CH_04,VALID,0,,2.0,synthetic
L04_C012,L04,propagation_delay,0,4.680890239722339,ns,125.0,STATIC_BURN_IN,INST_02,CH_04,VALID,0,,8.0,synthetic
L04_C012,L04,propagation_delay,24,4.655464596243488,ns,125.0,STATIC_BURN_IN,INST_02,CH_04,VALID,0,,8.0,synthetic
L04_C012,L04,propagation_delay,96,4.6618351506936815,ns,125.0,STATIC_BURN_IN,INST_02,CH_04,VALID,0,,8.0,synthetic
L04_C012,L04,propagation_delay,168,4.726322560553294,ns,125.0,STATIC_BURN_IN,INST_02,CH_04,VALID,0,,8.0,synthetic
L04_C013,L04,leakage_current,0,10.859136887385592,uA,125.0,STATIC_BURN_IN,INST_02,CH_05,VALID,0,,50.0,synthetic
L04_C013,L04,leakage_current,24,10.699272200363026,uA,125.0,STATIC_BURN_IN,INST_02,CH_05,VALID,0,,50.0,synthetic
L04_C013,L04,leakage_current,96,11.290023435390038,uA,125.0,STATIC_BURN_IN,INST_02,CH_05,VALID,0,,50.0,synthetic
L04_C013,L04,leakage_current,168,11.140070538315344,uA,125.0,STATIC_BURN_IN,INST_02,CH_05,VALID,0,,50.0,synthetic
L04_C013,L04,iddq,0,0.3863626295201041,mA,125.0,STATIC_BURN_IN,INST_02,CH_05,VALID,0,,2.0,synthetic
L04_C013,L04,iddq,24,0.36135348542241447,mA,125.0,STATIC_BURN_IN,INST_02,CH_05,VALID,0,,2.0,synthetic
L04_C013,L04,iddq,96,0.3755183957823996,mA,125.0,STATIC_BURN_IN,INST_02,CH_05,VALID,0,,2.0,synthetic
L04_C013,L04,iddq,168,0.3510170374278636,mA,125.0,STATIC_BURN_IN,INST_02,CH_05,VALID,0,,2.0,synthetic
L04_C013,L04,propagation_delay,0,4.666991168017961,ns,125.0,STATIC_BURN_IN,INST_02,CH_05,VALID,0,,8.0,synthetic
L04_C013,L04,propagation_delay,24,4.6958879520442505,ns,125.0,STATIC_BURN_IN,INST_02,CH_05,VALID,0,,8.0,synthetic
L04_C013,L04,propagation_delay,96,4.547683904338519,ns,125.0,STATIC_BURN_IN,INST_02,CH_05,VALID,0,,8.0,synthetic
L04_C013,L04,propagation_delay,168,4.66001183961721,ns,125.0,STATIC_BURN_IN,INST_02,CH_05,VALID,0,,8.0,synthetic
L04_C014,L04,leakage_current,0,8.951244572843532,uA,125.0,STATIC_BURN_IN,INST_02,CH_06,VALID,1,,50.0,synthetic
L04_C014,L04,leakage_current,24,9.147544615311011,uA,125.0,STATIC_BURN_IN,INST_02,CH_06,VALID,1,,50.0,synthetic
L04_C014,L04,leakage_current,96,9.128733483367094,uA,125.0,STATIC_BURN_IN,INST_02,CH_06,VALID,1,,50.0,synthetic
L04_C014,L04,leakage_current,168,9.109799928089867,uA,125.0,STATIC_BURN_IN,INST_02,CH_06,VALID,1,,50.0,synthetic
L04_C014,L04,iddq,0,0.44036152399482054,mA,125.0,STATIC_BURN_IN,INST_02,CH_06,VALID,1,,2.0,synthetic
L04_C014,L04,iddq,24,0.4362407781917276,mA,125.0,STATIC_BURN_IN,INST_02,CH_06,VALID,1,,2.0,synthetic
L04_C014,L04,iddq,96,0.4294417515810681,mA,125.0,STATIC_BURN_IN,INST_02,CH_06,VALID,1,,2.0,synthetic
L04_C014,L04,iddq,168,0.4399366752749825,mA,125.0,STATIC_BURN_IN,INST_02,CH_06,VALID,1,,2.0,synthetic
L04_C014,L04,propagation_delay,0,4.6463670805993935,ns,125.0,STATIC_BURN_IN,INST_02,CH_06,VALID,1,,8.0,synthetic
L04_C014,L04,propagation_delay,24,4.714784456462803,ns,125.0,STATIC_BURN_IN,INST_02,CH_06,VALID,1,,8.0,synthetic
L04_C014,L04,propagation_delay,96,4.976931863529132,ns,125.0,STATIC_BURN_IN,INST_02,CH_06,VALID,1,,8.0,synthetic
L04_C014,L04,propagation_delay,168,4.8578582085118365,ns,125.0,STATIC_BURN_IN,INST_02,CH_06,VALID,1,,8.0,synthetic
L04_C015,L04,leakage_current,0,9.50346631634034,uA,125.0,STATIC_BURN_IN,INST_02,CH_07,VALID,0,,50.0,synthetic
L04_C015,L04,leakage_current,24,9.989388145257827,uA,125.0,STATIC_BURN_IN,INST_02,CH_07,VALID,0,,50.0,synthetic
L04_C015,L04,leakage_current,96,9.632229276806378,uA,125.0,STATIC_BURN_IN,INST_02,CH_07,VALID,0,,50.0,synthetic
L04_C015,L04,leakage_current,168,9.641056052233644,uA,125.0,STATIC_BURN_IN,INST_02,CH_07,VALID,0,,50.0,synthetic
L04_C015,L04,iddq,0,0.4459813635186792,mA,125.0,STATIC_BURN_IN,INST_02,CH_07,VALID,0,,2.0,synthetic
L04_C015,L04,iddq,24,0.43763023793261835,mA,125.0,STATIC_BURN_IN,INST_02,CH_07,VALID,0,,2.0,synthetic
L04_C015,L04,iddq,96,0.44362848110198105,mA,125.0,STATIC_BURN_IN,INST_02,CH_07,VALID,0,,2.0,synthetic
L04_C015,L04,iddq,168,0.4372185179022944,mA,125.0,STATIC_BURN_IN,INST_02,CH_07,VALID,0,,2.0,synthetic
L04_C015,L04,propagation_delay,0,4.9481630040813185,ns,125.0,STATIC_BURN_IN,INST_02,CH_07,VALID,0,,8.0,synthetic
L04_C015,L04,propagation_delay,24,5.065302591545467,ns,125.0,STATIC_BURN_IN,INST_02,CH_07,VALID,0,,8.0,synthetic
L04_C015,L04,propagation_delay,96,4.96417994972036,ns,125.0,STATIC_BURN_IN,INST_02,CH_07,VALID,0,,8.0,synthetic
L04_C015,L04,propagation_delay,168,4.8589095390512735,ns,125.0,STATIC_BURN_IN,INST_02,CH_07,VALID,0,,8.0,synthetic
L04_C016,L04,leakage_current,0,8.950458657090913,uA,125.0,STATIC_BURN_IN,INST_02,CH_08,VALID,0,,50.0,synthetic
L04_C016,L04,leakage_current,24,8.674127453808385,uA,125.0,STATIC_BURN_IN,INST_02,CH_08,VALID,0,,50.0,synthetic
L04_C016,L04,leakage_current,96,8.455567007812585,uA,125.0,STATIC_BURN_IN,INST_02,CH_08,VALID,0,,50.0,synthetic
L04_C016,L04,leakage_current,168,8.829917598643982,uA,125.0,STATIC_BURN_IN,INST_02,CH_08,VALID,0,,50.0,synthetic
L04_C016,L04,iddq,0,0.3872099034941536,mA,125.0,STATIC_BURN_IN,INST_02,CH_08,VALID,0,,2.0,synthetic
L04_C016,L04,iddq,24,0.39135888151326287,mA,125.0,STATIC_BURN_IN,INST_02,CH_08,VALID,0,,2.0,synthetic
L04_C016,L04,iddq,96,0.3902785657862986,mA,125.0,STATIC_BURN_IN,INST_02,CH_08,VALID,0,,2.0,synthetic
L04_C016,L04,iddq,168,0.3977818654531783,mA,125.0,STATIC_BURN_IN,INST_02,CH_08,VALID,0,,2.0,synthetic
L04_C016,L04,propagation_delay,0,4.689933612364515,ns,125.0,STATIC_BURN_IN,INST_02,CH_08,VALID,0,,8.0,synthetic
L04_C016,L04,propagation_delay,24,4.78303398566698,ns,125.0,STATIC_BURN_IN,INST_02,CH_08,VALID,0,,8.0,synthetic
L04_C016,L04,propagation_delay,96,4.638775743893302,ns,125.0,STATIC_BURN_IN,INST_02,CH_08,VALID,0,,8.0,synthetic
L04_C016,L04,propagation_delay,168,4.7539510215791285,ns,125.0,STATIC_BURN_IN,INST_02,CH_08,VALID,0,,8.0,synthetic
L04_C017,L04,leakage_current,0,9.522449655843062,uA,125.0,STATIC_BURN_IN,INST_01,CH_01,VALID,1,,50.0,synthetic
L04_C017,L04,leakage_current,24,9.951617623884657,uA,125.0,STATIC_BURN_IN,INST_01,CH_01,VALID,1,,50.0,synthetic
L04_C017,L04,leakage_current,96,9.792870720923245,uA,125.0,STATIC_BURN_IN,INST_01,CH_01,VALID,1,,50.0,synthetic
L04_C017,L04,leakage_current,168,9.376286996995036,uA,125.0,STATIC_BURN_IN,INST_01,CH_01,VALID,1,,50.0,synthetic
L04_C017,L04,iddq,0,0.42696677189456855,mA,125.0,STATIC_BURN_IN,INST_01,CH_01,VALID,1,,2.0,synthetic
L04_C017,L04,iddq,24,0.42055262809711,mA,125.0,STATIC_BURN_IN,INST_01,CH_01,VALID,1,,2.0,synthetic
L04_C017,L04,iddq,96,0.4211614372077985,mA,125.0,STATIC_BURN_IN,INST_01,CH_01,VALID,1,,2.0,synthetic
L04_C017,L04,iddq,168,0.4193496738377585,mA,125.0,STATIC_BURN_IN,INST_01,CH_01,VALID,1,,2.0,synthetic
L04_C017,L04,propagation_delay,0,4.452374632107724,ns,125.0,STATIC_BURN_IN,INST_01,CH_01,VALID,1,,8.0,synthetic
L04_C017,L04,propagation_delay,24,4.4625724572281635,ns,125.0,STATIC_BURN_IN,INST_01,CH_01,VALID,1,,8.0,synthetic
L04_C017,L04,propagation_delay,96,4.343881558633203,ns,125.0,STATIC_BURN_IN,INST_01,CH_01,VALID,1,,8.0,synthetic
L04_C017,L04,propagation_delay,168,4.498219251104858,ns,125.0,STATIC_BURN_IN,INST_01,CH_01,VALID,1,,8.0,synthetic
L04_C018,L04,leakage_current,0,15.467625241009408,uA,125.0,STATIC_BURN_IN,INST_01,CH_02,VALID,0,,50.0,synthetic
L04_C018,L04,leakage_current,24,15.441737872792,uA,125.0,STATIC_BURN_IN,INST_01,CH_02,VALID,0,,50.0,synthetic
L04_C018,L04,leakage_current,96,15.01858512811559,uA,125.0,STATIC_BURN_IN,INST_01,CH_02,VALID,0,,50.0,synthetic
L04_C018,L04,leakage_current,168,15.535559989182168,uA,125.0,STATIC_BURN_IN,INST_01,CH_02,VALID,0,,50.0,synthetic
L04_C018,L04,iddq,0,0.6812798867363625,mA,125.0,STATIC_BURN_IN,INST_01,CH_02,VALID,0,,2.0,synthetic
L04_C018,L04,iddq,24,0.6694558800907383,mA,125.0,STATIC_BURN_IN,INST_01,CH_02,VALID,0,,2.0,synthetic
L04_C018,L04,iddq,96,0.6609678575488844,mA,125.0,STATIC_BURN_IN,INST_01,CH_02,VALID,0,,2.0,synthetic
L04_C018,L04,iddq,168,0.6868620074355074,mA,125.0,STATIC_BURN_IN,INST_01,CH_02,VALID,0,,2.0,synthetic
L04_C018,L04,propagation_delay,0,5.254717144818028,ns,125.0,STATIC_BURN_IN,INST_01,CH_02,VALID,0,,8.0,synthetic
L04_C018,L04,propagation_delay,24,5.246505057204097,ns,125.0,STATIC_BURN_IN,INST_01,CH_02,VALID,0,,8.0,synthetic
L04_C018,L04,propagation_delay,96,5.573804931513282,ns,125.0,STATIC_BURN_IN,INST_01,CH_02,VALID,0,,8.0,synthetic
L04_C018,L04,propagation_delay,168,5.286496881116198,ns,125.0,STATIC_BURN_IN,INST_01,CH_02,VALID,0,,8.0,synthetic
L04_C019,L04,leakage_current,24,9.187751240406739,uA,125.0,STATIC_BURN_IN,INST_01,CH_03,VALID,0,,50.0,synthetic
L04_C019,L04,leakage_current,96,9.190242994927127,uA,125.0,STATIC_BURN_IN,INST_01,CH_03,VALID,0,,50.0,synthetic
L04_C019,L04,leakage_current,168,9.519628871575907,uA,125.0,STATIC_BURN_IN,INST_01,CH_03,VALID,0,,50.0,synthetic
L04_C019,L04,iddq,0,0.4065980352158026,mA,125.0,STATIC_BURN_IN,INST_01,CH_03,VALID,0,,2.0,synthetic
L04_C019,L04,iddq,24,0.43721985743572966,mA,125.0,STATIC_BURN_IN,INST_01,CH_03,VALID,0,,2.0,synthetic
L04_C019,L04,iddq,96,0.42535232073507223,mA,125.0,STATIC_BURN_IN,INST_01,CH_03,VALID,0,,2.0,synthetic
L04_C019,L04,iddq,168,0.42702702509955,mA,125.0,STATIC_BURN_IN,INST_01,CH_03,VALID,0,,2.0,synthetic
L04_C019,L04,propagation_delay,0,4.727186954043188,ns,125.0,STATIC_BURN_IN,INST_01,CH_03,VALID,0,,8.0,synthetic
L04_C019,L04,propagation_delay,24,4.804676746440501,ns,125.0,STATIC_BURN_IN,INST_01,CH_03,VALID,0,,8.0,synthetic
L04_C019,L04,propagation_delay,96,4.689720714651644,ns,125.0,STATIC_BURN_IN,INST_01,CH_03,VALID,0,,8.0,synthetic
L04_C020,L04,leakage_current,0,7.566792066606731,uA,125.0,STATIC_BURN_IN,INST_01,CH_04,VALID,0,,50.0,synthetic
L04_C020,L04,leakage_current,24,7.261343824397194,uA,125.0,STATIC_BURN_IN,INST_01,CH_04,VALID,0,,50.0,synthetic
L04_C020,L04,leakage_current,96,7.521043452967282,uA,125.0,STATIC_BURN_IN,INST_01,CH_04,VALID,0,,50.0,synthetic
L04_C020,L04,leakage_current,168,7.532419260791328,uA,125.0,STATIC_BURN_IN,INST_01,CH_04,VALID,0,,50.0,synthetic
L04_C020,L04,iddq,0,0.5140777803088357,mA,125.0,STATIC_BURN_IN,INST_01,CH_04,VALID,0,,2.0,synthetic
L04_C020,L04,iddq,24,0.5160188982297615,mA,125.0,STATIC_BURN_IN,INST_01,CH_04,VALID,0,,2.0,synthetic
L04_C020,L04,iddq,96,0.49218276986312326,mA,125.0,STATIC_BURN_IN,INST_01,CH_04,VALID,0,,2.0,synthetic
L04_C020,L04,iddq,168,0.49807163018681677,mA,125.0,STATIC_BURN_IN,INST_01,CH_04,VALID,0,,2.0,synthetic
L04_C020,L04,propagation_delay,0,4.621766867614918,ns,125.0,STATIC_BURN_IN,INST_01,CH_04,VALID,0,,8.0,synthetic
L04_C020,L04,propagation_delay,24,4.67742964948822,ns,125.0,STATIC_BURN_IN,INST_01,CH_04,VALID,0,,8.0,synthetic
L04_C020,L04,propagation_delay,96,4.664767921409482,ns,125.0,STATIC_BURN_IN,INST_01,CH_04,VALID,0,,8.0,synthetic
L04_C020,L04,propagation_delay,168,4.584112825504002,ns,125.0,STATIC_BURN_IN,INST_01,CH_04,VALID,0,,8.0,synthetic
L04_C021,L04,leakage_current,0,7.545290665989188,uA,125.0,STATIC_BURN_IN,INST_01,CH_05,VALID,0,,50.0,synthetic
L04_C021,L04,leakage_current,24,7.400339461642363,uA,125.0,STATIC_BURN_IN,INST_01,CH_05,VALID,0,,50.0,synthetic
L04_C021,L04,leakage_current,96,7.419739361608062,uA,125.0,STATIC_BURN_IN,INST_01,CH_05,VALID,0,,50.0,synthetic
L04_C021,L04,leakage_current,168,7.476216335598145,uA,125.0,STATIC_BURN_IN,INST_01,CH_05,VALID,0,,50.0,synthetic
L04_C021,L04,iddq,0,0.4663914943872859,mA,125.0,STATIC_BURN_IN,INST_01,CH_05,VALID,0,,2.0,synthetic
L04_C021,L04,iddq,24,0.4809194333244403,mA,125.0,STATIC_BURN_IN,INST_01,CH_05,VALID,0,,2.0,synthetic
L04_C021,L04,iddq,96,0.4669460886406615,mA,125.0,STATIC_BURN_IN,INST_01,CH_05,VALID,0,,2.0,synthetic
L04_C021,L04,iddq,168,0.48367900180929196,mA,125.0,STATIC_BURN_IN,INST_01,CH_05,VALID,0,,2.0,synthetic
L04_C021,L04,propagation_delay,0,4.241119449264963,ns,125.0,STATIC_BURN_IN,INST_01,CH_05,VALID,0,,8.0,synthetic
L04_C021,L04,propagation_delay,24,4.326624227129644,ns,125.0,STATIC_BURN_IN,INST_01,CH_05,VALID,0,,8.0,synthetic
L04_C021,L04,propagation_delay,96,4.325067632793614,ns,125.0,STATIC_BURN_IN,INST_01,CH_05,VALID,0,,8.0,synthetic
L04_C021,L04,propagation_delay,168,4.445138230530945,ns,125.0,STATIC_BURN_IN,INST_01,CH_05,VALID,0,,8.0,synthetic
L04_C022,L04,leakage_current,0,9.812451784290076,uA,125.0,STATIC_BURN_IN,INST_01,CH_06,VALID,0,,50.0,synthetic
L04_C022,L04,leakage_current,24,9.533304039141136,uA,125.0,STATIC_BURN_IN,INST_01,CH_06,VALID,0,,50.0,synthetic
L04_C022,L04,leakage_current,96,9.482116954426484,uA,125.0,STATIC_BURN_IN,INST_01,CH_06,VALID,0,,50.0,synthetic
L04_C022,L04,leakage_current,168,9.545239719504286,uA,125.0,STATIC_BURN_IN,INST_01,CH_06,VALID,0,,50.0,synthetic
L04_C022,L04,iddq,0,0.6130259747521689,mA,125.0,STATIC_BURN_IN,INST_01,CH_06,VALID,0,,2.0,synthetic
L04_C022,L04,iddq,24,0.5938970424783826,mA,125.0,STATIC_BURN_IN,INST_01,CH_06,VALID,0,,2.0,synthetic
L04_C022,L04,iddq,96,0.6208296389965267,mA,125.0,STATIC_BURN_IN,INST_01,CH_06,VALID,0,,2.0,synthetic
L04_C022,L04,iddq,168,0.6271237208264373,mA,125.0,STATIC_BURN_IN,INST_01,CH_06,VALID,0,,2.0,synthetic
L04_C022,L04,propagation_delay,0,5.129653759603085,ns,125.0,STATIC_BURN_IN,INST_01,CH_06,VALID,0,,8.0,synthetic
L04_C022,L04,propagation_delay,24,4.91647931916788,ns,125.0,STATIC_BURN_IN,INST_01,CH_06,VALID,0,,8.0,synthetic
L04_C022,L04,propagation_delay,96,4.923686490764954,ns,125.0,STATIC_BURN_IN,INST_01,CH_06,VALID,0,,8.0,synthetic
L04_C022,L04,propagation_delay,168,4.928524750453511,ns,125.0,STATIC_BURN_IN,INST_01,CH_06,VALID,0,,8.0,synthetic
L04_C023,L04,leakage_current,0,5.461644342590663,uA,125.0,STATIC_BURN_IN,INST_01,CH_07,VALID,2,,50.0,synthetic
L04_C023,L04,leakage_current,24,5.605287967594515,uA,125.0,STATIC_BURN_IN,INST_01,CH_07,VALID,2,,50.0,synthetic
L04_C023,L04,leakage_current,96,5.425482407200998,uA,125.0,STATIC_BURN_IN,INST_01,CH_07,VALID,2,,50.0,synthetic
L04_C023,L04,leakage_current,168,5.409578819808981,uA,125.0,STATIC_BURN_IN,INST_01,CH_07,VALID,2,,50.0,synthetic
L04_C023,L04,iddq,0,0.5763604335861063,mA,125.0,STATIC_BURN_IN,INST_01,CH_07,VALID,2,,2.0,synthetic
L04_C023,L04,iddq,24,0.5747346544696443,mA,125.0,STATIC_BURN_IN,INST_01,CH_07,VALID,2,,2.0,synthetic
L04_C023,L04,iddq,96,0.5826981478931151,mA,125.0,STATIC_BURN_IN,INST_01,CH_07,VALID,2,,2.0,synthetic
L04_C023,L04,iddq,168,0.6101278198268587,mA,125.0,STATIC_BURN_IN,INST_01,CH_07,VALID,2,,2.0,synthetic
L04_C023,L04,propagation_delay,0,5.706048421014616,ns,125.0,STATIC_BURN_IN,INST_01,CH_07,VALID,2,,8.0,synthetic
L04_C023,L04,propagation_delay,24,5.83601934131523,ns,125.0,STATIC_BURN_IN,INST_01,CH_07,VALID,2,,8.0,synthetic
L04_C023,L04,propagation_delay,96,5.642390495623761,ns,125.0,STATIC_BURN_IN,INST_01,CH_07,VALID,2,,8.0,synthetic
L04_C023,L04,propagation_delay,168,5.800281146892927,ns,125.0,STATIC_BURN_IN,INST_01,CH_07,VALID,2,,8.0,synthetic
L04_C024,L04,leakage_current,0,7.623909473433724,uA,125.0,STATIC_BURN_IN,INST_01,CH_08,VALID,0,,50.0,synthetic
L04_C024,L04,leakage_current,24,8.059701006099713,uA,125.0,STATIC_BURN_IN,INST_01,CH_08,VALID,0,,50.0,synthetic
L04_C024,L04,leakage_current,96,8.025840937766011,uA,125.0,STATIC_BURN_IN,INST_01,CH_08,VALID,0,,50.0,synthetic
L04_C024,L04,leakage_current,168,8.110294421922363,uA,125.0,STATIC_BURN_IN,INST_01,CH_08,VALID,0,,50.0,synthetic
L04_C024,L04,iddq,0,0.4842186686741343,mA,125.0,STATIC_BURN_IN,INST_01,CH_08,VALID,0,,2.0,synthetic
L04_C024,L04,iddq,24,0.48290552725664343,mA,125.0,STATIC_BURN_IN,INST_01,CH_08,VALID,0,,2.0,synthetic
L04_C024,L04,iddq,96,0.48044407501413083,mA,125.0,STATIC_BURN_IN,INST_01,CH_08,VALID,0,,2.0,synthetic
L04_C024,L04,iddq,168,0.47607430270522433,mA,125.0,STATIC_BURN_IN,INST_01,CH_08,VALID,0,,2.0,synthetic
L04_C024,L04,propagation_delay,0,4.6428984960481765,ns,125.0,STATIC_BURN_IN,INST_01,CH_08,VALID,0,,8.0,synthetic
L04_C024,L04,propagation_delay,24,4.631530580564689,ns,125.0,STATIC_BURN_IN,INST_01,CH_08,VALID,0,,8.0,synthetic
L04_C024,L04,propagation_delay,96,4.48286825503897,ns,125.0,STATIC_BURN_IN,INST_01,CH_08,VALID,0,,8.0,synthetic
L04_C024,L04,propagation_delay,168,4.421870543181505,ns,125.0,STATIC_BURN_IN,INST_01,CH_08,VALID,0,,8.0,synthetic
L04_C025,L04,leakage_current,0,8.891189172395864,uA,125.0,STATIC_BURN_IN,INST_02,CH_01,VALID,0,,50.0,synthetic
L04_C025,L04,leakage_current,24,9.082637118854969,uA,125.0,STATIC_BURN_IN,INST_02,CH_01,VALID,0,,50.0,synthetic
L04_C025,L04,leakage_current,96,8.816769571618225,uA,125.0,STATIC_BURN_IN,INST_02,CH_01,VALID,0,,50.0,synthetic
L04_C025,L04,leakage_current,168,8.999619820425758,uA,125.0,STATIC_BURN_IN,INST_02,CH_01,VALID,0,,50.0,synthetic
L04_C025,L04,iddq,0,0.43538907589267695,mA,125.0,STATIC_BURN_IN,INST_02,CH_01,VALID,0,,2.0,synthetic
L04_C025,L04,iddq,24,0.4265921615123502,mA,125.0,STATIC_BURN_IN,INST_02,CH_01,VALID,0,,2.0,synthetic
L04_C025,L04,iddq,96,0.4176647738374446,mA,125.0,STATIC_BURN_IN,INST_02,CH_01,VALID,0,,2.0,synthetic
L04_C025,L04,iddq,168,0.40788273349537735,mA,125.0,STATIC_BURN_IN,INST_02,CH_01,VALID,0,,2.0,synthetic
L04_C025,L04,propagation_delay,0,4.384514963364557,ns,125.0,STATIC_BURN_IN,INST_02,CH_01,VALID,0,,8.0,synthetic
L04_C025,L04,propagation_delay,24,4.218412871950614,ns,125.0,STATIC_BURN_IN,INST_02,CH_01,VALID,0,,8.0,synthetic
L04_C025,L04,propagation_delay,96,4.40713040976165,ns,125.0,STATIC_BURN_IN,INST_02,CH_01,VALID,0,,8.0,synthetic
L04_C025,L04,propagation_delay,168,4.2992665676324995,ns,125.0,STATIC_BURN_IN,INST_02,CH_01,VALID,0,,8.0,synthetic
L04_C026,L04,leakage_current,0,11.30194627546724,uA,125.0,STATIC_BURN_IN,INST_02,CH_02,VALID,1,,50.0,synthetic
L04_C026,L04,leakage_current,24,11.549883322111375,uA,125.0,STATIC_BURN_IN,INST_02,CH_02,VALID,1,,50.0,synthetic
L04_C026,L04,leakage_current,96,11.619766344377684,uA,125.0,STATIC_BURN_IN,INST_02,CH_02,VALID,1,,50.0,synthetic
L04_C026,L04,leakage_current,168,11.477569766054138,uA,125.0,STATIC_BURN_IN,INST_02,CH_02,VALID,1,,50.0,synthetic
L04_C026,L04,iddq,0,0.30712822227452236,mA,125.0,STATIC_BURN_IN,INST_02,CH_02,VALID,1,,2.0,synthetic
L04_C026,L04,iddq,24,0.30565464042248547,mA,125.0,STATIC_BURN_IN,INST_02,CH_02,VALID,1,,2.0,synthetic
L04_C026,L04,iddq,96,0.307845632900947,mA,125.0,STATIC_BURN_IN,INST_02,CH_02,VALID,1,,2.0,synthetic
L04_C026,L04,iddq,168,0.29736279993453046,mA,125.0,STATIC_BURN_IN,INST_02,CH_02,VALID,1,,2.0,synthetic
L04_C026,L04,propagation_delay,0,3.8112784602619527,ns,125.0,STATIC_BURN_IN,INST_02,CH_02,VALID,1,,8.0,synthetic
L04_C026,L04,propagation_delay,24,3.87358781575035,ns,125.0,STATIC_BURN_IN,INST_02,CH_02,VALID,1,,8.0,synthetic
L04_C026,L04,propagation_delay,96,3.814738690485546,ns,125.0,STATIC_BURN_IN,INST_02,CH_02,VALID,1,,8.0,synthetic
L04_C026,L04,propagation_delay,168,3.942201702280832,ns,125.0,STATIC_BURN_IN,INST_02,CH_02,VALID,1,,8.0,synthetic
L04_C027,L04,leakage_current,0,10.211846494761913,uA,125.0,STATIC_BURN_IN,INST_02,CH_03,VALID,0,,50.0,synthetic
L04_C027,L04,leakage_current,24,10.948940570634516,uA,125.0,STATIC_BURN_IN,INST_02,CH_03,VALID,0,,50.0,synthetic
L04_C027,L04,leakage_current,96,15.143655299738077,uA,125.0,STATIC_BURN_IN,INST_02,CH_03,VALID,0,,50.0,synthetic
L04_C027,L04,leakage_current,168,28.949932439291658,uA,125.0,STATIC_BURN_IN,INST_02,CH_03,VALID,0,,50.0,synthetic
L04_C027,L04,iddq,0,0.38396624642555777,mA,125.0,STATIC_BURN_IN,INST_02,CH_03,VALID,0,,2.0,synthetic
L04_C027,L04,iddq,24,0.4091163466984121,mA,125.0,STATIC_BURN_IN,INST_02,CH_03,VALID,0,,2.0,synthetic
L04_C027,L04,iddq,96,0.5224476119746672,mA,125.0,STATIC_BURN_IN,INST_02,CH_03,VALID,0,,2.0,synthetic
L04_C027,L04,iddq,168,0.8797796050898316,mA,125.0,STATIC_BURN_IN,INST_02,CH_03,VALID,0,,2.0,synthetic
L04_C027,L04,propagation_delay,0,4.262096295626136,ns,125.0,STATIC_BURN_IN,INST_02,CH_03,VALID,0,,8.0,synthetic
L04_C027,L04,propagation_delay,24,4.4058547797429375,ns,125.0,STATIC_BURN_IN,INST_02,CH_03,VALID,0,,8.0,synthetic
L04_C027,L04,propagation_delay,96,4.963419332974599,ns,125.0,STATIC_BURN_IN,INST_02,CH_03,VALID,0,,8.0,synthetic
L04_C027,L04,propagation_delay,168,5.979762524632124,ns,125.0,STATIC_BURN_IN,INST_02,CH_03,VALID,0,,8.0,synthetic
L04_C028,L04,leakage_current,0,6.225685674167546,uA,125.0,STATIC_BURN_IN,INST_02,CH_04,VALID,0,,50.0,synthetic
L04_C028,L04,leakage_current,24,6.116452915106933,uA,125.0,STATIC_BURN_IN,INST_02,CH_04,VALID,0,,50.0,synthetic
L04_C028,L04,leakage_current,96,6.226624729810466,uA,125.0,STATIC_BURN_IN,INST_02,CH_04,VALID,0,,50.0,synthetic
L04_C028,L04,leakage_current,168,6.247816012207247,uA,125.0,STATIC_BURN_IN,INST_02,CH_04,VALID,0,,50.0,synthetic
L04_C028,L04,iddq,0,0.6555029985826107,mA,125.0,STATIC_BURN_IN,INST_02,CH_04,VALID,0,,2.0,synthetic
L04_C028,L04,iddq,24,0.6546673377336244,mA,125.0,STATIC_BURN_IN,INST_02,CH_04,VALID,0,,2.0,synthetic
L04_C028,L04,iddq,96,0.6339600646982301,mA,125.0,STATIC_BURN_IN,INST_02,CH_04,VALID,0,,2.0,synthetic
L04_C028,L04,iddq,168,0.6463589365294512,mA,125.0,STATIC_BURN_IN,INST_02,CH_04,VALID,0,,2.0,synthetic
L04_C028,L04,propagation_delay,0,4.965330890681607,ns,125.0,STATIC_BURN_IN,INST_02,CH_04,VALID,0,,8.0,synthetic
L04_C028,L04,propagation_delay,24,4.8667385765655915,ns,125.0,STATIC_BURN_IN,INST_02,CH_04,VALID,0,,8.0,synthetic
L04_C028,L04,propagation_delay,96,4.927170905008,ns,125.0,STATIC_BURN_IN,INST_02,CH_04,VALID,0,,8.0,synthetic
L04_C029,L04,leakage_current,0,13.043191972260638,uA,125.0,STATIC_BURN_IN,INST_02,CH_05,VALID,0,,50.0,synthetic
L04_C029,L04,leakage_current,24,13.090725582286856,uA,125.0,STATIC_BURN_IN,INST_02,CH_05,VALID,0,,50.0,synthetic
L04_C029,L04,leakage_current,96,13.312113266622303,uA,125.0,STATIC_BURN_IN,INST_02,CH_05,VALID,0,,50.0,synthetic
L04_C029,L04,leakage_current,168,13.43875619849261,uA,125.0,STATIC_BURN_IN,INST_02,CH_05,VALID,0,,50.0,synthetic
L04_C029,L04,iddq,0,0.4239930756118246,mA,125.0,STATIC_BURN_IN,INST_02,CH_05,VALID,0,,2.0,synthetic
L04_C029,L04,iddq,24,0.4272690285746091,mA,125.0,STATIC_BURN_IN,INST_02,CH_05,VALID,0,,2.0,synthetic
L04_C029,L04,iddq,96,0.42339002975735807,mA,125.0,STATIC_BURN_IN,INST_02,CH_05,VALID,0,,2.0,synthetic
L04_C029,L04,iddq,168,0.41737303442886886,mA,125.0,STATIC_BURN_IN,INST_02,CH_05,VALID,0,,2.0,synthetic
L04_C029,L04,propagation_delay,0,4.773829481353655,ns,125.0,STATIC_BURN_IN,INST_02,CH_05,VALID,0,,8.0,synthetic
L04_C029,L04,propagation_delay,24,4.675401553819451,ns,125.0,STATIC_BURN_IN,INST_02,CH_05,VALID,0,,8.0,synthetic
L04_C029,L04,propagation_delay,96,4.69364631664987,ns,125.0,STATIC_BURN_IN,INST_02,CH_05,VALID,0,,8.0,synthetic
L04_C029,L04,propagation_delay,168,4.624022168944549,ns,125.0,STATIC_BURN_IN,INST_02,CH_05,VALID,0,,8.0,synthetic
L04_C030,L04,leakage_current,0,6.488527114324601,uA,125.0,STATIC_BURN_IN,INST_02,CH_06,VALID,0,,50.0,synthetic
L04_C030,L04,leakage_current,24,6.510466562716918,uA,125.0,STATIC_BURN_IN,INST_02,CH_06,VALID,0,,50.0,synthetic
L04_C030,L04,leakage_current,96,6.500516996928699,uA,125.0,STATIC_BURN_IN,INST_02,CH_06,VALID,0,,50.0,synthetic
L04_C030,L04,leakage_current,168,6.509411313126125,uA,125.0,STATIC_BURN_IN,INST_02,CH_06,VALID,0,,50.0,synthetic
L04_C030,L04,iddq,0,0.4957435179564599,mA,125.0,STATIC_BURN_IN,INST_02,CH_06,VALID,0,,2.0,synthetic
L04_C030,L04,iddq,24,0.48829482316292344,mA,125.0,STATIC_BURN_IN,INST_02,CH_06,VALID,0,,2.0,synthetic
L04_C030,L04,iddq,96,0.4651586856964673,mA,125.0,STATIC_BURN_IN,INST_02,CH_06,VALID,0,,2.0,synthetic
L04_C030,L04,iddq,168,0.4914340060786101,mA,125.0,STATIC_BURN_IN,INST_02,CH_06,VALID,0,,2.0,synthetic
L04_C030,L04,propagation_delay,0,5.083337833604988,ns,125.0,STATIC_BURN_IN,INST_02,CH_06,VALID,0,,8.0,synthetic
L04_C030,L04,propagation_delay,24,5.2018637965285235,ns,125.0,STATIC_BURN_IN,INST_02,CH_06,VALID,0,,8.0,synthetic
L04_C030,L04,propagation_delay,96,5.180473555215437,ns,125.0,STATIC_BURN_IN,INST_02,CH_06,VALID,0,,8.0,synthetic
L04_C030,L04,propagation_delay,168,5.062674034393817,ns,125.0,STATIC_BURN_IN,INST_02,CH_06,VALID,0,,8.0,synthetic
L05_C001,L05,leakage_current,0,10.019073354150244,uA,125.0,STATIC_BURN_IN,INST_01,CH_01,VALID,0,,50.0,synthetic
L05_C001,L05,leakage_current,96,9.987611152526505,uA,125.0,STATIC_BURN_IN,INST_01,CH_01,VALID,0,,50.0,synthetic
L05_C001,L05,leakage_current,168,10.057160238120135,uA,125.0,STATIC_BURN_IN,INST_01,CH_01,VALID,0,,50.0,synthetic
L05_C001,L05,iddq,0,0.4576718079149799,mA,125.0,STATIC_BURN_IN,INST_01,CH_01,VALID,0,,2.0,synthetic
L05_C001,L05,iddq,24,0.4287353358463349,mA,125.0,STATIC_BURN_IN,INST_01,CH_01,VALID,0,,2.0,synthetic
L05_C001,L05,iddq,96,0.42640147694929564,mA,125.0,STATIC_BURN_IN,INST_01,CH_01,VALID,0,,2.0,synthetic
L05_C001,L05,iddq,168,0.44258159705657757,mA,125.0,STATIC_BURN_IN,INST_01,CH_01,VALID,0,,2.0,synthetic
L05_C001,L05,propagation_delay,0,5.440214262223593,ns,125.0,STATIC_BURN_IN,INST_01,CH_01,VALID,0,,8.0,synthetic
L05_C001,L05,propagation_delay,24,5.498286888159228,ns,125.0,STATIC_BURN_IN,INST_01,CH_01,VALID,0,,8.0,synthetic
L05_C001,L05,propagation_delay,96,5.435909692044057,ns,125.0,STATIC_BURN_IN,INST_01,CH_01,VALID,0,,8.0,synthetic
L05_C001,L05,propagation_delay,168,5.36034808199575,ns,125.0,STATIC_BURN_IN,INST_01,CH_01,VALID,0,,8.0,synthetic
L05_C002,L05,leakage_current,0,7.532471223918873,uA,125.0,STATIC_BURN_IN,INST_01,CH_02,VALID,0,,50.0,synthetic
L05_C002,L05,leakage_current,96,7.4299324784171,uA,125.0,STATIC_BURN_IN,INST_01,CH_02,VALID,0,,50.0,synthetic
L05_C002,L05,leakage_current,168,7.716902237518671,uA,125.0,STATIC_BURN_IN,INST_01,CH_02,VALID,0,,50.0,synthetic
L05_C002,L05,iddq,0,0.4116708398637082,mA,125.0,STATIC_BURN_IN,INST_01,CH_02,VALID,0,,2.0,synthetic
L05_C002,L05,iddq,24,0.4099574423962698,mA,125.0,STATIC_BURN_IN,INST_01,CH_02,VALID,0,,2.0,synthetic
L05_C002,L05,iddq,96,0.4034813262457156,mA,125.0,STATIC_BURN_IN,INST_01,CH_02,VALID,0,,2.0,synthetic
L05_C002,L05,iddq,168,0.42133958931680204,mA,125.0,STATIC_BURN_IN,INST_01,CH_02,VALID,0,,2.0,synthetic
L05_C002,L05,propagation_delay,24,5.002334534219192,ns,125.0,STATIC_BURN_IN,INST_01,CH_02,VALID,0,,8.0,synthetic
L05_C002,L05,propagation_delay,96,4.921509477906347,ns,125.0,STATIC_BURN_IN,INST_01,CH_02,VALID,0,,8.0,synthetic
L05_C002,L05,propagation_delay,168,5.071785023177411,ns,125.0,STATIC_BURN_IN,INST_01,CH_02,VALID,0,,8.0,synthetic
L05_C003,L05,leakage_current,0,10.65158106598945,uA,125.0,STATIC_BURN_IN,INST_01,CH_03,VALID,0,,50.0,synthetic
L05_C003,L05,leakage_current,24,10.522150829071952,uA,125.0,STATIC_BURN_IN,INST_01,CH_03,VALID,0,,50.0,synthetic
L05_C003,L05,leakage_current,96,10.437506935723704,uA,125.0,STATIC_BURN_IN,INST_01,CH_03,VALID,0,,50.0,synthetic
L05_C003,L05,leakage_current,168,11.008811592483616,uA,125.0,STATIC_BURN_IN,INST_01,CH_03,VALID,0,,50.0,synthetic
L05_C003,L05,iddq,0,0.5395399062821074,mA,125.0,STATIC_BURN_IN,INST_01,CH_03,VALID,0,,2.0,synthetic
L05_C003,L05,iddq,24,0.5219799805866108,mA,125.0,STATIC_BURN_IN,INST_01,CH_03,VALID,0,,2.0,synthetic
L05_C003,L05,iddq,96,0.5310266479976312,mA,125.0,STATIC_BURN_IN,INST_01,CH_03,VALID,0,,2.0,synthetic
L05_C003,L05,iddq,168,0.5309482310518298,mA,125.0,STATIC_BURN_IN,INST_01,CH_03,VALID,0,,2.0,synthetic
L05_C003,L05,propagation_delay,0,5.427818453459259,ns,125.0,STATIC_BURN_IN,INST_01,CH_03,VALID,0,,8.0,synthetic
L05_C003,L05,propagation_delay,24,5.510004201130097,ns,125.0,STATIC_BURN_IN,INST_01,CH_03,VALID,0,,8.0,synthetic
L05_C003,L05,propagation_delay,96,5.441300534205115,ns,125.0,STATIC_BURN_IN,INST_01,CH_03,VALID,0,,8.0,synthetic
L05_C003,L05,propagation_delay,168,5.5315045906030536,ns,125.0,STATIC_BURN_IN,INST_01,CH_03,VALID,0,,8.0,synthetic
L05_C004,L05,leakage_current,0,11.524453121113115,uA,125.0,STATIC_BURN_IN,INST_01,CH_04,VALID,0,,50.0,synthetic
L05_C004,L05,leakage_current,24,11.463480348033288,uA,125.0,STATIC_BURN_IN,INST_01,CH_04,VALID,0,,50.0,synthetic
L05_C004,L05,leakage_current,96,11.31997248929448,uA,125.0,STATIC_BURN_IN,INST_01,CH_04,VALID,0,,50.0,synthetic
L05_C004,L05,leakage_current,168,11.544542089789875,uA,125.0,STATIC_BURN_IN,INST_01,CH_04,VALID,0,,50.0,synthetic
L05_C004,L05,iddq,0,0.6456792535703494,mA,125.0,STATIC_BURN_IN,INST_01,CH_04,VALID,0,,2.0,synthetic
L05_C004,L05,iddq,24,0.6171441481466042,mA,125.0,STATIC_BURN_IN,INST_01,CH_04,VALID,0,,2.0,synthetic
L05_C004,L05,iddq,96,0.6259357901798084,mA,125.0,STATIC_BURN_IN,INST_01,CH_04,VALID,0,,2.0,synthetic
L05_C004,L05,iddq,168,0.6172025128895863,mA,125.0,STATIC_BURN_IN,INST_01,CH_04,VALID,0,,2.0,synthetic
L05_C004,L05,propagation_delay,0,5.728699005242372,ns,125.0,STATIC_BURN_IN,INST_01,CH_04,VALID,0,,8.0,synthetic
L05_C004,L05,propagation_delay,24,5.687862151289538,ns,125.0,STATIC_BURN_IN,INST_01,CH_04,VALID,0,,8.0,synthetic
L05_C004,L05,propagation_delay,96,5.792373491410117,ns,125.0,STATIC_BURN_IN,INST_01,CH_04,VALID,0,,8.0,synthetic
L05_C005,L05,leakage_current,0,7.104246057389452,uA,125.0,STATIC_BURN_IN,INST_01,CH_05,VALID,0,,50.0,synthetic
L05_C005,L05,leakage_current,24,6.867050656256457,uA,125.0,STATIC_BURN_IN,INST_01,CH_05,VALID,0,,50.0,synthetic
L05_C005,L05,leakage_current,96,6.889441181467922,uA,125.0,STATIC_BURN_IN,INST_01,CH_05,VALID,0,,50.0,synthetic
L05_C005,L05,leakage_current,168,7.1462965202168025,uA,125.0,STATIC_BURN_IN,INST_01,CH_05,VALID,0,,50.0,synthetic
L05_C005,L05,iddq,0,0.5048481357890184,mA,125.0,STATIC_BURN_IN,INST_01,CH_05,VALID,0,,2.0,synthetic
L05_C005,L05,iddq,24,0.5096200176073268,mA,125.0,STATIC_BURN_IN,INST_01,CH_05,VALID,0,,2.0,synthetic
L05_C005,L05,iddq,96,0.4897359921951868,mA,125.0,STATIC_BURN_IN,INST_01,CH_05,VALID,0,,2.0,synthetic
L05_C005,L05,iddq,168,0.5181546558800354,mA,125.0,STATIC_BURN_IN,INST_01,CH_05,VALID,0,,2.0,synthetic
L05_C005,L05,propagation_delay,0,4.6163240500489975,ns,125.0,STATIC_BURN_IN,INST_01,CH_05,VALID,0,,8.0,synthetic
L05_C005,L05,propagation_delay,24,4.553551574874109,ns,125.0,STATIC_BURN_IN,INST_01,CH_05,VALID,0,,8.0,synthetic
L05_C005,L05,propagation_delay,96,4.35830361279913,ns,125.0,STATIC_BURN_IN,INST_01,CH_05,VALID,0,,8.0,synthetic
L05_C005,L05,propagation_delay,168,4.4278433329884805,ns,125.0,STATIC_BURN_IN,INST_01,CH_05,VALID,0,,8.0,synthetic
L05_C006,L05,leakage_current,0,8.193266851286948,uA,125.0,STATIC_BURN_IN,INST_01,CH_06,VALID,0,,50.0,synthetic
L05_C006,L05,leakage_current,24,8.050190253989873,uA,125.0,STATIC_BURN_IN,INST_01,CH_06,VALID,0,,50.0,synthetic
L05_C006,L05,leakage_current,96,7.96781203913884,uA,125.0,STATIC_BURN_IN,INST_01,CH_06,VALID,0,,50.0,synthetic
L05_C006,L05,leakage_current,168,8.061104438630815,uA,125.0,STATIC_BURN_IN,INST_01,CH_06,VALID,0,,50.0,synthetic
L05_C006,L05,iddq,0,0.5610140346299167,mA,125.0,STATIC_BURN_IN,INST_01,CH_06,VALID,0,,2.0,synthetic
L05_C006,L05,iddq,24,0.5681791110529587,mA,125.0,STATIC_BURN_IN,INST_01,CH_06,VALID,0,,2.0,synthetic
L05_C006,L05,iddq,96,0.5732980753649676,mA,125.0,STATIC_BURN_IN,INST_01,CH_06,VALID,0,,2.0,synthetic
L05_C006,L05,iddq,168,0.5604746778144417,mA,125.0,STATIC_BURN_IN,INST_01,CH_06,VALID,0,,2.0,synthetic
L05_C006,L05,propagation_delay,0,4.784526603368303,ns,125.0,STATIC_BURN_IN,INST_01,CH_06,VALID,0,,8.0,synthetic
L05_C006,L05,propagation_delay,24,4.934029072275397,ns,125.0,STATIC_BURN_IN,INST_01,CH_06,VALID,0,,8.0,synthetic
L05_C006,L05,propagation_delay,96,4.885252095465866,ns,125.0,STATIC_BURN_IN,INST_01,CH_06,VALID,0,,8.0,synthetic
L05_C006,L05,propagation_delay,168,4.854544624538922,ns,125.0,STATIC_BURN_IN,INST_01,CH_06,VALID,0,,8.0,synthetic
L05_C007,L05,leakage_current,0,13.029865899992883,uA,125.0,STATIC_BURN_IN,INST_01,CH_07,VALID,0,,50.0,synthetic
L05_C007,L05,leakage_current,24,14.064600164851521,uA,125.0,STATIC_BURN_IN,INST_01,CH_07,VALID,0,,50.0,synthetic
L05_C007,L05,leakage_current,96,18.444070298017987,uA,125.0,STATIC_BURN_IN,INST_01,CH_07,VALID,0,,50.0,synthetic
L05_C007,L05,leakage_current,168,27.626930528393622,uA,125.0,STATIC_BURN_IN,INST_01,CH_07,VALID,0,,50.0,synthetic
L05_C007,L05,iddq,0,0.4337289390884641,mA,125.0,STATIC_BURN_IN,INST_01,CH_07,VALID,0,,2.0,synthetic
L05_C007,L05,iddq,24,0.48219322927074865,mA,125.0,STATIC_BURN_IN,INST_01,CH_07,VALID,0,,2.0,synthetic
L05_C007,L05,iddq,96,0.6817241802861963,mA,125.0,STATIC_BURN_IN,INST_01,CH_07,VALID,0,,2.0,synthetic
L05_C007,L05,iddq,168,0.9431779746527826,mA,125.0,STATIC_BURN_IN,INST_01,CH_07,VALID,0,,2.0,synthetic
L05_C007,L05,propagation_delay,0,4.448878526342115,ns,125.0,STATIC_BURN_IN,INST_01,CH_07,VALID,0,,8.0,synthetic
L05_C007,L05,propagation_delay,24,4.591388413368603,ns,125.0,STATIC_BURN_IN,INST_01,CH_07,VALID,0,,8.0,synthetic
L05_C007,L05,propagation_delay,96,5.110192646166064,ns,125.0,STATIC_BURN_IN,INST_01,CH_07,VALID,0,,8.0,synthetic
L05_C007,L05,propagation_delay,168,5.634606533689346,ns,125.0,STATIC_BURN_IN,INST_01,CH_07,VALID,0,,8.0,synthetic
L05_C008,L05,leakage_current,0,10.495113517589974,uA,125.0,STATIC_BURN_IN,INST_01,CH_08,VALID,0,,50.0,synthetic
L05_C008,L05,leakage_current,24,10.220505555927044,uA,125.0,STATIC_BURN_IN,INST_01,CH_08,VALID,0,,50.0,synthetic
L05_C008,L05,leakage_current,96,10.449478133675118,uA,125.0,STATIC_BURN_IN,INST_01,CH_08,VALID,0,,50.0,synthetic
L05_C008,L05,leakage_current,168,10.527365972361775,uA,125.0,STATIC_BURN_IN,INST_01,CH_08,VALID,0,,50.0,synthetic
L05_C008,L05,iddq,0,0.5950820292075508,mA,125.0,STATIC_BURN_IN,INST_01,CH_08,VALID,0,,2.0,synthetic
L05_C008,L05,iddq,24,0.6179393254613935,mA,125.0,STATIC_BURN_IN,INST_01,CH_08,VALID,0,,2.0,synthetic
L05_C008,L05,iddq,96,0.609808987053528,mA,125.0,STATIC_BURN_IN,INST_01,CH_08,VALID,0,,2.0,synthetic
L05_C008,L05,iddq,168,0.6178453721122138,mA,125.0,STATIC_BURN_IN,INST_01,CH_08,VALID,0,,2.0,synthetic
L05_C008,L05,propagation_delay,0,5.345950816061628,ns,125.0,STATIC_BURN_IN,INST_01,CH_08,VALID,0,,8.0,synthetic
L05_C008,L05,propagation_delay,24,5.360416550784684,ns,125.0,STATIC_BURN_IN,INST_01,CH_08,VALID,0,,8.0,synthetic
L05_C008,L05,propagation_delay,96,5.276375888671036,ns,125.0,STATIC_BURN_IN,INST_01,CH_08,VALID,0,,8.0,synthetic
L05_C008,L05,propagation_delay,168,5.473383643617587,ns,125.0,STATIC_BURN_IN,INST_01,CH_08,VALID,0,,8.0,synthetic
L05_C009,L05,leakage_current,0,15.665570096894314,uA,125.0,STATIC_BURN_IN,INST_02,CH_01,VALID,0,,50.0,synthetic
L05_C009,L05,leakage_current,24,15.570044485960794,uA,125.0,STATIC_BURN_IN,INST_02,CH_01,VALID,0,,50.0,synthetic
L05_C009,L05,leakage_current,96,15.4552395041361,uA,125.0,STATIC_BURN_IN,INST_02,CH_01,VALID,0,,50.0,synthetic
L05_C009,L05,iddq,0,0.4286303649241564,mA,125.0,STATIC_BURN_IN,INST_02,CH_01,VALID,0,,2.0,synthetic
L05_C009,L05,iddq,24,0.41685536749253016,mA,125.0,STATIC_BURN_IN,INST_02,CH_01,VALID,0,,2.0,synthetic
L05_C009,L05,iddq,96,0.41912172391103053,mA,125.0,STATIC_BURN_IN,INST_02,CH_01,VALID,0,,2.0,synthetic
L05_C009,L05,iddq,168,0.4314947653106192,mA,125.0,STATIC_BURN_IN,INST_02,CH_01,VALID,0,,2.0,synthetic
L05_C009,L05,propagation_delay,0,5.2363850900936315,ns,125.0,STATIC_BURN_IN,INST_02,CH_01,VALID,0,,8.0,synthetic
L05_C009,L05,propagation_delay,24,5.192202010397845,ns,125.0,STATIC_BURN_IN,INST_02,CH_01,VALID,0,,8.0,synthetic
L05_C009,L05,propagation_delay,96,5.351362986863635,ns,125.0,STATIC_BURN_IN,INST_02,CH_01,VALID,0,,8.0,synthetic
L05_C009,L05,propagation_delay,168,5.458313261982036,ns,125.0,STATIC_BURN_IN,INST_02,CH_01,VALID,0,,8.0,synthetic
L05_C010,L05,leakage_current,0,18.998333308914432,uA,125.0,STATIC_BURN_IN,INST_02,CH_02,VALID,0,,50.0,synthetic
L05_C010,L05,leakage_current,24,18.34479912800538,uA,125.0,STATIC_BURN_IN,INST_02,CH_02,VALID,0,,50.0,synthetic
L05_C010,L05,leakage_current,96,18.730820194998252,uA,125.0,STATIC_BURN_IN,INST_02,CH_02,VALID,0,,50.0,synthetic
L05_C010,L05,leakage_current,168,19.220572688393528,uA,125.0,STATIC_BURN_IN,INST_02,CH_02,VALID,0,,50.0,synthetic
L05_C010,L05,iddq,0,0.4714558122354593,mA,125.0,STATIC_BURN_IN,INST_02,CH_02,VALID,0,,2.0,synthetic
L05_C010,L05,iddq,24,0.48750152308262024,mA,125.0,STATIC_BURN_IN,INST_02,CH_02,VALID,0,,2.0,synthetic
L05_C010,L05,iddq,96,0.48850153961361553,mA,125.0,STATIC_BURN_IN,INST_02,CH_02,VALID,0,,2.0,synthetic
L05_C010,L05,iddq,168,0.4934261085320471,mA,125.0,STATIC_BURN_IN,INST_02,CH_02,VALID,0,,2.0,synthetic
L05_C010,L05,propagation_delay,0,5.12538456686187,ns,125.0,STATIC_BURN_IN,INST_02,CH_02,VALID,0,,8.0,synthetic
L05_C010,L05,propagation_delay,24,5.523909536618377,ns,125.0,STATIC_BURN_IN,INST_02,CH_02,VALID,0,,8.0,synthetic
L05_C010,L05,propagation_delay,96,5.517510232447603,ns,125.0,STATIC_BURN_IN,INST_02,CH_02,VALID,0,,8.0,synthetic
L05_C010,L05,propagation_delay,168,5.602768590335863,ns,125.0,STATIC_BURN_IN,INST_02,CH_02,VALID,0,,8.0,synthetic
L05_C011,L05,leakage_current,0,12.081249186453064,uA,125.0,STATIC_BURN_IN,INST_02,CH_03,VALID,0,,50.0,synthetic
L05_C011,L05,leakage_current,24,12.30562139217529,uA,125.0,STATIC_BURN_IN,INST_02,CH_03,VALID,0,,50.0,synthetic
L05_C011,L05,leakage_current,96,12.683454164756146,uA,125.0,STATIC_BURN_IN,INST_02,CH_03,VALID,0,,50.0,synthetic
L05_C011,L05,leakage_current,168,12.436918216215359,uA,125.0,STATIC_BURN_IN,INST_02,CH_03,VALID,0,,50.0,synthetic
L05_C011,L05,iddq,24,0.44296251556346716,mA,125.0,STATIC_BURN_IN,INST_02,CH_03,VALID,0,,2.0,synthetic
L05_C011,L05,iddq,96,0.4421967592150105,mA,125.0,STATIC_BURN_IN,INST_02,CH_03,VALID,0,,2.0,synthetic
L05_C011,L05,iddq,168,0.43589373265942544,mA,125.0,STATIC_BURN_IN,INST_02,CH_03,VALID,0,,2.0,synthetic
L05_C011,L05,propagation_delay,0,4.95631913238976,ns,125.0,STATIC_BURN_IN,INST_02,CH_03,VALID,0,,8.0,synthetic
L05_C011,L05,propagation_delay,24,4.77063898754629,ns,125.0,STATIC_BURN_IN,INST_02,CH_03,VALID,0,,8.0,synthetic
L05_C011,L05,propagation_delay,96,4.901207917464622,ns,125.0,STATIC_BURN_IN,INST_02,CH_03,VALID,0,,8.0,synthetic
L05_C011,L05,propagation_delay,168,4.817200150796225,ns,125.0,STATIC_BURN_IN,INST_02,CH_03,VALID,0,,8.0,synthetic
L05_C012,L05,leakage_current,0,14.831804208204868,uA,125.0,STATIC_BURN_IN,INST_02,CH_04,VALID,0,,50.0,synthetic
L05_C012,L05,leakage_current,24,15.140969712679594,uA,125.0,STATIC_BURN_IN,INST_02,CH_04,VALID,0,,50.0,synthetic
L05_C012,L05,leakage_current,96,14.90923340394112,uA,125.0,STATIC_BURN_IN,INST_02,CH_04,VALID,0,,50.0,synthetic
L05_C012,L05,leakage_current,168,15.426439454597741,uA,125.0,STATIC_BURN_IN,INST_02,CH_04,VALID,0,,50.0,synthetic
L05_C012,L05,iddq,0,0.5939642797991088,mA,125.0,STATIC_BURN_IN,INST_02,CH_04,VALID,0,,2.0,synthetic
L05_C012,L05,iddq,24,0.5839511812919318,mA,125.0,STATIC_BURN_IN,INST_02,CH_04,VALID,0,,2.0,synthetic
L05_C012,L05,iddq,96,0.6136646479484088,mA,125.0,STATIC_BURN_IN,INST_02,CH_04,VALID,0,,2.0,synthetic
L05_C012,L05,iddq,168,0.6040611460070293,mA,125.0,STATIC_BURN_IN,INST_02,CH_04,VALID,0,,2.0,synthetic
L05_C012,L05,propagation_delay,0,5.668494586893179,ns,125.0,STATIC_BURN_IN,INST_02,CH_04,VALID,0,,8.0,synthetic
L05_C012,L05,propagation_delay,24,5.884297592612099,ns,125.0,STATIC_BURN_IN,INST_02,CH_04,VALID,0,,8.0,synthetic
L05_C012,L05,propagation_delay,96,5.828826083108001,ns,125.0,STATIC_BURN_IN,INST_02,CH_04,VALID,0,,8.0,synthetic
L05_C012,L05,propagation_delay,168,5.422828520648409,ns,125.0,STATIC_BURN_IN,INST_02,CH_04,VALID,0,,8.0,synthetic
L05_C013,L05,leakage_current,0,11.241437615379475,uA,125.0,STATIC_BURN_IN,INST_02,CH_05,VALID,1,,50.0,synthetic
L05_C013,L05,leakage_current,24,11.597497894644938,uA,125.0,STATIC_BURN_IN,INST_02,CH_05,VALID,1,,50.0,synthetic
L05_C013,L05,leakage_current,96,11.653524132900289,uA,125.0,STATIC_BURN_IN,INST_02,CH_05,VALID,1,,50.0,synthetic
L05_C013,L05,leakage_current,168,11.597766230956013,uA,125.0,STATIC_BURN_IN,INST_02,CH_05,VALID,1,,50.0,synthetic
L05_C013,L05,iddq,0,0.4186936148869887,mA,125.0,STATIC_BURN_IN,INST_02,CH_05,VALID,1,,2.0,synthetic
L05_C013,L05,iddq,24,0.4334182443348493,mA,125.0,STATIC_BURN_IN,INST_02,CH_05,VALID,1,,2.0,synthetic
L05_C013,L05,iddq,96,0.41548124853227825,mA,125.0,STATIC_BURN_IN,INST_02,CH_05,VALID,1,,2.0,synthetic
L05_C013,L05,iddq,168,0.415350000011393,mA,125.0,STATIC_BURN_IN,INST_02,CH_05,VALID,1,,2.0,synthetic
L05_C013,L05,propagation_delay,0,5.115034082235901,ns,125.0,STATIC_BURN_IN,INST_02,CH_05,VALID,1,,8.0,synthetic
L05_C013,L05,propagation_delay,24,5.27101834693034,ns,125.0,STATIC_BURN_IN,INST_02,CH_05,VALID,1,,8.0,synthetic
L05_C013,L05,propagation_delay,96,5.031487500874929,ns,125.0,STATIC_BURN_IN,INST_02,CH_05,VALID,1,,8.0,synthetic
L05_C013,L05,propagation_delay,168,5.068398563848898,ns,125.0,STATIC_BURN_IN,INST_02,CH_05,VALID,1,,8.0,synthetic
L05_C014,L05,leakage_current,0,13.763604672194015,uA,125.0,STATIC_BURN_IN,INST_02,CH_06,VALID,0,,50.0,synthetic
L05_C014,L05,leakage_current,24,14.634465689053716,uA,125.0,STATIC_BURN_IN,INST_02,CH_06,VALID,0,,50.0,synthetic
L05_C014,L05,leakage_current,96,21.40064126050906,uA,125.0,STATIC_BURN_IN,INST_02,CH_06,VALID,0,,50.0,synthetic
L05_C014,L05,leakage_current,168,46.64990501452802,uA,125.0,STATIC_BURN_IN,INST_02,CH_06,VALID,0,,50.0,synthetic
L05_C014,L05,iddq,0,0.528563786258083,mA,125.0,STATIC_BURN_IN,INST_02,CH_06,VALID,0,,2.0,synthetic
L05_C014,L05,iddq,24,0.5755035918167968,mA,125.0,STATIC_BURN_IN,INST_02,CH_06,VALID,0,,2.0,synthetic
L05_C014,L05,iddq,96,0.8607270578841972,mA,125.0,STATIC_BURN_IN,INST_02,CH_06,VALID,0,,2.0,synthetic
L05_C014,L05,iddq,168,1.680903664249667,mA,125.0,STATIC_BURN_IN,INST_02,CH_06,VALID,0,,2.0,synthetic
L05_C014,L05,propagation_delay,0,5.15132241394016,ns,125.0,STATIC_BURN_IN,INST_02,CH_06,VALID,0,,8.0,synthetic
L05_C014,L05,propagation_delay,24,5.314873018556055,ns,125.0,STATIC_BURN_IN,INST_02,CH_06,VALID,0,,8.0,synthetic
L05_C014,L05,propagation_delay,96,5.871332962626195,ns,125.0,STATIC_BURN_IN,INST_02,CH_06,VALID,0,,8.0,synthetic
L05_C014,L05,propagation_delay,168,7.044179519055027,ns,125.0,STATIC_BURN_IN,INST_02,CH_06,VALID,0,,8.0,synthetic
L05_C015,L05,leakage_current,0,13.55187989289244,uA,125.0,STATIC_BURN_IN,INST_02,CH_07,VALID,0,,50.0,synthetic
L05_C015,L05,leakage_current,24,13.723995904394343,uA,125.0,STATIC_BURN_IN,INST_02,CH_07,VALID,0,,50.0,synthetic
L05_C015,L05,leakage_current,96,13.32545996355013,uA,125.0,STATIC_BURN_IN,INST_02,CH_07,VALID,0,,50.0,synthetic
L05_C015,L05,leakage_current,168,13.668015455329728,uA,125.0,STATIC_BURN_IN,INST_02,CH_07,VALID,0,,50.0,synthetic
L05_C015,L05,iddq,0,0.4250413668330464,mA,125.0,STATIC_BURN_IN,INST_02,CH_07,VALID,0,,2.0,synthetic
L05_C015,L05,iddq,24,0.43704833049217146,mA,125.0,STATIC_BURN_IN,INST_02,CH_07,VALID,0,,2.0,synthetic
L05_C015,L05,iddq,96,0.43103664620682364,mA,125.0,STATIC_BURN_IN,INST_02,CH_07,VALID,0,,2.0,synthetic
L05_C015,L05,iddq,168,0.42807579356821684,mA,125.0,STATIC_BURN_IN,INST_02,CH_07,VALID,0,,2.0,synthetic
L05_C015,L05,propagation_delay,0,4.6202576933698465,ns,125.0,STATIC_BURN_IN,INST_02,CH_07,VALID,0,,8.0,synthetic
L05_C015,L05,propagation_delay,24,4.87013971050739,ns,125.0,STATIC_BURN_IN,INST_02,CH_07,VALID,0,,8.0,synthetic
L05_C015,L05,propagation_delay,168,4.5971001641595395,ns,125.0,STATIC_BURN_IN,INST_02,CH_07,VALID,0,,8.0,synthetic
L05_C016,L05,leakage_current,0,12.959601736647459,uA,125.0,STATIC_BURN_IN,INST_02,CH_08,VALID,0,,50.0,synthetic
L05_C016,L05,leakage_current,24,13.289551983955688,uA,125.0,STATIC_BURN_IN,INST_02,CH_08,VALID,0,,50.0,synthetic
L05_C016,L05,leakage_current,96,13.464655403974044,uA,125.0,STATIC_BURN_IN,INST_02,CH_08,VALID,0,,50.0,synthetic
L05_C016,L05,leakage_current,168,13.228753471888936,uA,125.0,STATIC_BURN_IN,INST_02,CH_08,VALID,0,,50.0,synthetic
L05_C016,L05,iddq,0,0.5387778055194398,mA,125.0,STATIC_BURN_IN,INST_02,CH_08,VALID,0,,2.0,synthetic
L05_C016,L05,iddq,24,0.5447210083289746,mA,125.0,STATIC_BURN_IN,INST_02,CH_08,VALID,0,,2.0,synthetic
L05_C016,L05,iddq,96,0.5476713249989248,mA,125.0,STATIC_BURN_IN,INST_02,CH_08,VALID,0,,2.0,synthetic
L05_C016,L05,iddq,168,0.5581275640576574,mA,125.0,STATIC_BURN_IN,INST_02,CH_08,VALID,0,,2.0,synthetic
L05_C016,L05,propagation_delay,0,5.802869399551342,ns,125.0,STATIC_BURN_IN,INST_02,CH_08,VALID,0,,8.0,synthetic
L05_C016,L05,propagation_delay,24,5.726707543241225,ns,125.0,STATIC_BURN_IN,INST_02,CH_08,VALID,0,,8.0,synthetic
L05_C016,L05,propagation_delay,96,5.501351656510303,ns,125.0,STATIC_BURN_IN,INST_02,CH_08,VALID,0,,8.0,synthetic
L05_C016,L05,propagation_delay,168,5.8446730594032275,ns,125.0,STATIC_BURN_IN,INST_02,CH_08,VALID,0,,8.0,synthetic
L05_C017,L05,leakage_current,0,13.694678087505775,uA,125.0,STATIC_BURN_IN,INST_01,CH_01,VALID,0,,50.0,synthetic
L05_C017,L05,leakage_current,24,13.900352236629997,uA,125.0,STATIC_BURN_IN,INST_01,CH_01,VALID,0,,50.0,synthetic
L05_C017,L05,leakage_current,96,13.615526320097118,uA,125.0,STATIC_BURN_IN,INST_01,CH_01,VALID,0,,50.0,synthetic
L05_C017,L05,leakage_current,168,13.35689524722684,uA,125.0,STATIC_BURN_IN,INST_01,CH_01,VALID,0,,50.0,synthetic
L05_C017,L05,iddq,24,0.3988764877994703,mA,125.0,STATIC_BURN_IN,INST_01,CH_01,VALID,0,,2.0,synthetic
L05_C017,L05,iddq,96,0.42116639438354714,mA,125.0,STATIC_BURN_IN,INST_01,CH_01,VALID,0,,2.0,synthetic
L05_C017,L05,propagation_delay,0,5.180515226965013,ns,125.0,STATIC_BURN_IN,INST_01,CH_01,VALID,0,,8.0,synthetic
L05_C017,L05,propagation_delay,24,5.420876058753225,ns,125.0,STATIC_BURN_IN,INST_01,CH_01,VALID,0,,8.0,synthetic
L05_C017,L05,propagation_delay,96,5.331542722844681,ns,125.0,STATIC_BURN_IN,INST_01,CH_01,VALID,0,,8.0,synthetic
L05_C017,L05,propagation_delay,168,5.446569379217665,ns,125.0,STATIC_BURN_IN,INST_01,CH_01,VALID,0,,8.0,synthetic
L05_C018,L05,leakage_current,0,14.172114143868288,uA,125.0,STATIC_BURN_IN,INST_01,CH_02,VALID,2,,50.0,synthetic
L05_C018,L05,leakage_current,24,14.834877253911236,uA,125.0,STATIC_BURN_IN,INST_01,CH_02,VALID,2,,50.0,synthetic
L05_C018,L05,leakage_current,96,21.594533716310078,uA,125.0,STATIC_BURN_IN,INST_01,CH_02,VALID,2,,50.0,synthetic
L05_C018,L05,leakage_current,168,45.489127025589696,uA,125.0,STATIC_BURN_IN,INST_01,CH_02,VALID,2,,50.0,synthetic
L05_C018,L05,iddq,0,0.43344544408164465,mA,125.0,STATIC_BURN_IN,INST_01,CH_02,VALID,2,,2.0,synthetic
L05_C018,L05,iddq,24,0.44069720195912593,mA,125.0,STATIC_BURN_IN,INST_01,CH_02,VALID,2,,2.0,synthetic
L05_C018,L05,iddq,96,0.6205864861709034,mA,125.0,STATIC_BURN_IN,INST_01,CH_02,VALID,2,,2.0,synthetic
L05_C018,L05,iddq,168,1.2310818578026659,mA,125.0,STATIC_BURN_IN,INST_01,CH_02,VALID,2,,2.0,synthetic
L05_C018,L05,propagation_delay,0,4.61437889504196,ns,125.0,STATIC_BURN_IN,INST_01,CH_02,VALID,2,,8.0,synthetic
L05_C018,L05,propagation_delay,24,4.5520197504956625,ns,125.0,STATIC_BURN_IN,INST_01,CH_02,VALID,2,,8.0,synthetic
L05_C018,L05,propagation_delay,96,5.212619650006637,ns,125.0,STATIC_BURN_IN,INST_01,CH_02,VALID,2,,8.0,synthetic
L05_C018,L05,propagation_delay,168,5.933616240546772,ns,125.0,STATIC_BURN_IN,INST_01,CH_02,VALID,2,,8.0,synthetic
L05_C019,L05,leakage_current,0,20.107078180480336,uA,125.0,STATIC_BURN_IN,INST_01,CH_03,VALID,0,,50.0,synthetic
L05_C019,L05,leakage_current,24,20.833372544138786,uA,125.0,STATIC_BURN_IN,INST_01,CH_03,VALID,0,,50.0,synthetic
L05_C019,L05,leakage_current,96,20.64672092876146,uA,125.0,STATIC_BURN_IN,INST_01,CH_03,VALID,0,,50.0,synthetic
L05_C019,L05,leakage_current,168,21.4290964071567,uA,125.0,STATIC_BURN_IN,INST_01,CH_03,VALID,0,,50.0,synthetic
L05_C019,L05,iddq,0,0.784954627714443,mA,125.0,STATIC_BURN_IN,INST_01,CH_03,VALID,0,,2.0,synthetic
L05_C019,L05,iddq,24,0.7923067060426906,mA,125.0,STATIC_BURN_IN,INST_01,CH_03,VALID,0,,2.0,synthetic
L05_C019,L05,iddq,96,0.7825706626553518,mA,125.0,STATIC_BURN_IN,INST_01,CH_03,VALID,0,,2.0,synthetic
L05_C019,L05,iddq,168,0.8097704210898722,mA,125.0,STATIC_BURN_IN,INST_01,CH_03,VALID,0,,2.0,synthetic
L05_C019,L05,propagation_delay,0,6.018291831496851,ns,125.0,STATIC_BURN_IN,INST_01,CH_03,VALID,0,,8.0,synthetic
L05_C019,L05,propagation_delay,24,6.249546737441948,ns,125.0,STATIC_BURN_IN,INST_01,CH_03,VALID,0,,8.0,synthetic
L05_C019,L05,propagation_delay,96,6.006120163187056,ns,125.0,STATIC_BURN_IN,INST_01,CH_03,VALID,0,,8.0,synthetic
L05_C019,L05,propagation_delay,168,6.1300642461152055,ns,125.0,STATIC_BURN_IN,INST_01,CH_03,VALID,0,,8.0,synthetic
L05_C020,L05,leakage_current,0,13.277380425026283,uA,125.0,STATIC_BURN_IN,INST_01,CH_04,VALID,0,,50.0,synthetic
L05_C020,L05,leakage_current,24,12.87850663172409,uA,125.0,STATIC_BURN_IN,INST_01,CH_04,VALID,0,,50.0,synthetic
L05_C020,L05,leakage_current,96,13.299256536057397,uA,125.0,STATIC_BURN_IN,INST_01,CH_04,VALID,0,,50.0,synthetic
L05_C020,L05,leakage_current,168,12.632401640898145,uA,125.0,STATIC_BURN_IN,INST_01,CH_04,VALID,0,,50.0,synthetic
L05_C020,L05,iddq,0,0.4806693638945723,mA,125.0,STATIC_BURN_IN,INST_01,CH_04,VALID,0,,2.0,synthetic
L05_C020,L05,iddq,24,0.4950981829361037,mA,125.0,STATIC_BURN_IN,INST_01,CH_04,VALID,0,,2.0,synthetic
L05_C020,L05,iddq,96,0.47271602701208354,mA,125.0,STATIC_BURN_IN,INST_01,CH_04,VALID,0,,2.0,synthetic
L05_C020,L05,iddq,168,0.46837042744224977,mA,125.0,STATIC_BURN_IN,INST_01,CH_04,VALID,0,,2.0,synthetic
L05_C020,L05,propagation_delay,0,5.194131231603962,ns,125.0,STATIC_BURN_IN,INST_01,CH_04,VALID,0,,8.0,synthetic
L05_C020,L05,propagation_delay,24,5.1997477347127825,ns,125.0,STATIC_BURN_IN,INST_01,CH_04,VALID,0,,8.0,synthetic
L05_C020,L05,propagation_delay,96,5.12630436370004,ns,125.0,STATIC_BURN_IN,INST_01,CH_04,VALID,0,,8.0,synthetic
L05_C020,L05,propagation_delay,168,5.13344890595539,ns,125.0,STATIC_BURN_IN,INST_01,CH_04,VALID,0,,8.0,synthetic
L05_C021,L05,leakage_current,0,14.671283475107405,uA,125.0,STATIC_BURN_IN,INST_01,CH_05,VALID,0,,50.0,synthetic
L05_C021,L05,leakage_current,24,14.780200447543265,uA,125.0,STATIC_BURN_IN,INST_01,CH_05,VALID,0,,50.0,synthetic
L05_C021,L05,leakage_current,96,14.982991247935322,uA,125.0,STATIC_BURN_IN,INST_01,CH_05,VALID,0,,50.0,synthetic
L05_C021,L05,leakage_current,168,15.007606527237403,uA,125.0,STATIC_BURN_IN,INST_01,CH_05,VALID,0,,50.0,synthetic
L05_C021,L05,iddq,0,0.41806523546453545,mA,125.0,STATIC_BURN_IN,INST_01,CH_05,VALID,0,,2.0,synthetic
L05_C021,L05,iddq,24,0.4225659305908858,mA,125.0,STATIC_BURN_IN,INST_01,CH_05,VALID,0,,2.0,synthetic
L05_C021,L05,iddq,96,0.4114040460177817,mA,125.0,STATIC_BURN_IN,INST_01,CH_05,VALID,0,,2.0,synthetic
L05_C021,L05,propagation_delay,0,5.043119890079583,ns,125.0,STATIC_BURN_IN,INST_01,CH_05,VALID,0,,8.0,synthetic
L05_C021,L05,propagation_delay,24,5.0117276011784675,ns,125.0,STATIC_BURN_IN,INST_01,CH_05,VALID,0,,8.0,synthetic
L05_C021,L05,propagation_delay,96,5.304119426918414,ns,125.0,STATIC_BURN_IN,INST_01,CH_05,VALID,0,,8.0,synthetic
L05_C021,L05,propagation_delay,168,5.148598648813232,ns,125.0,STATIC_BURN_IN,INST_01,CH_05,VALID,0,,8.0,synthetic
L05_C022,L05,leakage_current,0,9.98749762140224,uA,125.0,STATIC_BURN_IN,INST_01,CH_06,VALID,1,,50.0,synthetic
L05_C022,L05,leakage_current,24,10.225960212467184,uA,125.0,STATIC_BURN_IN,INST_01,CH_06,VALID,1,,50.0,synthetic
L05_C022,L05,leakage_current,96,10.137003088170445,uA,125.0,STATIC_BURN_IN,INST_01,CH_06,VALID,1,,50.0,synthetic
L05_C022,L05,leakage_current,168,9.961427279073536,uA,125.0,STATIC_BURN_IN,INST_01,CH_06,VALID,1,,50.0,synthetic
L05_C022,L05,iddq,0,0.5042192507374169,mA,125.0,STATIC_BURN_IN,INST_01,CH_06,VALID,1,,2.0,synthetic
L05_C022,L05,iddq,24,0.49790418253952273,mA,125.0,STATIC_BURN_IN,INST_01,CH_06,VALID,1,,2.0,synthetic
L05_C022,L05,iddq,96,0.4873993802737442,mA,125.0,STATIC_BURN_IN,INST_01,CH_06,VALID,1,,2.0,synthetic
L05_C022,L05,iddq,168,0.49436959985031076,mA,125.0,STATIC_BURN_IN,INST_01,CH_06,VALID,1,,2.0,synthetic
L05_C022,L05,propagation_delay,0,5.280510986960947,ns,125.0,STATIC_BURN_IN,INST_01,CH_06,VALID,1,,8.0,synthetic
L05_C022,L05,propagation_delay,24,5.21444942732126,ns,125.0,STATIC_BURN_IN,INST_01,CH_06,VALID,1,,8.0,synthetic
L05_C022,L05,propagation_delay,96,5.350148758051541,ns,125.0,STATIC_BURN_IN,INST_01,CH_06,VALID,1,,8.0,synthetic
L05_C022,L05,propagation_delay,168,5.4296722244446265,ns,125.0,STATIC_BURN_IN,INST_01,CH_06,VALID,1,,8.0,synthetic
L05_C023,L05,leakage_current,0,12.948755996501541,uA,125.0,STATIC_BURN_IN,INST_01,CH_07,VALID,0,,50.0,synthetic
L05_C023,L05,leakage_current,24,13.452129359507488,uA,125.0,STATIC_BURN_IN,INST_01,CH_07,VALID,0,,50.0,synthetic
L05_C023,L05,leakage_current,96,12.856053249329,uA,125.0,STATIC_BURN_IN,INST_01,CH_07,VALID,0,,50.0,synthetic
L05_C023,L05,leakage_current,168,13.004667068102108,uA,125.0,STATIC_BURN_IN,INST_01,CH_07,VALID,0,,50.0,synthetic
L05_C023,L05,iddq,0,0.3975154681122255,mA,125.0,STATIC_BURN_IN,INST_01,CH_07,VALID,0,,2.0,synthetic
L05_C023,L05,iddq,24,0.4033538608696997,mA,125.0,STATIC_BURN_IN,INST_01,CH_07,VALID,0,,2.0,synthetic
L05_C023,L05,iddq,96,0.3868426855197623,mA,125.0,STATIC_BURN_IN,INST_01,CH_07,VALID,0,,2.0,synthetic
L05_C023,L05,iddq,168,0.37924153931145754,mA,125.0,STATIC_BURN_IN,INST_01,CH_07,VALID,0,,2.0,synthetic
L05_C023,L05,propagation_delay,0,5.28204523527458,ns,125.0,STATIC_BURN_IN,INST_01,CH_07,VALID,0,,8.0,synthetic
L05_C023,L05,propagation_delay,24,5.464062429215423,ns,125.0,STATIC_BURN_IN,INST_01,CH_07,VALID,0,,8.0,synthetic
L05_C023,L05,propagation_delay,96,5.203328687679416,ns,125.0,STATIC_BURN_IN,INST_01,CH_07,VALID,0,,8.0,synthetic
L05_C023,L05,propagation_delay,168,5.31333632176458,ns,125.0,STATIC_BURN_IN,INST_01,CH_07,VALID,0,,8.0,synthetic
L05_C024,L05,leakage_current,0,21.95481966919737,uA,125.0,STATIC_BURN_IN,INST_01,CH_08,VALID,0,,50.0,synthetic
L05_C024,L05,leakage_current,24,22.039003085882317,uA,125.0,STATIC_BURN_IN,INST_01,CH_08,VALID,0,,50.0,synthetic
L05_C024,L05,leakage_current,96,21.59479796571877,uA,125.0,STATIC_BURN_IN,INST_01,CH_08,VALID,0,,50.0,synthetic
L05_C024,L05,leakage_current,168,20.707488872088046,uA,125.0,STATIC_BURN_IN,INST_01,CH_08,VALID,0,,50.0,synthetic
L05_C024,L05,iddq,0,0.7475870468701078,mA,125.0,STATIC_BURN_IN,INST_01,CH_08,VALID,0,,2.0,synthetic
L05_C024,L05,iddq,24,0.7120464959843171,mA,125.0,STATIC_BURN_IN,INST_01,CH_08,VALID,0,,2.0,synthetic
L05_C024,L05,iddq,96,0.7324626061298543,mA,125.0,STATIC_BURN_IN,INST_01,CH_08,VALID,0,,2.0,synthetic
L05_C024,L05,iddq,168,0.7351070680069554,mA,125.0,STATIC_BURN_IN,INST_01,CH_08,VALID,0,,2.0,synthetic
L05_C024,L05,propagation_delay,0,5.993516830090154,ns,125.0,STATIC_BURN_IN,INST_01,CH_08,VALID,0,,8.0,synthetic
L05_C024,L05,propagation_delay,24,6.147265530958635,ns,125.0,STATIC_BURN_IN,INST_01,CH_08,VALID,0,,8.0,synthetic
L05_C024,L05,propagation_delay,96,6.139110671219818,ns,125.0,STATIC_BURN_IN,INST_01,CH_08,VALID,0,,8.0,synthetic
L05_C024,L05,propagation_delay,168,5.88870150748862,ns,125.0,STATIC_BURN_IN,INST_01,CH_08,VALID,0,,8.0,synthetic
L05_C025,L05,leakage_current,0,12.564555910723175,uA,125.0,STATIC_BURN_IN,INST_02,CH_01,VALID,0,,50.0,synthetic
L05_C025,L05,leakage_current,24,12.69332152070412,uA,125.0,STATIC_BURN_IN,INST_02,CH_01,VALID,0,,50.0,synthetic
L05_C025,L05,leakage_current,96,12.942768600434784,uA,125.0,STATIC_BURN_IN,INST_02,CH_01,VALID,0,,50.0,synthetic
L05_C025,L05,leakage_current,168,12.230936045789978,uA,125.0,STATIC_BURN_IN,INST_02,CH_01,VALID,0,,50.0,synthetic
L05_C025,L05,iddq,0,0.49128823217607476,mA,125.0,STATIC_BURN_IN,INST_02,CH_01,VALID,0,,2.0,synthetic
L05_C025,L05,iddq,24,0.4893495643076696,mA,125.0,STATIC_BURN_IN,INST_02,CH_01,VALID,0,,2.0,synthetic
L05_C025,L05,iddq,96,0.5126476897990988,mA,125.0,STATIC_BURN_IN,INST_02,CH_01,VALID,0,,2.0,synthetic
L05_C025,L05,iddq,168,0.49452062902340577,mA,125.0,STATIC_BURN_IN,INST_02,CH_01,VALID,0,,2.0,synthetic
L05_C025,L05,propagation_delay,0,5.062599702670372,ns,125.0,STATIC_BURN_IN,INST_02,CH_01,VALID,0,,8.0,synthetic
L05_C025,L05,propagation_delay,24,5.235993888662584,ns,125.0,STATIC_BURN_IN,INST_02,CH_01,VALID,0,,8.0,synthetic
L05_C025,L05,propagation_delay,96,5.290027679952826,ns,125.0,STATIC_BURN_IN,INST_02,CH_01,VALID,0,,8.0,synthetic
L05_C025,L05,propagation_delay,168,4.98517908557258,ns,125.0,STATIC_BURN_IN,INST_02,CH_01,VALID,0,,8.0,synthetic
L05_C026,L05,leakage_current,0,13.273820685054323,uA,125.0,STATIC_BURN_IN,INST_02,CH_02,VALID,0,,50.0,synthetic
L05_C026,L05,leakage_current,24,13.59067081046525,uA,125.0,STATIC_BURN_IN,INST_02,CH_02,VALID,0,,50.0,synthetic
L05_C026,L05,leakage_current,96,12.805627035958256,uA,125.0,STATIC_BURN_IN,INST_02,CH_02,VALID,0,,50.0,synthetic
L05_C026,L05,leakage_current,168,13.11512042469279,uA,125.0,STATIC_BURN_IN,INST_02,CH_02,VALID,0,,50.0,synthetic
L05_C026,L05,iddq,0,0.4088826161941867,mA,125.0,STATIC_BURN_IN,INST_02,CH_02,VALID,0,,2.0,synthetic
L05_C026,L05,iddq,24,0.3975748947600396,mA,125.0,STATIC_BURN_IN,INST_02,CH_02,VALID,0,,2.0,synthetic
L05_C026,L05,iddq,96,0.3929565412945636,mA,125.0,STATIC_BURN_IN,INST_02,CH_02,VALID,0,,2.0,synthetic
L05_C026,L05,iddq,168,0.38903166750949714,mA,125.0,STATIC_BURN_IN,INST_02,CH_02,VALID,0,,2.0,synthetic
L05_C026,L05,propagation_delay,0,5.3346172571454185,ns,125.0,STATIC_BURN_IN,INST_02,CH_02,VALID,0,,8.0,synthetic
L05_C026,L05,propagation_delay,24,5.414004754321138,ns,125.0,STATIC_BURN_IN,INST_02,CH_02,VALID,0,,8.0,synthetic
L05_C026,L05,propagation_delay,96,5.446171220386842,ns,125.0,STATIC_BURN_IN,INST_02,CH_02,VALID,0,,8.0,synthetic
L05_C026,L05,propagation_delay,168,5.310607419439432,ns,125.0,STATIC_BURN_IN,INST_02,CH_02,VALID,0,,8.0,synthetic
L05_C027,L05,leakage_current,0,11.990518662780998,uA,125.0,STATIC_BURN_IN,INST_02,CH_03,VALID,0,,50.0,synthetic
L05_C027,L05,leakage_current,24,12.224354451056405,uA,125.0,STATIC_BURN_IN,INST_02,CH_03,VALID,0,,50.0,synthetic
L05_C027,L05,leakage_current,96,12.489492412657553,uA,125.0,STATIC_BURN_IN,INST_02,CH_03,VALID,0,,50.0,synthetic
L05_C027,L05,leakage_current,168,12.062726246853064,uA,125.0,STATIC_BURN_IN,INST_02,CH_03,VALID,0,,50.0,synthetic
L05_C027,L05,iddq,0,0.47832834740700503,mA,125.0,STATIC_BURN_IN,INST_02,CH_03,VALID,0,,2.0,synthetic
L05_C027,L05,iddq,24,0.4870168084323419,mA,125.0,STATIC_BURN_IN,INST_02,CH_03,VALID,0,,2.0,synthetic
L05_C027,L05,iddq,96,0.48874699343457273,mA,125.0,STATIC_BURN_IN,INST_02,CH_03,VALID,0,,2.0,synthetic
L05_C027,L05,iddq,168,0.4926289595061396,mA,125.0,STATIC_BURN_IN,INST_02,CH_03,VALID,0,,2.0,synthetic
L05_C027,L05,propagation_delay,0,5.029268424843604,ns,125.0,STATIC_BURN_IN,INST_02,CH_03,VALID,0,,8.0,synthetic
L05_C027,L05,propagation_delay,24,4.8412717197519255,ns,125.0,STATIC_BURN_IN,INST_02,CH_03,VALID,0,,8.0,synthetic
L05_C027,L05,propagation_delay,96,4.996305580944,ns,125.0,STATIC_BURN_IN,INST_02,CH_03,VALID,0,,8.0,synthetic
L05_C027,L05,propagation_delay,168,4.991888296229073,ns,125.0,STATIC_BURN_IN,INST_02,CH_03,VALID,0,,8.0,synthetic
L05_C028,L05,leakage_current,0,13.846481418683492,uA,125.0,STATIC_BURN_IN,INST_02,CH_04,VALID,0,,50.0,synthetic
L05_C028,L05,leakage_current,24,14.124716887179892,uA,125.0,STATIC_BURN_IN,INST_02,CH_04,VALID,0,,50.0,synthetic
L05_C028,L05,leakage_current,96,14.023635278995409,uA,125.0,STATIC_BURN_IN,INST_02,CH_04,VALID,0,,50.0,synthetic
L05_C028,L05,leakage_current,168,14.070913940959448,uA,125.0,STATIC_BURN_IN,INST_02,CH_04,VALID,0,,50.0,synthetic
L05_C028,L05,iddq,0,0.43614672662477477,mA,125.0,STATIC_BURN_IN,INST_02,CH_04,VALID,0,,2.0,synthetic
L05_C028,L05,iddq,24,0.45074082830357154,mA,125.0,STATIC_BURN_IN,INST_02,CH_04,VALID,0,,2.0,synthetic
L05_C028,L05,iddq,96,0.4726914832224886,mA,125.0,STATIC_BURN_IN,INST_02,CH_04,VALID,0,,2.0,synthetic
L05_C028,L05,iddq,168,0.4648686851864592,mA,125.0,STATIC_BURN_IN,INST_02,CH_04,VALID,0,,2.0,synthetic
L05_C028,L05,propagation_delay,0,5.547364992711345,ns,125.0,STATIC_BURN_IN,INST_02,CH_04,VALID,0,,8.0,synthetic
L05_C028,L05,propagation_delay,24,5.6706988904881825,ns,125.0,STATIC_BURN_IN,INST_02,CH_04,VALID,0,,8.0,synthetic
L05_C028,L05,propagation_delay,96,5.5804227735542264,ns,125.0,STATIC_BURN_IN,INST_02,CH_04,VALID,0,,8.0,synthetic
L05_C028,L05,propagation_delay,168,5.653549621395762,ns,125.0,STATIC_BURN_IN,INST_02,CH_04,VALID,0,,8.0,synthetic
L05_C029,L05,leakage_current,0,9.925085041856203,uA,125.0,STATIC_BURN_IN,INST_02,CH_05,VALID,0,,50.0,synthetic
L05_C029,L05,leakage_current,24,10.040787339576877,uA,125.0,STATIC_BURN_IN,INST_02,CH_05,VALID,0,,50.0,synthetic
L05_C029,L05,leakage_current,96,9.986361222696154,uA,125.0,STATIC_BURN_IN,INST_02,CH_05,VALID,0,,50.0,synthetic
L05_C029,L05,leakage_current,168,10.078235398867962,uA,125.0,STATIC_BURN_IN,INST_02,CH_05,VALID,0,,50.0,synthetic
L05_C029,L05,iddq,0,0.6573330069267546,mA,125.0,STATIC_BURN_IN,INST_02,CH_05,VALID,0,,2.0,synthetic
L05_C029,L05,iddq,24,0.6615270691047497,mA,125.0,STATIC_BURN_IN,INST_02,CH_05,VALID,0,,2.0,synthetic
L05_C029,L05,iddq,96,0.6796785427610316,mA,125.0,STATIC_BURN_IN,INST_02,CH_05,VALID,0,,2.0,synthetic
L05_C029,L05,iddq,168,0.6533646113367975,mA,125.0,STATIC_BURN_IN,INST_02,CH_05,VALID,0,,2.0,synthetic
L05_C029,L05,propagation_delay,0,5.576386306406203,ns,125.0,STATIC_BURN_IN,INST_02,CH_05,VALID,0,,8.0,synthetic
L05_C029,L05,propagation_delay,24,5.473312439682098,ns,125.0,STATIC_BURN_IN,INST_02,CH_05,VALID,0,,8.0,synthetic
L05_C029,L05,propagation_delay,96,5.727574368651778,ns,125.0,STATIC_BURN_IN,INST_02,CH_05,VALID,0,,8.0,synthetic
L05_C029,L05,propagation_delay,168,5.526286049119607,ns,125.0,STATIC_BURN_IN,INST_02,CH_05,VALID,0,,8.0,synthetic
L05_C030,L05,leakage_current,0,15.698663844610891,uA,125.0,STATIC_BURN_IN,INST_02,CH_06,VALID,0,,50.0,synthetic
L05_C030,L05,leakage_current,24,15.733253158433497,uA,125.0,STATIC_BURN_IN,INST_02,CH_06,VALID,0,,50.0,synthetic
L05_C030,L05,leakage_current,96,15.455497864849894,uA,125.0,STATIC_BURN_IN,INST_02,CH_06,VALID,0,,50.0,synthetic
L05_C030,L05,leakage_current,168,16.04907350567178,uA,125.0,STATIC_BURN_IN,INST_02,CH_06,VALID,0,,50.0,synthetic
L05_C030,L05,iddq,0,0.4935575121676448,mA,125.0,STATIC_BURN_IN,INST_02,CH_06,VALID,0,,2.0,synthetic
L05_C030,L05,iddq,24,0.4823476803841783,mA,125.0,STATIC_BURN_IN,INST_02,CH_06,VALID,0,,2.0,synthetic
L05_C030,L05,iddq,96,0.4936257627818403,mA,125.0,STATIC_BURN_IN,INST_02,CH_06,VALID,0,,2.0,synthetic
L05_C030,L05,iddq,168,0.4770552788111642,mA,125.0,STATIC_BURN_IN,INST_02,CH_06,VALID,0,,2.0,synthetic
L05_C030,L05,propagation_delay,0,4.743799353109923,ns,125.0,STATIC_BURN_IN,INST_02,CH_06,VALID,0,,8.0,synthetic
L05_C030,L05,propagation_delay,24,4.64140745937724,ns,125.0,STATIC_BURN_IN,INST_02,CH_06,VALID,0,,8.0,synthetic
L05_C030,L05,propagation_delay,96,4.518608936925793,ns,125.0,STATIC_BURN_IN,INST_02,CH_06,VALID,0,,8.0,synthetic
L05_C030,L05,propagation_delay,168,4.546570970853548,ns,125.0,STATIC_BURN_IN,INST_02,CH_06,VALID,0,,8.0,synthetic
L06_C001,L06,leakage_current,0,8.938466996257455,uA,125.0,STATIC_BURN_IN,INST_01,CH_01,VALID,1,,50.0,synthetic
L06_C001,L06,leakage_current,24,8.854005972893102,uA,125.0,STATIC_BURN_IN,INST_01,CH_01,VALID,1,,50.0,synthetic
L06_C001,L06,leakage_current,96,8.642423736062174,uA,125.0,STATIC_BURN_IN,INST_01,CH_01,VALID,1,,50.0,synthetic
L06_C001,L06,leakage_current,168,8.988464512902363,uA,125.0,STATIC_BURN_IN,INST_01,CH_01,VALID,1,,50.0,synthetic
L06_C001,L06,iddq,0,0.4739667376019264,mA,125.0,STATIC_BURN_IN,INST_01,CH_01,VALID,1,,2.0,synthetic
L06_C001,L06,iddq,24,0.4611081272500285,mA,125.0,STATIC_BURN_IN,INST_01,CH_01,VALID,1,,2.0,synthetic
L06_C001,L06,iddq,96,0.45308961105471096,mA,125.0,STATIC_BURN_IN,INST_01,CH_01,VALID,1,,2.0,synthetic
L06_C001,L06,iddq,168,0.45719792541957655,mA,125.0,STATIC_BURN_IN,INST_01,CH_01,VALID,1,,2.0,synthetic
L06_C001,L06,propagation_delay,0,4.8360508418226695,ns,125.0,STATIC_BURN_IN,INST_01,CH_01,VALID,1,,8.0,synthetic
L06_C001,L06,propagation_delay,24,4.736411602666883,ns,125.0,STATIC_BURN_IN,INST_01,CH_01,VALID,1,,8.0,synthetic
L06_C001,L06,propagation_delay,96,4.776841335272501,ns,125.0,STATIC_BURN_IN,INST_01,CH_01,VALID,1,,8.0,synthetic
L06_C002,L06,leakage_current,0,12.55330595382948,uA,125.0,STATIC_BURN_IN,INST_01,CH_02,VALID,1,,50.0,synthetic
L06_C002,L06,leakage_current,96,18.30545907431467,uA,125.0,STATIC_BURN_IN,INST_01,CH_02,VALID,1,,50.0,synthetic
L06_C002,L06,leakage_current,168,23.03338376380788,uA,125.0,STATIC_BURN_IN,INST_01,CH_02,VALID,1,,50.0,synthetic
L06_C002,L06,iddq,0,0.35918007361579585,mA,125.0,STATIC_BURN_IN,INST_01,CH_02,VALID,1,,2.0,synthetic
L06_C002,L06,iddq,24,0.388635027442812,mA,125.0,STATIC_BURN_IN,INST_01,CH_02,VALID,1,,2.0,synthetic
L06_C002,L06,iddq,96,0.5612391731766425,mA,125.0,STATIC_BURN_IN,INST_01,CH_02,VALID,1,,2.0,synthetic
L06_C002,L06,iddq,168,0.8679051128121676,mA,125.0,STATIC_BURN_IN,INST_01,CH_02,VALID,1,,2.0,synthetic
L06_C002,L06,propagation_delay,0,4.766286829937301,ns,125.0,STATIC_BURN_IN,INST_01,CH_02,VALID,1,,8.0,synthetic
L06_C002,L06,propagation_delay,24,4.954319072614707,ns,125.0,STATIC_BURN_IN,INST_01,CH_02,VALID,1,,8.0,synthetic
L06_C002,L06,propagation_delay,96,5.65042649827682,ns,125.0,STATIC_BURN_IN,INST_01,CH_02,VALID,1,,8.0,synthetic
L06_C002,L06,propagation_delay,168,6.113044827937195,ns,125.0,STATIC_BURN_IN,INST_01,CH_02,VALID,1,,8.0,synthetic
L06_C003,L06,leakage_current,0,9.513229418072825,uA,125.0,STATIC_BURN_IN,INST_01,CH_03,VALID,0,,50.0,synthetic
L06_C003,L06,leakage_current,24,9.115843929371634,uA,125.0,STATIC_BURN_IN,INST_01,CH_03,VALID,0,,50.0,synthetic
L06_C003,L06,leakage_current,96,9.578864397162993,uA,125.0,STATIC_BURN_IN,INST_01,CH_03,VALID,0,,50.0,synthetic
L06_C003,L06,leakage_current,168,9.39391071309958,uA,125.0,STATIC_BURN_IN,INST_01,CH_03,VALID,0,,50.0,synthetic
L06_C003,L06,iddq,0,0.42144340056628443,mA,125.0,STATIC_BURN_IN,INST_01,CH_03,VALID,0,,2.0,synthetic
L06_C003,L06,iddq,24,0.4332508013762964,mA,125.0,STATIC_BURN_IN,INST_01,CH_03,VALID,0,,2.0,synthetic
L06_C003,L06,iddq,96,0.4270708638284774,mA,125.0,STATIC_BURN_IN,INST_01,CH_03,VALID,0,,2.0,synthetic
L06_C003,L06,iddq,168,0.43143439446630555,mA,125.0,STATIC_BURN_IN,INST_01,CH_03,VALID,0,,2.0,synthetic
L06_C003,L06,propagation_delay,0,5.08179438745842,ns,125.0,STATIC_BURN_IN,INST_01,CH_03,VALID,0,,8.0,synthetic
L06_C003,L06,propagation_delay,24,5.122046249088552,ns,125.0,STATIC_BURN_IN,INST_01,CH_03,VALID,0,,8.0,synthetic
L06_C003,L06,propagation_delay,96,5.157042501596446,ns,125.0,STATIC_BURN_IN,INST_01,CH_03,VALID,0,,8.0,synthetic
L06_C003,L06,propagation_delay,168,4.833681945943614,ns,125.0,STATIC_BURN_IN,INST_01,CH_03,VALID,0,,8.0,synthetic
L06_C004,L06,leakage_current,0,13.021435404612497,uA,125.0,STATIC_BURN_IN,INST_01,CH_04,VALID,0,,50.0,synthetic
L06_C004,L06,leakage_current,24,12.954185537313805,uA,125.0,STATIC_BURN_IN,INST_01,CH_04,VALID,0,,50.0,synthetic
L06_C004,L06,leakage_current,96,13.055687760524714,uA,125.0,STATIC_BURN_IN,INST_01,CH_04,VALID,0,,50.0,synthetic
L06_C004,L06,leakage_current,168,12.977629694727336,uA,125.0,STATIC_BURN_IN,INST_01,CH_04,VALID,0,,50.0,synthetic
L06_C004,L06,iddq,0,0.6217308605846907,mA,125.0,STATIC_BURN_IN,INST_01,CH_04,VALID,0,,2.0,synthetic
L06_C004,L06,iddq,24,0.62895385574666,mA,125.0,STATIC_BURN_IN,INST_01,CH_04,VALID,0,,2.0,synthetic
L06_C004,L06,iddq,96,0.600529684877358,mA,125.0,STATIC_BURN_IN,INST_01,CH_04,VALID,0,,2.0,synthetic
L06_C004,L06,iddq,168,0.6252351130551287,mA,125.0,STATIC_BURN_IN,INST_01,CH_04,VALID,0,,2.0,synthetic
L06_C004,L06,propagation_delay,0,5.054127251333566,ns,125.0,STATIC_BURN_IN,INST_01,CH_04,VALID,0,,8.0,synthetic
L06_C004,L06,propagation_delay,24,4.945210315480417,ns,125.0,STATIC_BURN_IN,INST_01,CH_04,VALID,0,,8.0,synthetic
L06_C004,L06,propagation_delay,96,5.035013708349397,ns,125.0,STATIC_BURN_IN,INST_01,CH_04,VALID,0,,8.0,synthetic
L06_C004,L06,propagation_delay,168,4.806720142221428,ns,125.0,STATIC_BURN_IN,INST_01,CH_04,VALID,0,,8.0,synthetic
L06_C005,L06,leakage_current,0,10.95044520571036,uA,125.0,STATIC_BURN_IN,INST_01,CH_05,VALID,0,,50.0,synthetic
L06_C005,L06,leakage_current,24,10.856429469859284,uA,125.0,STATIC_BURN_IN,INST_01,CH_05,VALID,0,,50.0,synthetic
L06_C005,L06,leakage_current,96,10.930366980949646,uA,125.0,STATIC_BURN_IN,INST_01,CH_05,VALID,0,,50.0,synthetic
L06_C005,L06,iddq,0,0.5014550660587945,mA,125.0,STATIC_BURN_IN,INST_01,CH_05,VALID,0,,2.0,synthetic
L06_C005,L06,iddq,24,0.526093854387721,mA,125.0,STATIC_BURN_IN,INST_01,CH_05,VALID,0,,2.0,synthetic
L06_C005,L06,iddq,96,0.5146989441573442,mA,125.0,STATIC_BURN_IN,INST_01,CH_05,VALID,0,,2.0,synthetic
L06_C005,L06,iddq,168,0.5116987196026233,mA,125.0,STATIC_BURN_IN,INST_01,CH_05,VALID,0,,2.0,synthetic
L06_C005,L06,propagation_delay,0,4.399256791303739,ns,125.0,STATIC_BURN_IN,INST_01,CH_05,VALID,0,,8.0,synthetic
L06_C005,L06,propagation_delay,24,4.750503512837374,ns,125.0,STATIC_BURN_IN,INST_01,CH_05,VALID,0,,8.0,synthetic
L06_C005,L06,propagation_delay,96,4.571480150779825,ns,125.0,STATIC_BURN_IN,INST_01,CH_05,VALID,0,,8.0,synthetic
L06_C005,L06,propagation_delay,168,4.806984912349742,ns,125.0,STATIC_BURN_IN,INST_01,CH_05,VALID,0,,8.0,synthetic
L06_C006,L06,leakage_current,0,10.564047389718596,uA,125.0,STATIC_BURN_IN,INST_01,CH_06,VALID,1,,50.0,synthetic
L06_C006,L06,leakage_current,24,10.307728304003232,uA,125.0,STATIC_BURN_IN,INST_01,CH_06,VALID,1,,50.0,synthetic
L06_C006,L06,leakage_current,96,10.647504815429956,uA,125.0,STATIC_BURN_IN,INST_01,CH_06,VALID,1,,50.0,synthetic
L06_C006,L06,leakage_current,168,10.5567818222976,uA,125.0,STATIC_BURN_IN,INST_01,CH_06,VALID,1,,50.0,synthetic
L06_C006,L06,iddq,0,0.458705641017125,mA,125.0,STATIC_BURN_IN,INST_01,CH_06,VALID,1,,2.0,synthetic
L06_C006,L06,iddq,24,0.4283656103550154,mA,125.0,STATIC_BURN_IN,INST_01,CH_06,VALID,1,,2.0,synthetic
L06_C006,L06,iddq,96,0.44898247313318324,mA,125.0,STATIC_BURN_IN,INST_01,CH_06,VALID,1,,2.0,synthetic
L06_C006,L06,iddq,168,0.43408824185367473,mA,125.0,STATIC_BURN_IN,INST_01,CH_06,VALID,1,,2.0,synthetic
L06_C006,L06,propagation_delay,0,4.381024085542588,ns,125.0,STATIC_BURN_IN,INST_01,CH_06,VALID,1,,8.0,synthetic
L06_C006,L06,propagation_delay,24,4.2843186980615435,ns,125.0,STATIC_BURN_IN,INST_01,CH_06,VALID,1,,8.0,synthetic
L06_C006,L06,propagation_delay,96,4.391024736316554,ns,125.0,STATIC_BURN_IN,INST_01,CH_06,VALID,1,,8.0,synthetic
L06_C006,L06,propagation_delay,168,4.288557262913622,ns,125.0,STATIC_BURN_IN,INST_01,CH_06,VALID,1,,8.0,synthetic
L06_C007,L06,leakage_current,0,8.51778979302928,uA,125.0,STATIC_BURN_IN,INST_01,CH_07,VALID,0,,50.0,synthetic
L06_C007,L06,leakage_current,24,8.67907323147771,uA,125.0,STATIC_BURN_IN,INST_01,CH_07,VALID,0,,50.0,synthetic
L06_C007,L06,leakage_current,96,8.413541400022817,uA,125.0,STATIC_BURN_IN,INST_01,CH_07,VALID,0,,50.0,synthetic
L06_C007,L06,leakage_current,168,8.399175263343736,uA,125.0,STATIC_BURN_IN,INST_01,CH_07,VALID,0,,50.0,synthetic
L06_C007,L06,iddq,0,0.5183462355559616,mA,125.0,STATIC_BURN_IN,INST_01,CH_07,VALID,0,,2.0,synthetic
L06_C007,L06,iddq,24,0.5114048095797792,mA,125.0,STATIC_BURN_IN,INST_01,CH_07,VALID,0,,2.0,synthetic
L06_C007,L06,iddq,96,0.5138981042864528,mA,125.0,STATIC_BURN_IN,INST_01,CH_07,VALID,0,,2.0,synthetic
L06_C007,L06,iddq,168,0.5117925018335524,mA,125.0,STATIC_BURN_IN,INST_01,CH_07,VALID,0,,2.0,synthetic
L06_C007,L06,propagation_delay,0,5.269906845725975,ns,125.0,STATIC_BURN_IN,INST_01,CH_07,VALID,0,,8.0,synthetic
L06_C007,L06,propagation_delay,24,5.172687822830746,ns,125.0,STATIC_BURN_IN,INST_01,CH_07,VALID,0,,8.0,synthetic
L06_C007,L06,propagation_delay,96,5.218507439534313,ns,125.0,STATIC_BURN_IN,INST_01,CH_07,VALID,0,,8.0,synthetic
L06_C007,L06,propagation_delay,168,5.32826975766259,ns,125.0,STATIC_BURN_IN,INST_01,CH_07,VALID,0,,8.0,synthetic
L06_C008,L06,leakage_current,96,17.673148420361727,uA,125.0,STATIC_BURN_IN,INST_01,CH_08,VALID,1,,50.0,synthetic
L06_C008,L06,leakage_current,168,30.67890644719846,uA,125.0,STATIC_BURN_IN,INST_01,CH_08,VALID,1,,50.0,synthetic
L06_C008,L06,iddq,0,0.3997100089459964,mA,125.0,STATIC_BURN_IN,INST_01,CH_08,VALID,1,,2.0,synthetic
L06_C008,L06,iddq,24,0.42321273032536405,mA,125.0,STATIC_BURN_IN,INST_01,CH_08,VALID,1,,2.0,synthetic
L06_C008,L06,iddq,96,0.5997618731609918,mA,125.0,STATIC_BURN_IN,INST_01,CH_08,VALID,1,,2.0,synthetic
L06_C008,L06,iddq,168,1.1023603409551088,mA,125.0,STATIC_BURN_IN,INST_01,CH_08,VALID,1,,2.0,synthetic
L06_C008,L06,propagation_delay,0,4.706446688518231,ns,125.0,STATIC_BURN_IN,INST_01,CH_08,VALID,1,,8.0,synthetic
L06_C008,L06,propagation_delay,24,4.602993612674957,ns,125.0,STATIC_BURN_IN,INST_01,CH_08,VALID,1,,8.0,synthetic
L06_C008,L06,propagation_delay,96,5.00606620978469,ns,125.0,STATIC_BURN_IN,INST_01,CH_08,VALID,1,,8.0,synthetic
L06_C008,L06,propagation_delay,168,5.588263259764394,ns,125.0,STATIC_BURN_IN,INST_01,CH_08,VALID,1,,8.0,synthetic
L06_C009,L06,leakage_current,0,11.402070723842991,uA,125.0,STATIC_BURN_IN,INST_02,CH_01,VALID,2,,50.0,synthetic
L06_C009,L06,leakage_current,24,11.190583451934234,uA,125.0,STATIC_BURN_IN,INST_02,CH_01,VALID,2,,50.0,synthetic
L06_C009,L06,leakage_current,96,11.176956862078988,uA,125.0,STATIC_BURN_IN,INST_02,CH_01,VALID,2,,50.0,synthetic
L06_C009,L06,leakage_current,168,11.122865668243854,uA,125.0,STATIC_BURN_IN,INST_02,CH_01,VALID,2,,50.0,synthetic
L06_C009,L06,iddq,0,0.4520328569174219,mA,125.0,STATIC_BURN_IN,INST_02,CH_01,VALID,2,,2.0,synthetic
L06_C009,L06,iddq,24,0.43812975231821416,mA,125.0,STATIC_BURN_IN,INST_02,CH_01,VALID,2,,2.0,synthetic
L06_C009,L06,iddq,96,0.4709304079270107,mA,125.0,STATIC_BURN_IN,INST_02,CH_01,VALID,2,,2.0,synthetic
L06_C009,L06,iddq,168,0.46376979277344,mA,125.0,STATIC_BURN_IN,INST_02,CH_01,VALID,2,,2.0,synthetic
L06_C009,L06,propagation_delay,0,5.140608475598425,ns,125.0,STATIC_BURN_IN,INST_02,CH_01,VALID,2,,8.0,synthetic
L06_C009,L06,propagation_delay,24,5.246245275621846,ns,125.0,STATIC_BURN_IN,INST_02,CH_01,VALID,2,,8.0,synthetic
L06_C009,L06,propagation_delay,96,5.011932820622653,ns,125.0,STATIC_BURN_IN,INST_02,CH_01,VALID,2,,8.0,synthetic
L06_C009,L06,propagation_delay,168,5.522053287229096,ns,125.0,STATIC_BURN_IN,INST_02,CH_01,VALID,2,,8.0,synthetic
L06_C010,L06,leakage_current,0,6.969315297200066,uA,125.0,STATIC_BURN_IN,INST_02,CH_02,VALID,0,,50.0,synthetic
L06_C010,L06,leakage_current,24,6.979575547994693,uA,125.0,STATIC_BURN_IN,INST_02,CH_02,VALID,0,,50.0,synthetic
L06_C010,L06,leakage_current,96,6.94315139926485,uA,125.0,STATIC_BURN_IN,INST_02,CH_02,VALID,0,,50.0,synthetic
L06_C010,L06,leakage_current,168,6.736378440714611,uA,125.0,STATIC_BURN_IN,INST_02,CH_02,VALID,0,,50.0,synthetic
L06_C010,L06,iddq,0,0.48077664800119235,mA,125.0,STATIC_BURN_IN,INST_02,CH_02,VALID,0,,2.0,synthetic
L06_C010,L06,iddq,24,0.4836441326144638,mA,125.0,STATIC_BURN_IN,INST_02,CH_02,VALID,0,,2.0,synthetic
L06_C010,L06,iddq,96,0.4954219156192647,mA,125.0,STATIC_BURN_IN,INST_02,CH_02,VALID,0,,2.0,synthetic
L06_C010,L06,iddq,168,0.4933041226729317,mA,125.0,STATIC_BURN_IN,INST_02,CH_02,VALID,0,,2.0,synthetic
L06_C010,L06,propagation_delay,0,4.361475743129305,ns,125.0,STATIC_BURN_IN,INST_02,CH_02,VALID,0,,8.0,synthetic
L06_C010,L06,propagation_delay,24,4.367307089132667,ns,125.0,STATIC_BURN_IN,INST_02,CH_02,VALID,0,,8.0,synthetic
L06_C010,L06,propagation_delay,96,4.485701397994271,ns,125.0,STATIC_BURN_IN,INST_02,CH_02,VALID,0,,8.0,synthetic
L06_C010,L06,propagation_delay,168,4.429794856651063,ns,125.0,STATIC_BURN_IN,INST_02,CH_02,VALID,0,,8.0,synthetic
L06_C011,L06,leakage_current,0,11.9880237989862,uA,125.0,STATIC_BURN_IN,INST_02,CH_03,VALID,1,,50.0,synthetic
L06_C011,L06,leakage_current,24,12.047669934325805,uA,125.0,STATIC_BURN_IN,INST_02,CH_03,VALID,1,,50.0,synthetic
L06_C011,L06,leakage_current,96,12.35210035683755,uA,125.0,STATIC_BURN_IN,INST_02,CH_03,VALID,1,,50.0,synthetic
L06_C011,L06,leakage_current,168,12.308479779768547,uA,125.0,STATIC_BURN_IN,INST_02,CH_03,VALID,1,,50.0,synthetic
L06_C011,L06,iddq,0,0.5065904122018875,mA,125.0,STATIC_BURN_IN,INST_02,CH_03,VALID,1,,2.0,synthetic
L06_C011,L06,iddq,24,0.5041331846658694,mA,125.0,STATIC_BURN_IN,INST_02,CH_03,VALID,1,,2.0,synthetic
L06_C011,L06,iddq,96,0.5290316948353437,mA,125.0,STATIC_BURN_IN,INST_02,CH_03,VALID,1,,2.0,synthetic
L06_C011,L06,iddq,168,0.5262438005609614,mA,125.0,STATIC_BURN_IN,INST_02,CH_03,VALID,1,,2.0,synthetic
L06_C011,L06,propagation_delay,0,5.283379981846406,ns,125.0,STATIC_BURN_IN,INST_02,CH_03,VALID,1,,8.0,synthetic
L06_C011,L06,propagation_delay,24,5.181175657662876,ns,125.0,STATIC_BURN_IN,INST_02,CH_03,VALID,1,,8.0,synthetic
L06_C011,L06,propagation_delay,96,5.315976727448938,ns,125.0,STATIC_BURN_IN,INST_02,CH_03,VALID,1,,8.0,synthetic
L06_C012,L06,leakage_current,0,10.61396716898079,uA,125.0,STATIC_BURN_IN,INST_02,CH_04,VALID,0,,50.0,synthetic
L06_C012,L06,leakage_current,24,10.631454987306302,uA,125.0,STATIC_BURN_IN,INST_02,CH_04,VALID,0,,50.0,synthetic
L06_C012,L06,leakage_current,96,10.725473549923432,uA,125.0,STATIC_BURN_IN,INST_02,CH_04,VALID,0,,50.0,synthetic
L06_C012,L06,leakage_current,168,11.382882032416049,uA,125.0,STATIC_BURN_IN,INST_02,CH_04,VALID,0,,50.0,synthetic
L06_C012,L06,iddq,0,0.529764127329849,mA,125.0,STATIC_BURN_IN,INST_02,CH_04,VALID,0,,2.0,synthetic
L06_C012,L06,iddq,24,0.5299220242997178,mA,125.0,STATIC_BURN_IN,INST_02,CH_04,VALID,0,,2.0,synthetic
L06_C012,L06,iddq,96,0.5436118311882198,mA,125.0,STATIC_BURN_IN,INST_02,CH_04,VALID,0,,2.0,synthetic
L06_C012,L06,iddq,168,0.5491075425800781,mA,125.0,STATIC_BURN_IN,INST_02,CH_04,VALID,0,,2.0,synthetic
L06_C012,L06,propagation_delay,0,5.020304884839037,ns,125.0,STATIC_BURN_IN,INST_02,CH_04,VALID,0,,8.0,synthetic
L06_C012,L06,propagation_delay,24,4.895921749149128,ns,125.0,STATIC_BURN_IN,INST_02,CH_04,VALID,0,,8.0,synthetic
L06_C012,L06,propagation_delay,96,4.804695631442955,ns,125.0,STATIC_BURN_IN,INST_02,CH_04,VALID,0,,8.0,synthetic
L06_C012,L06,propagation_delay,168,4.551559912342852,ns,125.0,STATIC_BURN_IN,INST_02,CH_04,VALID,0,,8.0,synthetic
L06_C013,L06,leakage_current,0,10.807587782914691,uA,125.0,STATIC_BURN_IN,INST_02,CH_05,VALID,0,,50.0,synthetic
L06_C013,L06,leakage_current,24,10.851441568122702,uA,125.0,STATIC_BURN_IN,INST_02,CH_05,VALID,0,,50.0,synthetic
L06_C013,L06,leakage_current,96,10.967142822817973,uA,125.0,STATIC_BURN_IN,INST_02,CH_05,VALID,0,,50.0,synthetic
L06_C013,L06,leakage_current,168,11.15533849218632,uA,125.0,STATIC_BURN_IN,INST_02,CH_05,VALID,0,,50.0,synthetic
L06_C013,L06,iddq,0,0.5872916809572089,mA,125.0,STATIC_BURN_IN,INST_02,CH_05,VALID,0,,2.0,synthetic
L06_C013,L06,iddq,24,0.5647551919331641,mA,125.0,STATIC_BURN_IN,INST_02,CH_05,VALID,0,,2.0,synthetic
L06_C013,L06,iddq,96,0.5587780173906045,mA,125.0,STATIC_BURN_IN,INST_02,CH_05,VALID,0,,2.0,synthetic
L06_C013,L06,iddq,168,0.5651572933537247,mA,125.0,STATIC_BURN_IN,INST_02,CH_05,VALID,0,,2.0,synthetic
L06_C013,L06,propagation_delay,0,5.519518379350878,ns,125.0,STATIC_BURN_IN,INST_02,CH_05,VALID,0,,8.0,synthetic
L06_C013,L06,propagation_delay,24,5.6142514407330735,ns,125.0,STATIC_BURN_IN,INST_02,CH_05,VALID,0,,8.0,synthetic
L06_C013,L06,propagation_delay,96,5.796509734269778,ns,125.0,STATIC_BURN_IN,INST_02,CH_05,VALID,0,,8.0,synthetic
L06_C013,L06,propagation_delay,168,5.613387844817122,ns,125.0,STATIC_BURN_IN,INST_02,CH_05,VALID,0,,8.0,synthetic
L06_C014,L06,leakage_current,0,16.42105132230873,uA,125.0,STATIC_BURN_IN,INST_02,CH_06,VALID,1,,50.0,synthetic
L06_C014,L06,leakage_current,24,17.28247159829335,uA,125.0,STATIC_BURN_IN,INST_02,CH_06,VALID,1,,50.0,synthetic
L06_C014,L06,leakage_current,96,22.3075314118008,uA,125.0,STATIC_BURN_IN,INST_02,CH_06,VALID,1,,50.0,synthetic
L06_C014,L06,leakage_current,168,28.621690923418925,uA,125.0,STATIC_BURN_IN,INST_02,CH_06,VALID,1,,50.0,synthetic
L06_C014,L06,iddq,0,0.4408070410717103,mA,125.0,STATIC_BURN_IN,INST_02,CH_06,VALID,1,,2.0,synthetic
L06_C014,L06,iddq,24,0.47720269799428816,mA,125.0,STATIC_BURN_IN,INST_02,CH_06,VALID,1,,2.0,synthetic
L06_C014,L06,iddq,96,0.6353257232745336,mA,125.0,STATIC_BURN_IN,INST_02,CH_06,VALID,1,,2.0,synthetic
L06_C014,L06,iddq,168,0.8358002112690759,mA,125.0,STATIC_BURN_IN,INST_02,CH_06,VALID,1,,2.0,synthetic
L06_C014,L06,propagation_delay,0,5.233283089844861,ns,125.0,STATIC_BURN_IN,INST_02,CH_06,VALID,1,,8.0,synthetic
L06_C014,L06,propagation_delay,24,5.128871563856201,ns,125.0,STATIC_BURN_IN,INST_02,CH_06,VALID,1,,8.0,synthetic
L06_C014,L06,propagation_delay,96,5.727202973056992,ns,125.0,STATIC_BURN_IN,INST_02,CH_06,VALID,1,,8.0,synthetic
L06_C014,L06,propagation_delay,168,6.375949723811328,ns,125.0,STATIC_BURN_IN,INST_02,CH_06,VALID,1,,8.0,synthetic
L06_C015,L06,leakage_current,0,18.247706757952233,uA,125.0,STATIC_BURN_IN,INST_02,CH_07,VALID,0,,50.0,synthetic
L06_C015,L06,leakage_current,24,17.809235745655727,uA,125.0,STATIC_BURN_IN,INST_02,CH_07,VALID,0,,50.0,synthetic
L06_C015,L06,leakage_current,168,18.23627290611286,uA,125.0,STATIC_BURN_IN,INST_02,CH_07,VALID,0,,50.0,synthetic
L06_C015,L06,iddq,0,0.7573760758986695,mA,125.0,STATIC_BURN_IN,INST_02,CH_07,VALID,0,,2.0,synthetic
L06_C015,L06,iddq,24,0.777624420092738,mA,125.0,STATIC_BURN_IN,INST_02,CH_07,VALID,0,,2.0,synthetic
L06_C015,L06,iddq,96,0.7447403710164581,mA,125.0,STATIC_BURN_IN,INST_02,CH_07,VALID,0,,2.0,synthetic
L06_C015,L06,iddq,168,0.7595025808091429,mA,125.0,STATIC_BURN_IN,INST_02,CH_07,VALID,0,,2.0,synthetic
L06_C015,L06,propagation_delay,0,5.92137604017449,ns,125.0,STATIC_BURN_IN,INST_02,CH_07,VALID,0,,8.0,synthetic
L06_C015,L06,propagation_delay,24,5.983094292918522,ns,125.0,STATIC_BURN_IN,INST_02,CH_07,VALID,0,,8.0,synthetic
L06_C015,L06,propagation_delay,96,5.919533371384511,ns,125.0,STATIC_BURN_IN,INST_02,CH_07,VALID,0,,8.0,synthetic
L06_C015,L06,propagation_delay,168,5.69516628425781,ns,125.0,STATIC_BURN_IN,INST_02,CH_07,VALID,0,,8.0,synthetic
L06_C016,L06,leakage_current,0,9.237288394775243,uA,125.0,STATIC_BURN_IN,INST_02,CH_08,VALID,1,,50.0,synthetic
L06_C016,L06,leakage_current,24,9.259351323513252,uA,125.0,STATIC_BURN_IN,INST_02,CH_08,VALID,1,,50.0,synthetic
L06_C016,L06,leakage_current,96,9.09633743788024,uA,125.0,STATIC_BURN_IN,INST_02,CH_08,VALID,1,,50.0,synthetic
L06_C016,L06,leakage_current,168,9.202110957592383,uA,125.0,STATIC_BURN_IN,INST_02,CH_08,VALID,1,,50.0,synthetic
L06_C016,L06,iddq,0,0.4432749119602081,mA,125.0,STATIC_BURN_IN,INST_02,CH_08,VALID,1,,2.0,synthetic
L06_C016,L06,iddq,24,0.4432517006194188,mA,125.0,STATIC_BURN_IN,INST_02,CH_08,VALID,1,,2.0,synthetic
L06_C016,L06,iddq,96,0.45640558790234254,mA,125.0,STATIC_BURN_IN,INST_02,CH_08,VALID,1,,2.0,synthetic
L06_C016,L06,iddq,168,0.4399721909876601,mA,125.0,STATIC_BURN_IN,INST_02,CH_08,VALID,1,,2.0,synthetic
L06_C016,L06,propagation_delay,0,4.891310474086732,ns,125.0,STATIC_BURN_IN,INST_02,CH_08,VALID,1,,8.0,synthetic
L06_C016,L06,propagation_delay,24,4.779041400353489,ns,125.0,STATIC_BURN_IN,INST_02,CH_08,VALID,1,,8.0,synthetic
L06_C016,L06,propagation_delay,96,4.882802066181828,ns,125.0,STATIC_BURN_IN,INST_02,CH_08,VALID,1,,8.0,synthetic
L06_C016,L06,propagation_delay,168,4.969485259287197,ns,125.0,STATIC_BURN_IN,INST_02,CH_08,VALID,1,,8.0,synthetic
L06_C017,L06,leakage_current,0,10.426720370990667,uA,125.0,STATIC_BURN_IN,INST_01,CH_01,VALID,0,,50.0,synthetic
L06_C017,L06,leakage_current,24,10.486065431240526,uA,125.0,STATIC_BURN_IN,INST_01,CH_01,VALID,0,,50.0,synthetic
L06_C017,L06,leakage_current,96,10.538225727722565,uA,125.0,STATIC_BURN_IN,INST_01,CH_01,VALID,0,,50.0,synthetic
L06_C017,L06,leakage_current,168,10.36238759101782,uA,125.0,STATIC_BURN_IN,INST_01,CH_01,VALID,0,,50.0,synthetic
L06_C017,L06,iddq,0,0.46806163949026025,mA,125.0,STATIC_BURN_IN,INST_01,CH_01,VALID,0,,2.0,synthetic
L06_C017,L06,iddq,24,0.4925301911373089,mA,125.0,STATIC_BURN_IN,INST_01,CH_01,VALID,0,,2.0,synthetic
L06_C017,L06,iddq,96,0.47968891387600304,mA,125.0,STATIC_BURN_IN,INST_01,CH_01,VALID,0,,2.0,synthetic
L06_C017,L06,iddq,168,0.4778322146711719,mA,125.0,STATIC_BURN_IN,INST_01,CH_01,VALID,0,,2.0,synthetic
L06_C017,L06,propagation_delay,0,5.202473797630092,ns,125.0,STATIC_BURN_IN,INST_01,CH_01,VALID,0,,8.0,synthetic
L06_C017,L06,propagation_delay,24,4.895762304619208,ns,125.0,STATIC_BURN_IN,INST_01,CH_01,VALID,0,,8.0,synthetic
L06_C017,L06,propagation_delay,96,5.064263216885675,ns,125.0,STATIC_BURN_IN,INST_01,CH_01,VALID,0,,8.0,synthetic
L06_C017,L06,propagation_delay,168,5.077932918710712,ns,125.0,STATIC_BURN_IN,INST_01,CH_01,VALID,0,,8.0,synthetic
L06_C018,L06,leakage_current,0,11.335454434703776,uA,125.0,STATIC_BURN_IN,INST_01,CH_02,VALID,0,,50.0,synthetic
L06_C018,L06,leakage_current,24,10.591736310776863,uA,125.0,STATIC_BURN_IN,INST_01,CH_02,VALID,0,,50.0,synthetic
L06_C018,L06,leakage_current,96,11.206787557075073,uA,125.0,STATIC_BURN_IN,INST_01,CH_02,VALID,0,,50.0,synthetic
L06_C018,L06,leakage_current,168,10.787604789836713,uA,125.0,STATIC_BURN_IN,INST_01,CH_02,VALID,0,,50.0,synthetic
L06_C018,L06,iddq,0,0.4143202272929069,mA,125.0,STATIC_BURN_IN,INST_01,CH_02,VALID,0,,2.0,synthetic
L06_C018,L06,iddq,24,0.439447319678711,mA,125.0,STATIC_BURN_IN,INST_01,CH_02,VALID,0,,2.0,synthetic
L06_C018,L06,iddq,96,0.43049962587052437,mA,125.0,STATIC_BURN_IN,INST_01,CH_02,VALID,0,,2.0,synthetic
L06_C018,L06,iddq,168,0.43634784603508203,mA,125.0,STATIC_BURN_IN,INST_01,CH_02,VALID,0,,2.0,synthetic
L06_C018,L06,propagation_delay,0,4.885044908417487,ns,125.0,STATIC_BURN_IN,INST_01,CH_02,VALID,0,,8.0,synthetic
L06_C018,L06,propagation_delay,24,4.577202040972114,ns,125.0,STATIC_BURN_IN,INST_01,CH_02,VALID,0,,8.0,synthetic
L06_C018,L06,propagation_delay,96,4.701182686763903,ns,125.0,STATIC_BURN_IN,INST_01,CH_02,VALID,0,,8.0,synthetic
L06_C018,L06,propagation_delay,168,4.747588377982861,ns,125.0,STATIC_BURN_IN,INST_01,CH_02,VALID,0,,8.0,synthetic
L06_C019,L06,leakage_current,0,14.123756811417698,uA,125.0,STATIC_BURN_IN,INST_01,CH_03,VALID,0,,50.0,synthetic
L06_C019,L06,leakage_current,24,14.794160286671683,uA,125.0,STATIC_BURN_IN,INST_01,CH_03,VALID,0,,50.0,synthetic
L06_C019,L06,leakage_current,96,15.047976579238217,uA,125.0,STATIC_BURN_IN,INST_01,CH_03,VALID,0,,50.0,synthetic
L06_C019,L06,leakage_current,168,14.988861877959117,uA,125.0,STATIC_BURN_IN,INST_01,CH_03,VALID,0,,50.0,synthetic
L06_C019,L06,iddq,0,0.49411032861114246,mA,125.0,STATIC_BURN_IN,INST_01,CH_03,VALID,0,,2.0,synthetic
L06_C019,L06,iddq,24,0.493520360319822,mA,125.0,STATIC_BURN_IN,INST_01,CH_03,VALID,0,,2.0,synthetic
L06_C019,L06,iddq,96,0.4795434338569216,mA,125.0,STATIC_BURN_IN,INST_01,CH_03,VALID,0,,2.0,synthetic
L06_C019,L06,iddq,168,0.49148644943056125,mA,125.0,STATIC_BURN_IN,INST_01,CH_03,VALID,0,,2.0,synthetic
L06_C019,L06,propagation_delay,0,5.006615704611489,ns,125.0,STATIC_BURN_IN,INST_01,CH_03,VALID,0,,8.0,synthetic
L06_C019,L06,propagation_delay,24,4.818266343784662,ns,125.0,STATIC_BURN_IN,INST_01,CH_03,VALID,0,,8.0,synthetic
L06_C019,L06,propagation_delay,96,4.774966699432267,ns,125.0,STATIC_BURN_IN,INST_01,CH_03,VALID,0,,8.0,synthetic
L06_C019,L06,propagation_delay,168,4.93951351455843,ns,125.0,STATIC_BURN_IN,INST_01,CH_03,VALID,0,,8.0,synthetic
L06_C020,L06,leakage_current,0,8.822646684849154,uA,125.0,STATIC_BURN_IN,INST_01,CH_04,VALID,2,,50.0,synthetic
L06_C020,L06,leakage_current,24,8.89702217014046,uA,125.0,STATIC_BURN_IN,INST_01,CH_04,VALID,2,,50.0,synthetic
L06_C020,L06,leakage_current,96,8.623292252530673,uA,125.0,STATIC_BURN_IN,INST_01,CH_04,VALID,2,,50.0,synthetic
L06_C020,L06,leakage_current,168,9.100420649587003,uA,125.0,STATIC_BURN_IN,INST_01,CH_04,VALID,2,,50.0,synthetic
L06_C020,L06,iddq,0,0.639722622992052,mA,125.0,STATIC_BURN_IN,INST_01,CH_04,VALID,2,,2.0,synthetic
L06_C020,L06,iddq,24,0.6318333527454105,mA,125.0,STATIC_BURN_IN,INST_01,CH_04,VALID,2,,2.0,synthetic
L06_C020,L06,iddq,96,0.667967764780913,mA,125.0,STATIC_BURN_IN,INST_01,CH_04,VALID,2,,2.0,synthetic
L06_C020,L06,iddq,168,0.6555304339154954,mA,125.0,STATIC_BURN_IN,INST_01,CH_04,VALID,2,,2.0,synthetic
L06_C020,L06,propagation_delay,0,4.617895824983573,ns,125.0,STATIC_BURN_IN,INST_01,CH_04,VALID,2,,8.0,synthetic
L06_C020,L06,propagation_delay,24,4.503424902470994,ns,125.0,STATIC_BURN_IN,INST_01,CH_04,VALID,2,,8.0,synthetic
L06_C020,L06,propagation_delay,96,4.727171773238054,ns,125.0,STATIC_BURN_IN,INST_01,CH_04,VALID,2,,8.0,synthetic
L06_C020,L06,propagation_delay,168,4.699009637116355,ns,125.0,STATIC_BURN_IN,INST_01,CH_04,VALID,2,,8.0,synthetic
L06_C021,L06,leakage_current,0,8.839048799666704,uA,125.0,STATIC_BURN_IN,INST_01,CH_05,VALID,0,,50.0,synthetic
L06_C021,L06,leakage_current,24,8.977759092381683,uA,125.0,STATIC_BURN_IN,INST_01,CH_05,VALID,0,,50.0,synthetic
L06_C021,L06,leakage_current,96,8.719277575490969,uA,125.0,STATIC_BURN_IN,INST_01,CH_05,VALID,0,,50.0,synthetic
L06_C021,L06,leakage_current,168,8.947455432815383,uA,125.0,STATIC_BURN_IN,INST_01,CH_05,VALID,0,,50.0,synthetic
L06_C021,L06,iddq,0,0.42600773362223276,mA,125.0,STATIC_BURN_IN,INST_01,CH_05,VALID,0,,2.0,synthetic
L06_C021,L06,iddq,24,0.43317526629442316,mA,125.0,STATIC_BURN_IN,INST_01,CH_05,VALID,0,,2.0,synthetic
L06_C021,L06,iddq,96,0.4153275053592325,mA,125.0,STATIC_BURN_IN,INST_01,CH_05,VALID,0,,2.0,synthetic
L06_C021,L06,iddq,168,0.43312185894063165,mA,125.0,STATIC_BURN_IN,INST_01,CH_05,VALID,0,,2.0,synthetic
L06_C021,L06,propagation_delay,0,4.995709547551052,ns,125.0,STATIC_BURN_IN,INST_01,CH_05,VALID,0,,8.0,synthetic
L06_C021,L06,propagation_delay,24,4.989028630134514,ns,125.0,STATIC_BURN_IN,INST_01,CH_05,VALID,0,,8.0,synthetic
L06_C021,L06,propagation_delay,96,5.1221761669862325,ns,125.0,STATIC_BURN_IN,INST_01,CH_05,VALID,0,,8.0,synthetic
L06_C021,L06,propagation_delay,168,5.012201168569761,ns,125.0,STATIC_BURN_IN,INST_01,CH_05,VALID,0,,8.0,synthetic
L06_C022,L06,leakage_current,0,20.828150480545172,uA,125.0,STATIC_BURN_IN,INST_01,CH_06,VALID,0,,50.0,synthetic
L06_C022,L06,leakage_current,24,21.144919015672617,uA,125.0,STATIC_BURN_IN,INST_01,CH_06,VALID,0,,50.0,synthetic
L06_C022,L06,leakage_current,96,21.03178393398214,uA,125.0,STATIC_BURN_IN,INST_01,CH_06,VALID,0,,50.0,synthetic
L06_C022,L06,leakage_current,168,20.479218030233078,uA,125.0,STATIC_BURN_IN,INST_01,CH_06,VALID,0,,50.0,synthetic
L06_C022,L06,iddq,0,0.9024079258353004,mA,125.0,STATIC_BURN_IN,INST_01,CH_06,VALID,0,,2.0,synthetic
L06_C022,L06,iddq,24,0.9220074478500995,mA,125.0,STATIC_BURN_IN,INST_01,CH_06,VALID,0,,2.0,synthetic
L06_C022,L06,iddq,96,0.9051230966126148,mA,125.0,STATIC_BURN_IN,INST_01,CH_06,VALID,0,,2.0,synthetic
L06_C022,L06,iddq,168,0.901956402889844,mA,125.0,STATIC_BURN_IN,INST_01,CH_06,VALID,0,,2.0,synthetic
L06_C022,L06,propagation_delay,0,6.172794874004386,ns,125.0,STATIC_BURN_IN,INST_01,CH_06,VALID,0,,8.0,synthetic
L06_C022,L06,propagation_delay,24,6.309695587800671,ns,125.0,STATIC_BURN_IN,INST_01,CH_06,VALID,0,,8.0,synthetic
L06_C022,L06,propagation_delay,96,6.315439497088753,ns,125.0,STATIC_BURN_IN,INST_01,CH_06,VALID,0,,8.0,synthetic
L06_C022,L06,propagation_delay,168,6.3345517984395965,ns,125.0,STATIC_BURN_IN,INST_01,CH_06,VALID,0,,8.0,synthetic
L06_C023,L06,leakage_current,0,17.465104513775536,uA,125.0,STATIC_BURN_IN,INST_01,CH_07,VALID,0,,50.0,synthetic
L06_C023,L06,leakage_current,24,17.43265891813777,uA,125.0,STATIC_BURN_IN,INST_01,CH_07,VALID,0,,50.0,synthetic
L06_C023,L06,leakage_current,96,17.68604667544668,uA,125.0,STATIC_BURN_IN,INST_01,CH_07,VALID,0,,50.0,synthetic
L06_C023,L06,leakage_current,168,17.5602488880979,uA,125.0,STATIC_BURN_IN,INST_01,CH_07,VALID,0,,50.0,synthetic
L06_C023,L06,iddq,0,0.8348792408181661,mA,125.0,STATIC_BURN_IN,INST_01,CH_07,VALID,0,,2.0,synthetic
L06_C023,L06,iddq,24,0.8673256531561362,mA,125.0,STATIC_BURN_IN,INST_01,CH_07,VALID,0,,2.0,synthetic
L06_C023,L06,iddq,96,0.8531634204754329,mA,125.0,STATIC_BURN_IN,INST_01,CH_07,VALID,0,,2.0,synthetic
L06_C023,L06,iddq,168,0.8575726804065119,mA,125.0,STATIC_BURN_IN,INST_01,CH_07,VALID,0,,2.0,synthetic
L06_C023,L06,propagation_delay,0,6.027185878729643,ns,125.0,STATIC_BURN_IN,INST_01,CH_07,VALID,0,,8.0,synthetic
L06_C023,L06,propagation_delay,24,5.877808829104264,ns,125.0,STATIC_BURN_IN,INST_01,CH_07,VALID,0,,8.0,synthetic
L06_C023,L06,propagation_delay,96,5.881889195320043,ns,125.0,STATIC_BURN_IN,INST_01,CH_07,VALID,0,,8.0,synthetic
L06_C023,L06,propagation_delay,168,5.861135926892545,ns,125.0,STATIC_BURN_IN,INST_01,CH_07,VALID,0,,8.0,synthetic
L06_C024,L06,leakage_current,0,9.07029270260796,uA,125.0,STATIC_BURN_IN,INST_01,CH_08,VALID,2,,50.0,synthetic
L06_C024,L06,leakage_current,24,10.492527293454101,uA,125.0,STATIC_BURN_IN,INST_01,CH_08,VALID,2,,50.0,synthetic
L06_C024,L06,leakage_current,96,14.800892131630613,uA,125.0,STATIC_BURN_IN,INST_01,CH_08,VALID,2,,50.0,synthetic
L06_C024,L06,leakage_current,168,21.11275505277489,uA,125.0,STATIC_BURN_IN,INST_01,CH_08,VALID,2,,50.0,synthetic
L06_C024,L06,iddq,0,0.6054703003273073,mA,125.0,STATIC_BURN_IN,INST_01,CH_08,VALID,2,,2.0,synthetic
L06_C024,L06,iddq,24,0.6607774879376979,mA,125.0,STATIC_BURN_IN,INST_01,CH_08,VALID,2,,2.0,synthetic
L06_C024,L06,iddq,96,0.9064974950624739,mA,125.0,STATIC_BURN_IN,INST_01,CH_08,VALID,2,,2.0,synthetic
L06_C024,L06,iddq,168,1.1854581745821713,mA,125.0,STATIC_BURN_IN,INST_01,CH_08,VALID,2,,2.0,synthetic
L06_C024,L06,propagation_delay,0,5.088321677128452,ns,125.0,STATIC_BURN_IN,INST_01,CH_08,VALID,2,,8.0,synthetic
L06_C024,L06,propagation_delay,24,5.323599247790048,ns,125.0,STATIC_BURN_IN,INST_01,CH_08,VALID,2,,8.0,synthetic
L06_C024,L06,propagation_delay,96,5.975880186346233,ns,125.0,STATIC_BURN_IN,INST_01,CH_08,VALID,2,,8.0,synthetic
L06_C024,L06,propagation_delay,168,6.25940197250137,ns,125.0,STATIC_BURN_IN,INST_01,CH_08,VALID,2,,8.0,synthetic
L06_C025,L06,leakage_current,0,23.69757307009136,uA,125.0,STATIC_BURN_IN,INST_02,CH_01,VALID,0,,50.0,synthetic
L06_C025,L06,leakage_current,24,23.962184799976463,uA,125.0,STATIC_BURN_IN,INST_02,CH_01,VALID,0,,50.0,synthetic
L06_C025,L06,leakage_current,96,24.290517356510247,uA,125.0,STATIC_BURN_IN,INST_02,CH_01,VALID,0,,50.0,synthetic
L06_C025,L06,leakage_current,168,24.225301184641317,uA,125.0,STATIC_BURN_IN,INST_02,CH_01,VALID,0,,50.0,synthetic
L06_C025,L06,iddq,0,0.9064620735911626,mA,125.0,STATIC_BURN_IN,INST_02,CH_01,VALID,0,,2.0,synthetic
L06_C025,L06,iddq,24,0.9144887879816983,mA,125.0,STATIC_BURN_IN,INST_02,CH_01,VALID,0,,2.0,synthetic
L06_C025,L06,iddq,96,0.9359388697842353,mA,125.0,STATIC_BURN_IN,INST_02,CH_01,VALID,0,,2.0,synthetic
L06_C025,L06,iddq,168,0.896560984726092,mA,125.0,STATIC_BURN_IN,INST_02,CH_01,VALID,0,,2.0,synthetic
L06_C025,L06,propagation_delay,0,6.0090620470106275,ns,125.0,STATIC_BURN_IN,INST_02,CH_01,VALID,0,,8.0,synthetic
L06_C025,L06,propagation_delay,24,6.0824239722772635,ns,125.0,STATIC_BURN_IN,INST_02,CH_01,VALID,0,,8.0,synthetic
L06_C025,L06,propagation_delay,96,5.999564181337762,ns,125.0,STATIC_BURN_IN,INST_02,CH_01,VALID,0,,8.0,synthetic
L06_C025,L06,propagation_delay,168,6.322585722868912,ns,125.0,STATIC_BURN_IN,INST_02,CH_01,VALID,0,,8.0,synthetic
L06_C026,L06,leakage_current,0,8.967070180614938,uA,125.0,STATIC_BURN_IN,INST_02,CH_02,VALID,2,,50.0,synthetic
L06_C026,L06,leakage_current,24,9.34496155282578,uA,125.0,STATIC_BURN_IN,INST_02,CH_02,VALID,2,,50.0,synthetic
L06_C026,L06,leakage_current,96,8.980274355817498,uA,125.0,STATIC_BURN_IN,INST_02,CH_02,VALID,2,,50.0,synthetic
L06_C026,L06,iddq,0,0.38443937911102044,mA,125.0,STATIC_BURN_IN,INST_02,CH_02,VALID,2,,2.0,synthetic
L06_C026,L06,iddq,24,0.3751470689389876,mA,125.0,STATIC_BURN_IN,INST_02,CH_02,VALID,2,,2.0,synthetic
L06_C026,L06,iddq,96,0.38717576896616157,mA,125.0,STATIC_BURN_IN,INST_02,CH_02,VALID,2,,2.0,synthetic
L06_C026,L06,iddq,168,0.38909660912135013,mA,125.0,STATIC_BURN_IN,INST_02,CH_02,VALID,2,,2.0,synthetic
L06_C026,L06,propagation_delay,0,5.125561847709836,ns,125.0,STATIC_BURN_IN,INST_02,CH_02,VALID,2,,8.0,synthetic
L06_C026,L06,propagation_delay,24,5.102530571832495,ns,125.0,STATIC_BURN_IN,INST_02,CH_02,VALID,2,,8.0,synthetic
L06_C026,L06,propagation_delay,96,5.132036727285961,ns,125.0,STATIC_BURN_IN,INST_02,CH_02,VALID,2,,8.0,synthetic
L06_C026,L06,propagation_delay,168,5.209661319409568,ns,125.0,STATIC_BURN_IN,INST_02,CH_02,VALID,2,,8.0,synthetic
L06_C027,L06,leakage_current,0,10.60879361363403,uA,125.0,STATIC_BURN_IN,INST_02,CH_03,VALID,0,,50.0,synthetic
L06_C027,L06,leakage_current,24,10.723210724274958,uA,125.0,STATIC_BURN_IN,INST_02,CH_03,VALID,0,,50.0,synthetic
L06_C027,L06,leakage_current,96,10.817015167043431,uA,125.0,STATIC_BURN_IN,INST_02,CH_03,VALID,0,,50.0,synthetic
L06_C027,L06,leakage_current,168,10.626924490076828,uA,125.0,STATIC_BURN_IN,INST_02,CH_03,VALID,0,,50.0,synthetic
L06_C027,L06,iddq,0,0.6629354533009504,mA,125.0,STATIC_BURN_IN,INST_02,CH_03,VALID,0,,2.0,synthetic
L06_C027,L06,iddq,24,0.6711899195394575,mA,125.0,STATIC_BURN_IN,INST_02,CH_03,VALID,0,,2.0,synthetic
L06_C027,L06,iddq,96,0.6805458463441708,mA,125.0,STATIC_BURN_IN,INST_02,CH_03,VALID,0,,2.0,synthetic
L06_C027,L06,iddq,168,0.647114943245437,mA,125.0,STATIC_BURN_IN,INST_02,CH_03,VALID,0,,2.0,synthetic
L06_C027,L06,propagation_delay,0,5.028154332291747,ns,125.0,STATIC_BURN_IN,INST_02,CH_03,VALID,0,,8.0,synthetic
L06_C027,L06,propagation_delay,24,5.021265207338275,ns,125.0,STATIC_BURN_IN,INST_02,CH_03,VALID,0,,8.0,synthetic
L06_C027,L06,propagation_delay,96,5.186548119983641,ns,125.0,STATIC_BURN_IN,INST_02,CH_03,VALID,0,,8.0,synthetic
L06_C027,L06,propagation_delay,168,4.949902112569733,ns,125.0,STATIC_BURN_IN,INST_02,CH_03,VALID,0,,8.0,synthetic
L06_C028,L06,leakage_current,0,10.578780680235123,uA,125.0,STATIC_BURN_IN,INST_02,CH_04,VALID,0,,50.0,synthetic
L06_C028,L06,leakage_current,24,11.975257770300884,uA,125.0,STATIC_BURN_IN,INST_02,CH_04,VALID,0,,50.0,synthetic
L06_C028,L06,leakage_current,96,15.897978939736827,uA,125.0,STATIC_BURN_IN,INST_02,CH_04,VALID,0,,50.0,synthetic
L06_C028,L06,leakage_current,168,21.05912986337066,uA,125.0,STATIC_BURN_IN,INST_02,CH_04,VALID,0,,50.0,synthetic
L06_C028,L06,iddq,0,0.47022187571616914,mA,125.0,STATIC_BURN_IN,INST_02,CH_04,VALID,0,,2.0,synthetic
L06_C028,L06,iddq,24,0.5326989486931548,mA,125.0,STATIC_BURN_IN,INST_02,CH_04,VALID,0,,2.0,synthetic
L06_C028,L06,iddq,96,0.7071132673433906,mA,125.0,STATIC_BURN_IN,INST_02,CH_04,VALID,0,,2.0,synthetic
L06_C028,L06,iddq,168,0.9600733379195469,mA,125.0,STATIC_BURN_IN,INST_02,CH_04,VALID,0,,2.0,synthetic
L06_C028,L06,propagation_delay,0,4.963096048878353,ns,125.0,STATIC_BURN_IN,INST_02,CH_04,VALID,0,,8.0,synthetic
L06_C028,L06,propagation_delay,24,5.079489177552659,ns,125.0,STATIC_BURN_IN,INST_02,CH_04,VALID,0,,8.0,synthetic
L06_C028,L06,propagation_delay,96,5.677398115758063,ns,125.0,STATIC_BURN_IN,INST_02,CH_04,VALID,0,,8.0,synthetic
L06_C028,L06,propagation_delay,168,6.080362684586928,ns,125.0,STATIC_BURN_IN,INST_02,CH_04,VALID,0,,8.0,synthetic
L06_C029,L06,leakage_current,0,9.854966644259017,uA,125.0,STATIC_BURN_IN,INST_02,CH_05,VALID,0,,50.0,synthetic
L06_C029,L06,leakage_current,24,9.91039102874087,uA,125.0,STATIC_BURN_IN,INST_02,CH_05,VALID,0,,50.0,synthetic
L06_C029,L06,leakage_current,96,9.74977738333686,uA,125.0,STATIC_BURN_IN,INST_02,CH_05,VALID,0,,50.0,synthetic
L06_C029,L06,iddq,0,0.4980379596942091,mA,125.0,STATIC_BURN_IN,INST_02,CH_05,VALID,0,,2.0,synthetic
L06_C029,L06,iddq,24,0.4998662085016566,mA,125.0,STATIC_BURN_IN,INST_02,CH_05,VALID,0,,2.0,synthetic
L06_C029,L06,iddq,96,0.5003815493054112,mA,125.0,STATIC_BURN_IN,INST_02,CH_05,VALID,0,,2.0,synthetic
L06_C029,L06,iddq,168,0.4829502720086606,mA,125.0,STATIC_BURN_IN,INST_02,CH_05,VALID,0,,2.0,synthetic
L06_C029,L06,propagation_delay,0,5.192147981963398,ns,125.0,STATIC_BURN_IN,INST_02,CH_05,VALID,0,,8.0,synthetic
L06_C029,L06,propagation_delay,24,5.009728234647798,ns,125.0,STATIC_BURN_IN,INST_02,CH_05,VALID,0,,8.0,synthetic
L06_C029,L06,propagation_delay,96,5.157341467569779,ns,125.0,STATIC_BURN_IN,INST_02,CH_05,VALID,0,,8.0,synthetic
L06_C029,L06,propagation_delay,168,4.9461911017808795,ns,125.0,STATIC_BURN_IN,INST_02,CH_05,VALID,0,,8.0,synthetic
L06_C030,L06,leakage_current,0,11.293661190039437,uA,125.0,STATIC_BURN_IN,INST_02,CH_06,VALID,0,,50.0,synthetic
L06_C030,L06,leakage_current,24,11.465978436241544,uA,125.0,STATIC_BURN_IN,INST_02,CH_06,VALID,0,,50.0,synthetic
L06_C030,L06,leakage_current,96,11.582846322680778,uA,125.0,STATIC_BURN_IN,INST_02,CH_06,VALID,0,,50.0,synthetic
L06_C030,L06,leakage_current,168,11.220268811249236,uA,125.0,STATIC_BURN_IN,INST_02,CH_06,VALID,0,,50.0,synthetic
L06_C030,L06,iddq,0,0.4698202341821164,mA,125.0,STATIC_BURN_IN,INST_02,CH_06,VALID,0,,2.0,synthetic
L06_C030,L06,iddq,24,0.4596443019372854,mA,125.0,STATIC_BURN_IN,INST_02,CH_06,VALID,0,,2.0,synthetic
L06_C030,L06,iddq,96,0.47172184016730084,mA,125.0,STATIC_BURN_IN,INST_02,CH_06,VALID,0,,2.0,synthetic
L06_C030,L06,iddq,168,0.46388759322359957,mA,125.0,STATIC_BURN_IN,INST_02,CH_06,VALID,0,,2.0,synthetic
L06_C030,L06,propagation_delay,0,4.492496547576851,ns,125.0,STATIC_BURN_IN,INST_02,CH_06,VALID,0,,8.0,synthetic
L06_C030,L06,propagation_delay,24,4.6414394827016325,ns,125.0,STATIC_BURN_IN,INST_02,CH_06,VALID,0,,8.0,synthetic
L06_C030,L06,propagation_delay,96,4.671106694544592,ns,125.0,STATIC_BURN_IN,INST_02,CH_06,VALID,0,,8.0,synthetic
L06_C030,L06,propagation_delay,168,4.731593511259363,ns,125.0,STATIC_BURN_IN,INST_02,CH_06,VALID,0,,8.0,synthetic
L07_C001,L07,leakage_current,0,7.298389609511609,uA,125.0,STATIC_BURN_IN,INST_01,CH_01,VALID,0,,50.0,synthetic
L07_C001,L07,leakage_current,24,7.575949959488062,uA,125.0,STATIC_BURN_IN,INST_01,CH_01,VALID,0,,50.0,synthetic
L07_C001,L07,leakage_current,96,7.265602855463028,uA,125.0,STATIC_BURN_IN,INST_01,CH_01,VALID,0,,50.0,synthetic
L07_C001,L07,leakage_current,168,7.460301350900845,uA,125.0,STATIC_BURN_IN,INST_01,CH_01,VALID,0,,50.0,synthetic
L07_C001,L07,iddq,0,0.4161873913230253,mA,125.0,STATIC_BURN_IN,INST_01,CH_01,VALID,0,,2.0,synthetic
L07_C001,L07,iddq,24,0.41211849719088806,mA,125.0,STATIC_BURN_IN,INST_01,CH_01,VALID,0,,2.0,synthetic
L07_C001,L07,iddq,96,0.41167384757973263,mA,125.0,STATIC_BURN_IN,INST_01,CH_01,VALID,0,,2.0,synthetic
L07_C001,L07,iddq,168,0.4203037834155732,mA,125.0,STATIC_BURN_IN,INST_01,CH_01,VALID,0,,2.0,synthetic
L07_C001,L07,propagation_delay,0,5.141729255245898,ns,125.0,STATIC_BURN_IN,INST_01,CH_01,VALID,0,,8.0,synthetic
L07_C001,L07,propagation_delay,24,4.955345979704887,ns,125.0,STATIC_BURN_IN,INST_01,CH_01,VALID,0,,8.0,synthetic
L07_C001,L07,propagation_delay,96,4.99292681702477,ns,125.0,STATIC_BURN_IN,INST_01,CH_01,VALID,0,,8.0,synthetic
L07_C001,L07,propagation_delay,168,4.885743629092907,ns,125.0,STATIC_BURN_IN,INST_01,CH_01,VALID,0,,8.0,synthetic
L07_C002,L07,leakage_current,0,6.608067812475169,uA,125.0,STATIC_BURN_IN,INST_01,CH_02,VALID,0,,50.0,synthetic
L07_C002,L07,leakage_current,24,6.674169283043393,uA,125.0,STATIC_BURN_IN,INST_01,CH_02,VALID,0,,50.0,synthetic
L07_C002,L07,leakage_current,96,6.762321450000958,uA,125.0,STATIC_BURN_IN,INST_01,CH_02,VALID,0,,50.0,synthetic
L07_C002,L07,leakage_current,168,6.827354796011598,uA,125.0,STATIC_BURN_IN,INST_01,CH_02,VALID,0,,50.0,synthetic
L07_C002,L07,iddq,0,0.5747365113819525,mA,125.0,STATIC_BURN_IN,INST_01,CH_02,VALID,0,,2.0,synthetic
L07_C002,L07,iddq,24,0.5638043686326818,mA,125.0,STATIC_BURN_IN,INST_01,CH_02,VALID,0,,2.0,synthetic
L07_C002,L07,iddq,96,0.5828237806877599,mA,125.0,STATIC_BURN_IN,INST_01,CH_02,VALID,0,,2.0,synthetic
L07_C002,L07,iddq,168,0.5592343068039015,mA,125.0,STATIC_BURN_IN,INST_01,CH_02,VALID,0,,2.0,synthetic
L07_C002,L07,propagation_delay,0,4.914308129716919,ns,125.0,STATIC_BURN_IN,INST_01,CH_02,VALID,0,,8.0,synthetic
L07_C002,L07,propagation_delay,24,4.729716289748667,ns,125.0,STATIC_BURN_IN,INST_01,CH_02,VALID,0,,8.0,synthetic
L07_C002,L07,propagation_delay,96,4.807761931222395,ns,125.0,STATIC_BURN_IN,INST_01,CH_02,VALID,0,,8.0,synthetic
L07_C002,L07,propagation_delay,168,4.740515889934919,ns,125.0,STATIC_BURN_IN,INST_01,CH_02,VALID,0,,8.0,synthetic
L07_C003,L07,leakage_current,24,8.891436368501571,uA,125.0,STATIC_BURN_IN,INST_01,CH_03,VALID,0,,50.0,synthetic
L07_C003,L07,leakage_current,96,8.725626253114873,uA,125.0,STATIC_BURN_IN,INST_01,CH_03,VALID,0,,50.0,synthetic
L07_C003,L07,leakage_current,168,8.846911984708129,uA,125.0,STATIC_BURN_IN,INST_01,CH_03,VALID,0,,50.0,synthetic
L07_C003,L07,iddq,0,0.5640685103754952,mA,125.0,STATIC_BURN_IN,INST_01,CH_03,VALID,0,,2.0,synthetic
L07_C003,L07,iddq,24,0.5524271966652841,mA,125.0,STATIC_BURN_IN,INST_01,CH_03,VALID,0,,2.0,synthetic
L07_C003,L07,iddq,96,0.5666653103765136,mA,125.0,STATIC_BURN_IN,INST_01,CH_03,VALID,0,,2.0,synthetic
L07_C003,L07,iddq,168,0.5529209501725844,mA,125.0,STATIC_BURN_IN,INST_01,CH_03,VALID,0,,2.0,synthetic
L07_C003,L07,propagation_delay,24,5.249894553636977,ns,125.0,STATIC_BURN_IN,INST_01,CH_03,VALID,0,,8.0,synthetic
L07_C003,L07,propagation_delay,96,5.122347863811789,ns,125.0,STATIC_BURN_IN,INST_01,CH_03,VALID,0,,8.0,synthetic
L07_C003,L07,propagation_delay,168,5.011465379971943,ns,125.0,STATIC_BURN_IN,INST_01,CH_03,VALID,0,,8.0,synthetic
L07_C004,L07,leakage_current,0,9.738089391323273,uA,125.0,STATIC_BURN_IN,INST_01,CH_04,VALID,0,,50.0,synthetic
L07_C004,L07,leakage_current,24,9.271575382612198,uA,125.0,STATIC_BURN_IN,INST_01,CH_04,VALID,0,,50.0,synthetic
L07_C004,L07,leakage_current,96,9.547728637797674,uA,125.0,STATIC_BURN_IN,INST_01,CH_04,VALID,0,,50.0,synthetic
L07_C004,L07,leakage_current,168,9.467578613759771,uA,125.0,STATIC_BURN_IN,INST_01,CH_04,VALID,0,,50.0,synthetic
L07_C004,L07,iddq,0,0.436497236912086,mA,125.0,STATIC_BURN_IN,INST_01,CH_04,VALID,0,,2.0,synthetic
L07_C004,L07,iddq,24,0.4502039314247271,mA,125.0,STATIC_BURN_IN,INST_01,CH_04,VALID,0,,2.0,synthetic
L07_C004,L07,iddq,96,0.4484710891290848,mA,125.0,STATIC_BURN_IN,INST_01,CH_04,VALID,0,,2.0,synthetic
L07_C004,L07,iddq,168,0.4464012479692196,mA,125.0,STATIC_BURN_IN,INST_01,CH_04,VALID,0,,2.0,synthetic
L07_C004,L07,propagation_delay,0,4.916072810516789,ns,125.0,STATIC_BURN_IN,INST_01,CH_04,VALID,0,,8.0,synthetic
L07_C004,L07,propagation_delay,24,4.86916463165102,ns,125.0,STATIC_BURN_IN,INST_01,CH_04,VALID,0,,8.0,synthetic
L07_C004,L07,propagation_delay,96,4.837769896369406,ns,125.0,STATIC_BURN_IN,INST_01,CH_04,VALID,0,,8.0,synthetic
L07_C004,L07,propagation_delay,168,4.833079176214984,ns,125.0,STATIC_BURN_IN,INST_01,CH_04,VALID,0,,8.0,synthetic
L07_C005,L07,leakage_current,0,6.6317197381386706,uA,125.0,STATIC_BURN_IN,INST_01,CH_05,VALID,0,,50.0,synthetic
L07_C005,L07,leakage_current,24,6.7202849520294565,uA,125.0,STATIC_BURN_IN,INST_01,CH_05,VALID,0,,50.0,synthetic
L07_C005,L07,leakage_current,96,6.65836867275509,uA,125.0,STATIC_BURN_IN,INST_01,CH_05,VALID,0,,50.0,synthetic
L07_C005,L07,leakage_current,168,6.656717629842994,uA,125.0,STATIC_BURN_IN,INST_01,CH_05,VALID,0,,50.0,synthetic
L07_C005,L07,iddq,0,0.6055587504211482,mA,125.0,STATIC_BURN_IN,INST_01,CH_05,VALID,0,,2.0,synthetic
L07_C005,L07,iddq,24,0.5724967105565079,mA,125.0,STATIC_BURN_IN,INST_01,CH_05,VALID,0,,2.0,synthetic
L07_C005,L07,iddq,96,0.6226064421426935,mA,125.0,STATIC_BURN_IN,INST_01,CH_05,VALID,0,,2.0,synthetic
L07_C005,L07,iddq,168,0.6209383152362549,mA,125.0,STATIC_BURN_IN,INST_01,CH_05,VALID,0,,2.0,synthetic
L07_C005,L07,propagation_delay,0,5.807125116382351,ns,125.0,STATIC_BURN_IN,INST_01,CH_05,VALID,0,,8.0,synthetic
L07_C005,L07,propagation_delay,24,5.886815534835297,ns,125.0,STATIC_BURN_IN,INST_01,CH_05,VALID,0,,8.0,synthetic
L07_C005,L07,propagation_delay,96,5.77611938990369,ns,125.0,STATIC_BURN_IN,INST_01,CH_05,VALID,0,,8.0,synthetic
L07_C005,L07,propagation_delay,168,5.910000384302483,ns,125.0,STATIC_BURN_IN,INST_01,CH_05,VALID,0,,8.0,synthetic
L07_C006,L07,leakage_current,0,6.741044678224702,uA,125.0,STATIC_BURN_IN,INST_01,CH_06,VALID,0,,50.0,synthetic
L07_C006,L07,leakage_current,24,6.804049530184664,uA,125.0,STATIC_BURN_IN,INST_01,CH_06,VALID,0,,50.0,synthetic
L07_C006,L07,leakage_current,96,7.178295025125797,uA,125.0,STATIC_BURN_IN,INST_01,CH_06,VALID,0,,50.0,synthetic
L07_C006,L07,leakage_current,168,6.853828620766279,uA,125.0,STATIC_BURN_IN,INST_01,CH_06,VALID,0,,50.0,synthetic
L07_C006,L07,iddq,0,0.5680754856117147,mA,125.0,STATIC_BURN_IN,INST_01,CH_06,VALID,0,,2.0,synthetic
L07_C006,L07,iddq,24,0.5789935959737994,mA,125.0,STATIC_BURN_IN,INST_01,CH_06,VALID,0,,2.0,synthetic
L07_C006,L07,iddq,96,0.5539899645748207,mA,125.0,STATIC_BURN_IN,INST_01,CH_06,VALID,0,,2.0,synthetic
L07_C006,L07,iddq,168,0.5700522378404232,mA,125.0,STATIC_BURN_IN,INST_01,CH_06,VALID,0,,2.0,synthetic
L07_C006,L07,propagation_delay,0,5.09905602721413,ns,125.0,STATIC_BURN_IN,INST_01,CH_06,VALID,0,,8.0,synthetic
L07_C006,L07,propagation_delay,24,5.105790492859596,ns,125.0,STATIC_BURN_IN,INST_01,CH_06,VALID,0,,8.0,synthetic
L07_C006,L07,propagation_delay,96,5.386949282403873,ns,125.0,STATIC_BURN_IN,INST_01,CH_06,VALID,0,,8.0,synthetic
L07_C006,L07,propagation_delay,168,5.181718883811574,ns,125.0,STATIC_BURN_IN,INST_01,CH_06,VALID,0,,8.0,synthetic
L07_C007,L07,leakage_current,0,7.468478336191844,uA,125.0,STATIC_BURN_IN,INST_01,CH_07,VALID,0,,50.0,synthetic
L07_C007,L07,leakage_current,24,7.221700636798222,uA,125.0,STATIC_BURN_IN,INST_01,CH_07,VALID,0,,50.0,synthetic
L07_C007,L07,leakage_current,96,7.64766350751568,uA,125.0,STATIC_BURN_IN,INST_01,CH_07,VALID,0,,50.0,synthetic
L07_C007,L07,leakage_current,168,7.302253113115348,uA,125.0,STATIC_BURN_IN,INST_01,CH_07,VALID,0,,50.0,synthetic
L07_C007,L07,iddq,0,0.5346484554301738,mA,125.0,STATIC_BURN_IN,INST_01,CH_07,VALID,0,,2.0,synthetic
L07_C007,L07,iddq,24,0.5274697115822765,mA,125.0,STATIC_BURN_IN,INST_01,CH_07,VALID,0,,2.0,synthetic
L07_C007,L07,iddq,96,0.5383018323718892,mA,125.0,STATIC_BURN_IN,INST_01,CH_07,VALID,0,,2.0,synthetic
L07_C007,L07,iddq,168,0.5260733269521858,mA,125.0,STATIC_BURN_IN,INST_01,CH_07,VALID,0,,2.0,synthetic
L07_C007,L07,propagation_delay,0,5.730741021882993,ns,125.0,STATIC_BURN_IN,INST_01,CH_07,VALID,0,,8.0,synthetic
L07_C007,L07,propagation_delay,24,5.55788432172828,ns,125.0,STATIC_BURN_IN,INST_01,CH_07,VALID,0,,8.0,synthetic
L07_C007,L07,propagation_delay,96,5.6256115765953725,ns,125.0,STATIC_BURN_IN,INST_01,CH_07,VALID,0,,8.0,synthetic
L07_C007,L07,propagation_delay,168,5.765083156322809,ns,125.0,STATIC_BURN_IN,INST_01,CH_07,VALID,0,,8.0,synthetic
L07_C008,L07,leakage_current,0,9.853594593914483,uA,125.0,STATIC_BURN_IN,INST_01,CH_08,VALID,1,,50.0,synthetic
L07_C008,L07,leakage_current,24,10.008632563098862,uA,125.0,STATIC_BURN_IN,INST_01,CH_08,VALID,1,,50.0,synthetic
L07_C008,L07,leakage_current,96,9.851325685621417,uA,125.0,STATIC_BURN_IN,INST_01,CH_08,VALID,1,,50.0,synthetic
L07_C008,L07,leakage_current,168,9.906748276619748,uA,125.0,STATIC_BURN_IN,INST_01,CH_08,VALID,1,,50.0,synthetic
L07_C008,L07,iddq,0,0.4982930105381982,mA,125.0,STATIC_BURN_IN,INST_01,CH_08,VALID,1,,2.0,synthetic
L07_C008,L07,iddq,24,0.4825353017382977,mA,125.0,STATIC_BURN_IN,INST_01,CH_08,VALID,1,,2.0,synthetic
L07_C008,L07,iddq,96,0.48790576638405364,mA,125.0,STATIC_BURN_IN,INST_01,CH_08,VALID,1,,2.0,synthetic
L07_C008,L07,iddq,168,0.5058890365325512,mA,125.0,STATIC_BURN_IN,INST_01,CH_08,VALID,1,,2.0,synthetic
L07_C008,L07,propagation_delay,0,5.846741109057867,ns,125.0,STATIC_BURN_IN,INST_01,CH_08,VALID,1,,8.0,synthetic
L07_C008,L07,propagation_delay,24,5.74610031164804,ns,125.0,STATIC_BURN_IN,INST_01,CH_08,VALID,1,,8.0,synthetic
L07_C008,L07,propagation_delay,96,5.786086101656502,ns,125.0,STATIC_BURN_IN,INST_01,CH_08,VALID,1,,8.0,synthetic
L07_C008,L07,propagation_delay,168,5.711201223968984,ns,125.0,STATIC_BURN_IN,INST_01,CH_08,VALID,1,,8.0,synthetic
L07_C009,L07,leakage_current,0,7.575585116530258,uA,125.0,STATIC_BURN_IN,INST_02,CH_01,VALID,1,,50.0,synthetic
L07_C009,L07,leakage_current,24,7.754496283800384,uA,125.0,STATIC_BURN_IN,INST_02,CH_01,VALID,1,,50.0,synthetic
L07_C009,L07,leakage_current,96,7.802942539057486,uA,125.0,STATIC_BURN_IN,INST_02,CH_01,VALID,1,,50.0,synthetic
L07_C009,L07,leakage_current,168,7.7423251535661395,uA,125.0,STATIC_BURN_IN,INST_02,CH_01,VALID,1,,50.0,synthetic
L07_C009,L07,iddq,0,0.5873997112929039,mA,125.0,STATIC_BURN_IN,INST_02,CH_01,VALID,1,,2.0,synthetic
L07_C009,L07,iddq,24,0.5751008343096273,mA,125.0,STATIC_BURN_IN,INST_02,CH_01,VALID,1,,2.0,synthetic
L07_C009,L07,iddq,96,0.5877684658536041,mA,125.0,STATIC_BURN_IN,INST_02,CH_01,VALID,1,,2.0,synthetic
L07_C009,L07,iddq,168,0.5801445782792529,mA,125.0,STATIC_BURN_IN,INST_02,CH_01,VALID,1,,2.0,synthetic
L07_C009,L07,propagation_delay,0,5.648577694980839,ns,125.0,STATIC_BURN_IN,INST_02,CH_01,VALID,1,,8.0,synthetic
L07_C009,L07,propagation_delay,24,5.671974640710031,ns,125.0,STATIC_BURN_IN,INST_02,CH_01,VALID,1,,8.0,synthetic
L07_C009,L07,propagation_delay,96,5.798582756757409,ns,125.0,STATIC_BURN_IN,INST_02,CH_01,VALID,1,,8.0,synthetic
L07_C009,L07,propagation_delay,168,5.834156827693617,ns,125.0,STATIC_BURN_IN,INST_02,CH_01,VALID,1,,8.0,synthetic
L07_C010,L07,leakage_current,0,15.507639595200711,uA,125.0,STATIC_BURN_IN,INST_02,CH_02,VALID,0,,50.0,synthetic
L07_C010,L07,leakage_current,24,14.346405397392866,uA,125.0,STATIC_BURN_IN,INST_02,CH_02,VALID,0,,50.0,synthetic
L07_C010,L07,leakage_current,96,15.035101574886836,uA,125.0,STATIC_BURN_IN,INST_02,CH_02,VALID,0,,50.0,synthetic
L07_C010,L07,leakage_current,168,14.476286553914893,uA,125.0,STATIC_BURN_IN,INST_02,CH_02,VALID,0,,50.0,synthetic
L07_C010,L07,iddq,0,0.8698968994944454,mA,125.0,STATIC_BURN_IN,INST_02,CH_02,VALID,0,,2.0,synthetic
L07_C010,L07,iddq,24,0.844239290937958,mA,125.0,STATIC_BURN_IN,INST_02,CH_02,VALID,0,,2.0,synthetic
L07_C010,L07,iddq,96,0.8905841284539978,mA,125.0,STATIC_BURN_IN,INST_02,CH_02,VALID,0,,2.0,synthetic
L07_C010,L07,iddq,168,0.867629253829292,mA,125.0,STATIC_BURN_IN,INST_02,CH_02,VALID,0,,2.0,synthetic
L07_C010,L07,propagation_delay,0,6.0988058290846485,ns,125.0,STATIC_BURN_IN,INST_02,CH_02,VALID,0,,8.0,synthetic
L07_C010,L07,propagation_delay,24,6.057906969488528,ns,125.0,STATIC_BURN_IN,INST_02,CH_02,VALID,0,,8.0,synthetic
L07_C010,L07,propagation_delay,96,5.916900627460624,ns,125.0,STATIC_BURN_IN,INST_02,CH_02,VALID,0,,8.0,synthetic
L07_C010,L07,propagation_delay,168,5.78167270871183,ns,125.0,STATIC_BURN_IN,INST_02,CH_02,VALID,0,,8.0,synthetic
L07_C011,L07,leakage_current,0,9.081327760848742,uA,125.0,STATIC_BURN_IN,INST_02,CH_03,VALID,0,,50.0,synthetic
L07_C011,L07,leakage_current,24,9.511238319826903,uA,125.0,STATIC_BURN_IN,INST_02,CH_03,VALID,0,,50.0,synthetic
L07_C011,L07,leakage_current,96,9.3999261082956,uA,125.0,STATIC_BURN_IN,INST_02,CH_03,VALID,0,,50.0,synthetic
L07_C011,L07,leakage_current,168,9.082500824870959,uA,125.0,STATIC_BURN_IN,INST_02,CH_03,VALID,0,,50.0,synthetic
L07_C011,L07,iddq,0,0.6373078887149122,mA,125.0,STATIC_BURN_IN,INST_02,CH_03,VALID,0,,2.0,synthetic
L07_C011,L07,iddq,24,0.6203402699984812,mA,125.0,STATIC_BURN_IN,INST_02,CH_03,VALID,0,,2.0,synthetic
L07_C011,L07,iddq,96,0.649047124715202,mA,125.0,STATIC_BURN_IN,INST_02,CH_03,VALID,0,,2.0,synthetic
L07_C011,L07,iddq,168,0.6253478326721408,mA,125.0,STATIC_BURN_IN,INST_02,CH_03,VALID,0,,2.0,synthetic
L07_C011,L07,propagation_delay,0,5.0463850111748885,ns,125.0,STATIC_BURN_IN,INST_02,CH_03,VALID,0,,8.0,synthetic
L07_C011,L07,propagation_delay,24,5.360192455993399,ns,125.0,STATIC_BURN_IN,INST_02,CH_03,VALID,0,,8.0,synthetic
L07_C011,L07,propagation_delay,96,5.0167587056042215,ns,125.0,STATIC_BURN_IN,INST_02,CH_03,VALID,0,,8.0,synthetic
L07_C011,L07,propagation_delay,168,5.106026285538344,ns,125.0,STATIC_BURN_IN,INST_02,CH_03,VALID,0,,8.0,synthetic
L07_C012,L07,leakage_current,0,14.150237871333553,uA,125.0,STATIC_BURN_IN,INST_02,CH_04,VALID,0,,50.0,synthetic
L07_C012,L07,leakage_current,24,14.00942477152405,uA,125.0,STATIC_BURN_IN,INST_02,CH_04,VALID,0,,50.0,synthetic
L07_C012,L07,leakage_current,96,13.761794409329802,uA,125.0,STATIC_BURN_IN,INST_02,CH_04,VALID,0,,50.0,synthetic
L07_C012,L07,leakage_current,168,13.869560029707177,uA,125.0,STATIC_BURN_IN,INST_02,CH_04,VALID,0,,50.0,synthetic
L07_C012,L07,iddq,0,0.8270934838758066,mA,125.0,STATIC_BURN_IN,INST_02,CH_04,VALID,0,,2.0,synthetic
L07_C012,L07,iddq,96,0.8394816754495503,mA,125.0,STATIC_BURN_IN,INST_02,CH_04,VALID,0,,2.0,synthetic
L07_C012,L07,iddq,168,0.8314104644047667,mA,125.0,STATIC_BURN_IN,INST_02,CH_04,VALID,0,,2.0,synthetic
L07_C012,L07,propagation_delay,0,6.195714632108339,ns,125.0,STATIC_BURN_IN,INST_02,CH_04,VALID,0,,8.0,synthetic
L07_C012,L07,propagation_delay,24,5.973297737788133,ns,125.0,STATIC_BURN_IN,INST_02,CH_04,VALID,0,,8.0,synthetic
L07_C012,L07,propagation_delay,96,6.043783451618977,ns,125.0,STATIC_BURN_IN,INST_02,CH_04,VALID,0,,8.0,synthetic
L07_C012,L07,propagation_delay,168,6.03386477050997,ns,125.0,STATIC_BURN_IN,INST_02,CH_04,VALID,0,,8.0,synthetic
L07_C013,L07,leakage_current,0,6.799372862628666,uA,125.0,STATIC_BURN_IN,INST_02,CH_05,VALID,0,,50.0,synthetic
L07_C013,L07,leakage_current,24,6.886122129446867,uA,125.0,STATIC_BURN_IN,INST_02,CH_05,VALID,0,,50.0,synthetic
L07_C013,L07,leakage_current,96,7.001458527232653,uA,125.0,STATIC_BURN_IN,INST_02,CH_05,VALID,0,,50.0,synthetic
L07_C013,L07,leakage_current,168,6.923246119006508,uA,125.0,STATIC_BURN_IN,INST_02,CH_05,VALID,0,,50.0,synthetic
L07_C013,L07,iddq,0,0.48570359298195326,mA,125.0,STATIC_BURN_IN,INST_02,CH_05,VALID,0,,2.0,synthetic
L07_C013,L07,iddq,24,0.4753583451431102,mA,125.0,STATIC_BURN_IN,INST_02,CH_05,VALID,0,,2.0,synthetic
L07_C013,L07,iddq,96,0.4966414567908744,mA,125.0,STATIC_BURN_IN,INST_02,CH_05,VALID,0,,2.0,synthetic
L07_C013,L07,iddq,168,0.48482908789190915,mA,125.0,STATIC_BURN_IN,INST_02,CH_05,VALID,0,,2.0,synthetic
L07_C013,L07,propagation_delay,0,5.2488507470137495,ns,125.0,STATIC_BURN_IN,INST_02,CH_05,VALID,0,,8.0,synthetic
L07_C013,L07,propagation_delay,24,5.22113999675046,ns,125.0,STATIC_BURN_IN,INST_02,CH_05,VALID,0,,8.0,synthetic
L07_C013,L07,propagation_delay,96,5.129849161571097,ns,125.0,STATIC_BURN_IN,INST_02,CH_05,VALID,0,,8.0,synthetic
L07_C013,L07,propagation_delay,168,5.4234551297311615,ns,125.0,STATIC_BURN_IN,INST_02,CH_05,VALID,0,,8.0,synthetic
L07_C014,L07,leakage_current,0,6.634453577957361,uA,125.0,STATIC_BURN_IN,INST_02,CH_06,VALID,0,,50.0,synthetic
L07_C014,L07,leakage_current,24,6.774684719256351,uA,125.0,STATIC_BURN_IN,INST_02,CH_06,VALID,0,,50.0,synthetic
L07_C014,L07,leakage_current,168,6.7797071552779835,uA,125.0,STATIC_BURN_IN,INST_02,CH_06,VALID,0,,50.0,synthetic
L07_C014,L07,iddq,0,0.5400492553731495,mA,125.0,STATIC_BURN_IN,INST_02,CH_06,VALID,0,,2.0,synthetic
L07_C014,L07,iddq,24,0.522117894080901,mA,125.0,STATIC_BURN_IN,INST_02,CH_06,VALID,0,,2.0,synthetic
L07_C014,L07,iddq,96,0.5322421048538478,mA,125.0,STATIC_BURN_IN,INST_02,CH_06,VALID,0,,2.0,synthetic
L07_C014,L07,iddq,168,0.5386862057913752,mA,125.0,STATIC_BURN_IN,INST_02,CH_06,VALID,0,,2.0,synthetic
L07_C014,L07,propagation_delay,0,5.1913709164271955,ns,125.0,STATIC_BURN_IN,INST_02,CH_06,VALID,0,,8.0,synthetic
L07_C014,L07,propagation_delay,24,5.208195888077933,ns,125.0,STATIC_BURN_IN,INST_02,CH_06,VALID,0,,8.0,synthetic
L07_C014,L07,propagation_delay,96,5.178455666194901,ns,125.0,STATIC_BURN_IN,INST_02,CH_06,VALID,0,,8.0,synthetic
L07_C014,L07,propagation_delay,168,5.270569305053501,ns,125.0,STATIC_BURN_IN,INST_02,CH_06,VALID,0,,8.0,synthetic
L07_C015,L07,leakage_current,0,11.270129288770844,uA,125.0,STATIC_BURN_IN,INST_02,CH_07,VALID,2,,50.0,synthetic
L07_C015,L07,leakage_current,24,11.611733211999622,uA,125.0,STATIC_BURN_IN,INST_02,CH_07,VALID,2,,50.0,synthetic
L07_C015,L07,leakage_current,96,11.598084375826028,uA,125.0,STATIC_BURN_IN,INST_02,CH_07,VALID,2,,50.0,synthetic
L07_C015,L07,leakage_current,168,11.431993602454513,uA,125.0,STATIC_BURN_IN,INST_02,CH_07,VALID,2,,50.0,synthetic
L07_C015,L07,iddq,0,0.6323648654241015,mA,125.0,STATIC_BURN_IN,INST_02,CH_07,VALID,2,,2.0,synthetic
L07_C015,L07,iddq,24,0.6214050786935885,mA,125.0,STATIC_BURN_IN,INST_02,CH_07,VALID,2,,2.0,synthetic
L07_C015,L07,iddq,96,0.6251985923688974,mA,125.0,STATIC_BURN_IN,INST_02,CH_07,VALID,2,,2.0,synthetic
L07_C015,L07,iddq,168,0.6226184840221495,mA,125.0,STATIC_BURN_IN,INST_02,CH_07,VALID,2,,2.0,synthetic
L07_C015,L07,propagation_delay,0,5.257011194467447,ns,125.0,STATIC_BURN_IN,INST_02,CH_07,VALID,2,,8.0,synthetic
L07_C015,L07,propagation_delay,24,5.254087654159129,ns,125.0,STATIC_BURN_IN,INST_02,CH_07,VALID,2,,8.0,synthetic
L07_C015,L07,propagation_delay,96,5.139173577956475,ns,125.0,STATIC_BURN_IN,INST_02,CH_07,VALID,2,,8.0,synthetic
L07_C015,L07,propagation_delay,168,5.420780112146812,ns,125.0,STATIC_BURN_IN,INST_02,CH_07,VALID,2,,8.0,synthetic
L07_C016,L07,leakage_current,0,7.221933246538233,uA,125.0,STATIC_BURN_IN,INST_02,CH_08,VALID,1,,50.0,synthetic
L07_C016,L07,leakage_current,24,7.260394149086369,uA,125.0,STATIC_BURN_IN,INST_02,CH_08,VALID,1,,50.0,synthetic
L07_C016,L07,leakage_current,96,7.444554774630512,uA,125.0,STATIC_BURN_IN,INST_02,CH_08,VALID,1,,50.0,synthetic
L07_C016,L07,leakage_current,168,7.34139259413765,uA,125.0,STATIC_BURN_IN,INST_02,CH_08,VALID,1,,50.0,synthetic
L07_C016,L07,iddq,0,0.6924387667282287,mA,125.0,STATIC_BURN_IN,INST_02,CH_08,VALID,1,,2.0,synthetic
L07_C016,L07,iddq,24,0.7061664178000305,mA,125.0,STATIC_BURN_IN,INST_02,CH_08,VALID,1,,2.0,synthetic
L07_C016,L07,iddq,96,0.6478394479691824,mA,125.0,STATIC_BURN_IN,INST_02,CH_08,VALID,1,,2.0,synthetic
L07_C016,L07,iddq,168,0.6893683780377888,mA,125.0,STATIC_BURN_IN,INST_02,CH_08,VALID,1,,2.0,synthetic
L07_C016,L07,propagation_delay,0,5.103724190736135,ns,125.0,STATIC_BURN_IN,INST_02,CH_08,VALID,1,,8.0,synthetic
L07_C016,L07,propagation_delay,24,5.161948329774679,ns,125.0,STATIC_BURN_IN,INST_02,CH_08,VALID,1,,8.0,synthetic
L07_C016,L07,propagation_delay,96,5.20834152679682,ns,125.0,STATIC_BURN_IN,INST_02,CH_08,VALID,1,,8.0,synthetic
L07_C016,L07,propagation_delay,168,5.261480976600745,ns,125.0,STATIC_BURN_IN,INST_02,CH_08,VALID,1,,8.0,synthetic
L07_C017,L07,leakage_current,0,7.695331959511223,uA,125.0,STATIC_BURN_IN,INST_01,CH_01,VALID,0,,50.0,synthetic
L07_C017,L07,leakage_current,24,7.8923087399358565,uA,125.0,STATIC_BURN_IN,INST_01,CH_01,VALID,0,,50.0,synthetic
L07_C017,L07,leakage_current,96,8.012104722028617,uA,125.0,STATIC_BURN_IN,INST_01,CH_01,VALID,0,,50.0,synthetic
L07_C017,L07,leakage_current,168,8.003035971836205,uA,125.0,STATIC_BURN_IN,INST_01,CH_01,VALID,0,,50.0,synthetic
L07_C017,L07,iddq,0,0.5595849689818431,mA,125.0,STATIC_BURN_IN,INST_01,CH_01,VALID,0,,2.0,synthetic
L07_C017,L07,iddq,24,0.5635559982889935,mA,125.0,STATIC_BURN_IN,INST_01,CH_01,VALID,0,,2.0,synthetic
L07_C017,L07,iddq,96,0.5548486388674561,mA,125.0,STATIC_BURN_IN,INST_01,CH_01,VALID,0,,2.0,synthetic
L07_C017,L07,iddq,168,0.5658170614146915,mA,125.0,STATIC_BURN_IN,INST_01,CH_01,VALID,0,,2.0,synthetic
L07_C017,L07,propagation_delay,0,4.629716539594401,ns,125.0,STATIC_BURN_IN,INST_01,CH_01,VALID,0,,8.0,synthetic
L07_C017,L07,propagation_delay,24,4.753832942551879,ns,125.0,STATIC_BURN_IN,INST_01,CH_01,VALID,0,,8.0,synthetic
L07_C017,L07,propagation_delay,96,4.6421207143630765,ns,125.0,STATIC_BURN_IN,INST_01,CH_01,VALID,0,,8.0,synthetic
L07_C017,L07,propagation_delay,168,4.788989143296428,ns,125.0,STATIC_BURN_IN,INST_01,CH_01,VALID,0,,8.0,synthetic
L07_C018,L07,leakage_current,0,7.541531297645868,uA,125.0,STATIC_BURN_IN,INST_01,CH_02,VALID,2,,50.0,synthetic
L07_C018,L07,leakage_current,24,7.163266417200517,uA,125.0,STATIC_BURN_IN,INST_01,CH_02,VALID,2,,50.0,synthetic
L07_C018,L07,leakage_current,96,7.364054070426793,uA,125.0,STATIC_BURN_IN,INST_01,CH_02,VALID,2,,50.0,synthetic
L07_C018,L07,leakage_current,168,7.216788538825364,uA,125.0,STATIC_BURN_IN,INST_01,CH_02,VALID,2,,50.0,synthetic
L07_C018,L07,iddq,0,0.6680297344351568,mA,125.0,STATIC_BURN_IN,INST_01,CH_02,VALID,2,,2.0,synthetic
L07_C018,L07,iddq,24,0.6501129068299315,mA,125.0,STATIC_BURN_IN,INST_01,CH_02,VALID,2,,2.0,synthetic
L07_C018,L07,iddq,96,0.6473422615005215,mA,125.0,STATIC_BURN_IN,INST_01,CH_02,VALID,2,,2.0,synthetic
L07_C018,L07,iddq,168,0.6655206696396945,mA,125.0,STATIC_BURN_IN,INST_01,CH_02,VALID,2,,2.0,synthetic
L07_C018,L07,propagation_delay,0,4.878185095085392,ns,125.0,STATIC_BURN_IN,INST_01,CH_02,VALID,2,,8.0,synthetic
L07_C018,L07,propagation_delay,96,5.340120621132989,ns,125.0,STATIC_BURN_IN,INST_01,CH_02,VALID,2,,8.0,synthetic
L07_C018,L07,propagation_delay,168,4.875109737236064,ns,125.0,STATIC_BURN_IN,INST_01,CH_02,VALID,2,,8.0,synthetic
L07_C019,L07,leakage_current,0,8.577816043829602,uA,125.0,STATIC_BURN_IN,INST_01,CH_03,VALID,0,,50.0,synthetic
L07_C019,L07,leakage_current,24,8.33995399313439,uA,125.0,STATIC_BURN_IN,INST_01,CH_03,VALID,0,,50.0,synthetic
L07_C019,L07,leakage_current,96,8.150757031599824,uA,125.0,STATIC_BURN_IN,INST_01,CH_03,VALID,0,,50.0,synthetic
L07_C019,L07,leakage_current,168,8.317937025075942,uA,125.0,STATIC_BURN_IN,INST_01,CH_03,VALID,0,,50.0,synthetic
L07_C019,L07,iddq,0,0.5797914723593057,mA,125.0,STATIC_BURN_IN,INST_01,CH_03,VALID,0,,2.0,synthetic
L07_C019,L07,iddq,96,0.5919054304533325,mA,125.0,STATIC_BURN_IN,INST_01,CH_03,VALID,0,,2.0,synthetic
L07_C019,L07,iddq,168,0.571111213254277,mA,125.0,STATIC_BURN_IN,INST_01,CH_03,VALID,0,,2.0,synthetic
L07_C019,L07,propagation_delay,0,5.226672077364641,ns,125.0,STATIC_BURN_IN,INST_01,CH_03,VALID,0,,8.0,synthetic
L07_C019,L07,propagation_delay,24,5.421377258442974,ns,125.0,STATIC_BURN_IN,INST_01,CH_03,VALID,0,,8.0,synthetic
L07_C019,L07,propagation_delay,96,5.279368229504259,ns,125.0,STATIC_BURN_IN,INST_01,CH_03,VALID,0,,8.0,synthetic
L07_C019,L07,propagation_delay,168,5.226468954707614,ns,125.0,STATIC_BURN_IN,INST_01,CH_03,VALID,0,,8.0,synthetic
L07_C020,L07,leakage_current,0,10.667638763515049,uA,125.0,STATIC_BURN_IN,INST_01,CH_04,VALID,0,,50.0,synthetic
L07_C020,L07,leakage_current,24,10.644959429357371,uA,125.0,STATIC_BURN_IN,INST_01,CH_04,VALID,0,,50.0,synthetic
L07_C020,L07,leakage_current,96,10.639288083094865,uA,125.0,STATIC_BURN_IN,INST_01,CH_04,VALID,0,,50.0,synthetic
L07_C020,L07,leakage_current,168,11.034054702472805,uA,125.0,STATIC_BURN_IN,INST_01,CH_04,VALID,0,,50.0,synthetic
L07_C020,L07,iddq,0,0.8941700732638396,mA,125.0,STATIC_BURN_IN,INST_01,CH_04,VALID,0,,2.0,synthetic
L07_C020,L07,iddq,24,0.928662493996131,mA,125.0,STATIC_BURN_IN,INST_01,CH_04,VALID,0,,2.0,synthetic
L07_C020,L07,iddq,96,0.905097823126226,mA,125.0,STATIC_BURN_IN,INST_01,CH_04,VALID,0,,2.0,synthetic
L07_C020,L07,iddq,168,0.932206758666341,mA,125.0,STATIC_BURN_IN,INST_01,CH_04,VALID,0,,2.0,synthetic
L07_C020,L07,propagation_delay,0,4.686794597107391,ns,125.0,STATIC_BURN_IN,INST_01,CH_04,VALID,0,,8.0,synthetic
L07_C020,L07,propagation_delay,24,4.699078564038316,ns,125.0,STATIC_BURN_IN,INST_01,CH_04,VALID,0,,8.0,synthetic
L07_C020,L07,propagation_delay,96,4.8693517604006,ns,125.0,STATIC_BURN_IN,INST_01,CH_04,VALID,0,,8.0,synthetic
L07_C020,L07,propagation_delay,168,4.811506872897938,ns,125.0,STATIC_BURN_IN,INST_01,CH_04,VALID,0,,8.0,synthetic
L07_C021,L07,leakage_current,0,7.416230149808537,uA,125.0,STATIC_BURN_IN,INST_01,CH_05,VALID,0,,50.0,synthetic
L07_C021,L07,leakage_current,24,7.446498754079564,uA,125.0,STATIC_BURN_IN,INST_01,CH_05,VALID,0,,50.0,synthetic
L07_C021,L07,leakage_current,96,7.424369451088791,uA,125.0,STATIC_BURN_IN,INST_01,CH_05,VALID,0,,50.0,synthetic
L07_C021,L07,leakage_current,168,7.351534774776136,uA,125.0,STATIC_BURN_IN,INST_01,CH_05,VALID,0,,50.0,synthetic
L07_C021,L07,iddq,0,0.7327022408110406,mA,125.0,STATIC_BURN_IN,INST_01,CH_05,VALID,0,,2.0,synthetic
L07_C021,L07,iddq,24,0.7422852973889098,mA,125.0,STATIC_BURN_IN,INST_01,CH_05,VALID,0,,2.0,synthetic
L07_C021,L07,iddq,96,0.7434493286291445,mA,125.0,STATIC_BURN_IN,INST_01,CH_05,VALID,0,,2.0,synthetic
L07_C021,L07,iddq,168,0.7224369435030324,mA,125.0,STATIC_BURN_IN,INST_01,CH_05,VALID,0,,2.0,synthetic
L07_C021,L07,propagation_delay,0,5.309496074858048,ns,125.0,STATIC_BURN_IN,INST_01,CH_05,VALID,0,,8.0,synthetic
L07_C021,L07,propagation_delay,24,5.1530959767380295,ns,125.0,STATIC_BURN_IN,INST_01,CH_05,VALID,0,,8.0,synthetic
L07_C021,L07,propagation_delay,96,5.0454119037169365,ns,125.0,STATIC_BURN_IN,INST_01,CH_05,VALID,0,,8.0,synthetic
L07_C021,L07,propagation_delay,168,5.300956350588234,ns,125.0,STATIC_BURN_IN,INST_01,CH_05,VALID,0,,8.0,synthetic
L07_C022,L07,leakage_current,0,7.049291658150998,uA,125.0,STATIC_BURN_IN,INST_01,CH_06,VALID,0,,50.0,synthetic
L07_C022,L07,leakage_current,24,7.689235418303943,uA,125.0,STATIC_BURN_IN,INST_01,CH_06,VALID,0,,50.0,synthetic
L07_C022,L07,leakage_current,96,9.71569096443999,uA,125.0,STATIC_BURN_IN,INST_01,CH_06,VALID,0,,50.0,synthetic
L07_C022,L07,leakage_current,168,12.940635371363976,uA,125.0,STATIC_BURN_IN,INST_01,CH_06,VALID,0,,50.0,synthetic
L07_C022,L07,iddq,0,0.5803925281383269,mA,125.0,STATIC_BURN_IN,INST_01,CH_06,VALID,0,,2.0,synthetic
L07_C022,L07,iddq,24,0.6496516239232094,mA,125.0,STATIC_BURN_IN,INST_01,CH_06,VALID,0,,2.0,synthetic
L07_C022,L07,iddq,96,0.8041890505546733,mA,125.0,STATIC_BURN_IN,INST_01,CH_06,VALID,0,,2.0,synthetic
L07_C022,L07,iddq,168,1.0646031529853848,mA,125.0,STATIC_BURN_IN,INST_01,CH_06,VALID,0,,2.0,synthetic
L07_C022,L07,propagation_delay,0,5.07026681054791,ns,125.0,STATIC_BURN_IN,INST_01,CH_06,VALID,0,,8.0,synthetic
L07_C022,L07,propagation_delay,24,5.0459783691994655,ns,125.0,STATIC_BURN_IN,INST_01,CH_06,VALID,0,,8.0,synthetic
L07_C022,L07,propagation_delay,96,5.730381841691548,ns,125.0,STATIC_BURN_IN,INST_01,CH_06,VALID,0,,8.0,synthetic
L07_C022,L07,propagation_delay,168,5.830527537668955,ns,125.0,STATIC_BURN_IN,INST_01,CH_06,VALID,0,,8.0,synthetic
L07_C023,L07,leakage_current,0,9.659123311286674,uA,125.0,STATIC_BURN_IN,INST_01,CH_07,VALID,2,,50.0,synthetic
L07_C023,L07,leakage_current,24,183.3499824954042,uA,125.0,STATIC_BURN_IN,INST_01,CH_07,VALID,2,,50.0,synthetic
L07_C023,L07,leakage_current,96,189.78849330423455,uA,125.0,STATIC_BURN_IN,INST_01,CH_07,VALID,2,,50.0,synthetic
L07_C023,L07,leakage_current,168,196.32393949719125,uA,125.0,STATIC_BURN_IN,INST_01,CH_07,VALID,2,,50.0,synthetic
L07_C023,L07,iddq,0,0.6132764293819489,mA,125.0,STATIC_BURN_IN,INST_01,CH_07,VALID,2,,2.0,synthetic
L07_C023,L07,iddq,24,5.7110073573544495,mA,125.0,STATIC_BURN_IN,INST_01,CH_07,VALID,2,,2.0,synthetic
L07_C023,L07,iddq,96,6.030745082937674,mA,125.0,STATIC_BURN_IN,INST_01,CH_07,VALID,2,,2.0,synthetic
L07_C023,L07,iddq,168,5.652619450420384,mA,125.0,STATIC_BURN_IN,INST_01,CH_07,VALID,2,,2.0,synthetic
L07_C023,L07,propagation_delay,0,5.387249167862711,ns,125.0,STATIC_BURN_IN,INST_01,CH_07,VALID,2,,8.0,synthetic
L07_C023,L07,propagation_delay,24,5.084017565985416,ns,125.0,STATIC_BURN_IN,INST_01,CH_07,VALID,2,,8.0,synthetic
L07_C023,L07,propagation_delay,96,5.1631787978806125,ns,125.0,STATIC_BURN_IN,INST_01,CH_07,VALID,2,,8.0,synthetic
L07_C023,L07,propagation_delay,168,13.234881782108205,ns,125.0,STATIC_BURN_IN,INST_01,CH_07,VALID,2,,8.0,synthetic
L07_C024,L07,leakage_current,0,10.446042279549404,uA,125.0,STATIC_BURN_IN,INST_01,CH_08,VALID,1,,50.0,synthetic
L07_C024,L07,leakage_current,24,10.056032336265464,uA,125.0,STATIC_BURN_IN,INST_01,CH_08,VALID,1,,50.0,synthetic
L07_C024,L07,leakage_current,168,10.485943166998725,uA,125.0,STATIC_BURN_IN,INST_01,CH_08,VALID,1,,50.0,synthetic
L07_C024,L07,iddq,0,0.5185734658119248,mA,125.0,STATIC_BURN_IN,INST_01,CH_08,VALID,1,,2.0,synthetic
L07_C024,L07,iddq,24,0.5069431207400197,mA,125.0,STATIC_BURN_IN,INST_01,CH_08,VALID,1,,2.0,synthetic
L07_C024,L07,iddq,96,0.5032935219115439,mA,125.0,STATIC_BURN_IN,INST_01,CH_08,VALID,1,,2.0,synthetic
L07_C024,L07,iddq,168,0.49385317741610235,mA,125.0,STATIC_BURN_IN,INST_01,CH_08,VALID,1,,2.0,synthetic
L07_C024,L07,propagation_delay,0,5.050756571410702,ns,125.0,STATIC_BURN_IN,INST_01,CH_08,VALID,1,,8.0,synthetic
L07_C024,L07,propagation_delay,24,5.258969614392139,ns,125.0,STATIC_BURN_IN,INST_01,CH_08,VALID,1,,8.0,synthetic
L07_C024,L07,propagation_delay,96,5.203779918191386,ns,125.0,STATIC_BURN_IN,INST_01,CH_08,VALID,1,,8.0,synthetic
L07_C024,L07,propagation_delay,168,5.35737593646794,ns,125.0,STATIC_BURN_IN,INST_01,CH_08,VALID,1,,8.0,synthetic
L07_C025,L07,leakage_current,0,6.869850668094436,uA,125.0,STATIC_BURN_IN,INST_02,CH_01,VALID,0,,50.0,synthetic
L07_C025,L07,leakage_current,24,6.715322527732561,uA,125.0,STATIC_BURN_IN,INST_02,CH_01,VALID,0,,50.0,synthetic
L07_C025,L07,leakage_current,96,6.711746663459206,uA,125.0,STATIC_BURN_IN,INST_02,CH_01,VALID,0,,50.0,synthetic
L07_C025,L07,leakage_current,168,6.600749081805773,uA,125.0,STATIC_BURN_IN,INST_02,CH_01,VALID,0,,50.0,synthetic
L07_C025,L07,iddq,0,0.4739945737735317,mA,125.0,STATIC_BURN_IN,INST_02,CH_01,VALID,0,,2.0,synthetic
L07_C025,L07,iddq,24,0.4757366645588638,mA,125.0,STATIC_BURN_IN,INST_02,CH_01,VALID,0,,2.0,synthetic
L07_C025,L07,iddq,96,0.46955032809363045,mA,125.0,STATIC_BURN_IN,INST_02,CH_01,VALID,0,,2.0,synthetic
L07_C025,L07,iddq,168,0.4698283360664804,mA,125.0,STATIC_BURN_IN,INST_02,CH_01,VALID,0,,2.0,synthetic
L07_C025,L07,propagation_delay,0,4.881905157025692,ns,125.0,STATIC_BURN_IN,INST_02,CH_01,VALID,0,,8.0,synthetic
L07_C025,L07,propagation_delay,24,5.000305864316477,ns,125.0,STATIC_BURN_IN,INST_02,CH_01,VALID,0,,8.0,synthetic
L07_C025,L07,propagation_delay,96,5.008869866455672,ns,125.0,STATIC_BURN_IN,INST_02,CH_01,VALID,0,,8.0,synthetic
L07_C025,L07,propagation_delay,168,4.980129533897089,ns,125.0,STATIC_BURN_IN,INST_02,CH_01,VALID,0,,8.0,synthetic
L07_C026,L07,leakage_current,0,8.222634631557899,uA,125.0,STATIC_BURN_IN,INST_02,CH_02,VALID,0,,50.0,synthetic
L07_C026,L07,leakage_current,24,8.064761260633823,uA,125.0,STATIC_BURN_IN,INST_02,CH_02,VALID,0,,50.0,synthetic
L07_C026,L07,leakage_current,96,8.008769380354007,uA,125.0,STATIC_BURN_IN,INST_02,CH_02,VALID,0,,50.0,synthetic
L07_C026,L07,leakage_current,168,8.364663270680152,uA,125.0,STATIC_BURN_IN,INST_02,CH_02,VALID,0,,50.0,synthetic
L07_C026,L07,iddq,0,0.45281476001718185,mA,125.0,STATIC_BURN_IN,INST_02,CH_02,VALID,0,,2.0,synthetic
L07_C026,L07,iddq,24,0.4596729375437612,mA,125.0,STATIC_BURN_IN,INST_02,CH_02,VALID,0,,2.0,synthetic
L07_C026,L07,iddq,96,0.45788899231043956,mA,125.0,STATIC_BURN_IN,INST_02,CH_02,VALID,0,,2.0,synthetic
L07_C026,L07,iddq,168,0.4779088928828466,mA,125.0,STATIC_BURN_IN,INST_02,CH_02,VALID,0,,2.0,synthetic
L07_C026,L07,propagation_delay,0,5.411937772336349,ns,125.0,STATIC_BURN_IN,INST_02,CH_02,VALID,0,,8.0,synthetic
L07_C026,L07,propagation_delay,24,5.299433219793072,ns,125.0,STATIC_BURN_IN,INST_02,CH_02,VALID,0,,8.0,synthetic
L07_C026,L07,propagation_delay,96,5.398723762018243,ns,125.0,STATIC_BURN_IN,INST_02,CH_02,VALID,0,,8.0,synthetic
L07_C026,L07,propagation_delay,168,5.459792687163729,ns,125.0,STATIC_BURN_IN,INST_02,CH_02,VALID,0,,8.0,synthetic
L07_C027,L07,leakage_current,0,8.70085234544977,uA,125.0,STATIC_BURN_IN,INST_02,CH_03,VALID,0,,50.0,synthetic
L07_C027,L07,leakage_current,24,8.556652471275662,uA,125.0,STATIC_BURN_IN,INST_02,CH_03,VALID,0,,50.0,synthetic
L07_C027,L07,leakage_current,96,8.358675768202747,uA,125.0,STATIC_BURN_IN,INST_02,CH_03,VALID,0,,50.0,synthetic
L07_C027,L07,leakage_current,168,8.572120400331956,uA,125.0,STATIC_BURN_IN,INST_02,CH_03,VALID,0,,50.0,synthetic
L07_C027,L07,iddq,0,0.5465129927851855,mA,125.0,STATIC_BURN_IN,INST_02,CH_03,VALID,0,,2.0,synthetic
L07_C027,L07,iddq,24,0.5514020460923619,mA,125.0,STATIC_BURN_IN,INST_02,CH_03,VALID,0,,2.0,synthetic
L07_C027,L07,iddq,96,0.5360638803119626,mA,125.0,STATIC_BURN_IN,INST_02,CH_03,VALID,0,,2.0,synthetic
L07_C027,L07,iddq,168,0.5454982665552897,mA,125.0,STATIC_BURN_IN,INST_02,CH_03,VALID,0,,2.0,synthetic
L07_C027,L07,propagation_delay,0,4.819873830889379,ns,125.0,STATIC_BURN_IN,INST_02,CH_03,VALID,0,,8.0,synthetic
L07_C027,L07,propagation_delay,24,4.8181390645307,ns,125.0,STATIC_BURN_IN,INST_02,CH_03,VALID,0,,8.0,synthetic
L07_C027,L07,propagation_delay,96,4.930310569691009,ns,125.0,STATIC_BURN_IN,INST_02,CH_03,VALID,0,,8.0,synthetic
L07_C027,L07,propagation_delay,168,5.032625898687305,ns,125.0,STATIC_BURN_IN,INST_02,CH_03,VALID,0,,8.0,synthetic
L07_C028,L07,leakage_current,0,9.535396071044513,uA,125.0,STATIC_BURN_IN,INST_02,CH_04,VALID,2,,50.0,synthetic
L07_C028,L07,leakage_current,24,9.544970743677139,uA,125.0,STATIC_BURN_IN,INST_02,CH_04,VALID,2,,50.0,synthetic
L07_C028,L07,leakage_current,96,9.185794657249392,uA,125.0,STATIC_BURN_IN,INST_02,CH_04,VALID,2,,50.0,synthetic
L07_C028,L07,leakage_current,168,9.079622267998081,uA,125.0,STATIC_BURN_IN,INST_02,CH_04,VALID,2,,50.0,synthetic
L07_C028,L07,iddq,0,0.4861417328430442,mA,125.0,STATIC_BURN_IN,INST_02,CH_04,VALID,2,,2.0,synthetic
L07_C028,L07,iddq,96,0.4882780152781627,mA,125.0,STATIC_BURN_IN,INST_02,CH_04,VALID,2,,2.0,synthetic
L07_C028,L07,iddq,168,0.4944427320798005,mA,125.0,STATIC_BURN_IN,INST_02,CH_04,VALID,2,,2.0,synthetic
L07_C028,L07,propagation_delay,0,5.384968871587649,ns,125.0,STATIC_BURN_IN,INST_02,CH_04,VALID,2,,8.0,synthetic
L07_C028,L07,propagation_delay,24,5.371697606873151,ns,125.0,STATIC_BURN_IN,INST_02,CH_04,VALID,2,,8.0,synthetic
L07_C028,L07,propagation_delay,96,5.348442282152089,ns,125.0,STATIC_BURN_IN,INST_02,CH_04,VALID,2,,8.0,synthetic
L07_C028,L07,propagation_delay,168,5.538093318569681,ns,125.0,STATIC_BURN_IN,INST_02,CH_04,VALID,2,,8.0,synthetic
L07_C029,L07,leakage_current,0,8.803189751677643,uA,125.0,STATIC_BURN_IN,INST_02,CH_05,VALID,0,,50.0,synthetic
L07_C029,L07,leakage_current,24,8.749466234363434,uA,125.0,STATIC_BURN_IN,INST_02,CH_05,VALID,0,,50.0,synthetic
L07_C029,L07,leakage_current,96,8.828413411790738,uA,125.0,STATIC_BURN_IN,INST_02,CH_05,VALID,0,,50.0,synthetic
L07_C029,L07,leakage_current,168,8.957366769256678,uA,125.0,STATIC_BURN_IN,INST_02,CH_05,VALID,0,,50.0,synthetic
L07_C029,L07,iddq,0,0.4536908937745794,mA,125.0,STATIC_BURN_IN,INST_02,CH_05,VALID,0,,2.0,synthetic
L07_C029,L07,iddq,24,0.4450243588687593,mA,125.0,STATIC_BURN_IN,INST_02,CH_05,VALID,0,,2.0,synthetic
L07_C029,L07,iddq,168,0.44014248700256947,mA,125.0,STATIC_BURN_IN,INST_02,CH_05,VALID,0,,2.0,synthetic
L07_C029,L07,propagation_delay,0,5.6714836559557416,ns,125.0,STATIC_BURN_IN,INST_02,CH_05,VALID,0,,8.0,synthetic
L07_C029,L07,propagation_delay,24,5.627062451981606,ns,125.0,STATIC_BURN_IN,INST_02,CH_05,VALID,0,,8.0,synthetic
L07_C029,L07,propagation_delay,96,5.733748443211628,ns,125.0,STATIC_BURN_IN,INST_02,CH_05,VALID,0,,8.0,synthetic
L07_C029,L07,propagation_delay,168,5.629171740065222,ns,125.0,STATIC_BURN_IN,INST_02,CH_05,VALID,0,,8.0,synthetic
L07_C030,L07,leakage_current,0,6.980092420372449,uA,125.0,STATIC_BURN_IN,INST_02,CH_06,VALID,1,,50.0,synthetic
L07_C030,L07,leakage_current,24,6.950091740038507,uA,125.0,STATIC_BURN_IN,INST_02,CH_06,VALID,1,,50.0,synthetic
L07_C030,L07,leakage_current,96,7.138113150545514,uA,125.0,STATIC_BURN_IN,INST_02,CH_06,VALID,1,,50.0,synthetic
L07_C030,L07,leakage_current,168,7.285476422991794,uA,125.0,STATIC_BURN_IN,INST_02,CH_06,VALID,1,,50.0,synthetic
L07_C030,L07,iddq,0,0.47741353705999146,mA,125.0,STATIC_BURN_IN,INST_02,CH_06,VALID,1,,2.0,synthetic
L07_C030,L07,iddq,24,0.48654461370312707,mA,125.0,STATIC_BURN_IN,INST_02,CH_06,VALID,1,,2.0,synthetic
L07_C030,L07,iddq,96,0.47628885052273,mA,125.0,STATIC_BURN_IN,INST_02,CH_06,VALID,1,,2.0,synthetic
L07_C030,L07,iddq,168,0.46423193632097653,mA,125.0,STATIC_BURN_IN,INST_02,CH_06,VALID,1,,2.0,synthetic
L07_C030,L07,propagation_delay,0,5.611032648132893,ns,125.0,STATIC_BURN_IN,INST_02,CH_06,VALID,1,,8.0,synthetic
L07_C030,L07,propagation_delay,24,5.56807289442833,ns,125.0,STATIC_BURN_IN,INST_02,CH_06,VALID,1,,8.0,synthetic
L07_C030,L07,propagation_delay,96,5.295675452327958,ns,125.0,STATIC_BURN_IN,INST_02,CH_06,VALID,1,,8.0,synthetic
L07_C030,L07,propagation_delay,168,5.4427857748643795,ns,125.0,STATIC_BURN_IN,INST_02,CH_06,VALID,1,,8.0,synthetic
L08_C001,L08,leakage_current,0,8.967185071531192,uA,125.0,STATIC_BURN_IN,INST_01,CH_01,VALID,0,,50.0,synthetic
L08_C001,L08,leakage_current,24,8.235387438952262,uA,125.0,STATIC_BURN_IN,INST_01,CH_01,VALID,0,,50.0,synthetic
L08_C001,L08,leakage_current,96,8.667248932375978,uA,125.0,STATIC_BURN_IN,INST_01,CH_01,VALID,0,,50.0,synthetic
L08_C001,L08,leakage_current,168,8.495031799802168,uA,125.0,STATIC_BURN_IN,INST_01,CH_01,VALID,0,,50.0,synthetic
L08_C001,L08,iddq,0,0.39462670398946936,mA,125.0,STATIC_BURN_IN,INST_01,CH_01,VALID,0,,2.0,synthetic
L08_C001,L08,iddq,24,0.40067778178200714,mA,125.0,STATIC_BURN_IN,INST_01,CH_01,VALID,0,,2.0,synthetic
L08_C001,L08,iddq,96,0.3914561720324034,mA,125.0,STATIC_BURN_IN,INST_01,CH_01,VALID,0,,2.0,synthetic
L08_C001,L08,iddq,168,0.40393391956784425,mA,125.0,STATIC_BURN_IN,INST_01,CH_01,VALID,0,,2.0,synthetic
L08_C001,L08,propagation_delay,0,4.350408595008893,ns,125.0,STATIC_BURN_IN,INST_01,CH_01,VALID,0,,8.0,synthetic
L08_C001,L08,propagation_delay,24,4.517473980365511,ns,125.0,STATIC_BURN_IN,INST_01,CH_01,VALID,0,,8.0,synthetic
L08_C001,L08,propagation_delay,96,4.387832134375537,ns,125.0,STATIC_BURN_IN,INST_01,CH_01,VALID,0,,8.0,synthetic
L08_C001,L08,propagation_delay,168,4.583430152430086,ns,125.0,STATIC_BURN_IN,INST_01,CH_01,VALID,0,,8.0,synthetic
L08_C002,L08,leakage_current,0,6.859836410238317,uA,125.0,STATIC_BURN_IN,INST_01,CH_02,VALID,0,,50.0,synthetic
L08_C002,L08,leakage_current,24,6.928341236512344,uA,125.0,STATIC_BURN_IN,INST_01,CH_02,VALID,0,,50.0,synthetic
L08_C002,L08,leakage_current,96,6.892096653080628,uA,125.0,STATIC_BURN_IN,INST_01,CH_02,VALID,0,,50.0,synthetic
L08_C002,L08,leakage_current,168,6.8160529476609435,uA,125.0,STATIC_BURN_IN,INST_01,CH_02,VALID,0,,50.0,synthetic
L08_C002,L08,iddq,0,0.4346395250024014,mA,125.0,STATIC_BURN_IN,INST_01,CH_02,VALID,0,,2.0,synthetic
L08_C002,L08,iddq,24,0.43350801611493034,mA,125.0,STATIC_BURN_IN,INST_01,CH_02,VALID,0,,2.0,synthetic
L08_C002,L08,iddq,96,0.4406462233673911,mA,125.0,STATIC_BURN_IN,INST_01,CH_02,VALID,0,,2.0,synthetic
L08_C002,L08,iddq,168,0.4191173220309719,mA,125.0,STATIC_BURN_IN,INST_01,CH_02,VALID,0,,2.0,synthetic
L08_C002,L08,propagation_delay,0,5.379502849375615,ns,125.0,STATIC_BURN_IN,INST_01,CH_02,VALID,0,,8.0,synthetic
L08_C002,L08,propagation_delay,24,5.321772006638938,ns,125.0,STATIC_BURN_IN,INST_01,CH_02,VALID,0,,8.0,synthetic
L08_C002,L08,propagation_delay,96,5.21597741289593,ns,125.0,STATIC_BURN_IN,INST_01,CH_02,VALID,0,,8.0,synthetic
L08_C002,L08,propagation_delay,168,5.281676694466212,ns,125.0,STATIC_BURN_IN,INST_01,CH_02,VALID,0,,8.0,synthetic
L08_C003,L08,leakage_current,0,12.568453155270761,uA,125.0,STATIC_BURN_IN,INST_01,CH_03,VALID,2,,50.0,synthetic
L08_C003,L08,leakage_current,24,12.752063616297107,uA,125.0,STATIC_BURN_IN,INST_01,CH_03,VALID,2,,50.0,synthetic
L08_C003,L08,leakage_current,96,12.446997251577267,uA,125.0,STATIC_BURN_IN,INST_01,CH_03,VALID,2,,50.0,synthetic
L08_C003,L08,leakage_current,168,12.95005845896297,uA,125.0,STATIC_BURN_IN,INST_01,CH_03,VALID,2,,50.0,synthetic
L08_C003,L08,iddq,0,0.571552537337831,mA,125.0,STATIC_BURN_IN,INST_01,CH_03,VALID,2,,2.0,synthetic
L08_C003,L08,iddq,24,0.5551770882337899,mA,125.0,STATIC_BURN_IN,INST_01,CH_03,VALID,2,,2.0,synthetic
L08_C003,L08,iddq,96,0.5777051489813788,mA,125.0,STATIC_BURN_IN,INST_01,CH_03,VALID,2,,2.0,synthetic
L08_C003,L08,iddq,168,0.5590010026178924,mA,125.0,STATIC_BURN_IN,INST_01,CH_03,VALID,2,,2.0,synthetic
L08_C003,L08,propagation_delay,0,4.7492560956401135,ns,125.0,STATIC_BURN_IN,INST_01,CH_03,VALID,2,,8.0,synthetic
L08_C003,L08,propagation_delay,24,4.729245788275578,ns,125.0,STATIC_BURN_IN,INST_01,CH_03,VALID,2,,8.0,synthetic
L08_C003,L08,propagation_delay,96,4.631852760194365,ns,125.0,STATIC_BURN_IN,INST_01,CH_03,VALID,2,,8.0,synthetic
L08_C003,L08,propagation_delay,168,4.623183347116271,ns,125.0,STATIC_BURN_IN,INST_01,CH_03,VALID,2,,8.0,synthetic
L08_C004,L08,leakage_current,24,7.231027087428715,uA,125.0,STATIC_BURN_IN,INST_01,CH_04,VALID,1,,50.0,synthetic
L08_C004,L08,leakage_current,96,7.475034783937273,uA,125.0,STATIC_BURN_IN,INST_01,CH_04,VALID,1,,50.0,synthetic
L08_C004,L08,leakage_current,168,7.1653091918875065,uA,125.0,STATIC_BURN_IN,INST_01,CH_04,VALID,1,,50.0,synthetic
L08_C004,L08,iddq,24,0.42798131715959,mA,125.0,STATIC_BURN_IN,INST_01,CH_04,VALID,1,,2.0,synthetic
L08_C004,L08,iddq,96,0.4219188550513536,mA,125.0,STATIC_BURN_IN,INST_01,CH_04,VALID,1,,2.0,synthetic
L08_C004,L08,iddq,168,0.4071853603931678,mA,125.0,STATIC_BURN_IN,INST_01,CH_04,VALID,1,,2.0,synthetic
L08_C004,L08,propagation_delay,0,4.5150673889825566,ns,125.0,STATIC_BURN_IN,INST_01,CH_04,VALID,1,,8.0,synthetic
L08_C004,L08,propagation_delay,24,4.568050285521859,ns,125.0,STATIC_BURN_IN,INST_01,CH_04,VALID,1,,8.0,synthetic
L08_C004,L08,propagation_delay,96,4.66511656883365,ns,125.0,STATIC_BURN_IN,INST_01,CH_04,VALID,1,,8.0,synthetic
L08_C004,L08,propagation_delay,168,4.46629713555861,ns,125.0,STATIC_BURN_IN,INST_01,CH_04,VALID,1,,8.0,synthetic
L08_C005,L08,leakage_current,0,10.554799440927319,uA,125.0,STATIC_BURN_IN,INST_01,CH_05,VALID,0,,50.0,synthetic
L08_C005,L08,leakage_current,24,10.2166115920318,uA,125.0,STATIC_BURN_IN,INST_01,CH_05,VALID,0,,50.0,synthetic
L08_C005,L08,leakage_current,96,10.187154391192143,uA,125.0,STATIC_BURN_IN,INST_01,CH_05,VALID,0,,50.0,synthetic
L08_C005,L08,leakage_current,168,10.21879654671967,uA,125.0,STATIC_BURN_IN,INST_01,CH_05,VALID,0,,50.0,synthetic
L08_C005,L08,iddq,0,0.44536914822499146,mA,125.0,STATIC_BURN_IN,INST_01,CH_05,VALID,0,,2.0,synthetic
L08_C005,L08,iddq,24,0.4345759667532331,mA,125.0,STATIC_BURN_IN,INST_01,CH_05,VALID,0,,2.0,synthetic
L08_C005,L08,iddq,96,0.4360075973790554,mA,125.0,STATIC_BURN_IN,INST_01,CH_05,VALID,0,,2.0,synthetic
L08_C005,L08,iddq,168,0.44217803682938606,mA,125.0,STATIC_BURN_IN,INST_01,CH_05,VALID,0,,2.0,synthetic
L08_C005,L08,propagation_delay,0,4.73035696080062,ns,125.0,STATIC_BURN_IN,INST_01,CH_05,VALID,0,,8.0,synthetic
L08_C005,L08,propagation_delay,24,4.7453689022103145,ns,125.0,STATIC_BURN_IN,INST_01,CH_05,VALID,0,,8.0,synthetic
L08_C005,L08,propagation_delay,96,4.726195294200646,ns,125.0,STATIC_BURN_IN,INST_01,CH_05,VALID,0,,8.0,synthetic
L08_C005,L08,propagation_delay,168,4.783452187539431,ns,125.0,STATIC_BURN_IN,INST_01,CH_05,VALID,0,,8.0,synthetic
L08_C006,L08,leakage_current,0,9.812447270956694,uA,125.0,STATIC_BURN_IN,INST_01,CH_06,VALID,1,,50.0,synthetic
L08_C006,L08,leakage_current,96,10.019099714401044,uA,125.0,STATIC_BURN_IN,INST_01,CH_06,VALID,1,,50.0,synthetic
L08_C006,L08,leakage_current,168,9.519268573495191,uA,125.0,STATIC_BURN_IN,INST_01,CH_06,VALID,1,,50.0,synthetic
L08_C006,L08,iddq,0,0.48717242744262146,mA,125.0,STATIC_BURN_IN,INST_01,CH_06,VALID,1,,2.0,synthetic
L08_C006,L08,iddq,24,0.48071361923882416,mA,125.0,STATIC_BURN_IN,INST_01,CH_06,VALID,1,,2.0,synthetic
L08_C006,L08,iddq,96,0.4620458490415187,mA,125.0,STATIC_BURN_IN,INST_01,CH_06,VALID,1,,2.0,synthetic
L08_C006,L08,iddq,168,0.48579541458512576,mA,125.0,STATIC_BURN_IN,INST_01,CH_06,VALID,1,,2.0,synthetic
L08_C006,L08,propagation_delay,24,4.96683134505593,ns,125.0,STATIC_BURN_IN,INST_01,CH_06,VALID,1,,8.0,synthetic
L08_C006,L08,propagation_delay,96,4.89870106763483,ns,125.0,STATIC_BURN_IN,INST_01,CH_06,VALID,1,,8.0,synthetic
L08_C006,L08,propagation_delay,168,4.7995455967989935,ns,125.0,STATIC_BURN_IN,INST_01,CH_06,VALID,1,,8.0,synthetic
L08_C007,L08,leakage_current,0,16.64707618130871,uA,125.0,STATIC_BURN_IN,INST_01,CH_07,VALID,0,,50.0,synthetic
L08_C007,L08,leakage_current,24,16.10649314624037,uA,125.0,STATIC_BURN_IN,INST_01,CH_07,VALID,0,,50.0,synthetic
L08_C007,L08,leakage_current,96,16.533032817024555,uA,125.0,STATIC_BURN_IN,INST_01,CH_07,VALID,0,,50.0,synthetic
L08_C007,L08,leakage_current,168,16.351698686616597,uA,125.0,STATIC_BURN_IN,INST_01,CH_07,VALID,0,,50.0,synthetic
L08_C007,L08,iddq,0,0.7023086960863805,mA,125.0,STATIC_BURN_IN,INST_01,CH_07,VALID,0,,2.0,synthetic
L08_C007,L08,iddq,24,0.7278470932857486,mA,125.0,STATIC_BURN_IN,INST_01,CH_07,VALID,0,,2.0,synthetic
L08_C007,L08,iddq,96,0.7190925749019775,mA,125.0,STATIC_BURN_IN,INST_01,CH_07,VALID,0,,2.0,synthetic
L08_C007,L08,iddq,168,0.7115820687765055,mA,125.0,STATIC_BURN_IN,INST_01,CH_07,VALID,0,,2.0,synthetic
L08_C007,L08,propagation_delay,0,5.817590697194649,ns,125.0,STATIC_BURN_IN,INST_01,CH_07,VALID,0,,8.0,synthetic
L08_C007,L08,propagation_delay,24,5.615071123519889,ns,125.0,STATIC_BURN_IN,INST_01,CH_07,VALID,0,,8.0,synthetic
L08_C007,L08,propagation_delay,96,6.077294761342581,ns,125.0,STATIC_BURN_IN,INST_01,CH_07,VALID,0,,8.0,synthetic
L08_C007,L08,propagation_delay,168,5.701998135292623,ns,125.0,STATIC_BURN_IN,INST_01,CH_07,VALID,0,,8.0,synthetic
L08_C008,L08,leakage_current,0,9.772392564578285,uA,125.0,STATIC_BURN_IN,INST_01,CH_08,VALID,0,,50.0,synthetic
L08_C008,L08,leakage_current,24,9.739221777051815,uA,125.0,STATIC_BURN_IN,INST_01,CH_08,VALID,0,,50.0,synthetic
L08_C008,L08,leakage_current,96,9.649052456023126,uA,125.0,STATIC_BURN_IN,INST_01,CH_08,VALID,0,,50.0,synthetic
L08_C008,L08,leakage_current,168,9.704731418000272,uA,125.0,STATIC_BURN_IN,INST_01,CH_08,VALID,0,,50.0,synthetic
L08_C008,L08,iddq,0,0.5047674591770636,mA,125.0,STATIC_BURN_IN,INST_01,CH_08,VALID,0,,2.0,synthetic
L08_C008,L08,iddq,24,0.48664356032331024,mA,125.0,STATIC_BURN_IN,INST_01,CH_08,VALID,0,,2.0,synthetic
L08_C008,L08,iddq,96,0.48965440856723835,mA,125.0,STATIC_BURN_IN,INST_01,CH_08,VALID,0,,2.0,synthetic
L08_C008,L08,iddq,168,0.4914490943197276,mA,125.0,STATIC_BURN_IN,INST_01,CH_08,VALID,0,,2.0,synthetic
L08_C008,L08,propagation_delay,0,4.461909421259351,ns,125.0,STATIC_BURN_IN,INST_01,CH_08,VALID,0,,8.0,synthetic
L08_C008,L08,propagation_delay,24,4.52662976868287,ns,125.0,STATIC_BURN_IN,INST_01,CH_08,VALID,0,,8.0,synthetic
L08_C008,L08,propagation_delay,96,4.584406062172591,ns,125.0,STATIC_BURN_IN,INST_01,CH_08,VALID,0,,8.0,synthetic
L08_C009,L08,leakage_current,0,9.025670568910288,uA,125.0,STATIC_BURN_IN,INST_02,CH_01,VALID,0,,50.0,synthetic
L08_C009,L08,leakage_current,24,8.86586576379636,uA,125.0,STATIC_BURN_IN,INST_02,CH_01,VALID,0,,50.0,synthetic
L08_C009,L08,leakage_current,96,9.164252201629555,uA,125.0,STATIC_BURN_IN,INST_02,CH_01,VALID,0,,50.0,synthetic
L08_C009,L08,leakage_current,168,8.691657794893898,uA,125.0,STATIC_BURN_IN,INST_02,CH_01,VALID,0,,50.0,synthetic
L08_C009,L08,iddq,0,0.38871531032915496,mA,125.0,STATIC_BURN_IN,INST_02,CH_01,VALID,0,,2.0,synthetic
L08_C009,L08,iddq,24,0.3677935532543956,mA,125.0,STATIC_BURN_IN,INST_02,CH_01,VALID,0,,2.0,synthetic
L08_C009,L08,iddq,96,0.3866282931586987,mA,125.0,STATIC_BURN_IN,INST_02,CH_01,VALID,0,,2.0,synthetic
L08_C009,L08,iddq,168,0.3687698668908301,mA,125.0,STATIC_BURN_IN,INST_02,CH_01,VALID,0,,2.0,synthetic
L08_C009,L08,propagation_delay,0,5.492703908526584,ns,125.0,STATIC_BURN_IN,INST_02,CH_01,VALID,0,,8.0,synthetic
L08_C009,L08,propagation_delay,24,5.157810796053239,ns,125.0,STATIC_BURN_IN,INST_02,CH_01,VALID,0,,8.0,synthetic
L08_C009,L08,propagation_delay,96,5.197075504739328,ns,125.0,STATIC_BURN_IN,INST_02,CH_01,VALID,0,,8.0,synthetic
L08_C009,L08,propagation_delay,168,5.251292910217793,ns,125.0,STATIC_BURN_IN,INST_02,CH_01,VALID,0,,8.0,synthetic
L08_C010,L08,leakage_current,24,13.28405843770307,uA,125.0,STATIC_BURN_IN,INST_02,CH_02,VALID,0,,50.0,synthetic
L08_C010,L08,leakage_current,96,13.292955026575738,uA,125.0,STATIC_BURN_IN,INST_02,CH_02,VALID,0,,50.0,synthetic
L08_C010,L08,leakage_current,168,146.5588800447239,uA,125.0,STATIC_BURN_IN,INST_02,CH_02,VALID,0,,50.0,synthetic
L08_C010,L08,iddq,0,0.3748596276223016,mA,125.0,STATIC_BURN_IN,INST_02,CH_02,VALID,0,,2.0,synthetic
L08_C010,L08,iddq,24,0.3806656678451679,mA,125.0,STATIC_BURN_IN,INST_02,CH_02,VALID,0,,2.0,synthetic
L08_C010,L08,iddq,96,0.36408028440744833,mA,125.0,STATIC_BURN_IN,INST_02,CH_02,VALID,0,,2.0,synthetic
L08_C010,L08,iddq,168,5.536585744371412,mA,125.0,STATIC_BURN_IN,INST_02,CH_02,VALID,0,,2.0,synthetic
L08_C010,L08,propagation_delay,0,4.883267244616274,ns,125.0,STATIC_BURN_IN,INST_02,CH_02,VALID,0,,8.0,synthetic
L08_C010,L08,propagation_delay,24,10.464517251115335,ns,125.0,STATIC_BURN_IN,INST_02,CH_02,VALID,0,,8.0,synthetic
L08_C010,L08,propagation_delay,96,10.745635176003404,ns,125.0,STATIC_BURN_IN,INST_02,CH_02,VALID,0,,8.0,synthetic
L08_C010,L08,propagation_delay,168,10.14193273661204,ns,125.0,STATIC_BURN_IN,INST_02,CH_02,VALID,0,,8.0,synthetic
L08_C011,L08,leakage_current,0,8.075116140358848,uA,125.0,STATIC_BURN_IN,INST_02,CH_03,VALID,0,,50.0,synthetic
L08_C011,L08,leakage_current,24,7.9749944117077085,uA,125.0,STATIC_BURN_IN,INST_02,CH_03,VALID,0,,50.0,synthetic
L08_C011,L08,leakage_current,96,8.17712617081409,uA,125.0,STATIC_BURN_IN,INST_02,CH_03,VALID,0,,50.0,synthetic
L08_C011,L08,leakage_current,168,7.967478891219949,uA,125.0,STATIC_BURN_IN,INST_02,CH_03,VALID,0,,50.0,synthetic
L08_C011,L08,iddq,0,0.5372791084612898,mA,125.0,STATIC_BURN_IN,INST_02,CH_03,VALID,0,,2.0,synthetic
L08_C011,L08,iddq,24,0.5174965256681404,mA,125.0,STATIC_BURN_IN,INST_02,CH_03,VALID,0,,2.0,synthetic
L08_C011,L08,iddq,96,0.531569231061084,mA,125.0,STATIC_BURN_IN,INST_02,CH_03,VALID,0,,2.0,synthetic
L08_C011,L08,iddq,168,0.5150755405239907,mA,125.0,STATIC_BURN_IN,INST_02,CH_03,VALID,0,,2.0,synthetic
L08_C011,L08,propagation_delay,0,5.155810876374766,ns,125.0,STATIC_BURN_IN,INST_02,CH_03,VALID,0,,8.0,synthetic
L08_C011,L08,propagation_delay,24,5.366889621807239,ns,125.0,STATIC_BURN_IN,INST_02,CH_03,VALID,0,,8.0,synthetic
L08_C011,L08,propagation_delay,96,5.271989487583883,ns,125.0,STATIC_BURN_IN,INST_02,CH_03,VALID,0,,8.0,synthetic
L08_C011,L08,propagation_delay,168,5.117657700554584,ns,125.0,STATIC_BURN_IN,INST_02,CH_03,VALID,0,,8.0,synthetic
L08_C012,L08,leakage_current,0,8.300146300872214,uA,125.0,STATIC_BURN_IN,INST_02,CH_04,VALID,1,,50.0,synthetic
L08_C012,L08,leakage_current,24,8.36364372487005,uA,125.0,STATIC_BURN_IN,INST_02,CH_04,VALID,1,,50.0,synthetic
L08_C012,L08,leakage_current,96,8.098540156298263,uA,125.0,STATIC_BURN_IN,INST_02,CH_04,VALID,1,,50.0,synthetic
L08_C012,L08,leakage_current,168,8.180264745380871,uA,125.0,STATIC_BURN_IN,INST_02,CH_04,VALID,1,,50.0,synthetic
L08_C012,L08,iddq,0,0.45354263691827346,mA,125.0,STATIC_BURN_IN,INST_02,CH_04,VALID,1,,2.0,synthetic
L08_C012,L08,iddq,24,0.4509314484906048,mA,125.0,STATIC_BURN_IN,INST_02,CH_04,VALID,1,,2.0,synthetic
L08_C012,L08,iddq,96,0.43871067312829387,mA,125.0,STATIC_BURN_IN,INST_02,CH_04,VALID,1,,2.0,synthetic
L08_C012,L08,iddq,168,0.455186602000727,mA,125.0,STATIC_BURN_IN,INST_02,CH_04,VALID,1,,2.0,synthetic
L08_C012,L08,propagation_delay,0,5.067172750987924,ns,125.0,STATIC_BURN_IN,INST_02,CH_04,VALID,1,,8.0,synthetic
L08_C012,L08,propagation_delay,24,5.131003902396343,ns,125.0,STATIC_BURN_IN,INST_02,CH_04,VALID,1,,8.0,synthetic
L08_C012,L08,propagation_delay,96,5.097171604593524,ns,125.0,STATIC_BURN_IN,INST_02,CH_04,VALID,1,,8.0,synthetic
L08_C012,L08,propagation_delay,168,5.126470817386788,ns,125.0,STATIC_BURN_IN,INST_02,CH_04,VALID,1,,8.0,synthetic
L08_C013,L08,leakage_current,0,10.86564087096092,uA,125.0,STATIC_BURN_IN,INST_02,CH_05,VALID,1,,50.0,synthetic
L08_C013,L08,leakage_current,24,10.81907236336066,uA,125.0,STATIC_BURN_IN,INST_02,CH_05,VALID,1,,50.0,synthetic
L08_C013,L08,leakage_current,96,11.168943930506712,uA,125.0,STATIC_BURN_IN,INST_02,CH_05,VALID,1,,50.0,synthetic
L08_C013,L08,leakage_current,168,10.796802975444066,uA,125.0,STATIC_BURN_IN,INST_02,CH_05,VALID,1,,50.0,synthetic
L08_C013,L08,iddq,0,0.4241137218610727,mA,125.0,STATIC_BURN_IN,INST_02,CH_05,VALID,1,,2.0,synthetic
L08_C013,L08,iddq,24,0.4252856244355413,mA,125.0,STATIC_BURN_IN,INST_02,CH_05,VALID,1,,2.0,synthetic
L08_C013,L08,iddq,96,0.4113007965154076,mA,125.0,STATIC_BURN_IN,INST_02,CH_05,VALID,1,,2.0,synthetic
L08_C013,L08,iddq,168,0.4316568679299358,mA,125.0,STATIC_BURN_IN,INST_02,CH_05,VALID,1,,2.0,synthetic
L08_C013,L08,propagation_delay,0,5.116646318338101,ns,125.0,STATIC_BURN_IN,INST_02,CH_05,VALID,1,,8.0,synthetic
L08_C013,L08,propagation_delay,24,5.173074846633848,ns,125.0,STATIC_BURN_IN,INST_02,CH_05,VALID,1,,8.0,synthetic
L08_C013,L08,propagation_delay,96,5.270105641399754,ns,125.0,STATIC_BURN_IN,INST_02,CH_05,VALID,1,,8.0,synthetic
L08_C013,L08,propagation_delay,168,5.2190618355298914,ns,125.0,STATIC_BURN_IN,INST_02,CH_05,VALID,1,,8.0,synthetic
L08_C014,L08,leakage_current,0,6.324001372890039,uA,125.0,STATIC_BURN_IN,INST_02,CH_06,VALID,0,,50.0,synthetic
L08_C014,L08,leakage_current,24,6.146160415732293,uA,125.0,STATIC_BURN_IN,INST_02,CH_06,VALID,0,,50.0,synthetic
L08_C014,L08,leakage_current,96,6.144534642114328,uA,125.0,STATIC_BURN_IN,INST_02,CH_06,VALID,0,,50.0,synthetic
L08_C014,L08,leakage_current,168,6.0987107798827545,uA,125.0,STATIC_BURN_IN,INST_02,CH_06,VALID,0,,50.0,synthetic
L08_C014,L08,iddq,0,0.39524434310533996,mA,125.0,STATIC_BURN_IN,INST_02,CH_06,VALID,0,,2.0,synthetic
L08_C014,L08,iddq,24,0.40205645710232485,mA,125.0,STATIC_BURN_IN,INST_02,CH_06,VALID,0,,2.0,synthetic
L08_C014,L08,iddq,96,0.4083494930107507,mA,125.0,STATIC_BURN_IN,INST_02,CH_06,VALID,0,,2.0,synthetic
L08_C014,L08,iddq,168,0.4159999903595228,mA,125.0,STATIC_BURN_IN,INST_02,CH_06,VALID,0,,2.0,synthetic
L08_C014,L08,propagation_delay,0,4.248788013893754,ns,125.0,STATIC_BURN_IN,INST_02,CH_06,VALID,0,,8.0,synthetic
L08_C014,L08,propagation_delay,96,4.42902811451475,ns,125.0,STATIC_BURN_IN,INST_02,CH_06,VALID,0,,8.0,synthetic
L08_C014,L08,propagation_delay,168,4.427448785912042,ns,125.0,STATIC_BURN_IN,INST_02,CH_06,VALID,0,,8.0,synthetic
L08_C015,L08,leakage_current,0,11.699902525911348,uA,125.0,STATIC_BURN_IN,INST_02,CH_07,VALID,2,,50.0,synthetic
L08_C015,L08,leakage_current,24,11.371970537700705,uA,125.0,STATIC_BURN_IN,INST_02,CH_07,VALID,2,,50.0,synthetic
L08_C015,L08,leakage_current,96,11.85986010822141,uA,125.0,STATIC_BURN_IN,INST_02,CH_07,VALID,2,,50.0,synthetic
L08_C015,L08,leakage_current,168,11.612072583708567,uA,125.0,STATIC_BURN_IN,INST_02,CH_07,VALID,2,,50.0,synthetic
L08_C015,L08,iddq,0,0.4946083596335338,mA,125.0,STATIC_BURN_IN,INST_02,CH_07,VALID,2,,2.0,synthetic
L08_C015,L08,iddq,24,0.4847354189867992,mA,125.0,STATIC_BURN_IN,INST_02,CH_07,VALID,2,,2.0,synthetic
L08_C015,L08,iddq,96,0.4934539942925023,mA,125.0,STATIC_BURN_IN,INST_02,CH_07,VALID,2,,2.0,synthetic
L08_C015,L08,iddq,168,0.5009544779403288,mA,125.0,STATIC_BURN_IN,INST_02,CH_07,VALID,2,,2.0,synthetic
L08_C015,L08,propagation_delay,0,4.7796121546529236,ns,125.0,STATIC_BURN_IN,INST_02,CH_07,VALID,2,,8.0,synthetic
L08_C015,L08,propagation_delay,24,4.727560500597388,ns,125.0,STATIC_BURN_IN,INST_02,CH_07,VALID,2,,8.0,synthetic
L08_C015,L08,propagation_delay,96,4.9429379332948935,ns,125.0,STATIC_BURN_IN,INST_02,CH_07,VALID,2,,8.0,synthetic
L08_C015,L08,propagation_delay,168,4.893913915740533,ns,125.0,STATIC_BURN_IN,INST_02,CH_07,VALID,2,,8.0,synthetic
L08_C016,L08,leakage_current,0,12.224510132948058,uA,125.0,STATIC_BURN_IN,INST_02,CH_08,VALID,0,,50.0,synthetic
L08_C016,L08,leakage_current,24,12.779198602679983,uA,125.0,STATIC_BURN_IN,INST_02,CH_08,VALID,0,,50.0,synthetic
L08_C016,L08,leakage_current,96,12.63650688592395,uA,125.0,STATIC_BURN_IN,INST_02,CH_08,VALID,0,,50.0,synthetic
L08_C016,L08,leakage_current,168,13.132428168500978,uA,125.0,STATIC_BURN_IN,INST_02,CH_08,VALID,0,,50.0,synthetic
L08_C016,L08,iddq,0,0.39155296754787255,mA,125.0,STATIC_BURN_IN,INST_02,CH_08,VALID,0,,2.0,synthetic
L08_C016,L08,iddq,24,0.3833326496712282,mA,125.0,STATIC_BURN_IN,INST_02,CH_08,VALID,0,,2.0,synthetic
L08_C016,L08,iddq,96,0.3868569504296285,mA,125.0,STATIC_BURN_IN,INST_02,CH_08,VALID,0,,2.0,synthetic
L08_C016,L08,iddq,168,0.3897067700597194,mA,125.0,STATIC_BURN_IN,INST_02,CH_08,VALID,0,,2.0,synthetic
L08_C016,L08,propagation_delay,0,4.729926205605947,ns,125.0,STATIC_BURN_IN,INST_02,CH_08,VALID,0,,8.0,synthetic
L08_C016,L08,propagation_delay,24,4.474339428354539,ns,125.0,STATIC_BURN_IN,INST_02,CH_08,VALID,0,,8.0,synthetic
L08_C016,L08,propagation_delay,96,4.733053085139713,ns,125.0,STATIC_BURN_IN,INST_02,CH_08,VALID,0,,8.0,synthetic
L08_C016,L08,propagation_delay,168,4.575666493900162,ns,125.0,STATIC_BURN_IN,INST_02,CH_08,VALID,0,,8.0,synthetic
L08_C017,L08,leakage_current,0,8.960728880314777,uA,125.0,STATIC_BURN_IN,INST_01,CH_01,VALID,1,,50.0,synthetic
L08_C017,L08,leakage_current,24,9.510964314501397,uA,125.0,STATIC_BURN_IN,INST_01,CH_01,VALID,1,,50.0,synthetic
L08_C017,L08,leakage_current,96,9.262875498873923,uA,125.0,STATIC_BURN_IN,INST_01,CH_01,VALID,1,,50.0,synthetic
L08_C017,L08,leakage_current,168,9.118492862417357,uA,125.0,STATIC_BURN_IN,INST_01,CH_01,VALID,1,,50.0,synthetic
L08_C017,L08,iddq,0,0.41303741261062354,mA,125.0,STATIC_BURN_IN,INST_01,CH_01,VALID,1,,2.0,synthetic
L08_C017,L08,iddq,24,0.41567458892898906,mA,125.0,STATIC_BURN_IN,INST_01,CH_01,VALID,1,,2.0,synthetic
L08_C017,L08,iddq,96,0.4183784219732328,mA,125.0,STATIC_BURN_IN,INST_01,CH_01,VALID,1,,2.0,synthetic
L08_C017,L08,iddq,168,0.41392283066255986,mA,125.0,STATIC_BURN_IN,INST_01,CH_01,VALID,1,,2.0,synthetic
L08_C017,L08,propagation_delay,0,5.151717269428061,ns,125.0,STATIC_BURN_IN,INST_01,CH_01,VALID,1,,8.0,synthetic
L08_C017,L08,propagation_delay,24,5.188333762045588,ns,125.0,STATIC_BURN_IN,INST_01,CH_01,VALID,1,,8.0,synthetic
L08_C017,L08,propagation_delay,96,5.18413233719527,ns,125.0,STATIC_BURN_IN,INST_01,CH_01,VALID,1,,8.0,synthetic
L08_C017,L08,propagation_delay,168,5.1526915995137506,ns,125.0,STATIC_BURN_IN,INST_01,CH_01,VALID,1,,8.0,synthetic
L08_C018,L08,leakage_current,0,9.098602766954864,uA,125.0,STATIC_BURN_IN,INST_01,CH_02,VALID,0,,50.0,synthetic
L08_C018,L08,leakage_current,24,8.81626624037585,uA,125.0,STATIC_BURN_IN,INST_01,CH_02,VALID,0,,50.0,synthetic
L08_C018,L08,leakage_current,96,9.16639556209976,uA,125.0,STATIC_BURN_IN,INST_01,CH_02,VALID,0,,50.0,synthetic
L08_C018,L08,leakage_current,168,8.948044546304255,uA,125.0,STATIC_BURN_IN,INST_01,CH_02,VALID,0,,50.0,synthetic
L08_C018,L08,iddq,0,0.44236471119951937,mA,125.0,STATIC_BURN_IN,INST_01,CH_02,VALID,0,,2.0,synthetic
L08_C018,L08,iddq,24,0.45664550230987755,mA,125.0,STATIC_BURN_IN,INST_01,CH_02,VALID,0,,2.0,synthetic
L08_C018,L08,iddq,96,0.44235918466553376,mA,125.0,STATIC_BURN_IN,INST_01,CH_02,VALID,0,,2.0,synthetic
L08_C018,L08,iddq,168,0.44645305090083753,mA,125.0,STATIC_BURN_IN,INST_01,CH_02,VALID,0,,2.0,synthetic
L08_C018,L08,propagation_delay,0,4.951585441604958,ns,125.0,STATIC_BURN_IN,INST_01,CH_02,VALID,0,,8.0,synthetic
L08_C018,L08,propagation_delay,24,4.9954635747618825,ns,125.0,STATIC_BURN_IN,INST_01,CH_02,VALID,0,,8.0,synthetic
L08_C018,L08,propagation_delay,96,4.871775442191045,ns,125.0,STATIC_BURN_IN,INST_01,CH_02,VALID,0,,8.0,synthetic
L08_C018,L08,propagation_delay,168,4.878604508580349,ns,125.0,STATIC_BURN_IN,INST_01,CH_02,VALID,0,,8.0,synthetic
L08_C019,L08,leakage_current,0,10.108338584209859,uA,125.0,STATIC_BURN_IN,INST_01,CH_03,VALID,0,,50.0,synthetic
L08_C019,L08,leakage_current,24,9.734759285727671,uA,125.0,STATIC_BURN_IN,INST_01,CH_03,VALID,0,,50.0,synthetic
L08_C019,L08,leakage_current,96,10.348042957622747,uA,125.0,STATIC_BURN_IN,INST_01,CH_03,VALID,0,,50.0,synthetic
L08_C019,L08,leakage_current,168,9.828745276678035,uA,125.0,STATIC_BURN_IN,INST_01,CH_03,VALID,0,,50.0,synthetic
L08_C019,L08,iddq,0,0.3812805554997845,mA,125.0,STATIC_BURN_IN,INST_01,CH_03,VALID,0,,2.0,synthetic
L08_C019,L08,iddq,24,0.3783003623000656,mA,125.0,STATIC_BURN_IN,INST_01,CH_03,VALID,0,,2.0,synthetic
L08_C019,L08,iddq,96,0.3737593881163471,mA,125.0,STATIC_BURN_IN,INST_01,CH_03,VALID,0,,2.0,synthetic
L08_C019,L08,iddq,168,0.3813183388978914,mA,125.0,STATIC_BURN_IN,INST_01,CH_03,VALID,0,,2.0,synthetic
L08_C019,L08,propagation_delay,0,4.851072045886772,ns,125.0,STATIC_BURN_IN,INST_01,CH_03,VALID,0,,8.0,synthetic
L08_C019,L08,propagation_delay,24,4.901726977336768,ns,125.0,STATIC_BURN_IN,INST_01,CH_03,VALID,0,,8.0,synthetic
L08_C019,L08,propagation_delay,96,4.989999678281826,ns,125.0,STATIC_BURN_IN,INST_01,CH_03,VALID,0,,8.0,synthetic
L08_C019,L08,propagation_delay,168,4.851480880606135,ns,125.0,STATIC_BURN_IN,INST_01,CH_03,VALID,0,,8.0,synthetic
L08_C020,L08,leakage_current,0,12.11893576970753,uA,125.0,STATIC_BURN_IN,INST_01,CH_04,VALID,0,,50.0,synthetic
L08_C020,L08,leakage_current,24,12.09393960411805,uA,125.0,STATIC_BURN_IN,INST_01,CH_04,VALID,0,,50.0,synthetic
L08_C020,L08,leakage_current,96,11.927311793997875,uA,125.0,STATIC_BURN_IN,INST_01,CH_04,VALID,0,,50.0,synthetic
L08_C020,L08,leakage_current,168,12.089859557714254,uA,125.0,STATIC_BURN_IN,INST_01,CH_04,VALID,0,,50.0,synthetic
L08_C020,L08,iddq,0,0.4293302157971513,mA,125.0,STATIC_BURN_IN,INST_01,CH_04,VALID,0,,2.0,synthetic
L08_C020,L08,iddq,24,0.42643728334167624,mA,125.0,STATIC_BURN_IN,INST_01,CH_04,VALID,0,,2.0,synthetic
L08_C020,L08,iddq,96,0.41844315722177544,mA,125.0,STATIC_BURN_IN,INST_01,CH_04,VALID,0,,2.0,synthetic
L08_C020,L08,iddq,168,0.41287339623706265,mA,125.0,STATIC_BURN_IN,INST_01,CH_04,VALID,0,,2.0,synthetic
L08_C020,L08,propagation_delay,0,4.982354350215785,ns,125.0,STATIC_BURN_IN,INST_01,CH_04,VALID,0,,8.0,synthetic
L08_C020,L08,propagation_delay,24,4.821885577683659,ns,125.0,STATIC_BURN_IN,INST_01,CH_04,VALID,0,,8.0,synthetic
L08_C020,L08,propagation_delay,96,4.857775569297767,ns,125.0,STATIC_BURN_IN,INST_01,CH_04,VALID,0,,8.0,synthetic
L08_C020,L08,propagation_delay,168,4.948538823302889,ns,125.0,STATIC_BURN_IN,INST_01,CH_04,VALID,0,,8.0,synthetic
L08_C021,L08,leakage_current,0,7.246811578920667,uA,125.0,STATIC_BURN_IN,INST_01,CH_05,VALID,0,,50.0,synthetic
L08_C021,L08,leakage_current,24,7.253344108646825,uA,125.0,STATIC_BURN_IN,INST_01,CH_05,VALID,0,,50.0,synthetic
L08_C021,L08,leakage_current,96,7.119876274048344,uA,125.0,STATIC_BURN_IN,INST_01,CH_05,VALID,0,,50.0,synthetic
L08_C021,L08,leakage_current,168,7.387774919519047,uA,125.0,STATIC_BURN_IN,INST_01,CH_05,VALID,0,,50.0,synthetic
L08_C021,L08,iddq,0,0.4786907230631218,mA,125.0,STATIC_BURN_IN,INST_01,CH_05,VALID,0,,2.0,synthetic
L08_C021,L08,iddq,24,0.4713399619884257,mA,125.0,STATIC_BURN_IN,INST_01,CH_05,VALID,0,,2.0,synthetic
L08_C021,L08,iddq,96,0.4713980290183089,mA,125.0,STATIC_BURN_IN,INST_01,CH_05,VALID,0,,2.0,synthetic
L08_C021,L08,iddq,168,0.47467472865869964,mA,125.0,STATIC_BURN_IN,INST_01,CH_05,VALID,0,,2.0,synthetic
L08_C021,L08,propagation_delay,0,4.892989221790941,ns,125.0,STATIC_BURN_IN,INST_01,CH_05,VALID,0,,8.0,synthetic
L08_C021,L08,propagation_delay,24,4.871955277812586,ns,125.0,STATIC_BURN_IN,INST_01,CH_05,VALID,0,,8.0,synthetic
L08_C021,L08,propagation_delay,96,4.961922568851705,ns,125.0,STATIC_BURN_IN,INST_01,CH_05,VALID,0,,8.0,synthetic
L08_C021,L08,propagation_delay,168,4.847997174430881,ns,125.0,STATIC_BURN_IN,INST_01,CH_05,VALID,0,,8.0,synthetic
L08_C022,L08,leakage_current,0,6.379318095533667,uA,125.0,STATIC_BURN_IN,INST_01,CH_06,VALID,0,,50.0,synthetic
L08_C022,L08,leakage_current,24,6.861982263817387,uA,125.0,STATIC_BURN_IN,INST_01,CH_06,VALID,0,,50.0,synthetic
L08_C022,L08,leakage_current,96,9.190311889527555,uA,125.0,STATIC_BURN_IN,INST_01,CH_06,VALID,0,,50.0,synthetic
L08_C022,L08,leakage_current,168,16.862652540174324,uA,125.0,STATIC_BURN_IN,INST_01,CH_06,VALID,0,,50.0,synthetic
L08_C022,L08,iddq,0,0.45863739518984115,mA,125.0,STATIC_BURN_IN,INST_01,CH_06,VALID,0,,2.0,synthetic
L08_C022,L08,iddq,24,0.4512456028193717,mA,125.0,STATIC_BURN_IN,INST_01,CH_06,VALID,0,,2.0,synthetic
L08_C022,L08,iddq,96,0.6592235617069861,mA,125.0,STATIC_BURN_IN,INST_01,CH_06,VALID,0,,2.0,synthetic
L08_C022,L08,iddq,168,1.559931724115838,mA,125.0,STATIC_BURN_IN,INST_01,CH_06,VALID,0,,2.0,synthetic
L08_C022,L08,propagation_delay,0,5.017826696194563,ns,125.0,STATIC_BURN_IN,INST_01,CH_06,VALID,0,,8.0,synthetic
L08_C022,L08,propagation_delay,24,5.331812584716217,ns,125.0,STATIC_BURN_IN,INST_01,CH_06,VALID,0,,8.0,synthetic
L08_C022,L08,propagation_delay,96,5.629145733166636,ns,125.0,STATIC_BURN_IN,INST_01,CH_06,VALID,0,,8.0,synthetic
L08_C023,L08,leakage_current,0,10.764866908681917,uA,125.0,STATIC_BURN_IN,INST_01,CH_07,VALID,0,,50.0,synthetic
L08_C023,L08,leakage_current,24,11.001801724275165,uA,125.0,STATIC_BURN_IN,INST_01,CH_07,VALID,0,,50.0,synthetic
L08_C023,L08,leakage_current,96,11.20019521451593,uA,125.0,STATIC_BURN_IN,INST_01,CH_07,VALID,0,,50.0,synthetic
L08_C023,L08,leakage_current,168,11.196970191088173,uA,125.0,STATIC_BURN_IN,INST_01,CH_07,VALID,0,,50.0,synthetic
L08_C023,L08,iddq,0,0.4302148187838829,mA,125.0,STATIC_BURN_IN,INST_01,CH_07,VALID,0,,2.0,synthetic
L08_C023,L08,iddq,24,0.4340627087463562,mA,125.0,STATIC_BURN_IN,INST_01,CH_07,VALID,0,,2.0,synthetic
L08_C023,L08,iddq,96,0.42350540144658844,mA,125.0,STATIC_BURN_IN,INST_01,CH_07,VALID,0,,2.0,synthetic
L08_C023,L08,iddq,168,0.43539426077270144,mA,125.0,STATIC_BURN_IN,INST_01,CH_07,VALID,0,,2.0,synthetic
L08_C023,L08,propagation_delay,0,4.575023212329502,ns,125.0,STATIC_BURN_IN,INST_01,CH_07,VALID,0,,8.0,synthetic
L08_C023,L08,propagation_delay,24,4.501468040425194,ns,125.0,STATIC_BURN_IN,INST_01,CH_07,VALID,0,,8.0,synthetic
L08_C023,L08,propagation_delay,96,4.50581148011644,ns,125.0,STATIC_BURN_IN,INST_01,CH_07,VALID,0,,8.0,synthetic
L08_C023,L08,propagation_delay,168,4.523553658153923,ns,125.0,STATIC_BURN_IN,INST_01,CH_07,VALID,0,,8.0,synthetic
L08_C024,L08,leakage_current,0,14.773136196195672,uA,125.0,STATIC_BURN_IN,INST_01,CH_08,VALID,0,,50.0,synthetic
L08_C024,L08,leakage_current,24,15.130665666008296,uA,125.0,STATIC_BURN_IN,INST_01,CH_08,VALID,0,,50.0,synthetic
L08_C024,L08,leakage_current,96,14.429679490390509,uA,125.0,STATIC_BURN_IN,INST_01,CH_08,VALID,0,,50.0,synthetic
L08_C024,L08,leakage_current,168,14.453549822859006,uA,125.0,STATIC_BURN_IN,INST_01,CH_08,VALID,0,,50.0,synthetic
L08_C024,L08,iddq,0,0.4744242683901722,mA,125.0,STATIC_BURN_IN,INST_01,CH_08,VALID,0,,2.0,synthetic
L08_C024,L08,iddq,24,0.5025155643158251,mA,125.0,STATIC_BURN_IN,INST_01,CH_08,VALID,0,,2.0,synthetic
L08_C024,L08,iddq,96,0.4763464134621487,mA,125.0,STATIC_BURN_IN,INST_01,CH_08,VALID,0,,2.0,synthetic
L08_C024,L08,iddq,168,0.4635946924511988,mA,125.0,STATIC_BURN_IN,INST_01,CH_08,VALID,0,,2.0,synthetic
L08_C024,L08,propagation_delay,0,4.700008185284556,ns,125.0,STATIC_BURN_IN,INST_01,CH_08,VALID,0,,8.0,synthetic
L08_C024,L08,propagation_delay,24,4.554744793076674,ns,125.0,STATIC_BURN_IN,INST_01,CH_08,VALID,0,,8.0,synthetic
L08_C024,L08,propagation_delay,96,4.463872284935041,ns,125.0,STATIC_BURN_IN,INST_01,CH_08,VALID,0,,8.0,synthetic
L08_C024,L08,propagation_delay,168,4.555734023913826,ns,125.0,STATIC_BURN_IN,INST_01,CH_08,VALID,0,,8.0,synthetic
L08_C025,L08,leakage_current,0,20.206718044684166,uA,125.0,STATIC_BURN_IN,INST_02,CH_01,VALID,0,,50.0,synthetic
L08_C025,L08,leakage_current,24,20.397637710783396,uA,125.0,STATIC_BURN_IN,INST_02,CH_01,VALID,0,,50.0,synthetic
L08_C025,L08,leakage_current,96,20.250912631050593,uA,125.0,STATIC_BURN_IN,INST_02,CH_01,VALID,0,,50.0,synthetic
L08_C025,L08,leakage_current,168,20.120651599504658,uA,125.0,STATIC_BURN_IN,INST_02,CH_01,VALID,0,,50.0,synthetic
L08_C025,L08,iddq,0,0.8338023685333138,mA,125.0,STATIC_BURN_IN,INST_02,CH_01,VALID,0,,2.0,synthetic
L08_C025,L08,iddq,24,0.8552372850977638,mA,125.0,STATIC_BURN_IN,INST_02,CH_01,VALID,0,,2.0,synthetic
L08_C025,L08,iddq,96,0.8287063059696949,mA,125.0,STATIC_BURN_IN,INST_02,CH_01,VALID,0,,2.0,synthetic
L08_C025,L08,iddq,168,0.8123710881378332,mA,125.0,STATIC_BURN_IN,INST_02,CH_01,VALID,0,,2.0,synthetic
L08_C025,L08,propagation_delay,0,6.19396026484703,ns,125.0,STATIC_BURN_IN,INST_02,CH_01,VALID,0,,8.0,synthetic
L08_C025,L08,propagation_delay,24,6.400321639950887,ns,125.0,STATIC_BURN_IN,INST_02,CH_01,VALID,0,,8.0,synthetic
L08_C025,L08,propagation_delay,96,6.206660132595904,ns,125.0,STATIC_BURN_IN,INST_02,CH_01,VALID,0,,8.0,synthetic
L08_C026,L08,leakage_current,0,8.049872402181935,uA,125.0,STATIC_BURN_IN,INST_02,CH_02,VALID,0,,50.0,synthetic
L08_C026,L08,leakage_current,24,8.040690251689044,uA,125.0,STATIC_BURN_IN,INST_02,CH_02,VALID,0,,50.0,synthetic
L08_C026,L08,leakage_current,96,7.92784761540086,uA,125.0,STATIC_BURN_IN,INST_02,CH_02,VALID,0,,50.0,synthetic
L08_C026,L08,leakage_current,168,8.236325483963688,uA,125.0,STATIC_BURN_IN,INST_02,CH_02,VALID,0,,50.0,synthetic
L08_C026,L08,iddq,0,0.460728667033004,mA,125.0,STATIC_BURN_IN,INST_02,CH_02,VALID,0,,2.0,synthetic
L08_C026,L08,iddq,24,0.4753249315094,mA,125.0,STATIC_BURN_IN,INST_02,CH_02,VALID,0,,2.0,synthetic
L08_C026,L08,iddq,96,0.46771553433554636,mA,125.0,STATIC_BURN_IN,INST_02,CH_02,VALID,0,,2.0,synthetic
L08_C026,L08,iddq,168,0.48475161228554886,mA,125.0,STATIC_BURN_IN,INST_02,CH_02,VALID,0,,2.0,synthetic
L08_C026,L08,propagation_delay,0,5.389672507246707,ns,125.0,STATIC_BURN_IN,INST_02,CH_02,VALID,0,,8.0,synthetic
L08_C026,L08,propagation_delay,24,5.349338784617974,ns,125.0,STATIC_BURN_IN,INST_02,CH_02,VALID,0,,8.0,synthetic
L08_C026,L08,propagation_delay,96,5.135990495092347,ns,125.0,STATIC_BURN_IN,INST_02,CH_02,VALID,0,,8.0,synthetic
L08_C026,L08,propagation_delay,168,5.232974008758726,ns,125.0,STATIC_BURN_IN,INST_02,CH_02,VALID,0,,8.0,synthetic
L08_C027,L08,leakage_current,0,12.179687839066696,uA,125.0,STATIC_BURN_IN,INST_02,CH_03,VALID,1,,50.0,synthetic
L08_C027,L08,leakage_current,24,12.308900125547622,uA,125.0,STATIC_BURN_IN,INST_02,CH_03,VALID,1,,50.0,synthetic
L08_C027,L08,leakage_current,96,12.596532568933188,uA,125.0,STATIC_BURN_IN,INST_02,CH_03,VALID,1,,50.0,synthetic
L08_C027,L08,leakage_current,168,12.336964949406969,uA,125.0,STATIC_BURN_IN,INST_02,CH_03,VALID,1,,50.0,synthetic
L08_C027,L08,iddq,0,0.4141212451658554,mA,125.0,STATIC_BURN_IN,INST_02,CH_03,VALID,1,,2.0,synthetic
L08_C027,L08,iddq,24,0.41632570518084183,mA,125.0,STATIC_BURN_IN,INST_02,CH_03,VALID,1,,2.0,synthetic
L08_C027,L08,iddq,96,0.3957241080687142,mA,125.0,STATIC_BURN_IN,INST_02,CH_03,VALID,1,,2.0,synthetic
L08_C027,L08,iddq,168,0.41108668689822286,mA,125.0,STATIC_BURN_IN,INST_02,CH_03,VALID,1,,2.0,synthetic
L08_C027,L08,propagation_delay,0,4.5179175062709795,ns,125.0,STATIC_BURN_IN,INST_02,CH_03,VALID,1,,8.0,synthetic
L08_C027,L08,propagation_delay,24,4.441029698796816,ns,125.0,STATIC_BURN_IN,INST_02,CH_03,VALID,1,,8.0,synthetic
L08_C027,L08,propagation_delay,96,4.4759750339103075,ns,125.0,STATIC_BURN_IN,INST_02,CH_03,VALID,1,,8.0,synthetic
L08_C027,L08,propagation_delay,168,4.549658640748565,ns,125.0,STATIC_BURN_IN,INST_02,CH_03,VALID,1,,8.0,synthetic
L08_C028,L08,leakage_current,0,12.191961550256385,uA,125.0,STATIC_BURN_IN,INST_02,CH_04,VALID,1,,50.0,synthetic
L08_C028,L08,leakage_current,24,12.049364239038809,uA,125.0,STATIC_BURN_IN,INST_02,CH_04,VALID,1,,50.0,synthetic
L08_C028,L08,leakage_current,96,11.909089824311996,uA,125.0,STATIC_BURN_IN,INST_02,CH_04,VALID,1,,50.0,synthetic
L08_C028,L08,leakage_current,168,12.350479851218381,uA,125.0,STATIC_BURN_IN,INST_02,CH_04,VALID,1,,50.0,synthetic
L08_C028,L08,iddq,0,0.4149248701218471,mA,125.0,STATIC_BURN_IN,INST_02,CH_04,VALID,1,,2.0,synthetic
L08_C028,L08,iddq,24,0.41603200065645635,mA,125.0,STATIC_BURN_IN,INST_02,CH_04,VALID,1,,2.0,synthetic
L08_C028,L08,iddq,96,0.41580051001413165,mA,125.0,STATIC_BURN_IN,INST_02,CH_04,VALID,1,,2.0,synthetic
L08_C028,L08,iddq,168,0.41442004353422773,mA,125.0,STATIC_BURN_IN,INST_02,CH_04,VALID,1,,2.0,synthetic
L08_C028,L08,propagation_delay,0,4.80545519536998,ns,125.0,STATIC_BURN_IN,INST_02,CH_04,VALID,1,,8.0,synthetic
L08_C028,L08,propagation_delay,24,4.823921225014796,ns,125.0,STATIC_BURN_IN,INST_02,CH_04,VALID,1,,8.0,synthetic
L08_C028,L08,propagation_delay,168,4.656688186823838,ns,125.0,STATIC_BURN_IN,INST_02,CH_04,VALID,1,,8.0,synthetic
L08_C029,L08,leakage_current,0,14.073131540132696,uA,125.0,STATIC_BURN_IN,INST_02,CH_05,VALID,0,,50.0,synthetic
L08_C029,L08,leakage_current,24,13.788376388322511,uA,125.0,STATIC_BURN_IN,INST_02,CH_05,VALID,0,,50.0,synthetic
L08_C029,L08,leakage_current,96,13.499312206190538,uA,125.0,STATIC_BURN_IN,INST_02,CH_05,VALID,0,,50.0,synthetic
L08_C029,L08,leakage_current,168,13.530401734717131,uA,125.0,STATIC_BURN_IN,INST_02,CH_05,VALID,0,,50.0,synthetic
L08_C029,L08,iddq,0,0.5178346133149133,mA,125.0,STATIC_BURN_IN,INST_02,CH_05,VALID,0,,2.0,synthetic
L08_C029,L08,iddq,24,0.5225384726900829,mA,125.0,STATIC_BURN_IN,INST_02,CH_05,VALID,0,,2.0,synthetic
L08_C029,L08,iddq,168,0.5023625815878068,mA,125.0,STATIC_BURN_IN,INST_02,CH_05,VALID,0,,2.0,synthetic
L08_C029,L08,propagation_delay,96,5.089763004480767,ns,125.0,STATIC_BURN_IN,INST_02,CH_05,VALID,0,,8.0,synthetic
L08_C029,L08,propagation_delay,168,5.087746783399554,ns,125.0,STATIC_BURN_IN,INST_02,CH_05,VALID,0,,8.0,synthetic
L08_C030,L08,leakage_current,0,9.68199980713622,uA,125.0,STATIC_BURN_IN,INST_02,CH_06,VALID,0,,50.0,synthetic
L08_C030,L08,leakage_current,24,10.193253399541666,uA,125.0,STATIC_BURN_IN,INST_02,CH_06,VALID,0,,50.0,synthetic
L08_C030,L08,leakage_current,96,13.421066594217073,uA,125.0,STATIC_BURN_IN,INST_02,CH_06,VALID,0,,50.0,synthetic
L08_C030,L08,leakage_current,168,22.633223896939434,uA,125.0,STATIC_BURN_IN,INST_02,CH_06,VALID,0,,50.0,synthetic
L08_C030,L08,iddq,0,0.4981150448261061,mA,125.0,STATIC_BURN_IN,INST_02,CH_06,VALID,0,,2.0,synthetic
L08_C030,L08,iddq,24,0.5378056594476954,mA,125.0,STATIC_BURN_IN,INST_02,CH_06,VALID,0,,2.0,synthetic
L08_C030,L08,iddq,96,0.7195560531360953,mA,125.0,STATIC_BURN_IN,INST_02,CH_06,VALID,0,,2.0,synthetic
L08_C030,L08,iddq,168,1.3450630643865225,mA,125.0,STATIC_BURN_IN,INST_02,CH_06,VALID,0,,2.0,synthetic
L08_C030,L08,propagation_delay,0,5.014254769532855,ns,125.0,STATIC_BURN_IN,INST_02,CH_06,VALID,0,,8.0,synthetic
L08_C030,L08,propagation_delay,24,5.1884039524793,ns,125.0,STATIC_BURN_IN,INST_02,CH_06,VALID,0,,8.0,synthetic
L08_C030,L08,propagation_delay,96,5.617856850146225,ns,125.0,STATIC_BURN_IN,INST_02,CH_06,VALID,0,,8.0,synthetic
L08_C030,L08,propagation_delay,168,6.365451791284473,ns,125.0,STATIC_BURN_IN,INST_02,CH_06,VALID,0,,8.0,synthetic
L09_C001,L09,leakage_current,0,6.781982107207945,uA,125.0,STATIC_BURN_IN,INST_01,CH_01,VALID,0,,50.0,synthetic
L09_C001,L09,leakage_current,24,6.882141295245047,uA,125.0,STATIC_BURN_IN,INST_01,CH_01,VALID,0,,50.0,synthetic
L09_C001,L09,leakage_current,96,6.570298984700449,uA,125.0,STATIC_BURN_IN,INST_01,CH_01,VALID,0,,50.0,synthetic
L09_C001,L09,leakage_current,168,7.049105376646968,uA,125.0,STATIC_BURN_IN,INST_01,CH_01,VALID,0,,50.0,synthetic
L09_C001,L09,iddq,0,0.3967325529192637,mA,125.0,STATIC_BURN_IN,INST_01,CH_01,VALID,0,,2.0,synthetic
L09_C001,L09,iddq,24,0.39314174238130445,mA,125.0,STATIC_BURN_IN,INST_01,CH_01,VALID,0,,2.0,synthetic
L09_C001,L09,iddq,96,0.4000060046504554,mA,125.0,STATIC_BURN_IN,INST_01,CH_01,VALID,0,,2.0,synthetic
L09_C001,L09,iddq,168,0.38279258977779035,mA,125.0,STATIC_BURN_IN,INST_01,CH_01,VALID,0,,2.0,synthetic
L09_C001,L09,propagation_delay,0,4.850220029550153,ns,125.0,STATIC_BURN_IN,INST_01,CH_01,VALID,0,,8.0,synthetic
L09_C001,L09,propagation_delay,24,4.762854640486774,ns,125.0,STATIC_BURN_IN,INST_01,CH_01,VALID,0,,8.0,synthetic
L09_C001,L09,propagation_delay,96,5.012435424817242,ns,125.0,STATIC_BURN_IN,INST_01,CH_01,VALID,0,,8.0,synthetic
L09_C001,L09,propagation_delay,168,4.828238440787884,ns,125.0,STATIC_BURN_IN,INST_01,CH_01,VALID,0,,8.0,synthetic
L09_C002,L09,leakage_current,0,9.170853962125666,uA,125.0,STATIC_BURN_IN,INST_01,CH_02,VALID,0,,50.0,synthetic
L09_C002,L09,leakage_current,24,9.43112842685994,uA,125.0,STATIC_BURN_IN,INST_01,CH_02,VALID,0,,50.0,synthetic
L09_C002,L09,leakage_current,96,9.460653422696819,uA,125.0,STATIC_BURN_IN,INST_01,CH_02,VALID,0,,50.0,synthetic
L09_C002,L09,leakage_current,168,9.16852607997835,uA,125.0,STATIC_BURN_IN,INST_01,CH_02,VALID,0,,50.0,synthetic
L09_C002,L09,iddq,0,0.5906666472328457,mA,125.0,STATIC_BURN_IN,INST_01,CH_02,VALID,0,,2.0,synthetic
L09_C002,L09,iddq,24,0.6166836761997235,mA,125.0,STATIC_BURN_IN,INST_01,CH_02,VALID,0,,2.0,synthetic
L09_C002,L09,iddq,96,0.6103405867914035,mA,125.0,STATIC_BURN_IN,INST_01,CH_02,VALID,0,,2.0,synthetic
L09_C002,L09,iddq,168,0.6108007214657649,mA,125.0,STATIC_BURN_IN,INST_01,CH_02,VALID,0,,2.0,synthetic
L09_C002,L09,propagation_delay,0,5.098159471888075,ns,125.0,STATIC_BURN_IN,INST_01,CH_02,VALID,0,,8.0,synthetic
L09_C002,L09,propagation_delay,24,5.03938067498863,ns,125.0,STATIC_BURN_IN,INST_01,CH_02,VALID,0,,8.0,synthetic
L09_C002,L09,propagation_delay,96,5.23069652120083,ns,125.0,STATIC_BURN_IN,INST_01,CH_02,VALID,0,,8.0,synthetic
L09_C002,L09,propagation_delay,168,5.22039366997879,ns,125.0,STATIC_BURN_IN,INST_01,CH_02,VALID,0,,8.0,synthetic
L09_C003,L09,leakage_current,0,8.445289532183189,uA,125.0,STATIC_BURN_IN,INST_01,CH_03,VALID,0,,50.0,synthetic
L09_C003,L09,leakage_current,24,8.510808429803978,uA,125.0,STATIC_BURN_IN,INST_01,CH_03,VALID,0,,50.0,synthetic
L09_C003,L09,leakage_current,96,8.26125672651298,uA,125.0,STATIC_BURN_IN,INST_01,CH_03,VALID,0,,50.0,synthetic
L09_C003,L09,leakage_current,168,8.55580917325704,uA,125.0,STATIC_BURN_IN,INST_01,CH_03,VALID,0,,50.0,synthetic
L09_C003,L09,iddq,0,0.5494044460388405,mA,125.0,STATIC_BURN_IN,INST_01,CH_03,VALID,0,,2.0,synthetic
L09_C003,L09,iddq,24,0.5457843843878478,mA,125.0,STATIC_BURN_IN,INST_01,CH_03,VALID,0,,2.0,synthetic
L09_C003,L09,iddq,96,0.5363771453004881,mA,125.0,STATIC_BURN_IN,INST_01,CH_03,VALID,0,,2.0,synthetic
L09_C003,L09,iddq,168,0.5498253544891863,mA,125.0,STATIC_BURN_IN,INST_01,CH_03,VALID,0,,2.0,synthetic
L09_C003,L09,propagation_delay,0,5.328662822599865,ns,125.0,STATIC_BURN_IN,INST_01,CH_03,VALID,0,,8.0,synthetic
L09_C003,L09,propagation_delay,24,5.277431620929145,ns,125.0,STATIC_BURN_IN,INST_01,CH_03,VALID,0,,8.0,synthetic
L09_C003,L09,propagation_delay,96,5.253028581119618,ns,125.0,STATIC_BURN_IN,INST_01,CH_03,VALID,0,,8.0,synthetic
L09_C003,L09,propagation_delay,168,5.314206750031488,ns,125.0,STATIC_BURN_IN,INST_01,CH_03,VALID,0,,8.0,synthetic
L09_C004,L09,leakage_current,0,8.796133315868714,uA,125.0,STATIC_BURN_IN,INST_01,CH_04,VALID,0,,50.0,synthetic
L09_C004,L09,leakage_current,24,9.277514104427908,uA,125.0,STATIC_BURN_IN,INST_01,CH_04,VALID,0,,50.0,synthetic
L09_C004,L09,leakage_current,96,9.17115399435206,uA,125.0,STATIC_BURN_IN,INST_01,CH_04,VALID,0,,50.0,synthetic
L09_C004,L09,leakage_current,168,9.16650579552866,uA,125.0,STATIC_BURN_IN,INST_01,CH_04,VALID,0,,50.0,synthetic
L09_C004,L09,iddq,0,0.5721219977096575,mA,125.0,STATIC_BURN_IN,INST_01,CH_04,VALID,0,,2.0,synthetic
L09_C004,L09,iddq,24,0.5505732540125553,mA,125.0,STATIC_BURN_IN,INST_01,CH_04,VALID,0,,2.0,synthetic
L09_C004,L09,iddq,96,0.5702355207780361,mA,125.0,STATIC_BURN_IN,INST_01,CH_04,VALID,0,,2.0,synthetic
L09_C004,L09,iddq,168,0.5479666306633786,mA,125.0,STATIC_BURN_IN,INST_01,CH_04,VALID,0,,2.0,synthetic
L09_C004,L09,propagation_delay,0,5.395476826955146,ns,125.0,STATIC_BURN_IN,INST_01,CH_04,VALID,0,,8.0,synthetic
L09_C004,L09,propagation_delay,24,5.4185638351335985,ns,125.0,STATIC_BURN_IN,INST_01,CH_04,VALID,0,,8.0,synthetic
L09_C004,L09,propagation_delay,96,5.3467961261196475,ns,125.0,STATIC_BURN_IN,INST_01,CH_04,VALID,0,,8.0,synthetic
L09_C004,L09,propagation_delay,168,5.488439849010366,ns,125.0,STATIC_BURN_IN,INST_01,CH_04,VALID,0,,8.0,synthetic
L09_C005,L09,leakage_current,0,13.012893526389302,uA,125.0,STATIC_BURN_IN,INST_01,CH_05,VALID,0,,50.0,synthetic
L09_C005,L09,leakage_current,24,12.613470012800356,uA,125.0,STATIC_BURN_IN,INST_01,CH_05,VALID,0,,50.0,synthetic
L09_C005,L09,leakage_current,96,12.829858868168529,uA,125.0,STATIC_BURN_IN,INST_01,CH_05,VALID,0,,50.0,synthetic
L09_C005,L09,leakage_current,168,13.595738756488826,uA,125.0,STATIC_BURN_IN,INST_01,CH_05,VALID,0,,50.0,synthetic
L09_C005,L09,iddq,24,0.5919371988962654,mA,125.0,STATIC_BURN_IN,INST_01,CH_05,VALID,0,,2.0,synthetic
L09_C005,L09,iddq,96,0.5918503761648094,mA,125.0,STATIC_BURN_IN,INST_01,CH_05,VALID,0,,2.0,synthetic
L09_C005,L09,iddq,168,0.5769734334523623,mA,125.0,STATIC_BURN_IN,INST_01,CH_05,VALID,0,,2.0,synthetic
L09_C005,L09,propagation_delay,0,5.61365755326997,ns,125.0,STATIC_BURN_IN,INST_01,CH_05,VALID,0,,8.0,synthetic
L09_C005,L09,propagation_delay,24,5.6525588009806285,ns,125.0,STATIC_BURN_IN,INST_01,CH_05,VALID,0,,8.0,synthetic
L09_C005,L09,propagation_delay,96,5.767783440263404,ns,125.0,STATIC_BURN_IN,INST_01,CH_05,VALID,0,,8.0,synthetic
L09_C005,L09,propagation_delay,168,5.6764707922669375,ns,125.0,STATIC_BURN_IN,INST_01,CH_05,VALID,0,,8.0,synthetic
L09_C006,L09,leakage_current,0,6.790759761082729,uA,125.0,STATIC_BURN_IN,INST_01,CH_06,VALID,0,,50.0,synthetic
L09_C006,L09,leakage_current,24,6.637818458584252,uA,125.0,STATIC_BURN_IN,INST_01,CH_06,VALID,0,,50.0,synthetic
L09_C006,L09,leakage_current,96,6.6218903039820285,uA,125.0,STATIC_BURN_IN,INST_01,CH_06,VALID,0,,50.0,synthetic
L09_C006,L09,leakage_current,168,6.719348551842975,uA,125.0,STATIC_BURN_IN,INST_01,CH_06,VALID,0,,50.0,synthetic
L09_C006,L09,iddq,0,0.5861207857271236,mA,125.0,STATIC_BURN_IN,INST_01,CH_06,VALID,0,,2.0,synthetic
L09_C006,L09,iddq,24,0.6184559525839199,mA,125.0,STATIC_BURN_IN,INST_01,CH_06,VALID,0,,2.0,synthetic
L09_C006,L09,iddq,96,0.5995882921131158,mA,125.0,STATIC_BURN_IN,INST_01,CH_06,VALID,0,,2.0,synthetic
L09_C006,L09,iddq,168,0.5973172127498756,mA,125.0,STATIC_BURN_IN,INST_01,CH_06,VALID,0,,2.0,synthetic
L09_C006,L09,propagation_delay,0,5.041345859558226,ns,125.0,STATIC_BURN_IN,INST_01,CH_06,VALID,0,,8.0,synthetic
L09_C006,L09,propagation_delay,24,4.7820526140278865,ns,125.0,STATIC_BURN_IN,INST_01,CH_06,VALID,0,,8.0,synthetic
L09_C006,L09,propagation_delay,96,5.044824739284345,ns,125.0,STATIC_BURN_IN,INST_01,CH_06,VALID,0,,8.0,synthetic
L09_C006,L09,propagation_delay,168,5.0983118900893,ns,125.0,STATIC_BURN_IN,INST_01,CH_06,VALID,0,,8.0,synthetic
L09_C007,L09,leakage_current,0,8.551387046885685,uA,125.0,STATIC_BURN_IN,INST_01,CH_07,VALID,0,,50.0,synthetic
L09_C007,L09,leakage_current,24,8.621508633882433,uA,125.0,STATIC_BURN_IN,INST_01,CH_07,VALID,0,,50.0,synthetic
L09_C007,L09,leakage_current,96,8.595582590128203,uA,125.0,STATIC_BURN_IN,INST_01,CH_07,VALID,0,,50.0,synthetic
L09_C007,L09,leakage_current,168,8.651695735936855,uA,125.0,STATIC_BURN_IN,INST_01,CH_07,VALID,0,,50.0,synthetic
L09_C007,L09,iddq,0,0.6001562797988377,mA,125.0,STATIC_BURN_IN,INST_01,CH_07,VALID,0,,2.0,synthetic
L09_C007,L09,iddq,24,0.622600849754515,mA,125.0,STATIC_BURN_IN,INST_01,CH_07,VALID,0,,2.0,synthetic
L09_C007,L09,iddq,96,0.6041935437988531,mA,125.0,STATIC_BURN_IN,INST_01,CH_07,VALID,0,,2.0,synthetic
L09_C007,L09,iddq,168,0.6199639428234991,mA,125.0,STATIC_BURN_IN,INST_01,CH_07,VALID,0,,2.0,synthetic
L09_C007,L09,propagation_delay,0,5.078525878597359,ns,125.0,STATIC_BURN_IN,INST_01,CH_07,VALID,0,,8.0,synthetic
L09_C007,L09,propagation_delay,24,5.174425344131321,ns,125.0,STATIC_BURN_IN,INST_01,CH_07,VALID,0,,8.0,synthetic
L09_C007,L09,propagation_delay,96,5.313697900045078,ns,125.0,STATIC_BURN_IN,INST_01,CH_07,VALID,0,,8.0,synthetic
L09_C007,L09,propagation_delay,168,5.037099732511206,ns,125.0,STATIC_BURN_IN,INST_01,CH_07,VALID,0,,8.0,synthetic
L09_C008,L09,leakage_current,24,11.697931513619942,uA,125.0,STATIC_BURN_IN,INST_01,CH_08,VALID,0,,50.0,synthetic
L09_C008,L09,leakage_current,96,11.023986425407172,uA,125.0,STATIC_BURN_IN,INST_01,CH_08,VALID,0,,50.0,synthetic
L09_C008,L09,leakage_current,168,11.13791063839855,uA,125.0,STATIC_BURN_IN,INST_01,CH_08,VALID,0,,50.0,synthetic
L09_C008,L09,iddq,0,0.7480757794214982,mA,125.0,STATIC_BURN_IN,INST_01,CH_08,VALID,0,,2.0,synthetic
L09_C008,L09,iddq,24,0.7812655925149327,mA,125.0,STATIC_BURN_IN,INST_01,CH_08,VALID,0,,2.0,synthetic
L09_C008,L09,iddq,96,0.7442458916522945,mA,125.0,STATIC_BURN_IN,INST_01,CH_08,VALID,0,,2.0,synthetic
L09_C008,L09,iddq,168,0.7833049168462903,mA,125.0,STATIC_BURN_IN,INST_01,CH_08,VALID,0,,2.0,synthetic
L09_C008,L09,propagation_delay,0,5.3464052515178775,ns,125.0,STATIC_BURN_IN,INST_01,CH_08,VALID,0,,8.0,synthetic
L09_C008,L09,propagation_delay,24,5.268006541202742,ns,125.0,STATIC_BURN_IN,INST_01,CH_08,VALID,0,,8.0,synthetic
L09_C008,L09,propagation_delay,96,5.36696859695471,ns,125.0,STATIC_BURN_IN,INST_01,CH_08,VALID,0,,8.0,synthetic
L09_C008,L09,propagation_delay,168,5.082337078442759,ns,125.0,STATIC_BURN_IN,INST_01,CH_08,VALID,0,,8.0,synthetic
L09_C009,L09,leakage_current,0,8.046298346410955,uA,125.0,STATIC_BURN_IN,INST_02,CH_01,VALID,0,,50.0,synthetic
L09_C009,L09,leakage_current,24,8.619877099526605,uA,125.0,STATIC_BURN_IN,INST_02,CH_01,VALID,0,,50.0,synthetic
L09_C009,L09,leakage_current,96,8.51058956077981,uA,125.0,STATIC_BURN_IN,INST_02,CH_01,VALID,0,,50.0,synthetic
L09_C009,L09,leakage_current,168,8.259363000842237,uA,125.0,STATIC_BURN_IN,INST_02,CH_01,VALID,0,,50.0,synthetic
L09_C009,L09,iddq,0,0.5714463572160975,mA,125.0,STATIC_BURN_IN,INST_02,CH_01,VALID,0,,2.0,synthetic
L09_C009,L09,iddq,24,0.5755740969709611,mA,125.0,STATIC_BURN_IN,INST_02,CH_01,VALID,0,,2.0,synthetic
L09_C009,L09,iddq,96,0.5589150925871779,mA,125.0,STATIC_BURN_IN,INST_02,CH_01,VALID,0,,2.0,synthetic
L09_C009,L09,iddq,168,0.5773959218385232,mA,125.0,STATIC_BURN_IN,INST_02,CH_01,VALID,0,,2.0,synthetic
L09_C009,L09,propagation_delay,0,5.276901707211791,ns,125.0,STATIC_BURN_IN,INST_02,CH_01,VALID,0,,8.0,synthetic
L09_C009,L09,propagation_delay,24,5.542198578421647,ns,125.0,STATIC_BURN_IN,INST_02,CH_01,VALID,0,,8.0,synthetic
L09_C009,L09,propagation_delay,96,5.516796226290259,ns,125.0,STATIC_BURN_IN,INST_02,CH_01,VALID,0,,8.0,synthetic
L09_C009,L09,propagation_delay,168,5.360546558274926,ns,125.0,STATIC_BURN_IN,INST_02,CH_01,VALID,0,,8.0,synthetic
L09_C010,L09,leakage_current,0,12.065456436954282,uA,125.0,STATIC_BURN_IN,INST_02,CH_02,VALID,0,,50.0,synthetic
L09_C010,L09,leakage_current,24,11.961814445851388,uA,125.0,STATIC_BURN_IN,INST_02,CH_02,VALID,0,,50.0,synthetic
L09_C010,L09,leakage_current,96,17.729105470681358,uA,125.0,STATIC_BURN_IN,INST_02,CH_02,VALID,0,,50.0,synthetic
L09_C010,L09,leakage_current,168,36.408503385267586,uA,125.0,STATIC_BURN_IN,INST_02,CH_02,VALID,0,,50.0,synthetic
L09_C010,L09,iddq,0,0.6295375239125149,mA,125.0,STATIC_BURN_IN,INST_02,CH_02,VALID,0,,2.0,synthetic
L09_C010,L09,iddq,24,0.6420166734356816,mA,125.0,STATIC_BURN_IN,INST_02,CH_02,VALID,0,,2.0,synthetic
L09_C010,L09,iddq,96,0.8788943506754009,mA,125.0,STATIC_BURN_IN,INST_02,CH_02,VALID,0,,2.0,synthetic
L09_C010,L09,iddq,168,1.6726507269059023,mA,125.0,STATIC_BURN_IN,INST_02,CH_02,VALID,0,,2.0,synthetic
L09_C010,L09,propagation_delay,0,5.351756760494745,ns,125.0,STATIC_BURN_IN,INST_02,CH_02,VALID,0,,8.0,synthetic
L09_C010,L09,propagation_delay,24,5.488815459522391,ns,125.0,STATIC_BURN_IN,INST_02,CH_02,VALID,0,,8.0,synthetic
L09_C010,L09,propagation_delay,96,5.801171035463959,ns,125.0,STATIC_BURN_IN,INST_02,CH_02,VALID,0,,8.0,synthetic
L09_C010,L09,propagation_delay,168,6.5707092431639635,ns,125.0,STATIC_BURN_IN,INST_02,CH_02,VALID,0,,8.0,synthetic
L09_C011,L09,leakage_current,0,10.251292986106673,uA,125.0,STATIC_BURN_IN,INST_02,CH_03,VALID,1,,50.0,synthetic
L09_C011,L09,leakage_current,24,10.246505067938461,uA,125.0,STATIC_BURN_IN,INST_02,CH_03,VALID,1,,50.0,synthetic
L09_C011,L09,leakage_current,96,10.27286880253393,uA,125.0,STATIC_BURN_IN,INST_02,CH_03,VALID,1,,50.0,synthetic
L09_C011,L09,leakage_current,168,10.22561040302297,uA,125.0,STATIC_BURN_IN,INST_02,CH_03,VALID,1,,50.0,synthetic
L09_C011,L09,iddq,0,0.6242015717148204,mA,125.0,STATIC_BURN_IN,INST_02,CH_03,VALID,1,,2.0,synthetic
L09_C011,L09,iddq,24,0.579780615267937,mA,125.0,STATIC_BURN_IN,INST_02,CH_03,VALID,1,,2.0,synthetic
L09_C011,L09,iddq,96,0.5890633575218243,mA,125.0,STATIC_BURN_IN,INST_02,CH_03,VALID,1,,2.0,synthetic
L09_C011,L09,iddq,168,0.6215088210764252,mA,125.0,STATIC_BURN_IN,INST_02,CH_03,VALID,1,,2.0,synthetic
L09_C011,L09,propagation_delay,0,5.486657213805165,ns,125.0,STATIC_BURN_IN,INST_02,CH_03,VALID,1,,8.0,synthetic
L09_C011,L09,propagation_delay,24,5.32646554236957,ns,125.0,STATIC_BURN_IN,INST_02,CH_03,VALID,1,,8.0,synthetic
L09_C011,L09,propagation_delay,96,5.447913762040034,ns,125.0,STATIC_BURN_IN,INST_02,CH_03,VALID,1,,8.0,synthetic
L09_C011,L09,propagation_delay,168,5.348705078241163,ns,125.0,STATIC_BURN_IN,INST_02,CH_03,VALID,1,,8.0,synthetic
L09_C012,L09,leakage_current,0,6.762040440425999,uA,125.0,STATIC_BURN_IN,INST_02,CH_04,VALID,0,,50.0,synthetic
L09_C012,L09,leakage_current,24,6.586729923901705,uA,125.0,STATIC_BURN_IN,INST_02,CH_04,VALID,0,,50.0,synthetic
L09_C012,L09,leakage_current,96,6.954211282129825,uA,125.0,STATIC_BURN_IN,INST_02,CH_04,VALID,0,,50.0,synthetic
L09_C012,L09,leakage_current,168,6.721079926970031,uA,125.0,STATIC_BURN_IN,INST_02,CH_04,VALID,0,,50.0,synthetic
L09_C012,L09,iddq,0,0.5860708017371865,mA,125.0,STATIC_BURN_IN,INST_02,CH_04,VALID,0,,2.0,synthetic
L09_C012,L09,iddq,24,0.5855875290759289,mA,125.0,STATIC_BURN_IN,INST_02,CH_04,VALID,0,,2.0,synthetic
L09_C012,L09,iddq,96,0.6044188608725793,mA,125.0,STATIC_BURN_IN,INST_02,CH_04,VALID,0,,2.0,synthetic
L09_C012,L09,iddq,168,0.5885397100947825,mA,125.0,STATIC_BURN_IN,INST_02,CH_04,VALID,0,,2.0,synthetic
L09_C012,L09,propagation_delay,0,5.2396573903102714,ns,125.0,STATIC_BURN_IN,INST_02,CH_04,VALID,0,,8.0,synthetic
L09_C012,L09,propagation_delay,24,5.0984967011976465,ns,125.0,STATIC_BURN_IN,INST_02,CH_04,VALID,0,,8.0,synthetic
L09_C012,L09,propagation_delay,96,5.24478602816312,ns,125.0,STATIC_BURN_IN,INST_02,CH_04,VALID,0,,8.0,synthetic
L09_C012,L09,propagation_delay,168,5.242094852304315,ns,125.0,STATIC_BURN_IN,INST_02,CH_04,VALID,0,,8.0,synthetic
L09_C013,L09,leakage_current,0,11.596392514963156,uA,125.0,STATIC_BURN_IN,INST_02,CH_05,VALID,0,,50.0,synthetic
L09_C013,L09,leakage_current,24,11.342544395905504,uA,125.0,STATIC_BURN_IN,INST_02,CH_05,VALID,0,,50.0,synthetic
L09_C013,L09,leakage_current,96,11.636011647278984,uA,125.0,STATIC_BURN_IN,INST_02,CH_05,VALID,0,,50.0,synthetic
L09_C013,L09,leakage_current,168,11.254559290074692,uA,125.0,STATIC_BURN_IN,INST_02,CH_05,VALID,0,,50.0,synthetic
L09_C013,L09,iddq,0,0.49410676397078024,mA,125.0,STATIC_BURN_IN,INST_02,CH_05,VALID,0,,2.0,synthetic
L09_C013,L09,iddq,24,0.5005969219636879,mA,125.0,STATIC_BURN_IN,INST_02,CH_05,VALID,0,,2.0,synthetic
L09_C013,L09,iddq,96,0.5024531536512159,mA,125.0,STATIC_BURN_IN,INST_02,CH_05,VALID,0,,2.0,synthetic
L09_C013,L09,iddq,168,0.48936662058965463,mA,125.0,STATIC_BURN_IN,INST_02,CH_05,VALID,0,,2.0,synthetic
L09_C013,L09,propagation_delay,0,4.902088811142839,ns,125.0,STATIC_BURN_IN,INST_02,CH_05,VALID,0,,8.0,synthetic
L09_C013,L09,propagation_delay,24,5.209485283277289,ns,125.0,STATIC_BURN_IN,INST_02,CH_05,VALID,0,,8.0,synthetic
L09_C013,L09,propagation_delay,96,4.99824353387526,ns,125.0,STATIC_BURN_IN,INST_02,CH_05,VALID,0,,8.0,synthetic
L09_C013,L09,propagation_delay,168,5.019950952934796,ns,125.0,STATIC_BURN_IN,INST_02,CH_05,VALID,0,,8.0,synthetic
L09_C014,L09,leakage_current,0,7.568618939378089,uA,125.0,STATIC_BURN_IN,INST_02,CH_06,VALID,0,,50.0,synthetic
L09_C014,L09,leakage_current,24,8.124638473275352,uA,125.0,STATIC_BURN_IN,INST_02,CH_06,VALID,0,,50.0,synthetic
L09_C014,L09,leakage_current,96,7.970400664358849,uA,125.0,STATIC_BURN_IN,INST_02,CH_06,VALID,0,,50.0,synthetic
L09_C014,L09,leakage_current,168,8.015778165218478,uA,125.0,STATIC_BURN_IN,INST_02,CH_06,VALID,0,,50.0,synthetic
L09_C014,L09,iddq,0,0.4652922281327717,mA,125.0,STATIC_BURN_IN,INST_02,CH_06,VALID,0,,2.0,synthetic
L09_C014,L09,iddq,24,0.4740153528053467,mA,125.0,STATIC_BURN_IN,INST_02,CH_06,VALID,0,,2.0,synthetic
L09_C014,L09,iddq,96,0.4636212135227453,mA,125.0,STATIC_BURN_IN,INST_02,CH_06,VALID,0,,2.0,synthetic
L09_C014,L09,iddq,168,0.4818891089405885,mA,125.0,STATIC_BURN_IN,INST_02,CH_06,VALID,0,,2.0,synthetic
L09_C014,L09,propagation_delay,0,5.13999750636567,ns,125.0,STATIC_BURN_IN,INST_02,CH_06,VALID,0,,8.0,synthetic
L09_C014,L09,propagation_delay,24,5.1894943040986,ns,125.0,STATIC_BURN_IN,INST_02,CH_06,VALID,0,,8.0,synthetic
L09_C014,L09,propagation_delay,96,5.1486403659540425,ns,125.0,STATIC_BURN_IN,INST_02,CH_06,VALID,0,,8.0,synthetic
L09_C014,L09,propagation_delay,168,5.084172214186585,ns,125.0,STATIC_BURN_IN,INST_02,CH_06,VALID,0,,8.0,synthetic
L09_C015,L09,leakage_current,0,18.167807909055885,uA,125.0,STATIC_BURN_IN,INST_02,CH_07,VALID,0,,50.0,synthetic
L09_C015,L09,leakage_current,24,17.756719788981748,uA,125.0,STATIC_BURN_IN,INST_02,CH_07,VALID,0,,50.0,synthetic
L09_C015,L09,leakage_current,96,17.899439476410187,uA,125.0,STATIC_BURN_IN,INST_02,CH_07,VALID,0,,50.0,synthetic
L09_C015,L09,leakage_current,168,17.33567982046901,uA,125.0,STATIC_BURN_IN,INST_02,CH_07,VALID,0,,50.0,synthetic
L09_C015,L09,iddq,0,0.838347143527069,mA,125.0,STATIC_BURN_IN,INST_02,CH_07,VALID,0,,2.0,synthetic
L09_C015,L09,iddq,24,0.8359200055543312,mA,125.0,STATIC_BURN_IN,INST_02,CH_07,VALID,0,,2.0,synthetic
L09_C015,L09,iddq,96,0.8305609015447768,mA,125.0,STATIC_BURN_IN,INST_02,CH_07,VALID,0,,2.0,synthetic
L09_C015,L09,iddq,168,0.8057424543311882,mA,125.0,STATIC_BURN_IN,INST_02,CH_07,VALID,0,,2.0,synthetic
L09_C015,L09,propagation_delay,0,6.0460635854076035,ns,125.0,STATIC_BURN_IN,INST_02,CH_07,VALID,0,,8.0,synthetic
L09_C015,L09,propagation_delay,24,6.151206572456657,ns,125.0,STATIC_BURN_IN,INST_02,CH_07,VALID,0,,8.0,synthetic
L09_C015,L09,propagation_delay,96,6.157029322976103,ns,125.0,STATIC_BURN_IN,INST_02,CH_07,VALID,0,,8.0,synthetic
L09_C015,L09,propagation_delay,168,6.1637377904553246,ns,125.0,STATIC_BURN_IN,INST_02,CH_07,VALID,0,,8.0,synthetic
L09_C016,L09,leakage_current,0,12.612210242178662,uA,125.0,STATIC_BURN_IN,INST_02,CH_08,VALID,0,,50.0,synthetic
L09_C016,L09,leakage_current,24,12.845356901222067,uA,125.0,STATIC_BURN_IN,INST_02,CH_08,VALID,0,,50.0,synthetic
L09_C016,L09,leakage_current,96,12.83914497753044,uA,125.0,STATIC_BURN_IN,INST_02,CH_08,VALID,0,,50.0,synthetic
L09_C016,L09,leakage_current,168,13.036628695971583,uA,125.0,STATIC_BURN_IN,INST_02,CH_08,VALID,0,,50.0,synthetic
L09_C016,L09,iddq,0,0.4379281650580467,mA,125.0,STATIC_BURN_IN,INST_02,CH_08,VALID,0,,2.0,synthetic
L09_C016,L09,iddq,24,0.45177770242062065,mA,125.0,STATIC_BURN_IN,INST_02,CH_08,VALID,0,,2.0,synthetic
L09_C016,L09,iddq,96,0.4486572938198257,mA,125.0,STATIC_BURN_IN,INST_02,CH_08,VALID,0,,2.0,synthetic
L09_C016,L09,iddq,168,0.4556912990364272,mA,125.0,STATIC_BURN_IN,INST_02,CH_08,VALID,0,,2.0,synthetic
L09_C016,L09,propagation_delay,0,5.304260740588678,ns,125.0,STATIC_BURN_IN,INST_02,CH_08,VALID,0,,8.0,synthetic
L09_C016,L09,propagation_delay,24,5.448432177401229,ns,125.0,STATIC_BURN_IN,INST_02,CH_08,VALID,0,,8.0,synthetic
L09_C016,L09,propagation_delay,96,5.300873545890306,ns,125.0,STATIC_BURN_IN,INST_02,CH_08,VALID,0,,8.0,synthetic
L09_C016,L09,propagation_delay,168,5.222496550183905,ns,125.0,STATIC_BURN_IN,INST_02,CH_08,VALID,0,,8.0,synthetic
L09_C017,L09,leakage_current,0,10.118153382022577,uA,125.0,STATIC_BURN_IN,INST_01,CH_01,VALID,0,,50.0,synthetic
L09_C017,L09,leakage_current,24,9.691194367679161,uA,125.0,STATIC_BURN_IN,INST_01,CH_01,VALID,0,,50.0,synthetic
L09_C017,L09,leakage_current,96,9.8827850976391,uA,125.0,STATIC_BURN_IN,INST_01,CH_01,VALID,0,,50.0,synthetic
L09_C017,L09,leakage_current,168,9.814574958790674,uA,125.0,STATIC_BURN_IN,INST_01,CH_01,VALID,0,,50.0,synthetic
L09_C017,L09,iddq,0,0.6071085571021395,mA,125.0,STATIC_BURN_IN,INST_01,CH_01,VALID,0,,2.0,synthetic
L09_C017,L09,iddq,24,0.5898160449386388,mA,125.0,STATIC_BURN_IN,INST_01,CH_01,VALID,0,,2.0,synthetic
L09_C017,L09,iddq,96,0.5940028608955659,mA,125.0,STATIC_BURN_IN,INST_01,CH_01,VALID,0,,2.0,synthetic
L09_C017,L09,iddq,168,0.6283365326482756,mA,125.0,STATIC_BURN_IN,INST_01,CH_01,VALID,0,,2.0,synthetic
L09_C017,L09,propagation_delay,0,5.579514530277612,ns,125.0,STATIC_BURN_IN,INST_01,CH_01,VALID,0,,8.0,synthetic
L09_C017,L09,propagation_delay,24,5.586610967928828,ns,125.0,STATIC_BURN_IN,INST_01,CH_01,VALID,0,,8.0,synthetic
L09_C017,L09,propagation_delay,96,5.356720423023862,ns,125.0,STATIC_BURN_IN,INST_01,CH_01,VALID,0,,8.0,synthetic
L09_C017,L09,propagation_delay,168,5.52530468409567,ns,125.0,STATIC_BURN_IN,INST_01,CH_01,VALID,0,,8.0,synthetic
L09_C018,L09,leakage_current,0,9.383742676753423,uA,125.0,STATIC_BURN_IN,INST_01,CH_02,VALID,1,,50.0,synthetic
L09_C018,L09,leakage_current,24,9.530362330569496,uA,125.0,STATIC_BURN_IN,INST_01,CH_02,VALID,1,,50.0,synthetic
L09_C018,L09,leakage_current,96,9.15180915202221,uA,125.0,STATIC_BURN_IN,INST_01,CH_02,VALID,1,,50.0,synthetic
L09_C018,L09,leakage_current,168,9.194931284894201,uA,125.0,STATIC_BURN_IN,INST_01,CH_02,VALID,1,,50.0,synthetic
L09_C018,L09,iddq,0,0.6343394052567874,mA,125.0,STATIC_BURN_IN,INST_01,CH_02,VALID,1,,2.0,synthetic
L09_C018,L09,iddq,24,0.6502081043836779,mA,125.0,STATIC_BURN_IN,INST_01,CH_02,VALID,1,,2.0,synthetic
L09_C018,L09,iddq,96,0.6314693008151009,mA,125.0,STATIC_BURN_IN,INST_01,CH_02,VALID,1,,2.0,synthetic
L09_C018,L09,iddq,168,0.642056619710624,mA,125.0,STATIC_BURN_IN,INST_01,CH_02,VALID,1,,2.0,synthetic
L09_C018,L09,propagation_delay,0,5.140859556864695,ns,125.0,STATIC_BURN_IN,INST_01,CH_02,VALID,1,,8.0,synthetic
L09_C018,L09,propagation_delay,24,5.116660519002693,ns,125.0,STATIC_BURN_IN,INST_01,CH_02,VALID,1,,8.0,synthetic
L09_C018,L09,propagation_delay,96,5.099140084282705,ns,125.0,STATIC_BURN_IN,INST_01,CH_02,VALID,1,,8.0,synthetic
L09_C018,L09,propagation_delay,168,5.175386406929139,ns,125.0,STATIC_BURN_IN,INST_01,CH_02,VALID,1,,8.0,synthetic
L09_C019,L09,leakage_current,0,7.789880809788161,uA,125.0,STATIC_BURN_IN,INST_01,CH_03,VALID,0,,50.0,synthetic
L09_C019,L09,leakage_current,24,7.700758692601952,uA,125.0,STATIC_BURN_IN,INST_01,CH_03,VALID,0,,50.0,synthetic
L09_C019,L09,leakage_current,96,7.5776736021213615,uA,125.0,STATIC_BURN_IN,INST_01,CH_03,VALID,0,,50.0,synthetic
L09_C019,L09,leakage_current,168,7.891662812684127,uA,125.0,STATIC_BURN_IN,INST_01,CH_03,VALID,0,,50.0,synthetic
L09_C019,L09,iddq,0,0.5922554710796153,mA,125.0,STATIC_BURN_IN,INST_01,CH_03,VALID,0,,2.0,synthetic
L09_C019,L09,iddq,24,0.597220919873748,mA,125.0,STATIC_BURN_IN,INST_01,CH_03,VALID,0,,2.0,synthetic
L09_C019,L09,iddq,96,0.5970022683215905,mA,125.0,STATIC_BURN_IN,INST_01,CH_03,VALID,0,,2.0,synthetic
L09_C019,L09,iddq,168,0.592419878548808,mA,125.0,STATIC_BURN_IN,INST_01,CH_03,VALID,0,,2.0,synthetic
L09_C019,L09,propagation_delay,0,5.222930797402387,ns,125.0,STATIC_BURN_IN,INST_01,CH_03,VALID,0,,8.0,synthetic
L09_C019,L09,propagation_delay,24,5.208819298579031,ns,125.0,STATIC_BURN_IN,INST_01,CH_03,VALID,0,,8.0,synthetic
L09_C019,L09,propagation_delay,96,5.164290907213444,ns,125.0,STATIC_BURN_IN,INST_01,CH_03,VALID,0,,8.0,synthetic
L09_C020,L09,leakage_current,0,9.599480721231851,uA,125.0,STATIC_BURN_IN,INST_01,CH_04,VALID,0,,50.0,synthetic
L09_C020,L09,leakage_current,24,9.135110968850526,uA,125.0,STATIC_BURN_IN,INST_01,CH_04,VALID,0,,50.0,synthetic
L09_C020,L09,leakage_current,96,9.773431285934759,uA,125.0,STATIC_BURN_IN,INST_01,CH_04,VALID,0,,50.0,synthetic
L09_C020,L09,leakage_current,168,9.48113706067685,uA,125.0,STATIC_BURN_IN,INST_01,CH_04,VALID,0,,50.0,synthetic
L09_C020,L09,iddq,0,0.5990092520846738,mA,125.0,STATIC_BURN_IN,INST_01,CH_04,VALID,0,,2.0,synthetic
L09_C020,L09,iddq,24,0.6195649075608699,mA,125.0,STATIC_BURN_IN,INST_01,CH_04,VALID,0,,2.0,synthetic
L09_C020,L09,iddq,96,0.5857241861141804,mA,125.0,STATIC_BURN_IN,INST_01,CH_04,VALID,0,,2.0,synthetic
L09_C020,L09,iddq,168,0.603175302509057,mA,125.0,STATIC_BURN_IN,INST_01,CH_04,VALID,0,,2.0,synthetic
L09_C020,L09,propagation_delay,0,5.197703673657386,ns,125.0,STATIC_BURN_IN,INST_01,CH_04,VALID,0,,8.0,synthetic
L09_C020,L09,propagation_delay,24,5.347348027019866,ns,125.0,STATIC_BURN_IN,INST_01,CH_04,VALID,0,,8.0,synthetic
L09_C020,L09,propagation_delay,96,5.376284840739472,ns,125.0,STATIC_BURN_IN,INST_01,CH_04,VALID,0,,8.0,synthetic
L09_C020,L09,propagation_delay,168,5.234882059340594,ns,125.0,STATIC_BURN_IN,INST_01,CH_04,VALID,0,,8.0,synthetic
L09_C021,L09,leakage_current,0,7.461730347640427,uA,125.0,STATIC_BURN_IN,INST_01,CH_05,VALID,0,,50.0,synthetic
L09_C021,L09,leakage_current,24,7.357947976336791,uA,125.0,STATIC_BURN_IN,INST_01,CH_05,VALID,0,,50.0,synthetic
L09_C021,L09,leakage_current,96,7.5480358451342004,uA,125.0,STATIC_BURN_IN,INST_01,CH_05,VALID,0,,50.0,synthetic
L09_C021,L09,leakage_current,168,7.481170629811277,uA,125.0,STATIC_BURN_IN,INST_01,CH_05,VALID,0,,50.0,synthetic
L09_C021,L09,iddq,0,0.5548512605339185,mA,125.0,STATIC_BURN_IN,INST_01,CH_05,VALID,0,,2.0,synthetic
L09_C021,L09,iddq,24,0.5540434161336717,mA,125.0,STATIC_BURN_IN,INST_01,CH_05,VALID,0,,2.0,synthetic
L09_C021,L09,iddq,96,0.571323350432616,mA,125.0,STATIC_BURN_IN,INST_01,CH_05,VALID,0,,2.0,synthetic
L09_C021,L09,iddq,168,0.5836920443166416,mA,125.0,STATIC_BURN_IN,INST_01,CH_05,VALID,0,,2.0,synthetic
L09_C021,L09,propagation_delay,0,4.832946730147954,ns,125.0,STATIC_BURN_IN,INST_01,CH_05,VALID,0,,8.0,synthetic
L09_C021,L09,propagation_delay,24,4.762468279449836,ns,125.0,STATIC_BURN_IN,INST_01,CH_05,VALID,0,,8.0,synthetic
L09_C021,L09,propagation_delay,96,4.947190331666464,ns,125.0,STATIC_BURN_IN,INST_01,CH_05,VALID,0,,8.0,synthetic
L09_C021,L09,propagation_delay,168,4.823094641805953,ns,125.0,STATIC_BURN_IN,INST_01,CH_05,VALID,0,,8.0,synthetic
L09_C022,L09,leakage_current,0,10.684096742029249,uA,125.0,STATIC_BURN_IN,INST_01,CH_06,VALID,0,,50.0,synthetic
L09_C022,L09,leakage_current,24,10.69656129840439,uA,125.0,STATIC_BURN_IN,INST_01,CH_06,VALID,0,,50.0,synthetic
L09_C022,L09,leakage_current,96,10.937836107478713,uA,125.0,STATIC_BURN_IN,INST_01,CH_06,VALID,0,,50.0,synthetic
L09_C022,L09,leakage_current,168,10.344066874947568,uA,125.0,STATIC_BURN_IN,INST_01,CH_06,VALID,0,,50.0,synthetic
L09_C022,L09,iddq,0,0.5175573138142716,mA,125.0,STATIC_BURN_IN,INST_01,CH_06,VALID,0,,2.0,synthetic
L09_C022,L09,iddq,24,0.5197599398375155,mA,125.0,STATIC_BURN_IN,INST_01,CH_06,VALID,0,,2.0,synthetic
L09_C022,L09,iddq,96,0.5153435380170718,mA,125.0,STATIC_BURN_IN,INST_01,CH_06,VALID,0,,2.0,synthetic
L09_C022,L09,iddq,168,0.5111282824505013,mA,125.0,STATIC_BURN_IN,INST_01,CH_06,VALID,0,,2.0,synthetic
L09_C022,L09,propagation_delay,0,5.433314155618037,ns,125.0,STATIC_BURN_IN,INST_01,CH_06,VALID,0,,8.0,synthetic
L09_C022,L09,propagation_delay,24,5.390393512031116,ns,125.0,STATIC_BURN_IN,INST_01,CH_06,VALID,0,,8.0,synthetic
L09_C022,L09,propagation_delay,96,5.306235324542548,ns,125.0,STATIC_BURN_IN,INST_01,CH_06,VALID,0,,8.0,synthetic
L09_C022,L09,propagation_delay,168,5.423055449791999,ns,125.0,STATIC_BURN_IN,INST_01,CH_06,VALID,0,,8.0,synthetic
L09_C023,L09,leakage_current,0,8.091467559705901,uA,125.0,STATIC_BURN_IN,INST_01,CH_07,VALID,0,,50.0,synthetic
L09_C023,L09,leakage_current,24,8.343043130313417,uA,125.0,STATIC_BURN_IN,INST_01,CH_07,VALID,0,,50.0,synthetic
L09_C023,L09,leakage_current,96,8.314838076948591,uA,125.0,STATIC_BURN_IN,INST_01,CH_07,VALID,0,,50.0,synthetic
L09_C023,L09,leakage_current,168,8.238096207565597,uA,125.0,STATIC_BURN_IN,INST_01,CH_07,VALID,0,,50.0,synthetic
L09_C023,L09,iddq,0,0.5612101817319872,mA,125.0,STATIC_BURN_IN,INST_01,CH_07,VALID,0,,2.0,synthetic
L09_C023,L09,iddq,24,0.5717649439308807,mA,125.0,STATIC_BURN_IN,INST_01,CH_07,VALID,0,,2.0,synthetic
L09_C023,L09,iddq,96,0.5644304898757134,mA,125.0,STATIC_BURN_IN,INST_01,CH_07,VALID,0,,2.0,synthetic
L09_C023,L09,iddq,168,0.5685976328363966,mA,125.0,STATIC_BURN_IN,INST_01,CH_07,VALID,0,,2.0,synthetic
L09_C023,L09,propagation_delay,0,5.088505655438956,ns,125.0,STATIC_BURN_IN,INST_01,CH_07,VALID,0,,8.0,synthetic
L09_C023,L09,propagation_delay,24,5.385803220362823,ns,125.0,STATIC_BURN_IN,INST_01,CH_07,VALID,0,,8.0,synthetic
L09_C023,L09,propagation_delay,96,5.348658577087707,ns,125.0,STATIC_BURN_IN,INST_01,CH_07,VALID,0,,8.0,synthetic
L09_C023,L09,propagation_delay,168,5.474908307058116,ns,125.0,STATIC_BURN_IN,INST_01,CH_07,VALID,0,,8.0,synthetic
L09_C024,L09,leakage_current,0,9.20814245529625,uA,125.0,STATIC_BURN_IN,INST_01,CH_08,VALID,0,,50.0,synthetic
L09_C024,L09,leakage_current,24,9.424687339107274,uA,125.0,STATIC_BURN_IN,INST_01,CH_08,VALID,0,,50.0,synthetic
L09_C024,L09,leakage_current,96,8.824916486919882,uA,125.0,STATIC_BURN_IN,INST_01,CH_08,VALID,0,,50.0,synthetic
L09_C024,L09,leakage_current,168,9.337745635892093,uA,125.0,STATIC_BURN_IN,INST_01,CH_08,VALID,0,,50.0,synthetic
L09_C024,L09,iddq,24,0.5636857711868122,mA,125.0,STATIC_BURN_IN,INST_01,CH_08,VALID,0,,2.0,synthetic
L09_C024,L09,iddq,96,0.5736127747039849,mA,125.0,STATIC_BURN_IN,INST_01,CH_08,VALID,0,,2.0,synthetic
L09_C024,L09,iddq,168,0.5478201957614282,mA,125.0,STATIC_BURN_IN,INST_01,CH_08,VALID,0,,2.0,synthetic
L09_C024,L09,propagation_delay,0,4.866134825818578,ns,125.0,STATIC_BURN_IN,INST_01,CH_08,VALID,0,,8.0,synthetic
L09_C024,L09,propagation_delay,24,4.8784026880747104,ns,125.0,STATIC_BURN_IN,INST_01,CH_08,VALID,0,,8.0,synthetic
L09_C024,L09,propagation_delay,96,4.823088613811574,ns,125.0,STATIC_BURN_IN,INST_01,CH_08,VALID,0,,8.0,synthetic
L09_C024,L09,propagation_delay,168,4.64996889943248,ns,125.0,STATIC_BURN_IN,INST_01,CH_08,VALID,0,,8.0,synthetic
L09_C025,L09,leakage_current,0,11.970779815277856,uA,125.0,STATIC_BURN_IN,INST_02,CH_01,VALID,0,,50.0,synthetic
L09_C025,L09,leakage_current,24,12.214856812155018,uA,125.0,STATIC_BURN_IN,INST_02,CH_01,VALID,0,,50.0,synthetic
L09_C025,L09,leakage_current,96,11.65650729063073,uA,125.0,STATIC_BURN_IN,INST_02,CH_01,VALID,0,,50.0,synthetic
L09_C025,L09,leakage_current,168,12.274704252255892,uA,125.0,STATIC_BURN_IN,INST_02,CH_01,VALID,0,,50.0,synthetic
L09_C025,L09,iddq,0,0.7811710990496075,mA,125.0,STATIC_BURN_IN,INST_02,CH_01,VALID,0,,2.0,synthetic
L09_C025,L09,iddq,24,0.7795544796122084,mA,125.0,STATIC_BURN_IN,INST_02,CH_01,VALID,0,,2.0,synthetic
L09_C025,L09,iddq,96,0.7883850032910894,mA,125.0,STATIC_BURN_IN,INST_02,CH_01,VALID,0,,2.0,synthetic
L09_C025,L09,iddq,168,0.8035557016125182,mA,125.0,STATIC_BURN_IN,INST_02,CH_01,VALID,0,,2.0,synthetic
L09_C025,L09,propagation_delay,0,4.908780664077747,ns,125.0,STATIC_BURN_IN,INST_02,CH_01,VALID,0,,8.0,synthetic
L09_C025,L09,propagation_delay,24,4.955782650312616,ns,125.0,STATIC_BURN_IN,INST_02,CH_01,VALID,0,,8.0,synthetic
L09_C025,L09,propagation_delay,168,5.0725209849367126,ns,125.0,STATIC_BURN_IN,INST_02,CH_01,VALID,0,,8.0,synthetic
L09_C026,L09,leakage_current,0,8.274540412596298,uA,125.0,STATIC_BURN_IN,INST_02,CH_02,VALID,0,,50.0,synthetic
L09_C026,L09,leakage_current,24,7.9061163800175915,uA,125.0,STATIC_BURN_IN,INST_02,CH_02,VALID,0,,50.0,synthetic
L09_C026,L09,leakage_current,96,8.075529823460913,uA,125.0,STATIC_BURN_IN,INST_02,CH_02,VALID,0,,50.0,synthetic
L09_C026,L09,leakage_current,168,8.100820200286412,uA,125.0,STATIC_BURN_IN,INST_02,CH_02,VALID,0,,50.0,synthetic
L09_C026,L09,iddq,0,0.444407281181054,mA,125.0,STATIC_BURN_IN,INST_02,CH_02,VALID,0,,2.0,synthetic
L09_C026,L09,iddq,24,0.4527449451273657,mA,125.0,STATIC_BURN_IN,INST_02,CH_02,VALID,0,,2.0,synthetic
L09_C026,L09,iddq,96,0.45196859743780465,mA,125.0,STATIC_BURN_IN,INST_02,CH_02,VALID,0,,2.0,synthetic
L09_C026,L09,iddq,168,0.4675776450659266,mA,125.0,STATIC_BURN_IN,INST_02,CH_02,VALID,0,,2.0,synthetic
L09_C026,L09,propagation_delay,0,4.888524082023844,ns,125.0,STATIC_BURN_IN,INST_02,CH_02,VALID,0,,8.0,synthetic
L09_C026,L09,propagation_delay,24,5.034891971203677,ns,125.0,STATIC_BURN_IN,INST_02,CH_02,VALID,0,,8.0,synthetic
L09_C026,L09,propagation_delay,96,4.846610714637736,ns,125.0,STATIC_BURN_IN,INST_02,CH_02,VALID,0,,8.0,synthetic
L09_C026,L09,propagation_delay,168,4.919807121954895,ns,125.0,STATIC_BURN_IN,INST_02,CH_02,VALID,0,,8.0,synthetic
L09_C027,L09,leakage_current,0,9.570473758283406,uA,125.0,STATIC_BURN_IN,INST_02,CH_03,VALID,0,,50.0,synthetic
L09_C027,L09,leakage_current,24,9.717051960418607,uA,125.0,STATIC_BURN_IN,INST_02,CH_03,VALID,0,,50.0,synthetic
L09_C027,L09,leakage_current,96,9.917509407279699,uA,125.0,STATIC_BURN_IN,INST_02,CH_03,VALID,0,,50.0,synthetic
L09_C027,L09,leakage_current,168,9.893679768398172,uA,125.0,STATIC_BURN_IN,INST_02,CH_03,VALID,0,,50.0,synthetic
L09_C027,L09,iddq,24,0.5808915164739917,mA,125.0,STATIC_BURN_IN,INST_02,CH_03,VALID,0,,2.0,synthetic
L09_C027,L09,iddq,96,0.5919545526735733,mA,125.0,STATIC_BURN_IN,INST_02,CH_03,VALID,0,,2.0,synthetic
L09_C027,L09,iddq,168,0.6061673434778556,mA,125.0,STATIC_BURN_IN,INST_02,CH_03,VALID,0,,2.0,synthetic
L09_C027,L09,propagation_delay,0,4.854470162010295,ns,125.0,STATIC_BURN_IN,INST_02,CH_03,VALID,0,,8.0,synthetic
L09_C027,L09,propagation_delay,24,4.7725000650298535,ns,125.0,STATIC_BURN_IN,INST_02,CH_03,VALID,0,,8.0,synthetic
L09_C027,L09,propagation_delay,96,4.902255172107159,ns,125.0,STATIC_BURN_IN,INST_02,CH_03,VALID,0,,8.0,synthetic
L09_C027,L09,propagation_delay,168,4.919691201146046,ns,125.0,STATIC_BURN_IN,INST_02,CH_03,VALID,0,,8.0,synthetic
L09_C028,L09,leakage_current,0,8.926563850106845,uA,125.0,STATIC_BURN_IN,INST_02,CH_04,VALID,0,,50.0,synthetic
L09_C028,L09,leakage_current,96,8.628486172832156,uA,125.0,STATIC_BURN_IN,INST_02,CH_04,VALID,0,,50.0,synthetic
L09_C028,L09,leakage_current,168,8.767121055358013,uA,125.0,STATIC_BURN_IN,INST_02,CH_04,VALID,0,,50.0,synthetic
L09_C028,L09,iddq,0,0.4547128907796754,mA,125.0,STATIC_BURN_IN,INST_02,CH_04,VALID,0,,2.0,synthetic
L09_C028,L09,iddq,24,0.4614519954269177,mA,125.0,STATIC_BURN_IN,INST_02,CH_04,VALID,0,,2.0,synthetic
L09_C028,L09,iddq,96,0.45872875974895017,mA,125.0,STATIC_BURN_IN,INST_02,CH_04,VALID,0,,2.0,synthetic
L09_C028,L09,iddq,168,0.4744944974413699,mA,125.0,STATIC_BURN_IN,INST_02,CH_04,VALID,0,,2.0,synthetic
L09_C028,L09,propagation_delay,0,5.3735197204454455,ns,125.0,STATIC_BURN_IN,INST_02,CH_04,VALID,0,,8.0,synthetic
L09_C028,L09,propagation_delay,24,5.4823750628604495,ns,125.0,STATIC_BURN_IN,INST_02,CH_04,VALID,0,,8.0,synthetic
L09_C028,L09,propagation_delay,96,5.153872520373119,ns,125.0,STATIC_BURN_IN,INST_02,CH_04,VALID,0,,8.0,synthetic
L09_C028,L09,propagation_delay,168,5.198429310841074,ns,125.0,STATIC_BURN_IN,INST_02,CH_04,VALID,0,,8.0,synthetic
L09_C029,L09,leakage_current,0,9.511071295912473,uA,125.0,STATIC_BURN_IN,INST_02,CH_05,VALID,0,,50.0,synthetic
L09_C029,L09,leakage_current,24,9.547053659366695,uA,125.0,STATIC_BURN_IN,INST_02,CH_05,VALID,0,,50.0,synthetic
L09_C029,L09,leakage_current,96,9.488137894066671,uA,125.0,STATIC_BURN_IN,INST_02,CH_05,VALID,0,,50.0,synthetic
L09_C029,L09,leakage_current,168,9.396545525732966,uA,125.0,STATIC_BURN_IN,INST_02,CH_05,VALID,0,,50.0,synthetic
L09_C029,L09,iddq,0,0.5497091471288973,mA,125.0,STATIC_BURN_IN,INST_02,CH_05,VALID,0,,2.0,synthetic
L09_C029,L09,iddq,24,0.558930414414077,mA,125.0,STATIC_BURN_IN,INST_02,CH_05,VALID,0,,2.0,synthetic
L09_C029,L09,iddq,96,0.5622457212641685,mA,125.0,STATIC_BURN_IN,INST_02,CH_05,VALID,0,,2.0,synthetic
L09_C029,L09,iddq,168,0.5478798771418323,mA,125.0,STATIC_BURN_IN,INST_02,CH_05,VALID,0,,2.0,synthetic
L09_C029,L09,propagation_delay,0,4.813281266681583,ns,125.0,STATIC_BURN_IN,INST_02,CH_05,VALID,0,,8.0,synthetic
L09_C029,L09,propagation_delay,24,4.884184427899105,ns,125.0,STATIC_BURN_IN,INST_02,CH_05,VALID,0,,8.0,synthetic
L09_C029,L09,propagation_delay,96,4.98576973485907,ns,125.0,STATIC_BURN_IN,INST_02,CH_05,VALID,0,,8.0,synthetic
L09_C029,L09,propagation_delay,168,4.7775185848597035,ns,125.0,STATIC_BURN_IN,INST_02,CH_05,VALID,0,,8.0,synthetic
L09_C030,L09,leakage_current,0,8.543212715635281,uA,125.0,STATIC_BURN_IN,INST_02,CH_06,VALID,0,,50.0,synthetic
L09_C030,L09,leakage_current,24,8.510752828918692,uA,125.0,STATIC_BURN_IN,INST_02,CH_06,VALID,0,,50.0,synthetic
L09_C030,L09,leakage_current,96,8.543642820677185,uA,125.0,STATIC_BURN_IN,INST_02,CH_06,VALID,0,,50.0,synthetic
L09_C030,L09,leakage_current,168,8.376033581087803,uA,125.0,STATIC_BURN_IN,INST_02,CH_06,VALID,0,,50.0,synthetic
L09_C030,L09,iddq,0,0.6480951558089604,mA,125.0,STATIC_BURN_IN,INST_02,CH_06,VALID,0,,2.0,synthetic
L09_C030,L09,iddq,24,0.6383453851942904,mA,125.0,STATIC_BURN_IN,INST_02,CH_06,VALID,0,,2.0,synthetic
L09_C030,L09,iddq,96,0.6345566616115613,mA,125.0,STATIC_BURN_IN,INST_02,CH_06,VALID,0,,2.0,synthetic
L09_C030,L09,iddq,168,0.6541293614281314,mA,125.0,STATIC_BURN_IN,INST_02,CH_06,VALID,0,,2.0,synthetic
L09_C030,L09,propagation_delay,0,5.117233163690516,ns,125.0,STATIC_BURN_IN,INST_02,CH_06,VALID,0,,8.0,synthetic
L09_C030,L09,propagation_delay,24,5.0175631439350425,ns,125.0,STATIC_BURN_IN,INST_02,CH_06,VALID,0,,8.0,synthetic
L09_C030,L09,propagation_delay,96,4.9977628400908,ns,125.0,STATIC_BURN_IN,INST_02,CH_06,VALID,0,,8.0,synthetic
L09_C030,L09,propagation_delay,168,5.172683450269743,ns,125.0,STATIC_BURN_IN,INST_02,CH_06,VALID,0,,8.0,synthetic
L10_C001,L10,leakage_current,24,6.827874054323815,uA,125.0,STATIC_BURN_IN,INST_01,CH_01,VALID,0,,50.0,synthetic
L10_C001,L10,leakage_current,96,6.743159474039417,uA,125.0,STATIC_BURN_IN,INST_01,CH_01,VALID,0,,50.0,synthetic
L10_C001,L10,leakage_current,168,7.246221155263081,uA,125.0,STATIC_BURN_IN,INST_01,CH_01,VALID,0,,50.0,synthetic
L10_C001,L10,iddq,0,0.44653578454235243,mA,125.0,STATIC_BURN_IN,INST_01,CH_01,VALID,0,,2.0,synthetic
L10_C001,L10,iddq,24,0.45182038007168873,mA,125.0,STATIC_BURN_IN,INST_01,CH_01,VALID,0,,2.0,synthetic
L10_C001,L10,iddq,96,0.4379746164623152,mA,125.0,STATIC_BURN_IN,INST_01,CH_01,VALID,0,,2.0,synthetic
L10_C001,L10,iddq,168,0.43639642579183624,mA,125.0,STATIC_BURN_IN,INST_01,CH_01,VALID,0,,2.0,synthetic
L10_C001,L10,propagation_delay,0,4.775233503742227,ns,125.0,STATIC_BURN_IN,INST_01,CH_01,VALID,0,,8.0,synthetic
L10_C001,L10,propagation_delay,24,4.5716821876561715,ns,125.0,STATIC_BURN_IN,INST_01,CH_01,VALID,0,,8.0,synthetic
L10_C001,L10,propagation_delay,96,4.594696132280803,ns,125.0,STATIC_BURN_IN,INST_01,CH_01,VALID,0,,8.0,synthetic
L10_C001,L10,propagation_delay,168,4.578626619498477,ns,125.0,STATIC_BURN_IN,INST_01,CH_01,VALID,0,,8.0,synthetic
L10_C002,L10,leakage_current,0,7.911096859214129,uA,125.0,STATIC_BURN_IN,INST_01,CH_02,VALID,2,,50.0,synthetic
L10_C002,L10,leakage_current,24,7.977350653390555,uA,125.0,STATIC_BURN_IN,INST_01,CH_02,VALID,2,,50.0,synthetic
L10_C002,L10,leakage_current,96,8.149583414835918,uA,125.0,STATIC_BURN_IN,INST_01,CH_02,VALID,2,,50.0,synthetic
L10_C002,L10,leakage_current,168,7.9840913890448535,uA,125.0,STATIC_BURN_IN,INST_01,CH_02,VALID,2,,50.0,synthetic
L10_C002,L10,iddq,0,0.63305438706329,mA,125.0,STATIC_BURN_IN,INST_01,CH_02,VALID,2,,2.0,synthetic
L10_C002,L10,iddq,24,0.6645020888809623,mA,125.0,STATIC_BURN_IN,INST_01,CH_02,VALID,2,,2.0,synthetic
L10_C002,L10,iddq,96,0.626408874265973,mA,125.0,STATIC_BURN_IN,INST_01,CH_02,VALID,2,,2.0,synthetic
L10_C002,L10,iddq,168,0.6354836336636274,mA,125.0,STATIC_BURN_IN,INST_01,CH_02,VALID,2,,2.0,synthetic
L10_C002,L10,propagation_delay,0,5.197207714465729,ns,125.0,STATIC_BURN_IN,INST_01,CH_02,VALID,2,,8.0,synthetic
L10_C002,L10,propagation_delay,24,5.055573927084258,ns,125.0,STATIC_BURN_IN,INST_01,CH_02,VALID,2,,8.0,synthetic
L10_C002,L10,propagation_delay,96,5.334601175766718,ns,125.0,STATIC_BURN_IN,INST_01,CH_02,VALID,2,,8.0,synthetic
L10_C002,L10,propagation_delay,168,5.189137013335627,ns,125.0,STATIC_BURN_IN,INST_01,CH_02,VALID,2,,8.0,synthetic
L10_C003,L10,leakage_current,0,5.933728158720907,uA,125.0,STATIC_BURN_IN,INST_01,CH_03,VALID,0,,50.0,synthetic
L10_C003,L10,leakage_current,24,5.930449636571194,uA,125.0,STATIC_BURN_IN,INST_01,CH_03,VALID,0,,50.0,synthetic
L10_C003,L10,leakage_current,96,5.984266886423283,uA,125.0,STATIC_BURN_IN,INST_01,CH_03,VALID,0,,50.0,synthetic
L10_C003,L10,leakage_current,168,5.9915345339054324,uA,125.0,STATIC_BURN_IN,INST_01,CH_03,VALID,0,,50.0,synthetic
L10_C003,L10,iddq,0,0.49534338526666494,mA,125.0,STATIC_BURN_IN,INST_01,CH_03,VALID,0,,2.0,synthetic
L10_C003,L10,iddq,24,0.4890186885324452,mA,125.0,STATIC_BURN_IN,INST_01,CH_03,VALID,0,,2.0,synthetic
L10_C003,L10,iddq,96,0.4696511166712631,mA,125.0,STATIC_BURN_IN,INST_01,CH_03,VALID,0,,2.0,synthetic
L10_C003,L10,iddq,168,0.4863308259191141,mA,125.0,STATIC_BURN_IN,INST_01,CH_03,VALID,0,,2.0,synthetic
L10_C003,L10,propagation_delay,0,4.623520950389423,ns,125.0,STATIC_BURN_IN,INST_01,CH_03,VALID,0,,8.0,synthetic
L10_C003,L10,propagation_delay,24,4.700659415407607,ns,125.0,STATIC_BURN_IN,INST_01,CH_03,VALID,0,,8.0,synthetic
L10_C003,L10,propagation_delay,96,4.813136823620746,ns,125.0,STATIC_BURN_IN,INST_01,CH_03,VALID,0,,8.0,synthetic
L10_C003,L10,propagation_delay,168,4.702950196070595,ns,125.0,STATIC_BURN_IN,INST_01,CH_03,VALID,0,,8.0,synthetic
L10_C004,L10,leakage_current,0,9.335236090649287,uA,125.0,STATIC_BURN_IN,INST_01,CH_04,VALID,0,,50.0,synthetic
L10_C004,L10,leakage_current,24,9.463118727227124,uA,125.0,STATIC_BURN_IN,INST_01,CH_04,VALID,0,,50.0,synthetic
L10_C004,L10,leakage_current,96,9.572682641460501,uA,125.0,STATIC_BURN_IN,INST_01,CH_04,VALID,0,,50.0,synthetic
L10_C004,L10,leakage_current,168,9.66183405623113,uA,125.0,STATIC_BURN_IN,INST_01,CH_04,VALID,0,,50.0,synthetic
L10_C004,L10,iddq,0,0.4577224176159461,mA,125.0,STATIC_BURN_IN,INST_01,CH_04,VALID,0,,2.0,synthetic
L10_C004,L10,iddq,24,0.4933410463140847,mA,125.0,STATIC_BURN_IN,INST_01,CH_04,VALID,0,,2.0,synthetic
L10_C004,L10,iddq,96,0.47384130161150745,mA,125.0,STATIC_BURN_IN,INST_01,CH_04,VALID,0,,2.0,synthetic
L10_C004,L10,iddq,168,0.46293271340984454,mA,125.0,STATIC_BURN_IN,INST_01,CH_04,VALID,0,,2.0,synthetic
L10_C004,L10,propagation_delay,0,4.30541704960682,ns,125.0,STATIC_BURN_IN,INST_01,CH_04,VALID,0,,8.0,synthetic
L10_C004,L10,propagation_delay,24,4.444799851627162,ns,125.0,STATIC_BURN_IN,INST_01,CH_04,VALID,0,,8.0,synthetic
L10_C004,L10,propagation_delay,96,4.295846297722189,ns,125.0,STATIC_BURN_IN,INST_01,CH_04,VALID,0,,8.0,synthetic
L10_C004,L10,propagation_delay,168,4.389100809537759,ns,125.0,STATIC_BURN_IN,INST_01,CH_04,VALID,0,,8.0,synthetic
L10_C005,L10,leakage_current,0,8.286120947417801,uA,125.0,STATIC_BURN_IN,INST_01,CH_05,VALID,0,,50.0,synthetic
L10_C005,L10,leakage_current,24,8.238177073209325,uA,125.0,STATIC_BURN_IN,INST_01,CH_05,VALID,0,,50.0,synthetic
L10_C005,L10,leakage_current,96,8.35539081250494,uA,125.0,STATIC_BURN_IN,INST_01,CH_05,VALID,0,,50.0,synthetic
L10_C005,L10,leakage_current,168,8.060134176051644,uA,125.0,STATIC_BURN_IN,INST_01,CH_05,VALID,0,,50.0,synthetic
L10_C005,L10,iddq,0,0.6048620494989956,mA,125.0,STATIC_BURN_IN,INST_01,CH_05,VALID,0,,2.0,synthetic
L10_C005,L10,iddq,24,0.6035958892550378,mA,125.0,STATIC_BURN_IN,INST_01,CH_05,VALID,0,,2.0,synthetic
L10_C005,L10,iddq,96,0.5688486680382059,mA,125.0,STATIC_BURN_IN,INST_01,CH_05,VALID,0,,2.0,synthetic
L10_C005,L10,iddq,168,0.6164052752114598,mA,125.0,STATIC_BURN_IN,INST_01,CH_05,VALID,0,,2.0,synthetic
L10_C005,L10,propagation_delay,24,5.32460900461472,ns,125.0,STATIC_BURN_IN,INST_01,CH_05,VALID,0,,8.0,synthetic
L10_C005,L10,propagation_delay,96,5.041402755812845,ns,125.0,STATIC_BURN_IN,INST_01,CH_05,VALID,0,,8.0,synthetic
L10_C005,L10,propagation_delay,168,5.225606706838512,ns,125.0,STATIC_BURN_IN,INST_01,CH_05,VALID,0,,8.0,synthetic
L10_C006,L10,leakage_current,0,18.543027518729193,uA,125.0,STATIC_BURN_IN,INST_01,CH_06,VALID,0,,50.0,synthetic
L10_C006,L10,leakage_current,24,19.22390400046486,uA,125.0,STATIC_BURN_IN,INST_01,CH_06,VALID,0,,50.0,synthetic
L10_C006,L10,leakage_current,96,18.855793336526702,uA,125.0,STATIC_BURN_IN,INST_01,CH_06,VALID,0,,50.0,synthetic
L10_C006,L10,leakage_current,168,18.723203171403078,uA,125.0,STATIC_BURN_IN,INST_01,CH_06,VALID,0,,50.0,synthetic
L10_C006,L10,iddq,0,0.8990078412252792,mA,125.0,STATIC_BURN_IN,INST_01,CH_06,VALID,0,,2.0,synthetic
L10_C006,L10,iddq,24,0.9658016109809882,mA,125.0,STATIC_BURN_IN,INST_01,CH_06,VALID,0,,2.0,synthetic
L10_C006,L10,iddq,96,0.9230860172370121,mA,125.0,STATIC_BURN_IN,INST_01,CH_06,VALID,0,,2.0,synthetic
L10_C006,L10,iddq,168,0.9540740339704851,mA,125.0,STATIC_BURN_IN,INST_01,CH_06,VALID,0,,2.0,synthetic
L10_C006,L10,propagation_delay,0,6.231587950738261,ns,125.0,STATIC_BURN_IN,INST_01,CH_06,VALID,0,,8.0,synthetic
L10_C006,L10,propagation_delay,24,6.030061182290098,ns,125.0,STATIC_BURN_IN,INST_01,CH_06,VALID,0,,8.0,synthetic
L10_C006,L10,propagation_delay,96,5.996874487988455,ns,125.0,STATIC_BURN_IN,INST_01,CH_06,VALID,0,,8.0,synthetic
L10_C006,L10,propagation_delay,168,5.956511433830657,ns,125.0,STATIC_BURN_IN,INST_01,CH_06,VALID,0,,8.0,synthetic
L10_C007,L10,leakage_current,0,9.458486675071576,uA,125.0,STATIC_BURN_IN,INST_01,CH_07,VALID,1,,50.0,synthetic
L10_C007,L10,leakage_current,24,9.75198743049371,uA,125.0,STATIC_BURN_IN,INST_01,CH_07,VALID,1,,50.0,synthetic
L10_C007,L10,leakage_current,96,9.440842741518686,uA,125.0,STATIC_BURN_IN,INST_01,CH_07,VALID,1,,50.0,synthetic
L10_C007,L10,leakage_current,168,9.814170036674433,uA,125.0,STATIC_BURN_IN,INST_01,CH_07,VALID,1,,50.0,synthetic
L10_C007,L10,iddq,0,0.3707384291674982,mA,125.0,STATIC_BURN_IN,INST_01,CH_07,VALID,1,,2.0,synthetic
L10_C007,L10,iddq,24,0.36419265004029444,mA,125.0,STATIC_BURN_IN,INST_01,CH_07,VALID,1,,2.0,synthetic
L10_C007,L10,iddq,96,0.3841813859709518,mA,125.0,STATIC_BURN_IN,INST_01,CH_07,VALID,1,,2.0,synthetic
L10_C007,L10,iddq,168,0.3778793784251459,mA,125.0,STATIC_BURN_IN,INST_01,CH_07,VALID,1,,2.0,synthetic
L10_C007,L10,propagation_delay,0,5.078821792114034,ns,125.0,STATIC_BURN_IN,INST_01,CH_07,VALID,1,,8.0,synthetic
L10_C007,L10,propagation_delay,24,5.0543146847406755,ns,125.0,STATIC_BURN_IN,INST_01,CH_07,VALID,1,,8.0,synthetic
L10_C007,L10,propagation_delay,96,5.037623279919507,ns,125.0,STATIC_BURN_IN,INST_01,CH_07,VALID,1,,8.0,synthetic
L10_C007,L10,propagation_delay,168,5.131666658589883,ns,125.0,STATIC_BURN_IN,INST_01,CH_07,VALID,1,,8.0,synthetic
L10_C008,L10,leakage_current,0,10.595148932145438,uA,125.0,STATIC_BURN_IN,INST_01,CH_08,VALID,0,,50.0,synthetic
L10_C008,L10,leakage_current,24,10.75907837068651,uA,125.0,STATIC_BURN_IN,INST_01,CH_08,VALID,0,,50.0,synthetic
L10_C008,L10,leakage_current,96,10.638353108868799,uA,125.0,STATIC_BURN_IN,INST_01,CH_08,VALID,0,,50.0,synthetic
L10_C008,L10,leakage_current,168,10.934866327725539,uA,125.0,STATIC_BURN_IN,INST_01,CH_08,VALID,0,,50.0,synthetic
L10_C008,L10,iddq,0,0.5284444037350297,mA,125.0,STATIC_BURN_IN,INST_01,CH_08,VALID,0,,2.0,synthetic
L10_C008,L10,iddq,24,0.5123973610582367,mA,125.0,STATIC_BURN_IN,INST_01,CH_08,VALID,0,,2.0,synthetic
L10_C008,L10,iddq,96,0.5100415520972327,mA,125.0,STATIC_BURN_IN,INST_01,CH_08,VALID,0,,2.0,synthetic
L10_C008,L10,iddq,168,0.5314104520217616,mA,125.0,STATIC_BURN_IN,INST_01,CH_08,VALID,0,,2.0,synthetic
L10_C008,L10,propagation_delay,0,4.979643088143895,ns,125.0,STATIC_BURN_IN,INST_01,CH_08,VALID,0,,8.0,synthetic
L10_C008,L10,propagation_delay,24,4.702629787588115,ns,125.0,STATIC_BURN_IN,INST_01,CH_08,VALID,0,,8.0,synthetic
L10_C008,L10,propagation_delay,96,4.676861504042125,ns,125.0,STATIC_BURN_IN,INST_01,CH_08,VALID,0,,8.0,synthetic
L10_C008,L10,propagation_delay,168,4.773373940300408,ns,125.0,STATIC_BURN_IN,INST_01,CH_08,VALID,0,,8.0,synthetic
L10_C009,L10,leakage_current,0,9.751309432564137,uA,125.0,STATIC_BURN_IN,INST_02,CH_01,VALID,1,,50.0,synthetic
L10_C009,L10,leakage_current,24,9.35104129609716,uA,125.0,STATIC_BURN_IN,INST_02,CH_01,VALID,1,,50.0,synthetic
L10_C009,L10,leakage_current,96,9.199618519531285,uA,125.0,STATIC_BURN_IN,INST_02,CH_01,VALID,1,,50.0,synthetic
L10_C009,L10,leakage_current,168,9.219299034449415,uA,125.0,STATIC_BURN_IN,INST_02,CH_01,VALID,1,,50.0,synthetic
L10_C009,L10,iddq,0,0.5376111304947373,mA,125.0,STATIC_BURN_IN,INST_02,CH_01,VALID,1,,2.0,synthetic
L10_C009,L10,iddq,24,0.5369692389155136,mA,125.0,STATIC_BURN_IN,INST_02,CH_01,VALID,1,,2.0,synthetic
L10_C009,L10,iddq,96,0.5379704274121018,mA,125.0,STATIC_BURN_IN,INST_02,CH_01,VALID,1,,2.0,synthetic
L10_C009,L10,iddq,168,0.5084950271503901,mA,125.0,STATIC_BURN_IN,INST_02,CH_01,VALID,1,,2.0,synthetic
L10_C009,L10,propagation_delay,0,5.035308101115574,ns,125.0,STATIC_BURN_IN,INST_02,CH_01,VALID,1,,8.0,synthetic
L10_C009,L10,propagation_delay,24,5.077392699470604,ns,125.0,STATIC_BURN_IN,INST_02,CH_01,VALID,1,,8.0,synthetic
L10_C009,L10,propagation_delay,96,5.343446783807884,ns,125.0,STATIC_BURN_IN,INST_02,CH_01,VALID,1,,8.0,synthetic
L10_C009,L10,propagation_delay,168,5.096146093381121,ns,125.0,STATIC_BURN_IN,INST_02,CH_01,VALID,1,,8.0,synthetic
L10_C010,L10,leakage_current,0,9.778476792669272,uA,125.0,STATIC_BURN_IN,INST_02,CH_02,VALID,0,,50.0,synthetic
L10_C010,L10,leakage_current,24,10.596577478037897,uA,125.0,STATIC_BURN_IN,INST_02,CH_02,VALID,0,,50.0,synthetic
L10_C010,L10,leakage_current,96,15.554751098570009,uA,125.0,STATIC_BURN_IN,INST_02,CH_02,VALID,0,,50.0,synthetic
L10_C010,L10,leakage_current,168,20.680793681209966,uA,125.0,STATIC_BURN_IN,INST_02,CH_02,VALID,0,,50.0,synthetic
L10_C010,L10,iddq,0,0.5123965622165413,mA,125.0,STATIC_BURN_IN,INST_02,CH_02,VALID,0,,2.0,synthetic
L10_C010,L10,iddq,24,0.5489838290718324,mA,125.0,STATIC_BURN_IN,INST_02,CH_02,VALID,0,,2.0,synthetic
L10_C010,L10,iddq,96,0.7640967272167468,mA,125.0,STATIC_BURN_IN,INST_02,CH_02,VALID,0,,2.0,synthetic
L10_C010,L10,iddq,168,1.0418342024919165,mA,125.0,STATIC_BURN_IN,INST_02,CH_02,VALID,0,,2.0,synthetic
L10_C010,L10,propagation_delay,0,4.500164764906605,ns,125.0,STATIC_BURN_IN,INST_02,CH_02,VALID,0,,8.0,synthetic
L10_C010,L10,propagation_delay,96,5.035482441785673,ns,125.0,STATIC_BURN_IN,INST_02,CH_02,VALID,0,,8.0,synthetic
L10_C010,L10,propagation_delay,168,5.359050845179777,ns,125.0,STATIC_BURN_IN,INST_02,CH_02,VALID,0,,8.0,synthetic
L10_C011,L10,leakage_current,0,8.58263988353675,uA,125.0,STATIC_BURN_IN,INST_02,CH_03,VALID,0,,50.0,synthetic
L10_C011,L10,leakage_current,24,8.351326942004803,uA,125.0,STATIC_BURN_IN,INST_02,CH_03,VALID,0,,50.0,synthetic
L10_C011,L10,leakage_current,96,8.382512141812475,uA,125.0,STATIC_BURN_IN,INST_02,CH_03,VALID,0,,50.0,synthetic
L10_C011,L10,leakage_current,168,8.599884688724453,uA,125.0,STATIC_BURN_IN,INST_02,CH_03,VALID,0,,50.0,synthetic
L10_C011,L10,iddq,0,0.5840118560139156,mA,125.0,STATIC_BURN_IN,INST_02,CH_03,VALID,0,,2.0,synthetic
L10_C011,L10,iddq,24,0.6073534039884846,mA,125.0,STATIC_BURN_IN,INST_02,CH_03,VALID,0,,2.0,synthetic
L10_C011,L10,iddq,96,0.6071689877201429,mA,125.0,STATIC_BURN_IN,INST_02,CH_03,VALID,0,,2.0,synthetic
L10_C011,L10,iddq,168,0.6023764705924551,mA,125.0,STATIC_BURN_IN,INST_02,CH_03,VALID,0,,2.0,synthetic
L10_C011,L10,propagation_delay,0,4.108712199916941,ns,125.0,STATIC_BURN_IN,INST_02,CH_03,VALID,0,,8.0,synthetic
L10_C011,L10,propagation_delay,24,4.284254381385704,ns,125.0,STATIC_BURN_IN,INST_02,CH_03,VALID,0,,8.0,synthetic
L10_C011,L10,propagation_delay,96,4.2439965177106815,ns,125.0,STATIC_BURN_IN,INST_02,CH_03,VALID,0,,8.0,synthetic
L10_C011,L10,propagation_delay,168,4.159258926610195,ns,125.0,STATIC_BURN_IN,INST_02,CH_03,VALID,0,,8.0,synthetic
L10_C012,L10,leakage_current,0,9.222182024473733,uA,125.0,STATIC_BURN_IN,INST_02,CH_04,VALID,0,,50.0,synthetic
L10_C012,L10,leakage_current,24,9.407397837013445,uA,125.0,STATIC_BURN_IN,INST_02,CH_04,VALID,0,,50.0,synthetic
L10_C012,L10,leakage_current,96,9.298986571771957,uA,125.0,STATIC_BURN_IN,INST_02,CH_04,VALID,0,,50.0,synthetic
L10_C012,L10,leakage_current,168,9.219785497884633,uA,125.0,STATIC_BURN_IN,INST_02,CH_04,VALID,0,,50.0,synthetic
L10_C012,L10,iddq,0,0.6891462072855324,mA,125.0,STATIC_BURN_IN,INST_02,CH_04,VALID,0,,2.0,synthetic
L10_C012,L10,iddq,24,0.6682886693152144,mA,125.0,STATIC_BURN_IN,INST_02,CH_04,VALID,0,,2.0,synthetic
L10_C012,L10,iddq,96,0.6697634058032852,mA,125.0,STATIC_BURN_IN,INST_02,CH_04,VALID,0,,2.0,synthetic
L10_C012,L10,iddq,168,0.6545782663979911,mA,125.0,STATIC_BURN_IN,INST_02,CH_04,VALID,0,,2.0,synthetic
L10_C012,L10,propagation_delay,0,4.609865598512633,ns,125.0,STATIC_BURN_IN,INST_02,CH_04,VALID,0,,8.0,synthetic
L10_C012,L10,propagation_delay,24,4.546273143482861,ns,125.0,STATIC_BURN_IN,INST_02,CH_04,VALID,0,,8.0,synthetic
L10_C012,L10,propagation_delay,96,4.737659823277424,ns,125.0,STATIC_BURN_IN,INST_02,CH_04,VALID,0,,8.0,synthetic
L10_C012,L10,propagation_delay,168,4.746335733201179,ns,125.0,STATIC_BURN_IN,INST_02,CH_04,VALID,0,,8.0,synthetic
L10_C013,L10,leakage_current,0,9.924206647243125,uA,125.0,STATIC_BURN_IN,INST_02,CH_05,VALID,1,,50.0,synthetic
L10_C013,L10,leakage_current,96,9.482439295054501,uA,125.0,STATIC_BURN_IN,INST_02,CH_05,VALID,1,,50.0,synthetic
L10_C013,L10,leakage_current,168,9.622439700783442,uA,125.0,STATIC_BURN_IN,INST_02,CH_05,VALID,1,,50.0,synthetic
L10_C013,L10,iddq,0,0.5795361409588219,mA,125.0,STATIC_BURN_IN,INST_02,CH_05,VALID,1,,2.0,synthetic
L10_C013,L10,iddq,24,0.558431687635363,mA,125.0,STATIC_BURN_IN,INST_02,CH_05,VALID,1,,2.0,synthetic
L10_C013,L10,iddq,96,0.5730675546507121,mA,125.0,STATIC_BURN_IN,INST_02,CH_05,VALID,1,,2.0,synthetic
L10_C013,L10,propagation_delay,0,4.164367660243982,ns,125.0,STATIC_BURN_IN,INST_02,CH_05,VALID,1,,8.0,synthetic
L10_C013,L10,propagation_delay,24,4.2222366969339005,ns,125.0,STATIC_BURN_IN,INST_02,CH_05,VALID,1,,8.0,synthetic
L10_C013,L10,propagation_delay,96,4.1697540936463895,ns,125.0,STATIC_BURN_IN,INST_02,CH_05,VALID,1,,8.0,synthetic
L10_C013,L10,propagation_delay,168,4.190205007009206,ns,125.0,STATIC_BURN_IN,INST_02,CH_05,VALID,1,,8.0,synthetic
L10_C014,L10,leakage_current,0,15.241552729473403,uA,125.0,STATIC_BURN_IN,INST_02,CH_06,VALID,0,,50.0,synthetic
L10_C014,L10,leakage_current,24,14.66409273897846,uA,125.0,STATIC_BURN_IN,INST_02,CH_06,VALID,0,,50.0,synthetic
L10_C014,L10,leakage_current,96,14.87042020877102,uA,125.0,STATIC_BURN_IN,INST_02,CH_06,VALID,0,,50.0,synthetic
L10_C014,L10,leakage_current,168,14.918784036991742,uA,125.0,STATIC_BURN_IN,INST_02,CH_06,VALID,0,,50.0,synthetic
L10_C014,L10,iddq,0,0.7804266631981465,mA,125.0,STATIC_BURN_IN,INST_02,CH_06,VALID,0,,2.0,synthetic
L10_C014,L10,iddq,24,0.7487332691851064,mA,125.0,STATIC_BURN_IN,INST_02,CH_06,VALID,0,,2.0,synthetic
L10_C014,L10,iddq,168,0.7422898598928863,mA,125.0,STATIC_BURN_IN,INST_02,CH_06,VALID,0,,2.0,synthetic
L10_C014,L10,propagation_delay,0,5.512938913298126,ns,125.0,STATIC_BURN_IN,INST_02,CH_06,VALID,0,,8.0,synthetic
L10_C014,L10,propagation_delay,24,5.778078637293219,ns,125.0,STATIC_BURN_IN,INST_02,CH_06,VALID,0,,8.0,synthetic
L10_C014,L10,propagation_delay,96,5.633951360004583,ns,125.0,STATIC_BURN_IN,INST_02,CH_06,VALID,0,,8.0,synthetic
L10_C014,L10,propagation_delay,168,5.749788531230268,ns,125.0,STATIC_BURN_IN,INST_02,CH_06,VALID,0,,8.0,synthetic
L10_C015,L10,leakage_current,0,8.969793997209306,uA,125.0,STATIC_BURN_IN,INST_02,CH_07,VALID,0,,50.0,synthetic
L10_C015,L10,leakage_current,24,9.753977451537763,uA,125.0,STATIC_BURN_IN,INST_02,CH_07,VALID,0,,50.0,synthetic
L10_C015,L10,leakage_current,96,9.24862999203532,uA,125.0,STATIC_BURN_IN,INST_02,CH_07,VALID,0,,50.0,synthetic
L10_C015,L10,leakage_current,168,9.22641918959773,uA,125.0,STATIC_BURN_IN,INST_02,CH_07,VALID,0,,50.0,synthetic
L10_C015,L10,iddq,0,0.46494899927641575,mA,125.0,STATIC_BURN_IN,INST_02,CH_07,VALID,0,,2.0,synthetic
L10_C015,L10,iddq,96,0.4521111812135381,mA,125.0,STATIC_BURN_IN,INST_02,CH_07,VALID,0,,2.0,synthetic
L10_C015,L10,iddq,168,0.46782654404020796,mA,125.0,STATIC_BURN_IN,INST_02,CH_07,VALID,0,,2.0,synthetic
L10_C015,L10,propagation_delay,0,5.150130347289946,ns,125.0,STATIC_BURN_IN,INST_02,CH_07,VALID,0,,8.0,synthetic
L10_C015,L10,propagation_delay,24,5.269646579162413,ns,125.0,STATIC_BURN_IN,INST_02,CH_07,VALID,0,,8.0,synthetic
L10_C015,L10,propagation_delay,96,5.129310115455683,ns,125.0,STATIC_BURN_IN,INST_02,CH_07,VALID,0,,8.0,synthetic
L10_C015,L10,propagation_delay,168,5.3589175733256456,ns,125.0,STATIC_BURN_IN,INST_02,CH_07,VALID,0,,8.0,synthetic
L10_C016,L10,leakage_current,0,9.6784254821717,uA,125.0,STATIC_BURN_IN,INST_02,CH_08,VALID,0,,50.0,synthetic
L10_C016,L10,leakage_current,24,9.399124566547167,uA,125.0,STATIC_BURN_IN,INST_02,CH_08,VALID,0,,50.0,synthetic
L10_C016,L10,leakage_current,96,9.307590519902128,uA,125.0,STATIC_BURN_IN,INST_02,CH_08,VALID,0,,50.0,synthetic
L10_C016,L10,leakage_current,168,9.670785649561047,uA,125.0,STATIC_BURN_IN,INST_02,CH_08,VALID,0,,50.0,synthetic
L10_C016,L10,iddq,0,0.5651118165808358,mA,125.0,STATIC_BURN_IN,INST_02,CH_08,VALID,0,,2.0,synthetic
L10_C016,L10,iddq,24,0.5448770870443073,mA,125.0,STATIC_BURN_IN,INST_02,CH_08,VALID,0,,2.0,synthetic
L10_C016,L10,iddq,96,0.5566355573229017,mA,125.0,STATIC_BURN_IN,INST_02,CH_08,VALID,0,,2.0,synthetic
L10_C016,L10,iddq,168,0.5313534094198699,mA,125.0,STATIC_BURN_IN,INST_02,CH_08,VALID,0,,2.0,synthetic
L10_C016,L10,propagation_delay,0,4.708420634307747,ns,125.0,STATIC_BURN_IN,INST_02,CH_08,VALID,0,,8.0,synthetic
L10_C016,L10,propagation_delay,24,4.785893792388148,ns,125.0,STATIC_BURN_IN,INST_02,CH_08,VALID,0,,8.0,synthetic
L10_C016,L10,propagation_delay,96,4.835821305915938,ns,125.0,STATIC_BURN_IN,INST_02,CH_08,VALID,0,,8.0,synthetic
L10_C016,L10,propagation_delay,168,4.896138373734022,ns,125.0,STATIC_BURN_IN,INST_02,CH_08,VALID,0,,8.0,synthetic
L10_C017,L10,leakage_current,0,7.2313408688315075,uA,125.0,STATIC_BURN_IN,INST_01,CH_01,VALID,0,,50.0,synthetic
L10_C017,L10,leakage_current,24,7.1367315745210655,uA,125.0,STATIC_BURN_IN,INST_01,CH_01,VALID,0,,50.0,synthetic
L10_C017,L10,leakage_current,96,7.1360304096692815,uA,125.0,STATIC_BURN_IN,INST_01,CH_01,VALID,0,,50.0,synthetic
L10_C017,L10,leakage_current,168,7.175555367171734,uA,125.0,STATIC_BURN_IN,INST_01,CH_01,VALID,0,,50.0,synthetic
L10_C017,L10,iddq,0,0.5162095603985105,mA,125.0,STATIC_BURN_IN,INST_01,CH_01,VALID,0,,2.0,synthetic
L10_C017,L10,iddq,24,0.5023782833904705,mA,125.0,STATIC_BURN_IN,INST_01,CH_01,VALID,0,,2.0,synthetic
L10_C017,L10,iddq,96,0.5078037054921375,mA,125.0,STATIC_BURN_IN,INST_01,CH_01,VALID,0,,2.0,synthetic
L10_C017,L10,iddq,168,0.4962202249770625,mA,125.0,STATIC_BURN_IN,INST_01,CH_01,VALID,0,,2.0,synthetic
L10_C017,L10,propagation_delay,0,5.159811031951692,ns,125.0,STATIC_BURN_IN,INST_01,CH_01,VALID,0,,8.0,synthetic
L10_C017,L10,propagation_delay,24,5.164975055005314,ns,125.0,STATIC_BURN_IN,INST_01,CH_01,VALID,0,,8.0,synthetic
L10_C017,L10,propagation_delay,96,5.013470038908783,ns,125.0,STATIC_BURN_IN,INST_01,CH_01,VALID,0,,8.0,synthetic
L10_C017,L10,propagation_delay,168,5.047106535495584,ns,125.0,STATIC_BURN_IN,INST_01,CH_01,VALID,0,,8.0,synthetic
L10_C018,L10,leakage_current,0,6.891412578783991,uA,125.0,STATIC_BURN_IN,INST_01,CH_02,VALID,0,,50.0,synthetic
L10_C018,L10,leakage_current,24,6.890404755526877,uA,125.0,STATIC_BURN_IN,INST_01,CH_02,VALID,0,,50.0,synthetic
L10_C018,L10,leakage_current,96,6.6859504924445545,uA,125.0,STATIC_BURN_IN,INST_01,CH_02,VALID,0,,50.0,synthetic
L10_C018,L10,leakage_current,168,6.910744866206727,uA,125.0,STATIC_BURN_IN,INST_01,CH_02,VALID,0,,50.0,synthetic
L10_C018,L10,iddq,0,0.43998693708540626,mA,125.0,STATIC_BURN_IN,INST_01,CH_02,VALID,0,,2.0,synthetic
L10_C018,L10,iddq,24,0.44309803728494757,mA,125.0,STATIC_BURN_IN,INST_01,CH_02,VALID,0,,2.0,synthetic
L10_C018,L10,iddq,96,0.4399304659270871,mA,125.0,STATIC_BURN_IN,INST_01,CH_02,VALID,0,,2.0,synthetic
L10_C018,L10,iddq,168,0.44024253679536407,mA,125.0,STATIC_BURN_IN,INST_01,CH_02,VALID,0,,2.0,synthetic
L10_C018,L10,propagation_delay,0,4.4652745042052935,ns,125.0,STATIC_BURN_IN,INST_01,CH_02,VALID,0,,8.0,synthetic
L10_C018,L10,propagation_delay,24,4.4221763725195125,ns,125.0,STATIC_BURN_IN,INST_01,CH_02,VALID,0,,8.0,synthetic
L10_C018,L10,propagation_delay,96,4.641238180509839,ns,125.0,STATIC_BURN_IN,INST_01,CH_02,VALID,0,,8.0,synthetic
L10_C018,L10,propagation_delay,168,4.620466919844594,ns,125.0,STATIC_BURN_IN,INST_01,CH_02,VALID,0,,8.0,synthetic
L10_C019,L10,leakage_current,0,9.145799891340591,uA,125.0,STATIC_BURN_IN,INST_01,CH_03,VALID,0,,50.0,synthetic
L10_C019,L10,leakage_current,24,8.793758099410711,uA,125.0,STATIC_BURN_IN,INST_01,CH_03,VALID,0,,50.0,synthetic
L10_C019,L10,leakage_current,96,8.927230053186397,uA,125.0,STATIC_BURN_IN,INST_01,CH_03,VALID,0,,50.0,synthetic
L10_C019,L10,leakage_current,168,8.77412957719451,uA,125.0,STATIC_BURN_IN,INST_01,CH_03,VALID,0,,50.0,synthetic
L10_C019,L10,iddq,0,0.5101592686851595,mA,125.0,STATIC_BURN_IN,INST_01,CH_03,VALID,0,,2.0,synthetic
L10_C019,L10,iddq,24,0.5411712935656806,mA,125.0,STATIC_BURN_IN,INST_01,CH_03,VALID,0,,2.0,synthetic
L10_C019,L10,iddq,96,0.5230891293913061,mA,125.0,STATIC_BURN_IN,INST_01,CH_03,VALID,0,,2.0,synthetic
L10_C019,L10,iddq,168,0.5171546547899059,mA,125.0,STATIC_BURN_IN,INST_01,CH_03,VALID,0,,2.0,synthetic
L10_C019,L10,propagation_delay,0,4.503899339155318,ns,125.0,STATIC_BURN_IN,INST_01,CH_03,VALID,0,,8.0,synthetic
L10_C019,L10,propagation_delay,24,4.424641457793034,ns,125.0,STATIC_BURN_IN,INST_01,CH_03,VALID,0,,8.0,synthetic
L10_C019,L10,propagation_delay,96,4.4669693418342975,ns,125.0,STATIC_BURN_IN,INST_01,CH_03,VALID,0,,8.0,synthetic
L10_C019,L10,propagation_delay,168,4.504616790512835,ns,125.0,STATIC_BURN_IN,INST_01,CH_03,VALID,0,,8.0,synthetic
L10_C020,L10,leakage_current,0,9.148338869825713,uA,125.0,STATIC_BURN_IN,INST_01,CH_04,VALID,0,,50.0,synthetic
L10_C020,L10,leakage_current,24,8.940157442888786,uA,125.0,STATIC_BURN_IN,INST_01,CH_04,VALID,0,,50.0,synthetic
L10_C020,L10,leakage_current,96,9.107406921426362,uA,125.0,STATIC_BURN_IN,INST_01,CH_04,VALID,0,,50.0,synthetic
L10_C020,L10,leakage_current,168,8.88514196792461,uA,125.0,STATIC_BURN_IN,INST_01,CH_04,VALID,0,,50.0,synthetic
L10_C020,L10,iddq,0,0.5852723124873707,mA,125.0,STATIC_BURN_IN,INST_01,CH_04,VALID,0,,2.0,synthetic
L10_C020,L10,iddq,24,0.589090020240037,mA,125.0,STATIC_BURN_IN,INST_01,CH_04,VALID,0,,2.0,synthetic
L10_C020,L10,iddq,96,0.578085356534032,mA,125.0,STATIC_BURN_IN,INST_01,CH_04,VALID,0,,2.0,synthetic
L10_C020,L10,iddq,168,0.5955572951705431,mA,125.0,STATIC_BURN_IN,INST_01,CH_04,VALID,0,,2.0,synthetic
L10_C020,L10,propagation_delay,0,4.4108248147958,ns,125.0,STATIC_BURN_IN,INST_01,CH_04,VALID,0,,8.0,synthetic
L10_C020,L10,propagation_delay,24,4.118004650820383,ns,125.0,STATIC_BURN_IN,INST_01,CH_04,VALID,0,,8.0,synthetic
L10_C020,L10,propagation_delay,96,4.337646767040335,ns,125.0,STATIC_BURN_IN,INST_01,CH_04,VALID,0,,8.0,synthetic
L10_C020,L10,propagation_delay,168,4.169241119230939,ns,125.0,STATIC_BURN_IN,INST_01,CH_04,VALID,0,,8.0,synthetic
L10_C021,L10,leakage_current,0,6.642673998198526,uA,125.0,STATIC_BURN_IN,INST_01,CH_05,VALID,0,,50.0,synthetic
L10_C021,L10,leakage_current,24,6.496170919384559,uA,125.0,STATIC_BURN_IN,INST_01,CH_05,VALID,0,,50.0,synthetic
L10_C021,L10,leakage_current,96,6.767837553638166,uA,125.0,STATIC_BURN_IN,INST_01,CH_05,VALID,0,,50.0,synthetic
L10_C021,L10,leakage_current,168,6.73006712393003,uA,125.0,STATIC_BURN_IN,INST_01,CH_05,VALID,0,,50.0,synthetic
L10_C021,L10,iddq,0,0.5142170348054346,mA,125.0,STATIC_BURN_IN,INST_01,CH_05,VALID,0,,2.0,synthetic
L10_C021,L10,iddq,24,0.5133256417363387,mA,125.0,STATIC_BURN_IN,INST_01,CH_05,VALID,0,,2.0,synthetic
L10_C021,L10,iddq,96,0.4929836622970377,mA,125.0,STATIC_BURN_IN,INST_01,CH_05,VALID,0,,2.0,synthetic
L10_C021,L10,propagation_delay,0,4.849394444432521,ns,125.0,STATIC_BURN_IN,INST_01,CH_05,VALID,0,,8.0,synthetic
L10_C021,L10,propagation_delay,24,4.736916871533966,ns,125.0,STATIC_BURN_IN,INST_01,CH_05,VALID,0,,8.0,synthetic
L10_C021,L10,propagation_delay,96,4.76633976559753,ns,125.0,STATIC_BURN_IN,INST_01,CH_05,VALID,0,,8.0,synthetic
L10_C021,L10,propagation_delay,168,4.722314376532481,ns,125.0,STATIC_BURN_IN,INST_01,CH_05,VALID,0,,8.0,synthetic
L10_C022,L10,leakage_current,0,8.47241179307949,uA,125.0,STATIC_BURN_IN,INST_01,CH_06,VALID,0,,50.0,synthetic
L10_C022,L10,leakage_current,24,8.71031669211291,uA,125.0,STATIC_BURN_IN,INST_01,CH_06,VALID,0,,50.0,synthetic
L10_C022,L10,leakage_current,96,8.602871785251875,uA,125.0,STATIC_BURN_IN,INST_01,CH_06,VALID,0,,50.0,synthetic
L10_C022,L10,leakage_current,168,8.397795007685215,uA,125.0,STATIC_BURN_IN,INST_01,CH_06,VALID,0,,50.0,synthetic
L10_C022,L10,iddq,0,0.37402966838768775,mA,125.0,STATIC_BURN_IN,INST_01,CH_06,VALID,0,,2.0,synthetic
L10_C022,L10,iddq,24,0.39502417088159353,mA,125.0,STATIC_BURN_IN,INST_01,CH_06,VALID,0,,2.0,synthetic
L10_C022,L10,iddq,96,0.378156127030366,mA,125.0,STATIC_BURN_IN,INST_01,CH_06,VALID,0,,2.0,synthetic
L10_C022,L10,iddq,168,0.39252141532634166,mA,125.0,STATIC_BURN_IN,INST_01,CH_06,VALID,0,,2.0,synthetic
L10_C022,L10,propagation_delay,0,4.387109768126734,ns,125.0,STATIC_BURN_IN,INST_01,CH_06,VALID,0,,8.0,synthetic
L10_C022,L10,propagation_delay,24,4.358468812857765,ns,125.0,STATIC_BURN_IN,INST_01,CH_06,VALID,0,,8.0,synthetic
L10_C022,L10,propagation_delay,96,4.274611858390992,ns,125.0,STATIC_BURN_IN,INST_01,CH_06,VALID,0,,8.0,synthetic
L10_C022,L10,propagation_delay,168,4.341820219381558,ns,125.0,STATIC_BURN_IN,INST_01,CH_06,VALID,0,,8.0,synthetic
L10_C023,L10,leakage_current,0,11.909240132544427,uA,125.0,STATIC_BURN_IN,INST_01,CH_07,VALID,0,,50.0,synthetic
L10_C023,L10,leakage_current,24,12.21791611169634,uA,125.0,STATIC_BURN_IN,INST_01,CH_07,VALID,0,,50.0,synthetic
L10_C023,L10,leakage_current,96,12.20784576743571,uA,125.0,STATIC_BURN_IN,INST_01,CH_07,VALID,0,,50.0,synthetic
L10_C023,L10,leakage_current,168,11.925776352697776,uA,125.0,STATIC_BURN_IN,INST_01,CH_07,VALID,0,,50.0,synthetic
L10_C023,L10,iddq,0,0.5155931387472165,mA,125.0,STATIC_BURN_IN,INST_01,CH_07,VALID,0,,2.0,synthetic
L10_C023,L10,iddq,24,0.5135342312514767,mA,125.0,STATIC_BURN_IN,INST_01,CH_07,VALID,0,,2.0,synthetic
L10_C023,L10,iddq,96,0.508360979593314,mA,125.0,STATIC_BURN_IN,INST_01,CH_07,VALID,0,,2.0,synthetic
L10_C023,L10,iddq,168,0.5006818818379298,mA,125.0,STATIC_BURN_IN,INST_01,CH_07,VALID,0,,2.0,synthetic
L10_C023,L10,propagation_delay,0,4.601159806873259,ns,125.0,STATIC_BURN_IN,INST_01,CH_07,VALID,0,,8.0,synthetic
L10_C023,L10,propagation_delay,24,4.501803289774515,ns,125.0,STATIC_BURN_IN,INST_01,CH_07,VALID,0,,8.0,synthetic
L10_C023,L10,propagation_delay,96,4.46622565877601,ns,125.0,STATIC_BURN_IN,INST_01,CH_07,VALID,0,,8.0,synthetic
L10_C023,L10,propagation_delay,168,4.778470405283896,ns,125.0,STATIC_BURN_IN,INST_01,CH_07,VALID,0,,8.0,synthetic
L10_C024,L10,leakage_current,0,7.4464651006022695,uA,125.0,STATIC_BURN_IN,INST_01,CH_08,VALID,0,,50.0,synthetic
L10_C024,L10,leakage_current,24,7.828538317807207,uA,125.0,STATIC_BURN_IN,INST_01,CH_08,VALID,0,,50.0,synthetic
L10_C024,L10,leakage_current,96,7.745439700969713,uA,125.0,STATIC_BURN_IN,INST_01,CH_08,VALID,0,,50.0,synthetic
L10_C024,L10,leakage_current,168,7.892310879249728,uA,125.0,STATIC_BURN_IN,INST_01,CH_08,VALID,0,,50.0,synthetic
L10_C024,L10,iddq,0,0.5035960192525728,mA,125.0,STATIC_BURN_IN,INST_01,CH_08,VALID,0,,2.0,synthetic
L10_C024,L10,iddq,24,0.4942680605192246,mA,125.0,STATIC_BURN_IN,INST_01,CH_08,VALID,0,,2.0,synthetic
L10_C024,L10,iddq,96,0.5035090041197561,mA,125.0,STATIC_BURN_IN,INST_01,CH_08,VALID,0,,2.0,synthetic
L10_C024,L10,iddq,168,0.4904300136900653,mA,125.0,STATIC_BURN_IN,INST_01,CH_08,VALID,0,,2.0,synthetic
L10_C024,L10,propagation_delay,0,4.547151569545004,ns,125.0,STATIC_BURN_IN,INST_01,CH_08,VALID,0,,8.0,synthetic
L10_C024,L10,propagation_delay,24,4.606487330389486,ns,125.0,STATIC_BURN_IN,INST_01,CH_08,VALID,0,,8.0,synthetic
L10_C024,L10,propagation_delay,96,4.675716137258666,ns,125.0,STATIC_BURN_IN,INST_01,CH_08,VALID,0,,8.0,synthetic
L10_C024,L10,propagation_delay,168,4.559256240162984,ns,125.0,STATIC_BURN_IN,INST_01,CH_08,VALID,0,,8.0,synthetic
L10_C025,L10,leakage_current,0,12.790949175802373,uA,125.0,STATIC_BURN_IN,INST_02,CH_01,VALID,0,,50.0,synthetic
L10_C025,L10,leakage_current,24,12.671942213013024,uA,125.0,STATIC_BURN_IN,INST_02,CH_01,VALID,0,,50.0,synthetic
L10_C025,L10,leakage_current,96,12.05258475232342,uA,125.0,STATIC_BURN_IN,INST_02,CH_01,VALID,0,,50.0,synthetic
L10_C025,L10,leakage_current,168,12.74565057867857,uA,125.0,STATIC_BURN_IN,INST_02,CH_01,VALID,0,,50.0,synthetic
L10_C025,L10,iddq,0,0.5553825068369229,mA,125.0,STATIC_BURN_IN,INST_02,CH_01,VALID,0,,2.0,synthetic
L10_C025,L10,iddq,24,0.5621699402720539,mA,125.0,STATIC_BURN_IN,INST_02,CH_01,VALID,0,,2.0,synthetic
L10_C025,L10,iddq,96,0.5530533093923703,mA,125.0,STATIC_BURN_IN,INST_02,CH_01,VALID,0,,2.0,synthetic
L10_C025,L10,iddq,168,0.5469604459575073,mA,125.0,STATIC_BURN_IN,INST_02,CH_01,VALID,0,,2.0,synthetic
L10_C025,L10,propagation_delay,0,5.166707798239268,ns,125.0,STATIC_BURN_IN,INST_02,CH_01,VALID,0,,8.0,synthetic
L10_C025,L10,propagation_delay,24,4.97939791938038,ns,125.0,STATIC_BURN_IN,INST_02,CH_01,VALID,0,,8.0,synthetic
L10_C025,L10,propagation_delay,96,5.177202274196792,ns,125.0,STATIC_BURN_IN,INST_02,CH_01,VALID,0,,8.0,synthetic
L10_C025,L10,propagation_delay,168,5.086731998564813,ns,125.0,STATIC_BURN_IN,INST_02,CH_01,VALID,0,,8.0,synthetic
L10_C026,L10,leakage_current,0,8.225794620554815,uA,125.0,STATIC_BURN_IN,INST_02,CH_02,VALID,0,,50.0,synthetic
L10_C026,L10,leakage_current,24,7.94365832540612,uA,125.0,STATIC_BURN_IN,INST_02,CH_02,VALID,0,,50.0,synthetic
L10_C026,L10,leakage_current,96,7.9298316294666265,uA,125.0,STATIC_BURN_IN,INST_02,CH_02,VALID,0,,50.0,synthetic
L10_C026,L10,leakage_current,168,8.011654319947183,uA,125.0,STATIC_BURN_IN,INST_02,CH_02,VALID,0,,50.0,synthetic
L10_C026,L10,iddq,0,0.4947788746028443,mA,125.0,STATIC_BURN_IN,INST_02,CH_02,VALID,0,,2.0,synthetic
L10_C026,L10,iddq,24,0.4783415524281897,mA,125.0,STATIC_BURN_IN,INST_02,CH_02,VALID,0,,2.0,synthetic
L10_C026,L10,iddq,96,0.4817323284216612,mA,125.0,STATIC_BURN_IN,INST_02,CH_02,VALID,0,,2.0,synthetic
L10_C026,L10,iddq,168,0.4712602085733495,mA,125.0,STATIC_BURN_IN,INST_02,CH_02,VALID,0,,2.0,synthetic
L10_C026,L10,propagation_delay,0,4.876876022264661,ns,125.0,STATIC_BURN_IN,INST_02,CH_02,VALID,0,,8.0,synthetic
L10_C026,L10,propagation_delay,24,4.837239235108315,ns,125.0,STATIC_BURN_IN,INST_02,CH_02,VALID,0,,8.0,synthetic
L10_C026,L10,propagation_delay,96,4.545145667718526,ns,125.0,STATIC_BURN_IN,INST_02,CH_02,VALID,0,,8.0,synthetic
L10_C027,L10,leakage_current,0,7.437532776236112,uA,125.0,STATIC_BURN_IN,INST_02,CH_03,VALID,0,,50.0,synthetic
L10_C027,L10,leakage_current,24,7.458484720992037,uA,125.0,STATIC_BURN_IN,INST_02,CH_03,VALID,0,,50.0,synthetic
L10_C027,L10,leakage_current,96,7.47130581188903,uA,125.0,STATIC_BURN_IN,INST_02,CH_03,VALID,0,,50.0,synthetic
L10_C027,L10,leakage_current,168,7.321454820274987,uA,125.0,STATIC_BURN_IN,INST_02,CH_03,VALID,0,,50.0,synthetic
L10_C027,L10,iddq,0,0.4859960853834643,mA,125.0,STATIC_BURN_IN,INST_02,CH_03,VALID,0,,2.0,synthetic
L10_C027,L10,iddq,24,0.4945381979383336,mA,125.0,STATIC_BURN_IN,INST_02,CH_03,VALID,0,,2.0,synthetic
L10_C027,L10,iddq,96,0.5109227242876336,mA,125.0,STATIC_BURN_IN,INST_02,CH_03,VALID,0,,2.0,synthetic
L10_C027,L10,iddq,168,0.5005902434548638,mA,125.0,STATIC_BURN_IN,INST_02,CH_03,VALID,0,,2.0,synthetic
L10_C027,L10,propagation_delay,0,4.783042733304462,ns,125.0,STATIC_BURN_IN,INST_02,CH_03,VALID,0,,8.0,synthetic
L10_C027,L10,propagation_delay,96,4.926958279467327,ns,125.0,STATIC_BURN_IN,INST_02,CH_03,VALID,0,,8.0,synthetic
L10_C027,L10,propagation_delay,168,5.130306823830772,ns,125.0,STATIC_BURN_IN,INST_02,CH_03,VALID,0,,8.0,synthetic
L10_C028,L10,leakage_current,0,8.582455152588858,uA,125.0,STATIC_BURN_IN,INST_02,CH_04,VALID,1,,50.0,synthetic
L10_C028,L10,leakage_current,24,8.227364308932643,uA,125.0,STATIC_BURN_IN,INST_02,CH_04,VALID,1,,50.0,synthetic
L10_C028,L10,leakage_current,96,8.345711985369048,uA,125.0,STATIC_BURN_IN,INST_02,CH_04,VALID,1,,50.0,synthetic
L10_C028,L10,leakage_current,168,7.933018525291976,uA,125.0,STATIC_BURN_IN,INST_02,CH_04,VALID,1,,50.0,synthetic
L10_C028,L10,iddq,0,0.5382860614402448,mA,125.0,STATIC_BURN_IN,INST_02,CH_04,VALID,1,,2.0,synthetic
L10_C028,L10,iddq,24,0.5756144840303695,mA,125.0,STATIC_BURN_IN,INST_02,CH_04,VALID,1,,2.0,synthetic
L10_C028,L10,iddq,96,0.567169113545644,mA,125.0,STATIC_BURN_IN,INST_02,CH_04,VALID,1,,2.0,synthetic
L10_C028,L10,iddq,168,0.5580621709803482,mA,125.0,STATIC_BURN_IN,INST_02,CH_04,VALID,1,,2.0,synthetic
L10_C028,L10,propagation_delay,0,4.748238682970327,ns,125.0,STATIC_BURN_IN,INST_02,CH_04,VALID,1,,8.0,synthetic
L10_C028,L10,propagation_delay,24,4.634246792953529,ns,125.0,STATIC_BURN_IN,INST_02,CH_04,VALID,1,,8.0,synthetic
L10_C028,L10,propagation_delay,96,4.632862580763104,ns,125.0,STATIC_BURN_IN,INST_02,CH_04,VALID,1,,8.0,synthetic
L10_C028,L10,propagation_delay,168,4.778764669774336,ns,125.0,STATIC_BURN_IN,INST_02,CH_04,VALID,1,,8.0,synthetic
L10_C029,L10,leakage_current,0,8.013294404365187,uA,125.0,STATIC_BURN_IN,INST_02,CH_05,VALID,1,,50.0,synthetic
L10_C029,L10,leakage_current,96,8.141414560714283,uA,125.0,STATIC_BURN_IN,INST_02,CH_05,VALID,1,,50.0,synthetic
L10_C029,L10,leakage_current,168,8.269259160750915,uA,125.0,STATIC_BURN_IN,INST_02,CH_05,VALID,1,,50.0,synthetic
L10_C029,L10,iddq,0,0.5638145134670511,mA,125.0,STATIC_BURN_IN,INST_02,CH_05,VALID,1,,2.0,synthetic
L10_C029,L10,iddq,24,0.5544240481016349,mA,125.0,STATIC_BURN_IN,INST_02,CH_05,VALID,1,,2.0,synthetic
L10_C029,L10,iddq,96,0.5576411523910679,mA,125.0,STATIC_BURN_IN,INST_02,CH_05,VALID,1,,2.0,synthetic
L10_C029,L10,iddq,168,0.5450680446362094,mA,125.0,STATIC_BURN_IN,INST_02,CH_05,VALID,1,,2.0,synthetic
L10_C029,L10,propagation_delay,0,4.320916011774561,ns,125.0,STATIC_BURN_IN,INST_02,CH_05,VALID,1,,8.0,synthetic
L10_C029,L10,propagation_delay,24,4.319208413686988,ns,125.0,STATIC_BURN_IN,INST_02,CH_05,VALID,1,,8.0,synthetic
L10_C029,L10,propagation_delay,96,4.459075683651309,ns,125.0,STATIC_BURN_IN,INST_02,CH_05,VALID,1,,8.0,synthetic
L10_C029,L10,propagation_delay,168,4.474311838689012,ns,125.0,STATIC_BURN_IN,INST_02,CH_05,VALID,1,,8.0,synthetic
L10_C030,L10,leakage_current,0,8.95828056097035,uA,125.0,STATIC_BURN_IN,INST_02,CH_06,VALID,0,,50.0,synthetic
L10_C030,L10,leakage_current,24,8.92498548487445,uA,125.0,STATIC_BURN_IN,INST_02,CH_06,VALID,0,,50.0,synthetic
L10_C030,L10,leakage_current,96,9.150676702741134,uA,125.0,STATIC_BURN_IN,INST_02,CH_06,VALID,0,,50.0,synthetic
L10_C030,L10,leakage_current,168,9.237472381838376,uA,125.0,STATIC_BURN_IN,INST_02,CH_06,VALID,0,,50.0,synthetic
L10_C030,L10,iddq,0,0.47336667244505815,mA,125.0,STATIC_BURN_IN,INST_02,CH_06,VALID,0,,2.0,synthetic
L10_C030,L10,iddq,24,0.4727634073403767,mA,125.0,STATIC_BURN_IN,INST_02,CH_06,VALID,0,,2.0,synthetic
L10_C030,L10,iddq,96,0.46989415373625504,mA,125.0,STATIC_BURN_IN,INST_02,CH_06,VALID,0,,2.0,synthetic
L10_C030,L10,iddq,168,0.48670520023636993,mA,125.0,STATIC_BURN_IN,INST_02,CH_06,VALID,0,,2.0,synthetic
L10_C030,L10,propagation_delay,0,4.866781551619626,ns,125.0,STATIC_BURN_IN,INST_02,CH_06,VALID,0,,8.0,synthetic
L10_C030,L10,propagation_delay,24,5.089963928702077,ns,125.0,STATIC_BURN_IN,INST_02,CH_06,VALID,0,,8.0,synthetic
L10_C030,L10,propagation_delay,96,4.985414060002189,ns,125.0,STATIC_BURN_IN,INST_02,CH_06,VALID,0,,8.0,synthetic
L10_C030,L10,propagation_delay,168,4.9202426797536996,ns,125.0,STATIC_BURN_IN,INST_02,CH_06,VALID,0,,8.0,synthetic
CANONICAL_C45,L11,leakage_current,0,45.39288431498484,uA,125.0,STATIC_BURN_IN,INST_01,CH_01,VALID,0,,50.0,synthetic
CANONICAL_C45,L11,leakage_current,24,44.909498970668785,uA,125.0,STATIC_BURN_IN,INST_01,CH_01,VALID,0,,50.0,synthetic
CANONICAL_C45,L11,leakage_current,96,44.51793334093781,uA,125.0,STATIC_BURN_IN,INST_01,CH_01,VALID,0,,50.0,synthetic
CANONICAL_C45,L11,leakage_current,168,43.18229201239888,uA,125.0,STATIC_BURN_IN,INST_01,CH_01,VALID,0,,50.0,synthetic
CANONICAL_C45,L11,iddq,0,0.6073027630585639,mA,125.0,STATIC_BURN_IN,INST_01,CH_01,VALID,0,,2.0,synthetic
CANONICAL_C45,L11,iddq,24,0.6068676014258345,mA,125.0,STATIC_BURN_IN,INST_01,CH_01,VALID,0,,2.0,synthetic
CANONICAL_C45,L11,iddq,96,0.5917038909930408,mA,125.0,STATIC_BURN_IN,INST_01,CH_01,VALID,0,,2.0,synthetic
CANONICAL_C45,L11,iddq,168,0.5935508517076281,mA,125.0,STATIC_BURN_IN,INST_01,CH_01,VALID,0,,2.0,synthetic
CANONICAL_C45,L11,propagation_delay,0,4.794764151482717,ns,125.0,STATIC_BURN_IN,INST_01,CH_01,VALID,0,,8.0,synthetic
CANONICAL_C45,L11,propagation_delay,24,4.942987795949619,ns,125.0,STATIC_BURN_IN,INST_01,CH_01,VALID,0,,8.0,synthetic
CANONICAL_C45,L11,propagation_delay,96,4.708932381619197,ns,125.0,STATIC_BURN_IN,INST_01,CH_01,VALID,0,,8.0,synthetic
CANONICAL_C45,L11,propagation_delay,168,4.7729478492790385,ns,125.0,STATIC_BURN_IN,INST_01,CH_01,VALID,0,,8.0,synthetic
L11_C002,L11,leakage_current,0,10.022939243335134,uA,125.0,STATIC_BURN_IN,INST_01,CH_02,VALID,0,,50.0,synthetic
L11_C002,L11,leakage_current,24,9.9981224826361,uA,125.0,STATIC_BURN_IN,INST_01,CH_02,VALID,0,,50.0,synthetic
L11_C002,L11,leakage_current,96,9.824804211383828,uA,125.0,STATIC_BURN_IN,INST_01,CH_02,VALID,0,,50.0,synthetic
L11_C002,L11,leakage_current,168,10.165337504501425,uA,125.0,STATIC_BURN_IN,INST_01,CH_02,VALID,0,,50.0,synthetic
L11_C002,L11,iddq,0,0.4584859107719367,mA,125.0,STATIC_BURN_IN,INST_01,CH_02,VALID,0,,2.0,synthetic
L11_C002,L11,iddq,24,0.48404156065599313,mA,125.0,STATIC_BURN_IN,INST_01,CH_02,VALID,0,,2.0,synthetic
L11_C002,L11,iddq,96,0.47871950529052515,mA,125.0,STATIC_BURN_IN,INST_01,CH_02,VALID,0,,2.0,synthetic
L11_C002,L11,iddq,168,0.47613252585472177,mA,125.0,STATIC_BURN_IN,INST_01,CH_02,VALID,0,,2.0,synthetic
L11_C002,L11,propagation_delay,0,5.06586210451707,ns,125.0,STATIC_BURN_IN,INST_01,CH_02,VALID,0,,8.0,synthetic
L11_C002,L11,propagation_delay,24,5.263480946283701,ns,125.0,STATIC_BURN_IN,INST_01,CH_02,VALID,0,,8.0,synthetic
L11_C002,L11,propagation_delay,96,5.134575996367422,ns,125.0,STATIC_BURN_IN,INST_01,CH_02,VALID,0,,8.0,synthetic
L11_C002,L11,propagation_delay,168,4.976685828458446,ns,125.0,STATIC_BURN_IN,INST_01,CH_02,VALID,0,,8.0,synthetic
L11_C003,L11,leakage_current,0,9.138819648206022,uA,125.0,STATIC_BURN_IN,INST_01,CH_03,VALID,0,,50.0,synthetic
L11_C003,L11,leakage_current,24,8.923626207486281,uA,125.0,STATIC_BURN_IN,INST_01,CH_03,VALID,0,,50.0,synthetic
L11_C003,L11,leakage_current,96,9.044876378502241,uA,125.0,STATIC_BURN_IN,INST_01,CH_03,VALID,0,,50.0,synthetic
L11_C003,L11,leakage_current,168,9.20497647684489,uA,125.0,STATIC_BURN_IN,INST_01,CH_03,VALID,0,,50.0,synthetic
L11_C003,L11,iddq,0,0.642937103309963,mA,125.0,STATIC_BURN_IN,INST_01,CH_03,VALID,0,,2.0,synthetic
L11_C003,L11,iddq,24,0.6653862306707649,mA,125.0,STATIC_BURN_IN,INST_01,CH_03,VALID,0,,2.0,synthetic
L11_C003,L11,iddq,96,0.6354323262198279,mA,125.0,STATIC_BURN_IN,INST_01,CH_03,VALID,0,,2.0,synthetic
L11_C003,L11,iddq,168,0.6294881569893974,mA,125.0,STATIC_BURN_IN,INST_01,CH_03,VALID,0,,2.0,synthetic
L11_C003,L11,propagation_delay,0,5.053673080661669,ns,125.0,STATIC_BURN_IN,INST_01,CH_03,VALID,0,,8.0,synthetic
L11_C003,L11,propagation_delay,24,5.026939714814528,ns,125.0,STATIC_BURN_IN,INST_01,CH_03,VALID,0,,8.0,synthetic
L11_C003,L11,propagation_delay,96,5.0509105708141595,ns,125.0,STATIC_BURN_IN,INST_01,CH_03,VALID,0,,8.0,synthetic
L11_C003,L11,propagation_delay,168,4.780013138892535,ns,125.0,STATIC_BURN_IN,INST_01,CH_03,VALID,0,,8.0,synthetic
L11_C004,L11,leakage_current,0,12.627490293448723,uA,125.0,STATIC_BURN_IN,INST_01,CH_04,VALID,0,,50.0,synthetic
L11_C004,L11,leakage_current,24,12.334631548376095,uA,125.0,STATIC_BURN_IN,INST_01,CH_04,VALID,0,,50.0,synthetic
L11_C004,L11,leakage_current,96,12.4498870046825,uA,125.0,STATIC_BURN_IN,INST_01,CH_04,VALID,0,,50.0,synthetic
L11_C004,L11,leakage_current,168,12.494358524085953,uA,125.0,STATIC_BURN_IN,INST_01,CH_04,VALID,0,,50.0,synthetic
L11_C004,L11,iddq,0,0.5365463120416916,mA,125.0,STATIC_BURN_IN,INST_01,CH_04,VALID,0,,2.0,synthetic
L11_C004,L11,iddq,24,0.5406668046605417,mA,125.0,STATIC_BURN_IN,INST_01,CH_04,VALID,0,,2.0,synthetic
L11_C004,L11,iddq,96,0.5429926167297943,mA,125.0,STATIC_BURN_IN,INST_01,CH_04,VALID,0,,2.0,synthetic
L11_C004,L11,iddq,168,0.527450474714858,mA,125.0,STATIC_BURN_IN,INST_01,CH_04,VALID,0,,2.0,synthetic
L11_C004,L11,propagation_delay,0,4.755725241407632,ns,125.0,STATIC_BURN_IN,INST_01,CH_04,VALID,0,,8.0,synthetic
L11_C004,L11,propagation_delay,24,4.820223011412318,ns,125.0,STATIC_BURN_IN,INST_01,CH_04,VALID,0,,8.0,synthetic
L11_C004,L11,propagation_delay,96,4.885138051509119,ns,125.0,STATIC_BURN_IN,INST_01,CH_04,VALID,0,,8.0,synthetic
L11_C004,L11,propagation_delay,168,4.863940631144295,ns,125.0,STATIC_BURN_IN,INST_01,CH_04,VALID,0,,8.0,synthetic
L11_C005,L11,leakage_current,0,8.775375003676405,uA,125.0,STATIC_BURN_IN,INST_01,CH_05,VALID,0,,50.0,synthetic
L11_C005,L11,leakage_current,24,9.00690195256402,uA,125.0,STATIC_BURN_IN,INST_01,CH_05,VALID,0,,50.0,synthetic
L11_C005,L11,leakage_current,96,8.96506236934128,uA,125.0,STATIC_BURN_IN,INST_01,CH_05,VALID,0,,50.0,synthetic
L11_C005,L11,leakage_current,168,8.592571068391827,uA,125.0,STATIC_BURN_IN,INST_01,CH_05,VALID,0,,50.0,synthetic
L11_C005,L11,iddq,0,0.5768684307795495,mA,125.0,STATIC_BURN_IN,INST_01,CH_05,VALID,0,,2.0,synthetic
L11_C005,L11,iddq,24,0.5691637500680036,mA,125.0,STATIC_BURN_IN,INST_01,CH_05,VALID,0,,2.0,synthetic
L11_C005,L11,iddq,96,0.5446604075506097,mA,125.0,STATIC_BURN_IN,INST_01,CH_05,VALID,0,,2.0,synthetic
L11_C005,L11,iddq,168,0.5707108690465545,mA,125.0,STATIC_BURN_IN,INST_01,CH_05,VALID,0,,2.0,synthetic
L11_C005,L11,propagation_delay,0,5.233516893409791,ns,125.0,STATIC_BURN_IN,INST_01,CH_05,VALID,0,,8.0,synthetic
L11_C005,L11,propagation_delay,24,5.443674840474541,ns,125.0,STATIC_BURN_IN,INST_01,CH_05,VALID,0,,8.0,synthetic
L11_C005,L11,propagation_delay,96,5.270290632850147,ns,125.0,STATIC_BURN_IN,INST_01,CH_05,VALID,0,,8.0,synthetic
L11_C005,L11,propagation_delay,168,5.1506676975478385,ns,125.0,STATIC_BURN_IN,INST_01,CH_05,VALID,0,,8.0,synthetic
L11_C006,L11,leakage_current,0,11.071666808299085,uA,125.0,STATIC_BURN_IN,INST_01,CH_06,VALID,0,,50.0,synthetic
L11_C006,L11,leakage_current,24,10.572978869184702,uA,125.0,STATIC_BURN_IN,INST_01,CH_06,VALID,0,,50.0,synthetic
L11_C006,L11,leakage_current,168,10.776903979651495,uA,125.0,STATIC_BURN_IN,INST_01,CH_06,VALID,0,,50.0,synthetic
L11_C006,L11,iddq,0,0.6606599977018257,mA,125.0,STATIC_BURN_IN,INST_01,CH_06,VALID,0,,2.0,synthetic
L11_C006,L11,iddq,24,0.6535999771234743,mA,125.0,STATIC_BURN_IN,INST_01,CH_06,VALID,0,,2.0,synthetic
L11_C006,L11,iddq,96,0.6174298764864405,mA,125.0,STATIC_BURN_IN,INST_01,CH_06,VALID,0,,2.0,synthetic
L11_C006,L11,iddq,168,0.6411965854912876,mA,125.0,STATIC_BURN_IN,INST_01,CH_06,VALID,0,,2.0,synthetic
L11_C006,L11,propagation_delay,0,4.679357045104163,ns,125.0,STATIC_BURN_IN,INST_01,CH_06,VALID,0,,8.0,synthetic
L11_C006,L11,propagation_delay,24,4.822787239752612,ns,125.0,STATIC_BURN_IN,INST_01,CH_06,VALID,0,,8.0,synthetic
L11_C006,L11,propagation_delay,96,4.906981690714145,ns,125.0,STATIC_BURN_IN,INST_01,CH_06,VALID,0,,8.0,synthetic
L11_C006,L11,propagation_delay,168,4.714302384882186,ns,125.0,STATIC_BURN_IN,INST_01,CH_06,VALID,0,,8.0,synthetic
L11_C007,L11,leakage_current,0,9.88432149928355,uA,125.0,STATIC_BURN_IN,INST_01,CH_07,VALID,0,,50.0,synthetic
L11_C007,L11,leakage_current,24,9.597882033576385,uA,125.0,STATIC_BURN_IN,INST_01,CH_07,VALID,0,,50.0,synthetic
L11_C007,L11,leakage_current,96,9.838205257004446,uA,125.0,STATIC_BURN_IN,INST_01,CH_07,VALID,0,,50.0,synthetic
L11_C007,L11,leakage_current,168,9.631939936380306,uA,125.0,STATIC_BURN_IN,INST_01,CH_07,VALID,0,,50.0,synthetic
L11_C007,L11,iddq,0,0.5987964756324394,mA,125.0,STATIC_BURN_IN,INST_01,CH_07,VALID,0,,2.0,synthetic
L11_C007,L11,iddq,24,0.6116924950597263,mA,125.0,STATIC_BURN_IN,INST_01,CH_07,VALID,0,,2.0,synthetic
L11_C007,L11,iddq,96,0.6006653088447985,mA,125.0,STATIC_BURN_IN,INST_01,CH_07,VALID,0,,2.0,synthetic
L11_C007,L11,iddq,168,0.5901724075601323,mA,125.0,STATIC_BURN_IN,INST_01,CH_07,VALID,0,,2.0,synthetic
L11_C007,L11,propagation_delay,0,5.203770352980054,ns,125.0,STATIC_BURN_IN,INST_01,CH_07,VALID,0,,8.0,synthetic
L11_C007,L11,propagation_delay,24,5.20301668696322,ns,125.0,STATIC_BURN_IN,INST_01,CH_07,VALID,0,,8.0,synthetic
L11_C007,L11,propagation_delay,96,5.055489078412576,ns,125.0,STATIC_BURN_IN,INST_01,CH_07,VALID,0,,8.0,synthetic
L11_C007,L11,propagation_delay,168,5.3919926330443175,ns,125.0,STATIC_BURN_IN,INST_01,CH_07,VALID,0,,8.0,synthetic
L11_C008,L11,leakage_current,0,10.188509816494307,uA,125.0,STATIC_BURN_IN,INST_01,CH_08,VALID,0,,50.0,synthetic
L11_C008,L11,leakage_current,24,10.123910142141554,uA,125.0,STATIC_BURN_IN,INST_01,CH_08,VALID,0,,50.0,synthetic
L11_C008,L11,leakage_current,96,10.571967060507959,uA,125.0,STATIC_BURN_IN,INST_01,CH_08,VALID,0,,50.0,synthetic
L11_C008,L11,leakage_current,168,10.018755863740822,uA,125.0,STATIC_BURN_IN,INST_01,CH_08,VALID,0,,50.0,synthetic
L11_C008,L11,iddq,0,0.4523029412515224,mA,125.0,STATIC_BURN_IN,INST_01,CH_08,VALID,0,,2.0,synthetic
L11_C008,L11,iddq,24,0.4722483276736826,mA,125.0,STATIC_BURN_IN,INST_01,CH_08,VALID,0,,2.0,synthetic
L11_C008,L11,iddq,96,0.4709084093093207,mA,125.0,STATIC_BURN_IN,INST_01,CH_08,VALID,0,,2.0,synthetic
L11_C008,L11,propagation_delay,0,5.240282681498927,ns,125.0,STATIC_BURN_IN,INST_01,CH_08,VALID,0,,8.0,synthetic
L11_C008,L11,propagation_delay,24,5.370214601313678,ns,125.0,STATIC_BURN_IN,INST_01,CH_08,VALID,0,,8.0,synthetic
L11_C008,L11,propagation_delay,96,5.623099388736383,ns,125.0,STATIC_BURN_IN,INST_01,CH_08,VALID,0,,8.0,synthetic
L11_C008,L11,propagation_delay,168,5.604239628254627,ns,125.0,STATIC_BURN_IN,INST_01,CH_08,VALID,0,,8.0,synthetic
L11_C009,L11,leakage_current,0,13.71389461056768,uA,125.0,STATIC_BURN_IN,INST_02,CH_01,VALID,0,,50.0,synthetic
L11_C009,L11,leakage_current,24,13.569161885012335,uA,125.0,STATIC_BURN_IN,INST_02,CH_01,VALID,0,,50.0,synthetic
L11_C009,L11,leakage_current,96,13.628932451606186,uA,125.0,STATIC_BURN_IN,INST_02,CH_01,VALID,0,,50.0,synthetic
L11_C009,L11,leakage_current,168,13.338837759697242,uA,125.0,STATIC_BURN_IN,INST_02,CH_01,VALID,0,,50.0,synthetic
L11_C009,L11,iddq,0,0.5552094639033586,mA,125.0,STATIC_BURN_IN,INST_02,CH_01,VALID,0,,2.0,synthetic
L11_C009,L11,iddq,24,0.5638818867523672,mA,125.0,STATIC_BURN_IN,INST_02,CH_01,VALID,0,,2.0,synthetic
L11_C009,L11,iddq,96,0.5690412693660856,mA,125.0,STATIC_BURN_IN,INST_02,CH_01,VALID,0,,2.0,synthetic
L11_C009,L11,iddq,168,0.5609861703081195,mA,125.0,STATIC_BURN_IN,INST_02,CH_01,VALID,0,,2.0,synthetic
L11_C009,L11,propagation_delay,0,4.478273804630056,ns,125.0,STATIC_BURN_IN,INST_02,CH_01,VALID,0,,8.0,synthetic
L11_C009,L11,propagation_delay,24,4.485255762585928,ns,125.0,STATIC_BURN_IN,INST_02,CH_01,VALID,0,,8.0,synthetic
L11_C009,L11,propagation_delay,96,4.590343837621125,ns,125.0,STATIC_BURN_IN,INST_02,CH_01,VALID,0,,8.0,synthetic
L11_C009,L11,propagation_delay,168,4.385723611081775,ns,125.0,STATIC_BURN_IN,INST_02,CH_01,VALID,0,,8.0,synthetic
L11_C010,L11,leakage_current,0,17.902047677838162,uA,125.0,STATIC_BURN_IN,INST_02,CH_02,VALID,0,,50.0,synthetic
L11_C010,L11,leakage_current,24,17.73185985539053,uA,125.0,STATIC_BURN_IN,INST_02,CH_02,VALID,0,,50.0,synthetic
L11_C010,L11,leakage_current,96,17.39847099186469,uA,125.0,STATIC_BURN_IN,INST_02,CH_02,VALID,0,,50.0,synthetic
L11_C010,L11,leakage_current,168,17.615497128079816,uA,125.0,STATIC_BURN_IN,INST_02,CH_02,VALID,0,,50.0,synthetic
L11_C010,L11,iddq,0,0.808430676471736,mA,125.0,STATIC_BURN_IN,INST_02,CH_02,VALID,0,,2.0,synthetic
L11_C010,L11,iddq,24,0.8361383867079397,mA,125.0,STATIC_BURN_IN,INST_02,CH_02,VALID,0,,2.0,synthetic
L11_C010,L11,iddq,96,0.8114806759536469,mA,125.0,STATIC_BURN_IN,INST_02,CH_02,VALID,0,,2.0,synthetic
L11_C010,L11,iddq,168,0.8262976674574172,mA,125.0,STATIC_BURN_IN,INST_02,CH_02,VALID,0,,2.0,synthetic
L11_C010,L11,propagation_delay,0,5.756092413291054,ns,125.0,STATIC_BURN_IN,INST_02,CH_02,VALID,0,,8.0,synthetic
L11_C010,L11,propagation_delay,24,5.946374025795303,ns,125.0,STATIC_BURN_IN,INST_02,CH_02,VALID,0,,8.0,synthetic
L11_C010,L11,propagation_delay,96,5.6457537720040385,ns,125.0,STATIC_BURN_IN,INST_02,CH_02,VALID,0,,8.0,synthetic
L11_C010,L11,propagation_delay,168,5.752023255980612,ns,125.0,STATIC_BURN_IN,INST_02,CH_02,VALID,0,,8.0,synthetic
L11_C011,L11,leakage_current,0,9.724700857434419,uA,125.0,STATIC_BURN_IN,INST_02,CH_03,VALID,0,,50.0,synthetic
L11_C011,L11,leakage_current,24,9.620849484318756,uA,125.0,STATIC_BURN_IN,INST_02,CH_03,VALID,0,,50.0,synthetic
L11_C011,L11,leakage_current,96,10.179740359845448,uA,125.0,STATIC_BURN_IN,INST_02,CH_03,VALID,0,,50.0,synthetic
L11_C011,L11,leakage_current,168,9.852579975287647,uA,125.0,STATIC_BURN_IN,INST_02,CH_03,VALID,0,,50.0,synthetic
L11_C011,L11,iddq,0,0.6179285291417411,mA,125.0,STATIC_BURN_IN,INST_02,CH_03,VALID,0,,2.0,synthetic
L11_C011,L11,iddq,24,0.6210028561325897,mA,125.0,STATIC_BURN_IN,INST_02,CH_03,VALID,0,,2.0,synthetic
L11_C011,L11,iddq,96,0.6185190457168384,mA,125.0,STATIC_BURN_IN,INST_02,CH_03,VALID,0,,2.0,synthetic
L11_C011,L11,iddq,168,0.6254544753006386,mA,125.0,STATIC_BURN_IN,INST_02,CH_03,VALID,0,,2.0,synthetic
L11_C011,L11,propagation_delay,0,5.3820918092628816,ns,125.0,STATIC_BURN_IN,INST_02,CH_03,VALID,0,,8.0,synthetic
L11_C011,L11,propagation_delay,24,5.005161814332824,ns,125.0,STATIC_BURN_IN,INST_02,CH_03,VALID,0,,8.0,synthetic
L11_C011,L11,propagation_delay,96,5.230700666996324,ns,125.0,STATIC_BURN_IN,INST_02,CH_03,VALID,0,,8.0,synthetic
L11_C011,L11,propagation_delay,168,5.123683947894611,ns,125.0,STATIC_BURN_IN,INST_02,CH_03,VALID,0,,8.0,synthetic
L11_C012,L11,leakage_current,0,9.601702876861113,uA,125.0,STATIC_BURN_IN,INST_02,CH_04,VALID,0,,50.0,synthetic
L11_C012,L11,leakage_current,24,9.775408980750704,uA,125.0,STATIC_BURN_IN,INST_02,CH_04,VALID,0,,50.0,synthetic
L11_C012,L11,leakage_current,96,9.491072267781718,uA,125.0,STATIC_BURN_IN,INST_02,CH_04,VALID,0,,50.0,synthetic
L11_C012,L11,leakage_current,168,9.688662441416854,uA,125.0,STATIC_BURN_IN,INST_02,CH_04,VALID,0,,50.0,synthetic
L11_C012,L11,iddq,24,0.5610767906540561,mA,125.0,STATIC_BURN_IN,INST_02,CH_04,VALID,0,,2.0,synthetic
L11_C012,L11,iddq,96,0.5600151305427921,mA,125.0,STATIC_BURN_IN,INST_02,CH_04,VALID,0,,2.0,synthetic
L11_C012,L11,iddq,168,0.5611785318927773,mA,125.0,STATIC_BURN_IN,INST_02,CH_04,VALID,0,,2.0,synthetic
L11_C012,L11,propagation_delay,0,5.404339910610001,ns,125.0,STATIC_BURN_IN,INST_02,CH_04,VALID,0,,8.0,synthetic
L11_C012,L11,propagation_delay,24,5.446073884847862,ns,125.0,STATIC_BURN_IN,INST_02,CH_04,VALID,0,,8.0,synthetic
L11_C012,L11,propagation_delay,96,5.299135929449913,ns,125.0,STATIC_BURN_IN,INST_02,CH_04,VALID,0,,8.0,synthetic
L11_C012,L11,propagation_delay,168,5.485340752693202,ns,125.0,STATIC_BURN_IN,INST_02,CH_04,VALID,0,,8.0,synthetic
L11_C013,L11,leakage_current,24,7.9231618917181015,uA,125.0,STATIC_BURN_IN,INST_02,CH_05,VALID,0,,50.0,synthetic
L11_C013,L11,leakage_current,96,7.999216021915423,uA,125.0,STATIC_BURN_IN,INST_02,CH_05,VALID,0,,50.0,synthetic
L11_C013,L11,leakage_current,168,7.668774891998721,uA,125.0,STATIC_BURN_IN,INST_02,CH_05,VALID,0,,50.0,synthetic
L11_C013,L11,iddq,0,0.5472180112105713,mA,125.0,STATIC_BURN_IN,INST_02,CH_05,VALID,0,,2.0,synthetic
L11_C013,L11,iddq,24,0.5461677160645433,mA,125.0,STATIC_BURN_IN,INST_02,CH_05,VALID,0,,2.0,synthetic
L11_C013,L11,iddq,96,0.5387397670194645,mA,125.0,STATIC_BURN_IN,INST_02,CH_05,VALID,0,,2.0,synthetic
L11_C013,L11,iddq,168,0.5280881630050488,mA,125.0,STATIC_BURN_IN,INST_02,CH_05,VALID,0,,2.0,synthetic
L11_C013,L11,propagation_delay,0,5.063105828659879,ns,125.0,STATIC_BURN_IN,INST_02,CH_05,VALID,0,,8.0,synthetic
L11_C013,L11,propagation_delay,24,4.997803156261232,ns,125.0,STATIC_BURN_IN,INST_02,CH_05,VALID,0,,8.0,synthetic
L11_C013,L11,propagation_delay,96,5.251117093744527,ns,125.0,STATIC_BURN_IN,INST_02,CH_05,VALID,0,,8.0,synthetic
L11_C013,L11,propagation_delay,168,5.128138514644421,ns,125.0,STATIC_BURN_IN,INST_02,CH_05,VALID,0,,8.0,synthetic
L11_C014,L11,leakage_current,0,9.213129653776173,uA,125.0,STATIC_BURN_IN,INST_02,CH_06,VALID,2,,50.0,synthetic
L11_C014,L11,leakage_current,24,9.604503324262293,uA,125.0,STATIC_BURN_IN,INST_02,CH_06,VALID,2,,50.0,synthetic
L11_C014,L11,leakage_current,96,9.933818214915437,uA,125.0,STATIC_BURN_IN,INST_02,CH_06,VALID,2,,50.0,synthetic
L11_C014,L11,leakage_current,168,9.49759921424997,uA,125.0,STATIC_BURN_IN,INST_02,CH_06,VALID,2,,50.0,synthetic
L11_C014,L11,iddq,0,0.4448147069061359,mA,125.0,STATIC_BURN_IN,INST_02,CH_06,VALID,2,,2.0,synthetic
L11_C014,L11,iddq,24,0.43191008548580306,mA,125.0,STATIC_BURN_IN,INST_02,CH_06,VALID,2,,2.0,synthetic
L11_C014,L11,iddq,96,0.4329539838766048,mA,125.0,STATIC_BURN_IN,INST_02,CH_06,VALID,2,,2.0,synthetic
L11_C014,L11,iddq,168,0.4351371125206806,mA,125.0,STATIC_BURN_IN,INST_02,CH_06,VALID,2,,2.0,synthetic
L11_C014,L11,propagation_delay,0,4.556156658112737,ns,125.0,STATIC_BURN_IN,INST_02,CH_06,VALID,2,,8.0,synthetic
L11_C014,L11,propagation_delay,24,4.456741464690203,ns,125.0,STATIC_BURN_IN,INST_02,CH_06,VALID,2,,8.0,synthetic
L11_C014,L11,propagation_delay,96,4.549869570880688,ns,125.0,STATIC_BURN_IN,INST_02,CH_06,VALID,2,,8.0,synthetic
L11_C014,L11,propagation_delay,168,4.626289478597454,ns,125.0,STATIC_BURN_IN,INST_02,CH_06,VALID,2,,8.0,synthetic
L11_C015,L11,leakage_current,0,8.392779437156562,uA,125.0,STATIC_BURN_IN,INST_02,CH_07,VALID,0,,50.0,synthetic
L11_C015,L11,leakage_current,24,8.390973326199894,uA,125.0,STATIC_BURN_IN,INST_02,CH_07,VALID,0,,50.0,synthetic
L11_C015,L11,leakage_current,96,8.334275335152688,uA,125.0,STATIC_BURN_IN,INST_02,CH_07,VALID,0,,50.0,synthetic
L11_C015,L11,leakage_current,168,8.394807469974666,uA,125.0,STATIC_BURN_IN,INST_02,CH_07,VALID,0,,50.0,synthetic
L11_C015,L11,iddq,0,0.37220461213024375,mA,125.0,STATIC_BURN_IN,INST_02,CH_07,VALID,0,,2.0,synthetic
L11_C015,L11,iddq,24,0.3714280289881127,mA,125.0,STATIC_BURN_IN,INST_02,CH_07,VALID,0,,2.0,synthetic
L11_C015,L11,iddq,96,0.3802482063421327,mA,125.0,STATIC_BURN_IN,INST_02,CH_07,VALID,0,,2.0,synthetic
L11_C015,L11,iddq,168,0.3644467903371272,mA,125.0,STATIC_BURN_IN,INST_02,CH_07,VALID,0,,2.0,synthetic
L11_C015,L11,propagation_delay,0,4.698987592924442,ns,125.0,STATIC_BURN_IN,INST_02,CH_07,VALID,0,,8.0,synthetic
L11_C015,L11,propagation_delay,24,4.930559711120252,ns,125.0,STATIC_BURN_IN,INST_02,CH_07,VALID,0,,8.0,synthetic
L11_C015,L11,propagation_delay,96,4.863691471169639,ns,125.0,STATIC_BURN_IN,INST_02,CH_07,VALID,0,,8.0,synthetic
L11_C015,L11,propagation_delay,168,4.98517762731645,ns,125.0,STATIC_BURN_IN,INST_02,CH_07,VALID,0,,8.0,synthetic
L11_C016,L11,leakage_current,0,7.11118855354317,uA,125.0,STATIC_BURN_IN,INST_02,CH_08,VALID,0,,50.0,synthetic
L11_C016,L11,leakage_current,24,6.750034240442936,uA,125.0,STATIC_BURN_IN,INST_02,CH_08,VALID,0,,50.0,synthetic
L11_C016,L11,leakage_current,96,6.931315484370944,uA,125.0,STATIC_BURN_IN,INST_02,CH_08,VALID,0,,50.0,synthetic
L11_C016,L11,leakage_current,168,6.74718273412783,uA,125.0,STATIC_BURN_IN,INST_02,CH_08,VALID,0,,50.0,synthetic
L11_C016,L11,iddq,0,0.5352337811176647,mA,125.0,STATIC_BURN_IN,INST_02,CH_08,VALID,0,,2.0,synthetic
L11_C016,L11,iddq,24,0.5675624001281812,mA,125.0,STATIC_BURN_IN,INST_02,CH_08,VALID,0,,2.0,synthetic
L11_C016,L11,iddq,96,0.5632263713227272,mA,125.0,STATIC_BURN_IN,INST_02,CH_08,VALID,0,,2.0,synthetic
L11_C016,L11,iddq,168,0.5663854859414365,mA,125.0,STATIC_BURN_IN,INST_02,CH_08,VALID,0,,2.0,synthetic
L11_C016,L11,propagation_delay,0,4.6895479247797995,ns,125.0,STATIC_BURN_IN,INST_02,CH_08,VALID,0,,8.0,synthetic
L11_C016,L11,propagation_delay,24,4.749398178415084,ns,125.0,STATIC_BURN_IN,INST_02,CH_08,VALID,0,,8.0,synthetic
L11_C016,L11,propagation_delay,96,4.619897304731906,ns,125.0,STATIC_BURN_IN,INST_02,CH_08,VALID,0,,8.0,synthetic
L11_C016,L11,propagation_delay,168,4.575252271641591,ns,125.0,STATIC_BURN_IN,INST_02,CH_08,VALID,0,,8.0,synthetic
L11_C017,L11,leakage_current,0,12.357566029625893,uA,125.0,STATIC_BURN_IN,INST_01,CH_01,VALID,0,,50.0,synthetic
L11_C017,L11,leakage_current,24,12.351973498212146,uA,125.0,STATIC_BURN_IN,INST_01,CH_01,VALID,0,,50.0,synthetic
L11_C017,L11,leakage_current,96,12.794158557699047,uA,125.0,STATIC_BURN_IN,INST_01,CH_01,VALID,0,,50.0,synthetic
L11_C017,L11,leakage_current,168,12.845966941384846,uA,125.0,STATIC_BURN_IN,INST_01,CH_01,VALID,0,,50.0,synthetic
L11_C017,L11,iddq,0,0.5769636313308737,mA,125.0,STATIC_BURN_IN,INST_01,CH_01,VALID,0,,2.0,synthetic
L11_C017,L11,iddq,24,0.5865912636017104,mA,125.0,STATIC_BURN_IN,INST_01,CH_01,VALID,0,,2.0,synthetic
L11_C017,L11,iddq,96,0.5713110213817708,mA,125.0,STATIC_BURN_IN,INST_01,CH_01,VALID,0,,2.0,synthetic
L11_C017,L11,iddq,168,0.5784032847169769,mA,125.0,STATIC_BURN_IN,INST_01,CH_01,VALID,0,,2.0,synthetic
L11_C017,L11,propagation_delay,0,4.412112273962448,ns,125.0,STATIC_BURN_IN,INST_01,CH_01,VALID,0,,8.0,synthetic
L11_C017,L11,propagation_delay,24,4.408076426050203,ns,125.0,STATIC_BURN_IN,INST_01,CH_01,VALID,0,,8.0,synthetic
L11_C017,L11,propagation_delay,96,4.433175475821967,ns,125.0,STATIC_BURN_IN,INST_01,CH_01,VALID,0,,8.0,synthetic
L11_C017,L11,propagation_delay,168,4.2176989172789785,ns,125.0,STATIC_BURN_IN,INST_01,CH_01,VALID,0,,8.0,synthetic
L11_C018,L11,leakage_current,0,11.09349287028565,uA,125.0,STATIC_BURN_IN,INST_01,CH_02,VALID,0,,50.0,synthetic
L11_C018,L11,leakage_current,24,11.471223039566413,uA,125.0,STATIC_BURN_IN,INST_01,CH_02,VALID,0,,50.0,synthetic
L11_C018,L11,leakage_current,96,11.625092950783678,uA,125.0,STATIC_BURN_IN,INST_01,CH_02,VALID,0,,50.0,synthetic
L11_C018,L11,leakage_current,168,11.385567546618772,uA,125.0,STATIC_BURN_IN,INST_01,CH_02,VALID,0,,50.0,synthetic
L11_C018,L11,iddq,0,0.4388312596671477,mA,125.0,STATIC_BURN_IN,INST_01,CH_02,VALID,0,,2.0,synthetic
L11_C018,L11,iddq,24,0.4329195831139775,mA,125.0,STATIC_BURN_IN,INST_01,CH_02,VALID,0,,2.0,synthetic
L11_C018,L11,iddq,96,0.4301135685376701,mA,125.0,STATIC_BURN_IN,INST_01,CH_02,VALID,0,,2.0,synthetic
L11_C018,L11,iddq,168,0.43012614968056134,mA,125.0,STATIC_BURN_IN,INST_01,CH_02,VALID,0,,2.0,synthetic
L11_C018,L11,propagation_delay,0,5.3913431151342825,ns,125.0,STATIC_BURN_IN,INST_01,CH_02,VALID,0,,8.0,synthetic
L11_C018,L11,propagation_delay,24,5.360404385872279,ns,125.0,STATIC_BURN_IN,INST_01,CH_02,VALID,0,,8.0,synthetic
L11_C018,L11,propagation_delay,96,5.316427650833815,ns,125.0,STATIC_BURN_IN,INST_01,CH_02,VALID,0,,8.0,synthetic
L11_C018,L11,propagation_delay,168,5.2260341623317625,ns,125.0,STATIC_BURN_IN,INST_01,CH_02,VALID,0,,8.0,synthetic
L11_C019,L11,leakage_current,0,9.350236274678887,uA,125.0,STATIC_BURN_IN,INST_01,CH_03,VALID,0,,50.0,synthetic
L11_C019,L11,leakage_current,24,9.161837016619323,uA,125.0,STATIC_BURN_IN,INST_01,CH_03,VALID,0,,50.0,synthetic
L11_C019,L11,leakage_current,96,8.759985797081818,uA,125.0,STATIC_BURN_IN,INST_01,CH_03,VALID,0,,50.0,synthetic
L11_C019,L11,leakage_current,168,9.265305954056796,uA,125.0,STATIC_BURN_IN,INST_01,CH_03,VALID,0,,50.0,synthetic
L11_C019,L11,iddq,0,0.516959272383923,mA,125.0,STATIC_BURN_IN,INST_01,CH_03,VALID,0,,2.0,synthetic
L11_C019,L11,iddq,24,0.5131289636715636,mA,125.0,STATIC_BURN_IN,INST_01,CH_03,VALID,0,,2.0,synthetic
L11_C019,L11,iddq,96,0.513300250867334,mA,125.0,STATIC_BURN_IN,INST_01,CH_03,VALID,0,,2.0,synthetic
L11_C019,L11,iddq,168,0.5247167400831351,mA,125.0,STATIC_BURN_IN,INST_01,CH_03,VALID,0,,2.0,synthetic
L11_C019,L11,propagation_delay,0,5.023109018916282,ns,125.0,STATIC_BURN_IN,INST_01,CH_03,VALID,0,,8.0,synthetic
L11_C019,L11,propagation_delay,24,4.977739539048244,ns,125.0,STATIC_BURN_IN,INST_01,CH_03,VALID,0,,8.0,synthetic
L11_C019,L11,propagation_delay,96,5.083195648970431,ns,125.0,STATIC_BURN_IN,INST_01,CH_03,VALID,0,,8.0,synthetic
L11_C019,L11,propagation_delay,168,5.020663328820209,ns,125.0,STATIC_BURN_IN,INST_01,CH_03,VALID,0,,8.0,synthetic
L11_C020,L11,leakage_current,0,11.742943026646094,uA,125.0,STATIC_BURN_IN,INST_01,CH_04,VALID,0,,50.0,synthetic
L11_C020,L11,leakage_current,24,11.571885852592839,uA,125.0,STATIC_BURN_IN,INST_01,CH_04,VALID,0,,50.0,synthetic
L11_C020,L11,leakage_current,96,11.920333236979364,uA,125.0,STATIC_BURN_IN,INST_01,CH_04,VALID,0,,50.0,synthetic
L11_C020,L11,leakage_current,168,11.595280018737222,uA,125.0,STATIC_BURN_IN,INST_01,CH_04,VALID,0,,50.0,synthetic
L11_C020,L11,iddq,0,0.6467750779103574,mA,125.0,STATIC_BURN_IN,INST_01,CH_04,VALID,0,,2.0,synthetic
L11_C020,L11,iddq,24,0.6138829141506533,mA,125.0,STATIC_BURN_IN,INST_01,CH_04,VALID,0,,2.0,synthetic
L11_C020,L11,iddq,96,0.6279008484028902,mA,125.0,STATIC_BURN_IN,INST_01,CH_04,VALID,0,,2.0,synthetic
L11_C020,L11,iddq,168,0.625579586037338,mA,125.0,STATIC_BURN_IN,INST_01,CH_04,VALID,0,,2.0,synthetic
L11_C020,L11,propagation_delay,0,5.18477855623438,ns,125.0,STATIC_BURN_IN,INST_01,CH_04,VALID,0,,8.0,synthetic
L11_C020,L11,propagation_delay,24,5.3524079236813735,ns,125.0,STATIC_BURN_IN,INST_01,CH_04,VALID,0,,8.0,synthetic
L11_C020,L11,propagation_delay,96,5.179616856485033,ns,125.0,STATIC_BURN_IN,INST_01,CH_04,VALID,0,,8.0,synthetic
L11_C020,L11,propagation_delay,168,5.423865711071801,ns,125.0,STATIC_BURN_IN,INST_01,CH_04,VALID,0,,8.0,synthetic
L11_C021,L11,leakage_current,0,11.621107112678569,uA,125.0,STATIC_BURN_IN,INST_01,CH_05,VALID,0,,50.0,synthetic
L11_C021,L11,leakage_current,24,11.615457326043343,uA,125.0,STATIC_BURN_IN,INST_01,CH_05,VALID,0,,50.0,synthetic
L11_C021,L11,leakage_current,96,11.508847524620847,uA,125.0,STATIC_BURN_IN,INST_01,CH_05,VALID,0,,50.0,synthetic
L11_C021,L11,leakage_current,168,11.575335963537794,uA,125.0,STATIC_BURN_IN,INST_01,CH_05,VALID,0,,50.0,synthetic
L11_C021,L11,iddq,0,0.537649819342118,mA,125.0,STATIC_BURN_IN,INST_01,CH_05,VALID,0,,2.0,synthetic
L11_C021,L11,iddq,24,0.5270639422276915,mA,125.0,STATIC_BURN_IN,INST_01,CH_05,VALID,0,,2.0,synthetic
L11_C021,L11,iddq,96,0.5301730620155067,mA,125.0,STATIC_BURN_IN,INST_01,CH_05,VALID,0,,2.0,synthetic
L11_C021,L11,iddq,168,0.5086010678287511,mA,125.0,STATIC_BURN_IN,INST_01,CH_05,VALID,0,,2.0,synthetic
L11_C021,L11,propagation_delay,0,5.2886230601348485,ns,125.0,STATIC_BURN_IN,INST_01,CH_05,VALID,0,,8.0,synthetic
L11_C021,L11,propagation_delay,24,5.317845373681318,ns,125.0,STATIC_BURN_IN,INST_01,CH_05,VALID,0,,8.0,synthetic
L11_C021,L11,propagation_delay,96,5.139795394849603,ns,125.0,STATIC_BURN_IN,INST_01,CH_05,VALID,0,,8.0,synthetic
L11_C021,L11,propagation_delay,168,5.0397588548681345,ns,125.0,STATIC_BURN_IN,INST_01,CH_05,VALID,0,,8.0,synthetic
L11_C022,L11,leakage_current,0,6.646547241265452,uA,125.0,STATIC_BURN_IN,INST_01,CH_06,VALID,0,,50.0,synthetic
L11_C022,L11,leakage_current,24,6.8723226622104,uA,125.0,STATIC_BURN_IN,INST_01,CH_06,VALID,0,,50.0,synthetic
L11_C022,L11,leakage_current,96,6.820341134136804,uA,125.0,STATIC_BURN_IN,INST_01,CH_06,VALID,0,,50.0,synthetic
L11_C022,L11,leakage_current,168,181.87336442322135,uA,125.0,STATIC_BURN_IN,INST_01,CH_06,VALID,0,,50.0,synthetic
L11_C022,L11,iddq,0,0.49217964436300204,mA,125.0,STATIC_BURN_IN,INST_01,CH_06,VALID,0,,2.0,synthetic
L11_C022,L11,iddq,24,0.4730760558063557,mA,125.0,STATIC_BURN_IN,INST_01,CH_06,VALID,0,,2.0,synthetic
L11_C022,L11,iddq,96,14.014055512755334,mA,125.0,STATIC_BURN_IN,INST_01,CH_06,VALID,0,,2.0,synthetic
L11_C022,L11,iddq,168,14.658183296731037,mA,125.0,STATIC_BURN_IN,INST_01,CH_06,VALID,0,,2.0,synthetic
L11_C022,L11,propagation_delay,0,5.065629889816107,ns,125.0,STATIC_BURN_IN,INST_01,CH_06,VALID,0,,8.0,synthetic
L11_C022,L11,propagation_delay,24,5.090131663824874,ns,125.0,STATIC_BURN_IN,INST_01,CH_06,VALID,0,,8.0,synthetic
L11_C022,L11,propagation_delay,96,12.256031753254462,ns,125.0,STATIC_BURN_IN,INST_01,CH_06,VALID,0,,8.0,synthetic
L11_C022,L11,propagation_delay,168,12.417764701897005,ns,125.0,STATIC_BURN_IN,INST_01,CH_06,VALID,0,,8.0,synthetic
L11_C023,L11,leakage_current,0,9.859272958292584,uA,125.0,STATIC_BURN_IN,INST_01,CH_07,VALID,0,,50.0,synthetic
L11_C023,L11,leakage_current,24,9.890094968520955,uA,125.0,STATIC_BURN_IN,INST_01,CH_07,VALID,0,,50.0,synthetic
L11_C023,L11,leakage_current,96,9.319570597104411,uA,125.0,STATIC_BURN_IN,INST_01,CH_07,VALID,0,,50.0,synthetic
L11_C023,L11,leakage_current,168,9.855086336178783,uA,125.0,STATIC_BURN_IN,INST_01,CH_07,VALID,0,,50.0,synthetic
L11_C023,L11,iddq,0,0.431696724276667,mA,125.0,STATIC_BURN_IN,INST_01,CH_07,VALID,0,,2.0,synthetic
L11_C023,L11,iddq,24,0.4279991518369552,mA,125.0,STATIC_BURN_IN,INST_01,CH_07,VALID,0,,2.0,synthetic
L11_C023,L11,iddq,96,0.43876815192739327,mA,125.0,STATIC_BURN_IN,INST_01,CH_07,VALID,0,,2.0,synthetic
L11_C023,L11,iddq,168,0.4295703733555636,mA,125.0,STATIC_BURN_IN,INST_01,CH_07,VALID,0,,2.0,synthetic
L11_C023,L11,propagation_delay,0,4.561993549388222,ns,125.0,STATIC_BURN_IN,INST_01,CH_07,VALID,0,,8.0,synthetic
L11_C023,L11,propagation_delay,24,4.563880931170838,ns,125.0,STATIC_BURN_IN,INST_01,CH_07,VALID,0,,8.0,synthetic
L11_C023,L11,propagation_delay,96,4.711809131080328,ns,125.0,STATIC_BURN_IN,INST_01,CH_07,VALID,0,,8.0,synthetic
L11_C023,L11,propagation_delay,168,4.701123637807157,ns,125.0,STATIC_BURN_IN,INST_01,CH_07,VALID,0,,8.0,synthetic
L11_C024,L11,leakage_current,0,11.2873087797285,uA,125.0,STATIC_BURN_IN,INST_01,CH_08,VALID,0,,50.0,synthetic
L11_C024,L11,leakage_current,24,11.333313349333986,uA,125.0,STATIC_BURN_IN,INST_01,CH_08,VALID,0,,50.0,synthetic
L11_C024,L11,leakage_current,96,11.012051591553638,uA,125.0,STATIC_BURN_IN,INST_01,CH_08,VALID,0,,50.0,synthetic
L11_C024,L11,leakage_current,168,10.933730678627025,uA,125.0,STATIC_BURN_IN,INST_01,CH_08,VALID,0,,50.0,synthetic
L11_C024,L11,iddq,0,0.49486635959317127,mA,125.0,STATIC_BURN_IN,INST_01,CH_08,VALID,0,,2.0,synthetic
L11_C024,L11,iddq,24,0.49757838537078414,mA,125.0,STATIC_BURN_IN,INST_01,CH_08,VALID,0,,2.0,synthetic
L11_C024,L11,iddq,96,0.4816736254026009,mA,125.0,STATIC_BURN_IN,INST_01,CH_08,VALID,0,,2.0,synthetic
L11_C024,L11,iddq,168,0.5066795868861182,mA,125.0,STATIC_BURN_IN,INST_01,CH_08,VALID,0,,2.0,synthetic
L11_C024,L11,propagation_delay,0,5.165276759568081,ns,125.0,STATIC_BURN_IN,INST_01,CH_08,VALID,0,,8.0,synthetic
L11_C024,L11,propagation_delay,24,5.350745202135562,ns,125.0,STATIC_BURN_IN,INST_01,CH_08,VALID,0,,8.0,synthetic
L11_C024,L11,propagation_delay,96,5.195063282343526,ns,125.0,STATIC_BURN_IN,INST_01,CH_08,VALID,0,,8.0,synthetic
L11_C024,L11,propagation_delay,168,5.3321042956047995,ns,125.0,STATIC_BURN_IN,INST_01,CH_08,VALID,0,,8.0,synthetic
L11_C025,L11,leakage_current,0,9.009335262472089,uA,125.0,STATIC_BURN_IN,INST_02,CH_01,VALID,0,,50.0,synthetic
L11_C025,L11,leakage_current,24,9.001724406887288,uA,125.0,STATIC_BURN_IN,INST_02,CH_01,VALID,0,,50.0,synthetic
L11_C025,L11,leakage_current,96,9.09152081466035,uA,125.0,STATIC_BURN_IN,INST_02,CH_01,VALID,0,,50.0,synthetic
L11_C025,L11,leakage_current,168,8.949331395964292,uA,125.0,STATIC_BURN_IN,INST_02,CH_01,VALID,0,,50.0,synthetic
L11_C025,L11,iddq,0,0.5336841948957353,mA,125.0,STATIC_BURN_IN,INST_02,CH_01,VALID,0,,2.0,synthetic
L11_C025,L11,iddq,24,0.4892192549455496,mA,125.0,STATIC_BURN_IN,INST_02,CH_01,VALID,0,,2.0,synthetic
L11_C025,L11,iddq,96,0.4992222093294905,mA,125.0,STATIC_BURN_IN,INST_02,CH_01,VALID,0,,2.0,synthetic
L11_C025,L11,iddq,168,0.5072403333598017,mA,125.0,STATIC_BURN_IN,INST_02,CH_01,VALID,0,,2.0,synthetic
L11_C025,L11,propagation_delay,0,4.762463448852667,ns,125.0,STATIC_BURN_IN,INST_02,CH_01,VALID,0,,8.0,synthetic
L11_C025,L11,propagation_delay,24,4.79953784996204,ns,125.0,STATIC_BURN_IN,INST_02,CH_01,VALID,0,,8.0,synthetic
L11_C025,L11,propagation_delay,96,4.768614975622516,ns,125.0,STATIC_BURN_IN,INST_02,CH_01,VALID,0,,8.0,synthetic
L11_C025,L11,propagation_delay,168,4.925322517745387,ns,125.0,STATIC_BURN_IN,INST_02,CH_01,VALID,0,,8.0,synthetic
L11_C026,L11,leakage_current,0,8.036341930809664,uA,125.0,STATIC_BURN_IN,INST_02,CH_02,VALID,0,,50.0,synthetic
L11_C026,L11,leakage_current,24,8.342922916945042,uA,125.0,STATIC_BURN_IN,INST_02,CH_02,VALID,0,,50.0,synthetic
L11_C026,L11,leakage_current,96,7.982550409172949,uA,125.0,STATIC_BURN_IN,INST_02,CH_02,VALID,0,,50.0,synthetic
L11_C026,L11,leakage_current,168,8.090173844227554,uA,125.0,STATIC_BURN_IN,INST_02,CH_02,VALID,0,,50.0,synthetic
L11_C026,L11,iddq,0,0.6485669584117029,mA,125.0,STATIC_BURN_IN,INST_02,CH_02,VALID,0,,2.0,synthetic
L11_C026,L11,iddq,24,0.6510291883758024,mA,125.0,STATIC_BURN_IN,INST_02,CH_02,VALID,0,,2.0,synthetic
L11_C026,L11,iddq,96,0.6697859310853606,mA,125.0,STATIC_BURN_IN,INST_02,CH_02,VALID,0,,2.0,synthetic
L11_C026,L11,iddq,168,0.6457386589397832,mA,125.0,STATIC_BURN_IN,INST_02,CH_02,VALID,0,,2.0,synthetic
L11_C026,L11,propagation_delay,0,4.649185895074106,ns,125.0,STATIC_BURN_IN,INST_02,CH_02,VALID,0,,8.0,synthetic
L11_C026,L11,propagation_delay,24,4.589595867273014,ns,125.0,STATIC_BURN_IN,INST_02,CH_02,VALID,0,,8.0,synthetic
L11_C026,L11,propagation_delay,168,4.73365940074314,ns,125.0,STATIC_BURN_IN,INST_02,CH_02,VALID,0,,8.0,synthetic
L11_C027,L11,leakage_current,0,11.07188704421294,uA,125.0,STATIC_BURN_IN,INST_02,CH_03,VALID,0,,50.0,synthetic
L11_C027,L11,leakage_current,24,10.769912966220678,uA,125.0,STATIC_BURN_IN,INST_02,CH_03,VALID,0,,50.0,synthetic
L11_C027,L11,leakage_current,96,10.52945521586721,uA,125.0,STATIC_BURN_IN,INST_02,CH_03,VALID,0,,50.0,synthetic
L11_C027,L11,leakage_current,168,10.612263830645219,uA,125.0,STATIC_BURN_IN,INST_02,CH_03,VALID,0,,50.0,synthetic
L11_C027,L11,iddq,0,0.5690186717295834,mA,125.0,STATIC_BURN_IN,INST_02,CH_03,VALID,0,,2.0,synthetic
L11_C027,L11,iddq,24,0.5858690615514094,mA,125.0,STATIC_BURN_IN,INST_02,CH_03,VALID,0,,2.0,synthetic
L11_C027,L11,iddq,96,0.5905774423595322,mA,125.0,STATIC_BURN_IN,INST_02,CH_03,VALID,0,,2.0,synthetic
L11_C027,L11,iddq,168,0.5798150785485844,mA,125.0,STATIC_BURN_IN,INST_02,CH_03,VALID,0,,2.0,synthetic
L11_C027,L11,propagation_delay,0,5.007764029222972,ns,125.0,STATIC_BURN_IN,INST_02,CH_03,VALID,0,,8.0,synthetic
L11_C027,L11,propagation_delay,24,5.284131283610585,ns,125.0,STATIC_BURN_IN,INST_02,CH_03,VALID,0,,8.0,synthetic
L11_C027,L11,propagation_delay,96,5.271648222510054,ns,125.0,STATIC_BURN_IN,INST_02,CH_03,VALID,0,,8.0,synthetic
L11_C027,L11,propagation_delay,168,5.214083903998575,ns,125.0,STATIC_BURN_IN,INST_02,CH_03,VALID,0,,8.0,synthetic
L11_C028,L11,leakage_current,0,12.917056157464659,uA,125.0,STATIC_BURN_IN,INST_02,CH_04,VALID,0,,50.0,synthetic
L11_C028,L11,leakage_current,24,13.196961186513088,uA,125.0,STATIC_BURN_IN,INST_02,CH_04,VALID,0,,50.0,synthetic
L11_C028,L11,leakage_current,96,12.555683153416433,uA,125.0,STATIC_BURN_IN,INST_02,CH_04,VALID,0,,50.0,synthetic
L11_C028,L11,leakage_current,168,13.423190917134466,uA,125.0,STATIC_BURN_IN,INST_02,CH_04,VALID,0,,50.0,synthetic
L11_C028,L11,iddq,0,0.45967397032553864,mA,125.0,STATIC_BURN_IN,INST_02,CH_04,VALID,0,,2.0,synthetic
L11_C028,L11,iddq,24,0.4568119537567171,mA,125.0,STATIC_BURN_IN,INST_02,CH_04,VALID,0,,2.0,synthetic
L11_C028,L11,iddq,96,0.4526049027638709,mA,125.0,STATIC_BURN_IN,INST_02,CH_04,VALID,0,,2.0,synthetic
L11_C028,L11,iddq,168,0.4501711416981314,mA,125.0,STATIC_BURN_IN,INST_02,CH_04,VALID,0,,2.0,synthetic
L11_C028,L11,propagation_delay,0,4.773844913559235,ns,125.0,STATIC_BURN_IN,INST_02,CH_04,VALID,0,,8.0,synthetic
L11_C028,L11,propagation_delay,24,4.876331096950774,ns,125.0,STATIC_BURN_IN,INST_02,CH_04,VALID,0,,8.0,synthetic
L11_C028,L11,propagation_delay,96,4.683708588736756,ns,125.0,STATIC_BURN_IN,INST_02,CH_04,VALID,0,,8.0,synthetic
L11_C028,L11,propagation_delay,168,4.823648284283248,ns,125.0,STATIC_BURN_IN,INST_02,CH_04,VALID,0,,8.0,synthetic
L11_C029,L11,leakage_current,0,10.623400613119678,uA,125.0,STATIC_BURN_IN,INST_02,CH_05,VALID,0,,50.0,synthetic
L11_C029,L11,leakage_current,24,10.282991985155375,uA,125.0,STATIC_BURN_IN,INST_02,CH_05,VALID,0,,50.0,synthetic
L11_C029,L11,leakage_current,96,10.523614990666061,uA,125.0,STATIC_BURN_IN,INST_02,CH_05,VALID,0,,50.0,synthetic
L11_C029,L11,leakage_current,168,9.843665207437876,uA,125.0,STATIC_BURN_IN,INST_02,CH_05,VALID,0,,50.0,synthetic
L11_C029,L11,iddq,0,0.6230109702524773,mA,125.0,STATIC_BURN_IN,INST_02,CH_05,VALID,0,,2.0,synthetic
L11_C029,L11,iddq,24,0.6027673997192848,mA,125.0,STATIC_BURN_IN,INST_02,CH_05,VALID,0,,2.0,synthetic
L11_C029,L11,iddq,96,0.582591139010132,mA,125.0,STATIC_BURN_IN,INST_02,CH_05,VALID,0,,2.0,synthetic
L11_C029,L11,iddq,168,0.6153366982421968,mA,125.0,STATIC_BURN_IN,INST_02,CH_05,VALID,0,,2.0,synthetic
L11_C029,L11,propagation_delay,0,5.139961626896595,ns,125.0,STATIC_BURN_IN,INST_02,CH_05,VALID,0,,8.0,synthetic
L11_C029,L11,propagation_delay,24,4.803269607925779,ns,125.0,STATIC_BURN_IN,INST_02,CH_05,VALID,0,,8.0,synthetic
L11_C029,L11,propagation_delay,96,5.022837175665148,ns,125.0,STATIC_BURN_IN,INST_02,CH_05,VALID,0,,8.0,synthetic
L11_C029,L11,propagation_delay,168,4.869125852583332,ns,125.0,STATIC_BURN_IN,INST_02,CH_05,VALID,0,,8.0,synthetic
L11_C030,L11,leakage_current,0,7.320145141099264,uA,125.0,STATIC_BURN_IN,INST_02,CH_06,VALID,2,,50.0,synthetic
L11_C030,L11,leakage_current,24,7.498483509290628,uA,125.0,STATIC_BURN_IN,INST_02,CH_06,VALID,2,,50.0,synthetic
L11_C030,L11,leakage_current,96,7.328609605383762,uA,125.0,STATIC_BURN_IN,INST_02,CH_06,VALID,2,,50.0,synthetic
L11_C030,L11,leakage_current,168,7.387749411796553,uA,125.0,STATIC_BURN_IN,INST_02,CH_06,VALID,2,,50.0,synthetic
L11_C030,L11,iddq,0,0.633224997399549,mA,125.0,STATIC_BURN_IN,INST_02,CH_06,VALID,2,,2.0,synthetic
L11_C030,L11,iddq,24,0.6278773847871941,mA,125.0,STATIC_BURN_IN,INST_02,CH_06,VALID,2,,2.0,synthetic
L11_C030,L11,iddq,96,0.6174300720680531,mA,125.0,STATIC_BURN_IN,INST_02,CH_06,VALID,2,,2.0,synthetic
L11_C030,L11,iddq,168,0.6356041576614309,mA,125.0,STATIC_BURN_IN,INST_02,CH_06,VALID,2,,2.0,synthetic
L11_C030,L11,propagation_delay,0,4.754789321115829,ns,125.0,STATIC_BURN_IN,INST_02,CH_06,VALID,2,,8.0,synthetic
L11_C030,L11,propagation_delay,24,4.6868263221785895,ns,125.0,STATIC_BURN_IN,INST_02,CH_06,VALID,2,,8.0,synthetic
L11_C030,L11,propagation_delay,96,4.856259802956763,ns,125.0,STATIC_BURN_IN,INST_02,CH_06,VALID,2,,8.0,synthetic
L11_C030,L11,propagation_delay,168,4.757548106283746,ns,125.0,STATIC_BURN_IN,INST_02,CH_06,VALID,2,,8.0,synthetic
L12_C001,L12,leakage_current,0,19.882683661912456,uA,125.0,STATIC_BURN_IN,INST_01,CH_01,VALID,0,,50.0,synthetic
L12_C001,L12,leakage_current,24,19.701162594878717,uA,125.0,STATIC_BURN_IN,INST_01,CH_01,VALID,0,,50.0,synthetic
L12_C001,L12,leakage_current,96,19.60356836692698,uA,125.0,STATIC_BURN_IN,INST_01,CH_01,VALID,0,,50.0,synthetic
L12_C001,L12,leakage_current,168,20.73239470608123,uA,125.0,STATIC_BURN_IN,INST_01,CH_01,VALID,0,,50.0,synthetic
L12_C001,L12,iddq,0,0.798966051042972,mA,125.0,STATIC_BURN_IN,INST_01,CH_01,VALID,0,,2.0,synthetic
L12_C001,L12,iddq,24,0.8085133243122243,mA,125.0,STATIC_BURN_IN,INST_01,CH_01,VALID,0,,2.0,synthetic
L12_C001,L12,iddq,96,0.839311535226952,mA,125.0,STATIC_BURN_IN,INST_01,CH_01,VALID,0,,2.0,synthetic
L12_C001,L12,iddq,168,0.8269740156255034,mA,125.0,STATIC_BURN_IN,INST_01,CH_01,VALID,0,,2.0,synthetic
L12_C001,L12,propagation_delay,0,5.896601869161473,ns,125.0,STATIC_BURN_IN,INST_01,CH_01,VALID,0,,8.0,synthetic
L12_C001,L12,propagation_delay,24,5.947598053308372,ns,125.0,STATIC_BURN_IN,INST_01,CH_01,VALID,0,,8.0,synthetic
L12_C001,L12,propagation_delay,96,5.906628354789379,ns,125.0,STATIC_BURN_IN,INST_01,CH_01,VALID,0,,8.0,synthetic
L12_C001,L12,propagation_delay,168,5.977883121487629,ns,125.0,STATIC_BURN_IN,INST_01,CH_01,VALID,0,,8.0,synthetic
L12_C002,L12,leakage_current,0,11.816884949369744,uA,125.0,STATIC_BURN_IN,INST_01,CH_02,VALID,0,,50.0,synthetic
L12_C002,L12,leakage_current,24,12.263702354634336,uA,125.0,STATIC_BURN_IN,INST_01,CH_02,VALID,0,,50.0,synthetic
L12_C002,L12,leakage_current,96,12.195285260020244,uA,125.0,STATIC_BURN_IN,INST_01,CH_02,VALID,0,,50.0,synthetic
L12_C002,L12,leakage_current,168,11.997181181417085,uA,125.0,STATIC_BURN_IN,INST_01,CH_02,VALID,0,,50.0,synthetic
L12_C002,L12,iddq,0,0.4317372253520216,mA,125.0,STATIC_BURN_IN,INST_01,CH_02,VALID,0,,2.0,synthetic
L12_C002,L12,iddq,24,0.4355855770839193,mA,125.0,STATIC_BURN_IN,INST_01,CH_02,VALID,0,,2.0,synthetic
L12_C002,L12,iddq,96,0.4465064103224977,mA,125.0,STATIC_BURN_IN,INST_01,CH_02,VALID,0,,2.0,synthetic
L12_C002,L12,iddq,168,0.4348127703477085,mA,125.0,STATIC_BURN_IN,INST_01,CH_02,VALID,0,,2.0,synthetic
L12_C002,L12,propagation_delay,0,5.139953063081143,ns,125.0,STATIC_BURN_IN,INST_01,CH_02,VALID,0,,8.0,synthetic
L12_C002,L12,propagation_delay,24,5.139572950752055,ns,125.0,STATIC_BURN_IN,INST_01,CH_02,VALID,0,,8.0,synthetic
L12_C002,L12,propagation_delay,96,4.942205180584124,ns,125.0,STATIC_BURN_IN,INST_01,CH_02,VALID,0,,8.0,synthetic
L12_C002,L12,propagation_delay,168,5.243062594702775,ns,125.0,STATIC_BURN_IN,INST_01,CH_02,VALID,0,,8.0,synthetic
L12_C003,L12,leakage_current,0,12.132660926102417,uA,125.0,STATIC_BURN_IN,INST_01,CH_03,VALID,0,,50.0,synthetic
L12_C003,L12,leakage_current,24,12.582708516006608,uA,125.0,STATIC_BURN_IN,INST_01,CH_03,VALID,0,,50.0,synthetic
L12_C003,L12,leakage_current,96,12.043306671420527,uA,125.0,STATIC_BURN_IN,INST_01,CH_03,VALID,0,,50.0,synthetic
L12_C003,L12,leakage_current,168,12.14325548466613,uA,125.0,STATIC_BURN_IN,INST_01,CH_03,VALID,0,,50.0,synthetic
L12_C003,L12,iddq,0,0.5729443669812104,mA,125.0,STATIC_BURN_IN,INST_01,CH_03,VALID,0,,2.0,synthetic
L12_C003,L12,iddq,24,0.5515083037915307,mA,125.0,STATIC_BURN_IN,INST_01,CH_03,VALID,0,,2.0,synthetic
L12_C003,L12,iddq,96,0.5875748145901433,mA,125.0,STATIC_BURN_IN,INST_01,CH_03,VALID,0,,2.0,synthetic
L12_C003,L12,propagation_delay,0,4.3330095063633625,ns,125.0,STATIC_BURN_IN,INST_01,CH_03,VALID,0,,8.0,synthetic
L12_C003,L12,propagation_delay,24,4.506558861757097,ns,125.0,STATIC_BURN_IN,INST_01,CH_03,VALID,0,,8.0,synthetic
L12_C003,L12,propagation_delay,96,4.576335059025379,ns,125.0,STATIC_BURN_IN,INST_01,CH_03,VALID,0,,8.0,synthetic
L12_C003,L12,propagation_delay,168,4.775817772202547,ns,125.0,STATIC_BURN_IN,INST_01,CH_03,VALID,0,,8.0,synthetic
L12_C004,L12,leakage_current,0,11.42638519404285,uA,125.0,STATIC_BURN_IN,INST_01,CH_04,VALID,0,,50.0,synthetic
L12_C004,L12,leakage_current,24,12.007005392528686,uA,125.0,STATIC_BURN_IN,INST_01,CH_04,VALID,0,,50.0,synthetic
L12_C004,L12,leakage_current,96,11.485754896608178,uA,125.0,STATIC_BURN_IN,INST_01,CH_04,VALID,0,,50.0,synthetic
L12_C004,L12,leakage_current,168,11.69222632169312,uA,125.0,STATIC_BURN_IN,INST_01,CH_04,VALID,0,,50.0,synthetic
L12_C004,L12,iddq,24,0.5012672453743372,mA,125.0,STATIC_BURN_IN,INST_01,CH_04,VALID,0,,2.0,synthetic
L12_C004,L12,iddq,96,0.47963995716957364,mA,125.0,STATIC_BURN_IN,INST_01,CH_04,VALID,0,,2.0,synthetic
L12_C004,L12,iddq,168,0.45035911296915765,mA,125.0,STATIC_BURN_IN,INST_01,CH_04,VALID,0,,2.0,synthetic
L12_C004,L12,propagation_delay,0,5.899386037042089,ns,125.0,STATIC_BURN_IN,INST_01,CH_04,VALID,0,,8.0,synthetic
L12_C004,L12,propagation_delay,24,5.91113258752941,ns,125.0,STATIC_BURN_IN,INST_01,CH_04,VALID,0,,8.0,synthetic
L12_C004,L12,propagation_delay,96,5.7702219973125795,ns,125.0,STATIC_BURN_IN,INST_01,CH_04,VALID,0,,8.0,synthetic
L12_C004,L12,propagation_delay,168,5.802210897556458,ns,125.0,STATIC_BURN_IN,INST_01,CH_04,VALID,0,,8.0,synthetic
L12_C005,L12,leakage_current,0,14.42272141674747,uA,125.0,STATIC_BURN_IN,INST_01,CH_05,VALID,0,,50.0,synthetic
L12_C005,L12,leakage_current,24,13.657412661785129,uA,125.0,STATIC_BURN_IN,INST_01,CH_05,VALID,0,,50.0,synthetic
L12_C005,L12,leakage_current,96,13.445516335141031,uA,125.0,STATIC_BURN_IN,INST_01,CH_05,VALID,0,,50.0,synthetic
L12_C005,L12,leakage_current,168,13.32260831617187,uA,125.0,STATIC_BURN_IN,INST_01,CH_05,VALID,0,,50.0,synthetic
L12_C005,L12,iddq,0,0.6108254669557194,mA,125.0,STATIC_BURN_IN,INST_01,CH_05,VALID,0,,2.0,synthetic
L12_C005,L12,iddq,24,0.5981550600578428,mA,125.0,STATIC_BURN_IN,INST_01,CH_05,VALID,0,,2.0,synthetic
L12_C005,L12,iddq,96,0.6187638502306482,mA,125.0,STATIC_BURN_IN,INST_01,CH_05,VALID,0,,2.0,synthetic
L12_C005,L12,iddq,168,0.6151552322747318,mA,125.0,STATIC_BURN_IN,INST_01,CH_05,VALID,0,,2.0,synthetic
L12_C005,L12,propagation_delay,0,4.610731699397424,ns,125.0,STATIC_BURN_IN,INST_01,CH_05,VALID,0,,8.0,synthetic
L12_C005,L12,propagation_delay,24,4.5982529472832825,ns,125.0,STATIC_BURN_IN,INST_01,CH_05,VALID,0,,8.0,synthetic
L12_C005,L12,propagation_delay,96,4.776133458718252,ns,125.0,STATIC_BURN_IN,INST_01,CH_05,VALID,0,,8.0,synthetic
L12_C005,L12,propagation_delay,168,4.534859214963697,ns,125.0,STATIC_BURN_IN,INST_01,CH_05,VALID,0,,8.0,synthetic
L13_C001,L13,leakage_current,0,12.668500734954161,uA,125.0,STATIC_BURN_IN,INST_01,CH_01,VALID,1,,50.0,synthetic
L13_C001,L13,leakage_current,24,13.43257840961398,uA,125.0,STATIC_BURN_IN,INST_01,CH_01,VALID,1,,50.0,synthetic
L13_C001,L13,leakage_current,168,24.833340332548534,uA,125.0,STATIC_BURN_IN,INST_01,CH_01,VALID,1,,50.0,synthetic
L13_C001,L13,iddq,0,0.7860898547805308,mA,125.0,STATIC_BURN_IN,INST_01,CH_01,VALID,1,,2.0,synthetic
L13_C001,L13,iddq,24,0.9119269368218932,mA,125.0,STATIC_BURN_IN,INST_01,CH_01,VALID,1,,2.0,synthetic
L13_C001,L13,iddq,96,1.1960753478539947,mA,125.0,STATIC_BURN_IN,INST_01,CH_01,VALID,1,,2.0,synthetic
L13_C001,L13,iddq,168,1.5851538249670463,mA,125.0,STATIC_BURN_IN,INST_01,CH_01,VALID,1,,2.0,synthetic
L13_C001,L13,propagation_delay,0,4.939907530089478,ns,125.0,STATIC_BURN_IN,INST_01,CH_01,VALID,1,,8.0,synthetic
L13_C001,L13,propagation_delay,24,5.2247102212699374,ns,125.0,STATIC_BURN_IN,INST_01,CH_01,VALID,1,,8.0,synthetic
L13_C001,L13,propagation_delay,96,5.552496839471923,ns,125.0,STATIC_BURN_IN,INST_01,CH_01,VALID,1,,8.0,synthetic
L13_C001,L13,propagation_delay,168,5.924556571273759,ns,125.0,STATIC_BURN_IN,INST_01,CH_01,VALID,1,,8.0,synthetic
L13_C002,L13,leakage_current,0,10.413183670019269,uA,125.0,STATIC_BURN_IN,INST_01,CH_02,VALID,0,,50.0,synthetic
L13_C002,L13,leakage_current,24,10.668451248376748,uA,125.0,STATIC_BURN_IN,INST_01,CH_02,VALID,0,,50.0,synthetic
L13_C002,L13,leakage_current,96,10.517985041722822,uA,125.0,STATIC_BURN_IN,INST_01,CH_02,VALID,0,,50.0,synthetic
L13_C002,L13,leakage_current,168,10.185681124946631,uA,125.0,STATIC_BURN_IN,INST_01,CH_02,VALID,0,,50.0,synthetic
L13_C002,L13,iddq,0,0.5449990857198898,mA,125.0,STATIC_BURN_IN,INST_01,CH_02,VALID,0,,2.0,synthetic
L13_C002,L13,iddq,24,0.5594387890963183,mA,125.0,STATIC_BURN_IN,INST_01,CH_02,VALID,0,,2.0,synthetic
L13_C002,L13,iddq,96,0.5589233979963136,mA,125.0,STATIC_BURN_IN,INST_01,CH_02,VALID,0,,2.0,synthetic
L13_C002,L13,iddq,168,0.5600373143632064,mA,125.0,STATIC_BURN_IN,INST_01,CH_02,VALID,0,,2.0,synthetic
L13_C002,L13,propagation_delay,0,5.418218184378711,ns,125.0,STATIC_BURN_IN,INST_01,CH_02,VALID,0,,8.0,synthetic
L13_C002,L13,propagation_delay,24,5.692647228982378,ns,125.0,STATIC_BURN_IN,INST_01,CH_02,VALID,0,,8.0,synthetic
L13_C002,L13,propagation_delay,96,5.517644043544305,ns,125.0,STATIC_BURN_IN,INST_01,CH_02,VALID,0,,8.0,synthetic
L13_C002,L13,propagation_delay,168,5.643151082277478,ns,125.0,STATIC_BURN_IN,INST_01,CH_02,VALID,0,,8.0,synthetic
L13_C003,L13,leakage_current,0,16.61761998750599,uA,125.0,STATIC_BURN_IN,INST_01,CH_03,VALID,1,,50.0,synthetic
L13_C003,L13,leakage_current,24,16.663143332260137,uA,125.0,STATIC_BURN_IN,INST_01,CH_03,VALID,1,,50.0,synthetic
L13_C003,L13,leakage_current,96,16.18171531018702,uA,125.0,STATIC_BURN_IN,INST_01,CH_03,VALID,1,,50.0,synthetic
L13_C003,L13,leakage_current,168,16.759710796375952,uA,125.0,STATIC_BURN_IN,INST_01,CH_03,VALID,1,,50.0,synthetic
L13_C003,L13,iddq,0,0.6832979661100191,mA,125.0,STATIC_BURN_IN,INST_01,CH_03,VALID,1,,2.0,synthetic
L13_C003,L13,iddq,24,0.6643984764694548,mA,125.0,STATIC_BURN_IN,INST_01,CH_03,VALID,1,,2.0,synthetic
L13_C003,L13,iddq,96,0.6605446887451877,mA,125.0,STATIC_BURN_IN,INST_01,CH_03,VALID,1,,2.0,synthetic
L13_C003,L13,iddq,168,0.6684698548308808,mA,125.0,STATIC_BURN_IN,INST_01,CH_03,VALID,1,,2.0,synthetic
L13_C003,L13,propagation_delay,0,5.611015214079624,ns,125.0,STATIC_BURN_IN,INST_01,CH_03,VALID,1,,8.0,synthetic
L13_C003,L13,propagation_delay,24,5.644239391028259,ns,125.0,STATIC_BURN_IN,INST_01,CH_03,VALID,1,,8.0,synthetic
L13_C003,L13,propagation_delay,96,5.659044328965015,ns,125.0,STATIC_BURN_IN,INST_01,CH_03,VALID,1,,8.0,synthetic
L13_C003,L13,propagation_delay,168,5.832466853715078,ns,125.0,STATIC_BURN_IN,INST_01,CH_03,VALID,1,,8.0,synthetic
L13_C004,L13,leakage_current,0,11.028043756515544,uA,125.0,STATIC_BURN_IN,INST_01,CH_04,VALID,0,,50.0,synthetic
L13_C004,L13,leakage_current,24,11.44566575702942,uA,125.0,STATIC_BURN_IN,INST_01,CH_04,VALID,0,,50.0,synthetic
L13_C004,L13,leakage_current,96,11.375926056611736,uA,125.0,STATIC_BURN_IN,INST_01,CH_04,VALID,0,,50.0,synthetic
L13_C004,L13,leakage_current,168,10.94827932739587,uA,125.0,STATIC_BURN_IN,INST_01,CH_04,VALID,0,,50.0,synthetic
L13_C004,L13,iddq,0,0.5916660463130293,mA,125.0,STATIC_BURN_IN,INST_01,CH_04,VALID,0,,2.0,synthetic
L13_C004,L13,iddq,24,0.5897254109249817,mA,125.0,STATIC_BURN_IN,INST_01,CH_04,VALID,0,,2.0,synthetic
L13_C004,L13,iddq,96,0.5924612447905123,mA,125.0,STATIC_BURN_IN,INST_01,CH_04,VALID,0,,2.0,synthetic
L13_C004,L13,iddq,168,0.6005478900320145,mA,125.0,STATIC_BURN_IN,INST_01,CH_04,VALID,0,,2.0,synthetic
L13_C004,L13,propagation_delay,0,5.311844128029644,ns,125.0,STATIC_BURN_IN,INST_01,CH_04,VALID,0,,8.0,synthetic
L13_C004,L13,propagation_delay,24,4.991600776115793,ns,125.0,STATIC_BURN_IN,INST_01,CH_04,VALID,0,,8.0,synthetic
L13_C004,L13,propagation_delay,96,4.987626678910598,ns,125.0,STATIC_BURN_IN,INST_01,CH_04,VALID,0,,8.0,synthetic
L13_C004,L13,propagation_delay,168,5.1061907832182225,ns,125.0,STATIC_BURN_IN,INST_01,CH_04,VALID,0,,8.0,synthetic
L13_C005,L13,leakage_current,0,14.90171580266558,uA,125.0,STATIC_BURN_IN,INST_01,CH_05,VALID,0,,50.0,synthetic
L13_C005,L13,leakage_current,24,14.811390082534736,uA,125.0,STATIC_BURN_IN,INST_01,CH_05,VALID,0,,50.0,synthetic
L13_C005,L13,leakage_current,96,15.289770256404003,uA,125.0,STATIC_BURN_IN,INST_01,CH_05,VALID,0,,50.0,synthetic
L13_C005,L13,leakage_current,168,15.406906295041438,uA,125.0,STATIC_BURN_IN,INST_01,CH_05,VALID,0,,50.0,synthetic
L13_C005,L13,iddq,0,0.5241028528737565,mA,125.0,STATIC_BURN_IN,INST_01,CH_05,VALID,0,,2.0,synthetic
L13_C005,L13,iddq,24,0.5291155818094851,mA,125.0,STATIC_BURN_IN,INST_01,CH_05,VALID,0,,2.0,synthetic
L13_C005,L13,iddq,96,0.5221172818632654,mA,125.0,STATIC_BURN_IN,INST_01,CH_05,VALID,0,,2.0,synthetic
L13_C005,L13,iddq,168,0.5157406360508331,mA,125.0,STATIC_BURN_IN,INST_01,CH_05,VALID,0,,2.0,synthetic
L13_C005,L13,propagation_delay,0,5.069071974231835,ns,125.0,STATIC_BURN_IN,INST_01,CH_05,VALID,0,,8.0,synthetic
L13_C005,L13,propagation_delay,24,4.9161802867358295,ns,125.0,STATIC_BURN_IN,INST_01,CH_05,VALID,0,,8.0,synthetic
L13_C005,L13,propagation_delay,96,5.019160807256864,ns,125.0,STATIC_BURN_IN,INST_01,CH_05,VALID,0,,8.0,synthetic
L13_C005,L13,propagation_delay,168,4.977498285639474,ns,125.0,STATIC_BURN_IN,INST_01,CH_05,VALID,0,,8.0,synthetic
L13_C006,L13,leakage_current,0,14.325990903825637,uA,125.0,STATIC_BURN_IN,INST_01,CH_06,VALID,0,,50.0,synthetic
L13_C006,L13,leakage_current,24,13.741547189278295,uA,125.0,STATIC_BURN_IN,INST_01,CH_06,VALID,0,,50.0,synthetic
L13_C006,L13,leakage_current,96,14.640757567703725,uA,125.0,STATIC_BURN_IN,INST_01,CH_06,VALID,0,,50.0,synthetic
L13_C006,L13,leakage_current,168,14.201902913352486,uA,125.0,STATIC_BURN_IN,INST_01,CH_06,VALID,0,,50.0,synthetic
L13_C006,L13,iddq,0,0.6299300491844323,mA,125.0,STATIC_BURN_IN,INST_01,CH_06,VALID,0,,2.0,synthetic
L13_C006,L13,iddq,24,0.6684632922745274,mA,125.0,STATIC_BURN_IN,INST_01,CH_06,VALID,0,,2.0,synthetic
L13_C006,L13,iddq,96,0.6568048415202566,mA,125.0,STATIC_BURN_IN,INST_01,CH_06,VALID,0,,2.0,synthetic
L13_C006,L13,iddq,168,0.6488069233295558,mA,125.0,STATIC_BURN_IN,INST_01,CH_06,VALID,0,,2.0,synthetic
L13_C006,L13,propagation_delay,0,5.561603054854921,ns,125.0,STATIC_BURN_IN,INST_01,CH_06,VALID,0,,8.0,synthetic
L13_C006,L13,propagation_delay,24,5.429031281719976,ns,125.0,STATIC_BURN_IN,INST_01,CH_06,VALID,0,,8.0,synthetic
L13_C006,L13,propagation_delay,96,5.287583488626449,ns,125.0,STATIC_BURN_IN,INST_01,CH_06,VALID,0,,8.0,synthetic
L13_C006,L13,propagation_delay,168,5.443108148501712,ns,125.0,STATIC_BURN_IN,INST_01,CH_06,VALID,0,,8.0,synthetic
L13_C007,L13,leakage_current,0,14.687716682738781,uA,125.0,STATIC_BURN_IN,INST_01,CH_07,VALID,0,,50.0,synthetic
L13_C007,L13,leakage_current,24,13.94977887703074,uA,125.0,STATIC_BURN_IN,INST_01,CH_07,VALID,0,,50.0,synthetic
L13_C007,L13,leakage_current,96,14.94422139152996,uA,125.0,STATIC_BURN_IN,INST_01,CH_07,VALID,0,,50.0,synthetic
L13_C007,L13,leakage_current,168,14.909599330327524,uA,125.0,STATIC_BURN_IN,INST_01,CH_07,VALID,0,,50.0,synthetic
L13_C007,L13,iddq,0,0.6003114126253412,mA,125.0,STATIC_BURN_IN,INST_01,CH_07,VALID,0,,2.0,synthetic
L13_C007,L13,iddq,24,0.6161365958392548,mA,125.0,STATIC_BURN_IN,INST_01,CH_07,VALID,0,,2.0,synthetic
L13_C007,L13,iddq,168,0.6522329749542295,mA,125.0,STATIC_BURN_IN,INST_01,CH_07,VALID,0,,2.0,synthetic
L13_C007,L13,propagation_delay,0,5.246605572586892,ns,125.0,STATIC_BURN_IN,INST_01,CH_07,VALID,0,,8.0,synthetic
L13_C007,L13,propagation_delay,24,5.100494288534922,ns,125.0,STATIC_BURN_IN,INST_01,CH_07,VALID,0,,8.0,synthetic
L13_C007,L13,propagation_delay,96,5.181044644918332,ns,125.0,STATIC_BURN_IN,INST_01,CH_07,VALID,0,,8.0,synthetic
L13_C007,L13,propagation_delay,168,5.465754815505085,ns,125.0,STATIC_BURN_IN,INST_01,CH_07,VALID,0,,8.0,synthetic
L13_C008,L13,leakage_current,0,20.255057811717787,uA,125.0,STATIC_BURN_IN,INST_01,CH_08,VALID,0,,50.0,synthetic
L13_C008,L13,leakage_current,24,20.803237444603752,uA,125.0,STATIC_BURN_IN,INST_01,CH_08,VALID,0,,50.0,synthetic
L13_C008,L13,leakage_current,96,20.984818785918943,uA,125.0,STATIC_BURN_IN,INST_01,CH_08,VALID,0,,50.0,synthetic
L13_C008,L13,leakage_current,168,20.948258727734725,uA,125.0,STATIC_BURN_IN,INST_01,CH_08,VALID,0,,50.0,synthetic
L13_C008,L13,iddq,0,0.4095296976513025,mA,125.0,STATIC_BURN_IN,INST_01,CH_08,VALID,0,,2.0,synthetic
L13_C008,L13,iddq,24,0.40109432442691184,mA,125.0,STATIC_BURN_IN,INST_01,CH_08,VALID,0,,2.0,synthetic
L13_C008,L13,iddq,96,0.39869786128901424,mA,125.0,STATIC_BURN_IN,INST_01,CH_08,VALID,0,,2.0,synthetic
L13_C008,L13,iddq,168,0.4002193601240992,mA,125.0,STATIC_BURN_IN,INST_01,CH_08,VALID,0,,2.0,synthetic
L13_C008,L13,propagation_delay,0,5.567869220499481,ns,125.0,STATIC_BURN_IN,INST_01,CH_08,VALID,0,,8.0,synthetic
L13_C008,L13,propagation_delay,24,5.643332979559442,ns,125.0,STATIC_BURN_IN,INST_01,CH_08,VALID,0,,8.0,synthetic
L13_C008,L13,propagation_delay,96,5.532251990354288,ns,125.0,STATIC_BURN_IN,INST_01,CH_08,VALID,0,,8.0,synthetic
L13_C008,L13,propagation_delay,168,5.651784628724029,ns,125.0,STATIC_BURN_IN,INST_01,CH_08,VALID,0,,8.0,synthetic
L13_C009,L13,leakage_current,0,15.329035305809867,uA,125.0,STATIC_BURN_IN,INST_02,CH_01,VALID,0,,50.0,synthetic
L13_C009,L13,leakage_current,24,187.81851397280292,uA,125.0,STATIC_BURN_IN,INST_02,CH_01,VALID,0,,50.0,synthetic
L13_C009,L13,leakage_current,96,191.12366912450818,uA,125.0,STATIC_BURN_IN,INST_02,CH_01,VALID,0,,50.0,synthetic
L13_C009,L13,leakage_current,168,192.27571630445476,uA,125.0,STATIC_BURN_IN,INST_02,CH_01,VALID,0,,50.0,synthetic
L13_C009,L13,iddq,0,0.5476221560916761,mA,125.0,STATIC_BURN_IN,INST_02,CH_01,VALID,0,,2.0,synthetic
L13_C009,L13,iddq,24,0.5717828031097403,mA,125.0,STATIC_BURN_IN,INST_02,CH_01,VALID,0,,2.0,synthetic
L13_C009,L13,iddq,96,0.5703730768983739,mA,125.0,STATIC_BURN_IN,INST_02,CH_01,VALID,0,,2.0,synthetic
L13_C009,L13,iddq,168,5.623855091544172,mA,125.0,STATIC_BURN_IN,INST_02,CH_01,VALID,0,,2.0,synthetic
L13_C009,L13,propagation_delay,0,5.011381480566497,ns,125.0,STATIC_BURN_IN,INST_02,CH_01,VALID,0,,8.0,synthetic
L13_C009,L13,propagation_delay,24,5.137196733872372,ns,125.0,STATIC_BURN_IN,INST_02,CH_01,VALID,0,,8.0,synthetic
L13_C009,L13,propagation_delay,96,13.102003708718426,ns,125.0,STATIC_BURN_IN,INST_02,CH_01,VALID,0,,8.0,synthetic
L13_C009,L13,propagation_delay,168,13.061479913601127,ns,125.0,STATIC_BURN_IN,INST_02,CH_01,VALID,0,,8.0,synthetic
L13_C010,L13,leakage_current,0,14.011493405526606,uA,125.0,STATIC_BURN_IN,INST_02,CH_02,VALID,0,,50.0,synthetic
L13_C010,L13,leakage_current,24,14.466415865294994,uA,125.0,STATIC_BURN_IN,INST_02,CH_02,VALID,0,,50.0,synthetic
L13_C010,L13,leakage_current,96,14.763734473148352,uA,125.0,STATIC_BURN_IN,INST_02,CH_02,VALID,0,,50.0,synthetic
L13_C010,L13,leakage_current,168,14.057347034620413,uA,125.0,STATIC_BURN_IN,INST_02,CH_02,VALID,0,,50.0,synthetic
L13_C010,L13,iddq,0,0.6725413166897981,mA,125.0,STATIC_BURN_IN,INST_02,CH_02,VALID,0,,2.0,synthetic
L13_C010,L13,iddq,24,0.6933223311752429,mA,125.0,STATIC_BURN_IN,INST_02,CH_02,VALID,0,,2.0,synthetic
L13_C010,L13,iddq,96,0.6604520347193618,mA,125.0,STATIC_BURN_IN,INST_02,CH_02,VALID,0,,2.0,synthetic
L13_C010,L13,propagation_delay,0,4.211755515746934,ns,125.0,STATIC_BURN_IN,INST_02,CH_02,VALID,0,,8.0,synthetic
L13_C010,L13,propagation_delay,24,4.332107720570309,ns,125.0,STATIC_BURN_IN,INST_02,CH_02,VALID,0,,8.0,synthetic
L13_C010,L13,propagation_delay,96,4.198156231583635,ns,125.0,STATIC_BURN_IN,INST_02,CH_02,VALID,0,,8.0,synthetic
L13_C010,L13,propagation_delay,168,4.2952702269939556,ns,125.0,STATIC_BURN_IN,INST_02,CH_02,VALID,0,,8.0,synthetic
L13_C011,L13,leakage_current,0,17.61847673165637,uA,125.0,STATIC_BURN_IN,INST_02,CH_03,VALID,0,,50.0,synthetic
L13_C011,L13,leakage_current,24,19.923708593405053,uA,125.0,STATIC_BURN_IN,INST_02,CH_03,VALID,0,,50.0,synthetic
L13_C011,L13,leakage_current,96,28.185978885339356,uA,125.0,STATIC_BURN_IN,INST_02,CH_03,VALID,0,,50.0,synthetic
L13_C011,L13,leakage_current,168,40.68736827015723,uA,125.0,STATIC_BURN_IN,INST_02,CH_03,VALID,0,,50.0,synthetic
L13_C011,L13,iddq,0,0.6633856703131931,mA,125.0,STATIC_BURN_IN,INST_02,CH_03,VALID,0,,2.0,synthetic
L13_C011,L13,iddq,24,0.7049218192931568,mA,125.0,STATIC_BURN_IN,INST_02,CH_03,VALID,0,,2.0,synthetic
L13_C011,L13,iddq,96,0.9551986149053806,mA,125.0,STATIC_BURN_IN,INST_02,CH_03,VALID,0,,2.0,synthetic
L13_C011,L13,iddq,168,1.3484545001982287,mA,125.0,STATIC_BURN_IN,INST_02,CH_03,VALID,0,,2.0,synthetic
L13_C011,L13,propagation_delay,0,5.107144999876198,ns,125.0,STATIC_BURN_IN,INST_02,CH_03,VALID,0,,8.0,synthetic
L13_C011,L13,propagation_delay,24,5.259004973750614,ns,125.0,STATIC_BURN_IN,INST_02,CH_03,VALID,0,,8.0,synthetic
L13_C011,L13,propagation_delay,96,5.695546512503467,ns,125.0,STATIC_BURN_IN,INST_02,CH_03,VALID,0,,8.0,synthetic
L13_C012,L13,leakage_current,0,15.201559883025926,uA,125.0,STATIC_BURN_IN,INST_02,CH_04,VALID,0,,50.0,synthetic
L13_C012,L13,leakage_current,24,14.787936610231124,uA,125.0,STATIC_BURN_IN,INST_02,CH_04,VALID,0,,50.0,synthetic
L13_C012,L13,leakage_current,96,15.572557253667028,uA,125.0,STATIC_BURN_IN,INST_02,CH_04,VALID,0,,50.0,synthetic
L13_C012,L13,leakage_current,168,15.896776240717744,uA,125.0,STATIC_BURN_IN,INST_02,CH_04,VALID,0,,50.0,synthetic
L13_C012,L13,iddq,0,0.6844773358553264,mA,125.0,STATIC_BURN_IN,INST_02,CH_04,VALID,0,,2.0,synthetic
L13_C012,L13,iddq,24,0.7228258461853594,mA,125.0,STATIC_BURN_IN,INST_02,CH_04,VALID,0,,2.0,synthetic
L13_C012,L13,iddq,96,0.7207591895121377,mA,125.0,STATIC_BURN_IN,INST_02,CH_04,VALID,0,,2.0,synthetic
L13_C012,L13,propagation_delay,0,4.539054500420954,ns,125.0,STATIC_BURN_IN,INST_02,CH_04,VALID,0,,8.0,synthetic
L13_C012,L13,propagation_delay,24,4.610486854914878,ns,125.0,STATIC_BURN_IN,INST_02,CH_04,VALID,0,,8.0,synthetic
L13_C012,L13,propagation_delay,96,4.662212513089407,ns,125.0,STATIC_BURN_IN,INST_02,CH_04,VALID,0,,8.0,synthetic
L13_C012,L13,propagation_delay,168,4.745832423628305,ns,125.0,STATIC_BURN_IN,INST_02,CH_04,VALID,0,,8.0,synthetic
L13_C013,L13,leakage_current,0,14.084266394845436,uA,125.0,STATIC_BURN_IN,INST_02,CH_05,VALID,0,,50.0,synthetic
L13_C013,L13,leakage_current,24,13.534545953933446,uA,125.0,STATIC_BURN_IN,INST_02,CH_05,VALID,0,,50.0,synthetic
L13_C013,L13,leakage_current,96,14.82392433415201,uA,125.0,STATIC_BURN_IN,INST_02,CH_05,VALID,0,,50.0,synthetic
L13_C013,L13,leakage_current,168,13.990682051683098,uA,125.0,STATIC_BURN_IN,INST_02,CH_05,VALID,0,,50.0,synthetic
L13_C013,L13,iddq,0,0.5445459789995036,mA,125.0,STATIC_BURN_IN,INST_02,CH_05,VALID,0,,2.0,synthetic
L13_C013,L13,iddq,24,0.5339133464381538,mA,125.0,STATIC_BURN_IN,INST_02,CH_05,VALID,0,,2.0,synthetic
L13_C013,L13,iddq,96,0.5251894003754571,mA,125.0,STATIC_BURN_IN,INST_02,CH_05,VALID,0,,2.0,synthetic
L13_C013,L13,iddq,168,0.5498034851472311,mA,125.0,STATIC_BURN_IN,INST_02,CH_05,VALID,0,,2.0,synthetic
L13_C013,L13,propagation_delay,0,5.13381720489594,ns,125.0,STATIC_BURN_IN,INST_02,CH_05,VALID,0,,8.0,synthetic
L13_C013,L13,propagation_delay,24,4.847812595664413,ns,125.0,STATIC_BURN_IN,INST_02,CH_05,VALID,0,,8.0,synthetic
L13_C013,L13,propagation_delay,96,5.062050492354053,ns,125.0,STATIC_BURN_IN,INST_02,CH_05,VALID,0,,8.0,synthetic
L13_C013,L13,propagation_delay,168,5.000574787453164,ns,125.0,STATIC_BURN_IN,INST_02,CH_05,VALID,0,,8.0,synthetic
L13_C014,L13,leakage_current,0,10.359326057567822,uA,125.0,STATIC_BURN_IN,INST_02,CH_06,VALID,0,,50.0,synthetic
L13_C014,L13,leakage_current,24,10.631432892825906,uA,125.0,STATIC_BURN_IN,INST_02,CH_06,VALID,0,,50.0,synthetic
L13_C014,L13,leakage_current,96,289.37793903366355,uA,125.0,STATIC_BURN_IN,INST_02,CH_06,VALID,0,,50.0,synthetic
L13_C014,L13,leakage_current,168,286.06174763064666,uA,125.0,STATIC_BURN_IN,INST_02,CH_06,VALID,0,,50.0,synthetic
L13_C014,L13,iddq,0,0.38955466616897727,mA,125.0,STATIC_BURN_IN,INST_02,CH_06,VALID,0,,2.0,synthetic
L13_C014,L13,iddq,24,17.034449656698726,mA,125.0,STATIC_BURN_IN,INST_02,CH_06,VALID,0,,2.0,synthetic
L13_C014,L13,iddq,96,17.248733341858106,mA,125.0,STATIC_BURN_IN,INST_02,CH_06,VALID,0,,2.0,synthetic
L13_C014,L13,iddq,168,17.21536506409401,mA,125.0,STATIC_BURN_IN,INST_02,CH_06,VALID,0,,2.0,synthetic
L13_C014,L13,propagation_delay,0,4.858245925865923,ns,125.0,STATIC_BURN_IN,INST_02,CH_06,VALID,0,,8.0,synthetic
L13_C014,L13,propagation_delay,24,4.643353678753086,ns,125.0,STATIC_BURN_IN,INST_02,CH_06,VALID,0,,8.0,synthetic
L13_C014,L13,propagation_delay,96,4.795146041677076,ns,125.0,STATIC_BURN_IN,INST_02,CH_06,VALID,0,,8.0,synthetic
L13_C014,L13,propagation_delay,168,12.238605468086293,ns,125.0,STATIC_BURN_IN,INST_02,CH_06,VALID,0,,8.0,synthetic
L13_C015,L13,leakage_current,0,-0.031564103820177165,uA,125.0,STATIC_BURN_IN,INST_02,CH_07,VALID,0,,50.0,synthetic
L13_C015,L13,leakage_current,24,-0.03522286923002946,uA,125.0,STATIC_BURN_IN,INST_02,CH_07,VALID,0,,50.0,synthetic
L13_C015,L13,leakage_current,96,-0.010899518767119799,uA,125.0,STATIC_BURN_IN,INST_02,CH_07,VALID,0,,50.0,synthetic
L13_C015,L13,leakage_current,168,-0.015741193895846117,uA,125.0,STATIC_BURN_IN,INST_02,CH_07,VALID,0,,50.0,synthetic
L13_C015,L13,iddq,0,0.686267280629022,mA,125.0,STATIC_BURN_IN,INST_02,CH_07,VALID,0,,2.0,synthetic
L13_C015,L13,iddq,24,0.7260027072528522,mA,125.0,STATIC_BURN_IN,INST_02,CH_07,VALID,0,,2.0,synthetic
L13_C015,L13,iddq,96,0.6969610124399219,mA,125.0,STATIC_BURN_IN,INST_02,CH_07,VALID,0,,2.0,synthetic
L13_C015,L13,propagation_delay,0,4.239225451619158,ns,125.0,STATIC_BURN_IN,INST_02,CH_07,VALID,0,,8.0,synthetic
L13_C015,L13,propagation_delay,24,4.407830309573266,ns,125.0,STATIC_BURN_IN,INST_02,CH_07,VALID,0,,8.0,synthetic
L13_C015,L13,propagation_delay,96,4.226268588675267,ns,125.0,STATIC_BURN_IN,INST_02,CH_07,VALID,0,,8.0,synthetic
L13_C015,L13,propagation_delay,168,4.150100876979151,ns,125.0,STATIC_BURN_IN,INST_02,CH_07,VALID,0,,8.0,synthetic
L13_C016,L13,leakage_current,0,10.481118458890272,uA,125.0,STATIC_BURN_IN,INST_02,CH_08,VALID,0,,50.0,synthetic
L13_C016,L13,leakage_current,24,10.222736578269721,uA,125.0,STATIC_BURN_IN,INST_02,CH_08,VALID,0,,50.0,synthetic
L13_C016,L13,leakage_current,96,10.687284229909926,uA,125.0,STATIC_BURN_IN,INST_02,CH_08,VALID,0,,50.0,synthetic
L13_C016,L13,leakage_current,168,156.66672238264897,uA,125.0,STATIC_BURN_IN,INST_02,CH_08,VALID,0,,50.0,synthetic
L13_C016,L13,iddq,0,0.640815795855694,mA,125.0,STATIC_BURN_IN,INST_02,CH_08,VALID,0,,2.0,synthetic
L13_C016,L13,iddq,24,0.6257065052752044,mA,125.0,STATIC_BURN_IN,INST_02,CH_08,VALID,0,,2.0,synthetic
L13_C016,L13,iddq,96,0.6355942360472845,mA,125.0,STATIC_BURN_IN,INST_02,CH_08,VALID,0,,2.0,synthetic
L13_C016,L13,iddq,168,17.522053543533463,mA,125.0,STATIC_BURN_IN,INST_02,CH_08,VALID,0,,2.0,synthetic
L13_C016,L13,propagation_delay,0,5.063466179142424,ns,125.0,STATIC_BURN_IN,INST_02,CH_08,VALID,0,,8.0,synthetic
L13_C016,L13,propagation_delay,24,5.078975699824611,ns,125.0,STATIC_BURN_IN,INST_02,CH_08,VALID,0,,8.0,synthetic
L13_C016,L13,propagation_delay,96,14.077195164073283,ns,125.0,STATIC_BURN_IN,INST_02,CH_08,VALID,0,,8.0,synthetic
L13_C017,L13,leakage_current,0,13.727271287993112,uA,125.0,STATIC_BURN_IN,INST_01,CH_01,VALID,0,,50.0,synthetic
L13_C017,L13,leakage_current,24,13.805767324897216,uA,125.0,STATIC_BURN_IN,INST_01,CH_01,VALID,0,,50.0,synthetic
L13_C017,L13,leakage_current,96,13.827521996940932,uA,125.0,STATIC_BURN_IN,INST_01,CH_01,VALID,0,,50.0,synthetic
L13_C017,L13,leakage_current,168,13.802523052180138,uA,125.0,STATIC_BURN_IN,INST_01,CH_01,VALID,0,,50.0,synthetic
L13_C017,L13,iddq,0,0.5885202115301102,mA,125.0,STATIC_BURN_IN,INST_01,CH_01,VALID,0,,2.0,synthetic
L13_C017,L13,iddq,24,0.5825939997936311,mA,125.0,STATIC_BURN_IN,INST_01,CH_01,VALID,0,,2.0,synthetic
L13_C017,L13,iddq,96,0.6095308351745706,mA,125.0,STATIC_BURN_IN,INST_01,CH_01,VALID,0,,2.0,synthetic
L13_C017,L13,iddq,168,0.5935605546135606,mA,125.0,STATIC_BURN_IN,INST_01,CH_01,VALID,0,,2.0,synthetic
L13_C017,L13,propagation_delay,0,4.758985020754656,ns,125.0,STATIC_BURN_IN,INST_01,CH_01,VALID,0,,8.0,synthetic
L13_C017,L13,propagation_delay,24,5.0367995822141935,ns,125.0,STATIC_BURN_IN,INST_01,CH_01,VALID,0,,8.0,synthetic
L13_C017,L13,propagation_delay,96,4.890986664399188,ns,125.0,STATIC_BURN_IN,INST_01,CH_01,VALID,0,,8.0,synthetic
L13_C017,L13,propagation_delay,168,4.806705519650048,ns,125.0,STATIC_BURN_IN,INST_01,CH_01,VALID,0,,8.0,synthetic
L13_C018,L13,leakage_current,0,12.999821107003367,uA,125.0,STATIC_BURN_IN,INST_01,CH_02,VALID,2,,50.0,synthetic
L13_C018,L13,leakage_current,24,13.162179134165427,uA,125.0,STATIC_BURN_IN,INST_01,CH_02,VALID,2,,50.0,synthetic
L13_C018,L13,leakage_current,96,12.978425152392647,uA,125.0,STATIC_BURN_IN,INST_01,CH_02,VALID,2,,50.0,synthetic
L13_C018,L13,leakage_current,168,12.796248382087732,uA,125.0,STATIC_BURN_IN,INST_01,CH_02,VALID,2,,50.0,synthetic
L13_C018,L13,iddq,0,0.7284103669300133,mA,125.0,STATIC_BURN_IN,INST_01,CH_02,VALID,2,,2.0,synthetic
L13_C018,L13,iddq,24,0.7378042104668593,mA,125.0,STATIC_BURN_IN,INST_01,CH_02,VALID,2,,2.0,synthetic
L13_C018,L13,iddq,96,0.7514858856152717,mA,125.0,STATIC_BURN_IN,INST_01,CH_02,VALID,2,,2.0,synthetic
L13_C018,L13,iddq,168,0.7378261994840968,mA,125.0,STATIC_BURN_IN,INST_01,CH_02,VALID,2,,2.0,synthetic
L13_C018,L13,propagation_delay,0,5.02287175630908,ns,125.0,STATIC_BURN_IN,INST_01,CH_02,VALID,2,,8.0,synthetic
L13_C018,L13,propagation_delay,24,5.0887256763563995,ns,125.0,STATIC_BURN_IN,INST_01,CH_02,VALID,2,,8.0,synthetic
L13_C018,L13,propagation_delay,96,5.120149054792385,ns,125.0,STATIC_BURN_IN,INST_01,CH_02,VALID,2,,8.0,synthetic
L13_C018,L13,propagation_delay,168,5.119956801185253,ns,125.0,STATIC_BURN_IN,INST_01,CH_02,VALID,2,,8.0,synthetic
L13_C019,L13,leakage_current,0,14.88192158647155,uA,125.0,STATIC_BURN_IN,INST_01,CH_03,VALID,0,,50.0,synthetic
L13_C019,L13,leakage_current,24,15.03451197273895,uA,125.0,STATIC_BURN_IN,INST_01,CH_03,VALID,0,,50.0,synthetic
L13_C019,L13,leakage_current,96,15.237605749287678,uA,125.0,STATIC_BURN_IN,INST_01,CH_03,VALID,0,,50.0,synthetic
L13_C019,L13,leakage_current,168,15.34977635215053,uA,125.0,STATIC_BURN_IN,INST_01,CH_03,VALID,0,,50.0,synthetic
L13_C019,L13,iddq,0,0.47885796697863614,mA,125.0,STATIC_BURN_IN,INST_01,CH_03,VALID,0,,2.0,synthetic
L13_C019,L13,iddq,24,0.49447892327725096,mA,125.0,STATIC_BURN_IN,INST_01,CH_03,VALID,0,,2.0,synthetic
L13_C019,L13,iddq,168,0.4925898429655097,mA,125.0,STATIC_BURN_IN,INST_01,CH_03,VALID,0,,2.0,synthetic
L13_C019,L13,propagation_delay,0,5.749225658973622,ns,125.0,STATIC_BURN_IN,INST_01,CH_03,VALID,0,,8.0,synthetic
L13_C019,L13,propagation_delay,24,5.653503759039952,ns,125.0,STATIC_BURN_IN,INST_01,CH_03,VALID,0,,8.0,synthetic
L13_C019,L13,propagation_delay,96,5.66169310442904,ns,125.0,STATIC_BURN_IN,INST_01,CH_03,VALID,0,,8.0,synthetic
L13_C019,L13,propagation_delay,168,5.904103523792295,ns,125.0,STATIC_BURN_IN,INST_01,CH_03,VALID,0,,8.0,synthetic
L13_C020,L13,leakage_current,0,14.963411773693988,uA,125.0,STATIC_BURN_IN,INST_01,CH_04,VALID,0,,50.0,synthetic
L13_C020,L13,leakage_current,24,14.800496262026222,uA,125.0,STATIC_BURN_IN,INST_01,CH_04,VALID,0,,50.0,synthetic
L13_C020,L13,leakage_current,96,15.819182416570108,uA,125.0,STATIC_BURN_IN,INST_01,CH_04,VALID,0,,50.0,synthetic
L13_C020,L13,leakage_current,168,14.986838539088188,uA,125.0,STATIC_BURN_IN,INST_01,CH_04,VALID,0,,50.0,synthetic
L13_C020,L13,iddq,0,0.478267902099805,mA,125.0,STATIC_BURN_IN,INST_01,CH_04,VALID,0,,2.0,synthetic
L13_C020,L13,iddq,24,0.4759633041138547,mA,125.0,STATIC_BURN_IN,INST_01,CH_04,VALID,0,,2.0,synthetic
L13_C020,L13,iddq,96,0.4858663898580615,mA,125.0,STATIC_BURN_IN,INST_01,CH_04,VALID,0,,2.0,synthetic
L13_C020,L13,iddq,168,0.4935149792415339,mA,125.0,STATIC_BURN_IN,INST_01,CH_04,VALID,0,,2.0,synthetic
L13_C020,L13,propagation_delay,0,5.477232215622433,ns,125.0,STATIC_BURN_IN,INST_01,CH_04,VALID,0,,8.0,synthetic
L13_C020,L13,propagation_delay,24,5.3219629570438025,ns,125.0,STATIC_BURN_IN,INST_01,CH_04,VALID,0,,8.0,synthetic
L13_C020,L13,propagation_delay,96,5.330788280345612,ns,125.0,STATIC_BURN_IN,INST_01,CH_04,VALID,0,,8.0,synthetic
L13_C020,L13,propagation_delay,168,5.3669181952836515,ns,125.0,STATIC_BURN_IN,INST_01,CH_04,VALID,0,,8.0,synthetic
L13_C021,L13,leakage_current,0,15.553080613359672,uA,125.0,STATIC_BURN_IN,INST_01,CH_05,VALID,1,,50.0,synthetic
L13_C021,L13,leakage_current,24,15.528611057496374,uA,125.0,STATIC_BURN_IN,INST_01,CH_05,VALID,1,,50.0,synthetic
L13_C021,L13,leakage_current,96,15.990719527565822,uA,125.0,STATIC_BURN_IN,INST_01,CH_05,VALID,1,,50.0,synthetic
L13_C021,L13,leakage_current,168,15.83988367150347,uA,125.0,STATIC_BURN_IN,INST_01,CH_05,VALID,1,,50.0,synthetic
L13_C021,L13,iddq,0,0.5269037477718754,mA,125.0,STATIC_BURN_IN,INST_01,CH_05,VALID,1,,2.0,synthetic
L13_C021,L13,iddq,24,0.51561262202288,mA,125.0,STATIC_BURN_IN,INST_01,CH_05,VALID,1,,2.0,synthetic
L13_C021,L13,iddq,96,0.523619649882408,mA,125.0,STATIC_BURN_IN,INST_01,CH_05,VALID,1,,2.0,synthetic
L13_C021,L13,iddq,168,0.5218750425689008,mA,125.0,STATIC_BURN_IN,INST_01,CH_05,VALID,1,,2.0,synthetic
L13_C021,L13,propagation_delay,0,5.331132831413843,ns,125.0,STATIC_BURN_IN,INST_01,CH_05,VALID,1,,8.0,synthetic
L13_C021,L13,propagation_delay,24,5.200922145407789,ns,125.0,STATIC_BURN_IN,INST_01,CH_05,VALID,1,,8.0,synthetic
L13_C021,L13,propagation_delay,96,5.162817697445555,ns,125.0,STATIC_BURN_IN,INST_01,CH_05,VALID,1,,8.0,synthetic
L13_C021,L13,propagation_delay,168,5.50015268152151,ns,125.0,STATIC_BURN_IN,INST_01,CH_05,VALID,1,,8.0,synthetic
L13_C022,L13,leakage_current,0,8.455816616294047,uA,125.0,STATIC_BURN_IN,INST_01,CH_06,VALID,0,,50.0,synthetic
L13_C022,L13,leakage_current,24,8.954303756436664,uA,125.0,STATIC_BURN_IN,INST_01,CH_06,VALID,0,,50.0,synthetic
L13_C022,L13,leakage_current,96,8.601954688223941,uA,125.0,STATIC_BURN_IN,INST_01,CH_06,VALID,0,,50.0,synthetic
L13_C022,L13,leakage_current,168,8.809329302363974,uA,125.0,STATIC_BURN_IN,INST_01,CH_06,VALID,0,,50.0,synthetic
L13_C022,L13,iddq,0,0.6618977204694897,mA,125.0,STATIC_BURN_IN,INST_01,CH_06,VALID,0,,2.0,synthetic
L13_C022,L13,iddq,24,0.6389878839541661,mA,125.0,STATIC_BURN_IN,INST_01,CH_06,VALID,0,,2.0,synthetic
L13_C022,L13,iddq,96,0.6410137548512755,mA,125.0,STATIC_BURN_IN,INST_01,CH_06,VALID,0,,2.0,synthetic
L13_C022,L13,iddq,168,0.6136237710200318,mA,125.0,STATIC_BURN_IN,INST_01,CH_06,VALID,0,,2.0,synthetic
L13_C022,L13,propagation_delay,0,4.5889972257172,ns,125.0,STATIC_BURN_IN,INST_01,CH_06,VALID,0,,8.0,synthetic
L13_C022,L13,propagation_delay,24,4.60119564818337,ns,125.0,STATIC_BURN_IN,INST_01,CH_06,VALID,0,,8.0,synthetic
L13_C022,L13,propagation_delay,96,4.679658733683062,ns,125.0,STATIC_BURN_IN,INST_01,CH_06,VALID,0,,8.0,synthetic
L13_C022,L13,propagation_delay,168,4.782032040326127,ns,125.0,STATIC_BURN_IN,INST_01,CH_06,VALID,0,,8.0,synthetic
L13_C023,L13,leakage_current,0,16.944611037591553,uA,125.0,STATIC_BURN_IN,INST_01,CH_07,VALID,1,,50.0,synthetic
L13_C023,L13,leakage_current,24,16.979181853615607,uA,125.0,STATIC_BURN_IN,INST_01,CH_07,VALID,1,,50.0,synthetic
L13_C023,L13,leakage_current,96,17.124099351019165,uA,125.0,STATIC_BURN_IN,INST_01,CH_07,VALID,1,,50.0,synthetic
L13_C023,L13,leakage_current,168,16.82723771841593,uA,125.0,STATIC_BURN_IN,INST_01,CH_07,VALID,1,,50.0,synthetic
L13_C023,L13,iddq,0,0.7773094844408845,mA,125.0,STATIC_BURN_IN,INST_01,CH_07,VALID,1,,2.0,synthetic
L13_C023,L13,iddq,24,0.7971110935822662,mA,125.0,STATIC_BURN_IN,INST_01,CH_07,VALID,1,,2.0,synthetic
L13_C023,L13,iddq,96,0.8049242349976998,mA,125.0,STATIC_BURN_IN,INST_01,CH_07,VALID,1,,2.0,synthetic
L13_C023,L13,iddq,168,0.7763006151319215,mA,125.0,STATIC_BURN_IN,INST_01,CH_07,VALID,1,,2.0,synthetic
L13_C023,L13,propagation_delay,0,5.724143559636749,ns,125.0,STATIC_BURN_IN,INST_01,CH_07,VALID,1,,8.0,synthetic
L13_C023,L13,propagation_delay,24,5.537794182117725,ns,125.0,STATIC_BURN_IN,INST_01,CH_07,VALID,1,,8.0,synthetic
L13_C023,L13,propagation_delay,96,5.7840856935373814,ns,125.0,STATIC_BURN_IN,INST_01,CH_07,VALID,1,,8.0,synthetic
L13_C023,L13,propagation_delay,168,5.672237777497175,ns,125.0,STATIC_BURN_IN,INST_01,CH_07,VALID,1,,8.0,synthetic
L13_C024,L13,leakage_current,24,14.241797037489555,uA,125.0,STATIC_BURN_IN,INST_01,CH_08,VALID,2,,50.0,synthetic
L13_C024,L13,leakage_current,96,14.200637607850052,uA,125.0,STATIC_BURN_IN,INST_01,CH_08,VALID,2,,50.0,synthetic
L13_C024,L13,leakage_current,168,14.90469559034955,uA,125.0,STATIC_BURN_IN,INST_01,CH_08,VALID,2,,50.0,synthetic
L13_C024,L13,iddq,0,0.5681632284944048,mA,125.0,STATIC_BURN_IN,INST_01,CH_08,VALID,2,,2.0,synthetic
L13_C024,L13,iddq,24,0.5691833040203037,mA,125.0,STATIC_BURN_IN,INST_01,CH_08,VALID,2,,2.0,synthetic
L13_C024,L13,iddq,96,0.5601618855450834,mA,125.0,STATIC_BURN_IN,INST_01,CH_08,VALID,2,,2.0,synthetic
L13_C024,L13,iddq,168,0.576735531238614,mA,125.0,STATIC_BURN_IN,INST_01,CH_08,VALID,2,,2.0,synthetic
L13_C024,L13,propagation_delay,0,5.456978594676238,ns,125.0,STATIC_BURN_IN,INST_01,CH_08,VALID,2,,8.0,synthetic
L13_C024,L13,propagation_delay,24,5.633943065964663,ns,125.0,STATIC_BURN_IN,INST_01,CH_08,VALID,2,,8.0,synthetic
L13_C024,L13,propagation_delay,96,5.536957680254073,ns,125.0,STATIC_BURN_IN,INST_01,CH_08,VALID,2,,8.0,synthetic
L13_C024,L13,propagation_delay,168,5.493106021199981,ns,125.0,STATIC_BURN_IN,INST_01,CH_08,VALID,2,,8.0,synthetic
L13_C025,L13,leakage_current,0,12.570521653298577,uA,125.0,STATIC_BURN_IN,INST_02,CH_01,VALID,0,,50.0,synthetic
L13_C025,L13,leakage_current,24,12.876513352013596,uA,125.0,STATIC_BURN_IN,INST_02,CH_01,VALID,0,,50.0,synthetic
L13_C025,L13,leakage_current,96,12.76282232675378,uA,125.0,STATIC_BURN_IN,INST_02,CH_01,VALID,0,,50.0,synthetic
L13_C025,L13,leakage_current,168,13.189514523004277,uA,125.0,STATIC_BURN_IN,INST_02,CH_01,VALID,0,,50.0,synthetic
L13_C025,L13,iddq,0,0.511690726287509,mA,125.0,STATIC_BURN_IN,INST_02,CH_01,VALID,0,,2.0,synthetic
L13_C025,L13,iddq,24,0.5109442228731624,mA,125.0,STATIC_BURN_IN,INST_02,CH_01,VALID,0,,2.0,synthetic
L13_C025,L13,iddq,96,0.5097461382168818,mA,125.0,STATIC_BURN_IN,INST_02,CH_01,VALID,0,,2.0,synthetic
L13_C025,L13,iddq,168,0.5051102950369782,mA,125.0,STATIC_BURN_IN,INST_02,CH_01,VALID,0,,2.0,synthetic
L13_C025,L13,propagation_delay,0,5.506846511869524,ns,125.0,STATIC_BURN_IN,INST_02,CH_01,VALID,0,,8.0,synthetic
L13_C025,L13,propagation_delay,24,5.387070802734441,ns,125.0,STATIC_BURN_IN,INST_02,CH_01,VALID,0,,8.0,synthetic
L13_C025,L13,propagation_delay,96,5.476510990881142,ns,125.0,STATIC_BURN_IN,INST_02,CH_01,VALID,0,,8.0,synthetic
L13_C025,L13,propagation_delay,168,5.355977410181218,ns,125.0,STATIC_BURN_IN,INST_02,CH_01,VALID,0,,8.0,synthetic
L13_C026,L13,leakage_current,0,14.803641715251517,uA,125.0,STATIC_BURN_IN,INST_02,CH_02,VALID,0,,50.0,synthetic
L13_C026,L13,leakage_current,24,14.808543402694,uA,125.0,STATIC_BURN_IN,INST_02,CH_02,VALID,0,,50.0,synthetic
L13_C026,L13,leakage_current,96,14.921820828817596,uA,125.0,STATIC_BURN_IN,INST_02,CH_02,VALID,0,,50.0,synthetic
L13_C026,L13,leakage_current,168,14.721019655628247,uA,125.0,STATIC_BURN_IN,INST_02,CH_02,VALID,0,,50.0,synthetic
L13_C026,L13,iddq,0,0.41187763991299303,mA,125.0,STATIC_BURN_IN,INST_02,CH_02,VALID,0,,2.0,synthetic
L13_C026,L13,iddq,24,0.428566142688885,mA,125.0,STATIC_BURN_IN,INST_02,CH_02,VALID,0,,2.0,synthetic
L13_C026,L13,iddq,96,0.4125514027616399,mA,125.0,STATIC_BURN_IN,INST_02,CH_02,VALID,0,,2.0,synthetic
L13_C026,L13,iddq,168,0.4203217958729741,mA,125.0,STATIC_BURN_IN,INST_02,CH_02,VALID,0,,2.0,synthetic
L13_C026,L13,propagation_delay,0,4.819466720348487,ns,125.0,STATIC_BURN_IN,INST_02,CH_02,VALID,0,,8.0,synthetic
L13_C026,L13,propagation_delay,24,4.756565316766622,ns,125.0,STATIC_BURN_IN,INST_02,CH_02,VALID,0,,8.0,synthetic
L13_C026,L13,propagation_delay,96,4.815870968054983,ns,125.0,STATIC_BURN_IN,INST_02,CH_02,VALID,0,,8.0,synthetic
L13_C026,L13,propagation_delay,168,4.791318949401673,ns,125.0,STATIC_BURN_IN,INST_02,CH_02,VALID,0,,8.0,synthetic
L13_C027,L13,leakage_current,0,12.049068293670583,uA,125.0,STATIC_BURN_IN,INST_02,CH_03,VALID,1,,50.0,synthetic
L13_C027,L13,leakage_current,24,11.511503467704916,uA,125.0,STATIC_BURN_IN,INST_02,CH_03,VALID,1,,50.0,synthetic
L13_C027,L13,leakage_current,96,11.486275625986174,uA,125.0,STATIC_BURN_IN,INST_02,CH_03,VALID,1,,50.0,synthetic
L13_C027,L13,leakage_current,168,11.648623923067795,uA,125.0,STATIC_BURN_IN,INST_02,CH_03,VALID,1,,50.0,synthetic
L13_C027,L13,iddq,0,0.547770088329164,mA,125.0,STATIC_BURN_IN,INST_02,CH_03,VALID,1,,2.0,synthetic
L13_C027,L13,iddq,24,0.5620079167833225,mA,125.0,STATIC_BURN_IN,INST_02,CH_03,VALID,1,,2.0,synthetic
L13_C027,L13,iddq,96,0.5496929854080116,mA,125.0,STATIC_BURN_IN,INST_02,CH_03,VALID,1,,2.0,synthetic
L13_C027,L13,iddq,168,0.5331471664725402,mA,125.0,STATIC_BURN_IN,INST_02,CH_03,VALID,1,,2.0,synthetic
L13_C027,L13,propagation_delay,0,4.726324880580381,ns,125.0,STATIC_BURN_IN,INST_02,CH_03,VALID,1,,8.0,synthetic
L13_C027,L13,propagation_delay,24,4.780276193928253,ns,125.0,STATIC_BURN_IN,INST_02,CH_03,VALID,1,,8.0,synthetic
L13_C027,L13,propagation_delay,96,4.737237424084569,ns,125.0,STATIC_BURN_IN,INST_02,CH_03,VALID,1,,8.0,synthetic
L13_C027,L13,propagation_delay,168,4.749454364116915,ns,125.0,STATIC_BURN_IN,INST_02,CH_03,VALID,1,,8.0,synthetic
L13_C028,L13,leakage_current,0,16.907708443092904,uA,125.0,STATIC_BURN_IN,INST_02,CH_04,VALID,0,,50.0,synthetic
L13_C028,L13,leakage_current,24,17.484796383680507,uA,125.0,STATIC_BURN_IN,INST_02,CH_04,VALID,0,,50.0,synthetic
L13_C028,L13,leakage_current,96,17.455770268567075,uA,125.0,STATIC_BURN_IN,INST_02,CH_04,VALID,0,,50.0,synthetic
L13_C028,L13,leakage_current,168,17.31415502291576,uA,125.0,STATIC_BURN_IN,INST_02,CH_04,VALID,0,,50.0,synthetic
L13_C028,L13,iddq,0,0.45487777322188716,mA,125.0,STATIC_BURN_IN,INST_02,CH_04,VALID,0,,2.0,synthetic
L13_C028,L13,iddq,24,0.45434603848079935,mA,125.0,STATIC_BURN_IN,INST_02,CH_04,VALID,0,,2.0,synthetic
L13_C028,L13,iddq,96,0.4561970930957043,mA,125.0,STATIC_BURN_IN,INST_02,CH_04,VALID,0,,2.0,synthetic
L13_C028,L13,iddq,168,0.4329502980848865,mA,125.0,STATIC_BURN_IN,INST_02,CH_04,VALID,0,,2.0,synthetic
L13_C028,L13,propagation_delay,24,4.619962873161381,ns,125.0,STATIC_BURN_IN,INST_02,CH_04,VALID,0,,8.0,synthetic
L13_C028,L13,propagation_delay,96,4.796084252771228,ns,125.0,STATIC_BURN_IN,INST_02,CH_04,VALID,0,,8.0,synthetic
L13_C028,L13,propagation_delay,168,4.802376551238812,ns,125.0,STATIC_BURN_IN,INST_02,CH_04,VALID,0,,8.0,synthetic
L13_C029,L13,leakage_current,0,10.574498353319084,uA,125.0,STATIC_BURN_IN,INST_02,CH_05,VALID,0,,50.0,synthetic
L13_C029,L13,leakage_current,24,10.34010235572019,uA,125.0,STATIC_BURN_IN,INST_02,CH_05,VALID,0,,50.0,synthetic
L13_C029,L13,leakage_current,96,10.30890475366712,uA,125.0,STATIC_BURN_IN,INST_02,CH_05,VALID,0,,50.0,synthetic
L13_C029,L13,leakage_current,168,10.439131801906449,uA,125.0,STATIC_BURN_IN,INST_02,CH_05,VALID,0,,50.0,synthetic
L13_C029,L13,iddq,0,0.4583006060262383,mA,125.0,STATIC_BURN_IN,INST_02,CH_05,VALID,0,,2.0,synthetic
L13_C029,L13,iddq,24,0.45520835982667385,mA,125.0,STATIC_BURN_IN,INST_02,CH_05,VALID,0,,2.0,synthetic
L13_C029,L13,iddq,168,0.42443005853838367,mA,125.0,STATIC_BURN_IN,INST_02,CH_05,VALID,0,,2.0,synthetic
L13_C029,L13,propagation_delay,0,4.612598796471309,ns,125.0,STATIC_BURN_IN,INST_02,CH_05,VALID,0,,8.0,synthetic
L13_C029,L13,propagation_delay,24,4.807585291796251,ns,125.0,STATIC_BURN_IN,INST_02,CH_05,VALID,0,,8.0,synthetic
L13_C029,L13,propagation_delay,96,4.722949300075545,ns,125.0,STATIC_BURN_IN,INST_02,CH_05,VALID,0,,8.0,synthetic
L13_C029,L13,propagation_delay,168,4.790582211111918,ns,125.0,STATIC_BURN_IN,INST_02,CH_05,VALID,0,,8.0,synthetic
L13_C030,L13,leakage_current,24,12.016154471484453,uA,125.0,STATIC_BURN_IN,INST_02,CH_06,VALID,0,,50.0,synthetic
L13_C030,L13,leakage_current,96,11.960019564222995,uA,125.0,STATIC_BURN_IN,INST_02,CH_06,VALID,0,,50.0,synthetic
L13_C030,L13,leakage_current,168,12.157139561641305,uA,125.0,STATIC_BURN_IN,INST_02,CH_06,VALID,0,,50.0,synthetic
L13_C030,L13,iddq,0,0.5677742630762805,mA,125.0,STATIC_BURN_IN,INST_02,CH_06,VALID,0,,2.0,synthetic
L13_C030,L13,iddq,24,0.5796187736990599,mA,125.0,STATIC_BURN_IN,INST_02,CH_06,VALID,0,,2.0,synthetic
L13_C030,L13,iddq,96,0.5846318547825581,mA,125.0,STATIC_BURN_IN,INST_02,CH_06,VALID,0,,2.0,synthetic
L13_C030,L13,iddq,168,0.603326439132397,mA,125.0,STATIC_BURN_IN,INST_02,CH_06,VALID,0,,2.0,synthetic
L13_C030,L13,propagation_delay,0,4.880651127889853,ns,125.0,STATIC_BURN_IN,INST_02,CH_06,VALID,0,,8.0,synthetic
L13_C030,L13,propagation_delay,24,5.219959040552983,ns,125.0,STATIC_BURN_IN,INST_02,CH_06,VALID,0,,8.0,synthetic
L13_C030,L13,propagation_delay,96,4.9744601725273485,ns,125.0,STATIC_BURN_IN,INST_02,CH_06,VALID,0,,8.0,synthetic
L13_C030,L13,propagation_delay,168,5.187017044406058,ns,125.0,STATIC_BURN_IN,INST_02,CH_06,VALID,0,,8.0,synthetic
L14_C001,L14,leakage_current,0,9.850815964146468,uA,125.0,STATIC_BURN_IN,INST_01,CH_01,VALID,2,,50.0,synthetic
L14_C001,L14,leakage_current,24,11.354009936088978,uA,125.0,STATIC_BURN_IN,INST_01,CH_01,VALID,2,,50.0,synthetic
L14_C001,L14,leakage_current,96,14.955432671409204,uA,125.0,STATIC_BURN_IN,INST_01,CH_01,VALID,2,,50.0,synthetic
L14_C001,L14,leakage_current,168,19.896566717002887,uA,125.0,STATIC_BURN_IN,INST_01,CH_01,VALID,2,,50.0,synthetic
L14_C001,L14,iddq,0,0.3819543995713088,mA,125.0,STATIC_BURN_IN,INST_01,CH_01,VALID,2,,2.0,synthetic
L14_C001,L14,iddq,24,0.44044994903986573,mA,125.0,STATIC_BURN_IN,INST_01,CH_01,VALID,2,,2.0,synthetic
L14_C001,L14,iddq,96,0.5878465913330563,mA,125.0,STATIC_BURN_IN,INST_01,CH_01,VALID,2,,2.0,synthetic
L14_C001,L14,iddq,168,0.8169637586319141,mA,125.0,STATIC_BURN_IN,INST_01,CH_01,VALID,2,,2.0,synthetic
L14_C001,L14,propagation_delay,0,5.081491594128695,ns,125.0,STATIC_BURN_IN,INST_01,CH_01,VALID,2,,8.0,synthetic
L14_C001,L14,propagation_delay,24,5.434931468084712,ns,125.0,STATIC_BURN_IN,INST_01,CH_01,VALID,2,,8.0,synthetic
L14_C001,L14,propagation_delay,96,5.843543818154346,ns,125.0,STATIC_BURN_IN,INST_01,CH_01,VALID,2,,8.0,synthetic
L14_C001,L14,propagation_delay,168,6.48934454467059,ns,125.0,STATIC_BURN_IN,INST_01,CH_01,VALID,2,,8.0,synthetic
L14_C002,L14,leakage_current,0,8.545042441812226,uA,125.0,STATIC_BURN_IN,INST_01,CH_02,VALID,1,,50.0,synthetic
L14_C002,L14,leakage_current,24,9.576917375916636,uA,125.0,STATIC_BURN_IN,INST_01,CH_02,VALID,1,,50.0,synthetic
L14_C002,L14,leakage_current,96,11.525559505132755,uA,125.0,STATIC_BURN_IN,INST_01,CH_02,VALID,1,,50.0,synthetic
L14_C002,L14,leakage_current,168,14.68354630673195,uA,125.0,STATIC_BURN_IN,INST_01,CH_02,VALID,1,,50.0,synthetic
L14_C002,L14,iddq,0,0.538183490337588,mA,125.0,STATIC_BURN_IN,INST_01,CH_02,VALID,1,,2.0,synthetic
L14_C002,L14,iddq,24,0.610990742694092,mA,125.0,STATIC_BURN_IN,INST_01,CH_02,VALID,1,,2.0,synthetic
L14_C002,L14,iddq,96,0.8508381593628459,mA,125.0,STATIC_BURN_IN,INST_01,CH_02,VALID,1,,2.0,synthetic
L14_C002,L14,iddq,168,1.2483730734046852,mA,125.0,STATIC_BURN_IN,INST_01,CH_02,VALID,1,,2.0,synthetic
L14_C002,L14,propagation_delay,0,5.357670683888431,ns,125.0,STATIC_BURN_IN,INST_01,CH_02,VALID,1,,8.0,synthetic
L14_C002,L14,propagation_delay,24,5.3993838655294235,ns,125.0,STATIC_BURN_IN,INST_01,CH_02,VALID,1,,8.0,synthetic
L14_C002,L14,propagation_delay,168,5.991283938788569,ns,125.0,STATIC_BURN_IN,INST_01,CH_02,VALID,1,,8.0,synthetic
L14_C003,L14,leakage_current,24,7.453235239444865,uA,125.0,STATIC_BURN_IN,INST_01,CH_03,VALID,0,,50.0,synthetic
L14_C003,L14,leakage_current,96,9.67095144248579,uA,125.0,STATIC_BURN_IN,INST_01,CH_03,VALID,0,,50.0,synthetic
L14_C003,L14,leakage_current,168,11.592208877280857,uA,125.0,STATIC_BURN_IN,INST_01,CH_03,VALID,0,,50.0,synthetic
L14_C003,L14,iddq,0,0.4883254219245472,mA,125.0,STATIC_BURN_IN,INST_01,CH_03,VALID,0,,2.0,synthetic
L14_C003,L14,iddq,24,0.5455985821203831,mA,125.0,STATIC_BURN_IN,INST_01,CH_03,VALID,0,,2.0,synthetic
L14_C003,L14,iddq,96,0.6971378890666445,mA,125.0,STATIC_BURN_IN,INST_01,CH_03,VALID,0,,2.0,synthetic
L14_C003,L14,iddq,168,0.8556561090971015,mA,125.0,STATIC_BURN_IN,INST_01,CH_03,VALID,0,,2.0,synthetic
L14_C003,L14,propagation_delay,0,5.144100791802144,ns,125.0,STATIC_BURN_IN,INST_01,CH_03,VALID,0,,8.0,synthetic
L14_C003,L14,propagation_delay,24,5.149842587057056,ns,125.0,STATIC_BURN_IN,INST_01,CH_03,VALID,0,,8.0,synthetic
L14_C003,L14,propagation_delay,96,5.863034439302599,ns,125.0,STATIC_BURN_IN,INST_01,CH_03,VALID,0,,8.0,synthetic
L14_C003,L14,propagation_delay,168,6.309258879351037,ns,125.0,STATIC_BURN_IN,INST_01,CH_03,VALID,0,,8.0,synthetic
L14_C004,L14,leakage_current,0,8.473965199938895,uA,125.0,STATIC_BURN_IN,INST_01,CH_04,VALID,0,,50.0,synthetic
L14_C004,L14,leakage_current,24,9.116807586517245,uA,125.0,STATIC_BURN_IN,INST_01,CH_04,VALID,0,,50.0,synthetic
L14_C004,L14,leakage_current,96,12.031819979335033,uA,125.0,STATIC_BURN_IN,INST_01,CH_04,VALID,0,,50.0,synthetic
L14_C004,L14,leakage_current,168,16.272534972010416,uA,125.0,STATIC_BURN_IN,INST_01,CH_04,VALID,0,,50.0,synthetic
L14_C004,L14,iddq,0,0.377823719699065,mA,125.0,STATIC_BURN_IN,INST_01,CH_04,VALID,0,,2.0,synthetic
L14_C004,L14,iddq,24,0.4040455273910634,mA,125.0,STATIC_BURN_IN,INST_01,CH_04,VALID,0,,2.0,synthetic
L14_C004,L14,iddq,96,0.5558239024025886,mA,125.0,STATIC_BURN_IN,INST_01,CH_04,VALID,0,,2.0,synthetic
L14_C004,L14,iddq,168,0.7253384971614694,mA,125.0,STATIC_BURN_IN,INST_01,CH_04,VALID,0,,2.0,synthetic
L14_C004,L14,propagation_delay,0,4.834184295647713,ns,125.0,STATIC_BURN_IN,INST_01,CH_04,VALID,0,,8.0,synthetic
L14_C004,L14,propagation_delay,24,4.95956732897539,ns,125.0,STATIC_BURN_IN,INST_01,CH_04,VALID,0,,8.0,synthetic
L14_C004,L14,propagation_delay,96,5.198225665600259,ns,125.0,STATIC_BURN_IN,INST_01,CH_04,VALID,0,,8.0,synthetic
L14_C004,L14,propagation_delay,168,5.536693000825355,ns,125.0,STATIC_BURN_IN,INST_01,CH_04,VALID,0,,8.0,synthetic
L14_C005,L14,leakage_current,0,5.67023629101363,uA,125.0,STATIC_BURN_IN,INST_01,CH_05,VALID,0,,50.0,synthetic
L14_C005,L14,leakage_current,24,5.797712625824602,uA,125.0,STATIC_BURN_IN,INST_01,CH_05,VALID,0,,50.0,synthetic
L14_C005,L14,leakage_current,96,5.680044501012461,uA,125.0,STATIC_BURN_IN,INST_01,CH_05,VALID,0,,50.0,synthetic
L14_C005,L14,leakage_current,168,5.603088437783912,uA,125.0,STATIC_BURN_IN,INST_01,CH_05,VALID,0,,50.0,synthetic
L14_C005,L14,iddq,0,0.3800930488131625,mA,125.0,STATIC_BURN_IN,INST_01,CH_05,VALID,0,,2.0,synthetic
L14_C005,L14,iddq,24,0.3801220341764834,mA,125.0,STATIC_BURN_IN,INST_01,CH_05,VALID,0,,2.0,synthetic
L14_C005,L14,iddq,96,0.39084920613818347,mA,125.0,STATIC_BURN_IN,INST_01,CH_05,VALID,0,,2.0,synthetic
L14_C005,L14,iddq,168,0.37253996484195623,mA,125.0,STATIC_BURN_IN,INST_01,CH_05,VALID,0,,2.0,synthetic
L14_C005,L14,propagation_delay,0,5.3257007988225915,ns,125.0,STATIC_BURN_IN,INST_01,CH_05,VALID,0,,8.0,synthetic
L14_C005,L14,propagation_delay,24,5.355649124698827,ns,125.0,STATIC_BURN_IN,INST_01,CH_05,VALID,0,,8.0,synthetic
L14_C005,L14,propagation_delay,96,5.325997582649606,ns,125.0,STATIC_BURN_IN,INST_01,CH_05,VALID,0,,8.0,synthetic
L14_C005,L14,propagation_delay,168,5.350411812547455,ns,125.0,STATIC_BURN_IN,INST_01,CH_05,VALID,0,,8.0,synthetic
L14_C006,L14,leakage_current,0,10.861415425717915,uA,125.0,STATIC_BURN_IN,INST_01,CH_06,VALID,0,,50.0,synthetic
L14_C006,L14,leakage_current,24,10.993269907131175,uA,125.0,STATIC_BURN_IN,INST_01,CH_06,VALID,0,,50.0,synthetic
L14_C006,L14,leakage_current,96,10.699179637186374,uA,125.0,STATIC_BURN_IN,INST_01,CH_06,VALID,0,,50.0,synthetic
L14_C006,L14,leakage_current,168,10.635299994457233,uA,125.0,STATIC_BURN_IN,INST_01,CH_06,VALID,0,,50.0,synthetic
L14_C006,L14,iddq,0,0.4192264005486705,mA,125.0,STATIC_BURN_IN,INST_01,CH_06,VALID,0,,2.0,synthetic
L14_C006,L14,iddq,24,0.4141329415948302,mA,125.0,STATIC_BURN_IN,INST_01,CH_06,VALID,0,,2.0,synthetic
L14_C006,L14,iddq,96,0.43065768759650846,mA,125.0,STATIC_BURN_IN,INST_01,CH_06,VALID,0,,2.0,synthetic
L14_C006,L14,iddq,168,0.41412795143836373,mA,125.0,STATIC_BURN_IN,INST_01,CH_06,VALID,0,,2.0,synthetic
L14_C006,L14,propagation_delay,0,5.32197625740076,ns,125.0,STATIC_BURN_IN,INST_01,CH_06,VALID,0,,8.0,synthetic
L14_C006,L14,propagation_delay,24,5.0822501749250195,ns,125.0,STATIC_BURN_IN,INST_01,CH_06,VALID,0,,8.0,synthetic
L14_C006,L14,propagation_delay,96,5.258819325327173,ns,125.0,STATIC_BURN_IN,INST_01,CH_06,VALID,0,,8.0,synthetic
L14_C006,L14,propagation_delay,168,5.1999969027029085,ns,125.0,STATIC_BURN_IN,INST_01,CH_06,VALID,0,,8.0,synthetic
L14_C007,L14,leakage_current,0,6.422678159073657,uA,125.0,STATIC_BURN_IN,INST_01,CH_07,VALID,0,,50.0,synthetic
L14_C007,L14,leakage_current,24,6.357449899108242,uA,125.0,STATIC_BURN_IN,INST_01,CH_07,VALID,0,,50.0,synthetic
L14_C007,L14,leakage_current,96,6.584054866735597,uA,125.0,STATIC_BURN_IN,INST_01,CH_07,VALID,0,,50.0,synthetic
L14_C007,L14,leakage_current,168,6.270054620732599,uA,125.0,STATIC_BURN_IN,INST_01,CH_07,VALID,0,,50.0,synthetic
L14_C007,L14,iddq,0,0.4523247809699514,mA,125.0,STATIC_BURN_IN,INST_01,CH_07,VALID,0,,2.0,synthetic
L14_C007,L14,iddq,24,0.4626414938448782,mA,125.0,STATIC_BURN_IN,INST_01,CH_07,VALID,0,,2.0,synthetic
L14_C007,L14,iddq,96,0.4464327317666699,mA,125.0,STATIC_BURN_IN,INST_01,CH_07,VALID,0,,2.0,synthetic
L14_C007,L14,iddq,168,0.45009188525989824,mA,125.0,STATIC_BURN_IN,INST_01,CH_07,VALID,0,,2.0,synthetic
L14_C007,L14,propagation_delay,0,5.454740199619203,ns,125.0,STATIC_BURN_IN,INST_01,CH_07,VALID,0,,8.0,synthetic
L14_C007,L14,propagation_delay,24,5.118512358444757,ns,125.0,STATIC_BURN_IN,INST_01,CH_07,VALID,0,,8.0,synthetic
L14_C007,L14,propagation_delay,96,5.408256575031275,ns,125.0,STATIC_BURN_IN,INST_01,CH_07,VALID,0,,8.0,synthetic
L14_C008,L14,leakage_current,0,11.623926016627076,uA,125.0,STATIC_BURN_IN,INST_01,CH_08,VALID,0,,50.0,synthetic
L14_C008,L14,leakage_current,24,12.277908523851222,uA,125.0,STATIC_BURN_IN,INST_01,CH_08,VALID,0,,50.0,synthetic
L14_C008,L14,leakage_current,96,12.110644172105502,uA,125.0,STATIC_BURN_IN,INST_01,CH_08,VALID,0,,50.0,synthetic
L14_C008,L14,leakage_current,168,11.998648400827994,uA,125.0,STATIC_BURN_IN,INST_01,CH_08,VALID,0,,50.0,synthetic
L14_C008,L14,iddq,0,0.4929081326416016,mA,125.0,STATIC_BURN_IN,INST_01,CH_08,VALID,0,,2.0,synthetic
L14_C008,L14,iddq,24,0.5081666974796818,mA,125.0,STATIC_BURN_IN,INST_01,CH_08,VALID,0,,2.0,synthetic
L14_C008,L14,iddq,96,0.5008961781215935,mA,125.0,STATIC_BURN_IN,INST_01,CH_08,VALID,0,,2.0,synthetic
L14_C008,L14,iddq,168,0.5065342968091731,mA,125.0,STATIC_BURN_IN,INST_01,CH_08,VALID,0,,2.0,synthetic
L14_C008,L14,propagation_delay,0,5.263500703614889,ns,125.0,STATIC_BURN_IN,INST_01,CH_08,VALID,0,,8.0,synthetic
L14_C008,L14,propagation_delay,24,5.193411615974266,ns,125.0,STATIC_BURN_IN,INST_01,CH_08,VALID,0,,8.0,synthetic
L14_C008,L14,propagation_delay,96,5.260822396739945,ns,125.0,STATIC_BURN_IN,INST_01,CH_08,VALID,0,,8.0,synthetic
L14_C008,L14,propagation_delay,168,4.9432171107544995,ns,125.0,STATIC_BURN_IN,INST_01,CH_08,VALID,0,,8.0,synthetic
L14_C009,L14,leakage_current,0,12.823624060144947,uA,125.0,STATIC_BURN_IN,INST_02,CH_01,VALID,0,,50.0,synthetic
L14_C009,L14,leakage_current,168,12.95230751094419,uA,125.0,STATIC_BURN_IN,INST_02,CH_01,VALID,0,,50.0,synthetic
L14_C009,L14,iddq,0,0.4241329637974846,mA,125.0,STATIC_BURN_IN,INST_02,CH_01,VALID,0,,2.0,synthetic
L14_C009,L14,iddq,24,0.40952984007051446,mA,125.0,STATIC_BURN_IN,INST_02,CH_01,VALID,0,,2.0,synthetic
L14_C009,L14,iddq,96,0.4164613553258551,mA,125.0,STATIC_BURN_IN,INST_02,CH_01,VALID,0,,2.0,synthetic
L14_C009,L14,iddq,168,0.4191983877069213,mA,125.0,STATIC_BURN_IN,INST_02,CH_01,VALID,0,,2.0,synthetic
L14_C009,L14,propagation_delay,0,4.644178307296976,ns,125.0,STATIC_BURN_IN,INST_02,CH_01,VALID,0,,8.0,synthetic
L14_C009,L14,propagation_delay,24,4.607431391000897,ns,125.0,STATIC_BURN_IN,INST_02,CH_01,VALID,0,,8.0,synthetic
L14_C009,L14,propagation_delay,96,4.679790476556056,ns,125.0,STATIC_BURN_IN,INST_02,CH_01,VALID,0,,8.0,synthetic
L14_C009,L14,propagation_delay,168,4.652437208050569,ns,125.0,STATIC_BURN_IN,INST_02,CH_01,VALID,0,,8.0,synthetic
L14_C010,L14,leakage_current,0,10.354475475599758,uA,125.0,STATIC_BURN_IN,INST_02,CH_02,VALID,0,,50.0,synthetic
L14_C010,L14,leakage_current,24,10.509747371048945,uA,125.0,STATIC_BURN_IN,INST_02,CH_02,VALID,0,,50.0,synthetic
L14_C010,L14,leakage_current,96,10.092757990020466,uA,125.0,STATIC_BURN_IN,INST_02,CH_02,VALID,0,,50.0,synthetic
L14_C010,L14,leakage_current,168,10.291264431140107,uA,125.0,STATIC_BURN_IN,INST_02,CH_02,VALID,0,,50.0,synthetic
L14_C010,L14,iddq,0,0.4819867180518834,mA,125.0,STATIC_BURN_IN,INST_02,CH_02,VALID,0,,2.0,synthetic
L14_C010,L14,iddq,24,0.47511941828724075,mA,125.0,STATIC_BURN_IN,INST_02,CH_02,VALID,0,,2.0,synthetic
L14_C010,L14,iddq,96,0.4568454578762029,mA,125.0,STATIC_BURN_IN,INST_02,CH_02,VALID,0,,2.0,synthetic
L14_C010,L14,iddq,168,0.47390731668733826,mA,125.0,STATIC_BURN_IN,INST_02,CH_02,VALID,0,,2.0,synthetic
L14_C010,L14,propagation_delay,0,5.05159545373767,ns,125.0,STATIC_BURN_IN,INST_02,CH_02,VALID,0,,8.0,synthetic
L14_C010,L14,propagation_delay,24,4.981268835097758,ns,125.0,STATIC_BURN_IN,INST_02,CH_02,VALID,0,,8.0,synthetic
L14_C010,L14,propagation_delay,96,4.934735099426664,ns,125.0,STATIC_BURN_IN,INST_02,CH_02,VALID,0,,8.0,synthetic
L14_C010,L14,propagation_delay,168,4.996812982255764,ns,125.0,STATIC_BURN_IN,INST_02,CH_02,VALID,0,,8.0,synthetic
L14_C011,L14,leakage_current,0,9.500923548042248,uA,125.0,STATIC_BURN_IN,INST_02,CH_03,VALID,0,,50.0,synthetic
L14_C011,L14,leakage_current,24,9.374282974599268,uA,125.0,STATIC_BURN_IN,INST_02,CH_03,VALID,0,,50.0,synthetic
L14_C011,L14,leakage_current,96,9.664580216374665,uA,125.0,STATIC_BURN_IN,INST_02,CH_03,VALID,0,,50.0,synthetic
L14_C011,L14,leakage_current,168,9.61618180336058,uA,125.0,STATIC_BURN_IN,INST_02,CH_03,VALID,0,,50.0,synthetic
L14_C011,L14,iddq,0,0.3784053730653928,mA,125.0,STATIC_BURN_IN,INST_02,CH_03,VALID,0,,2.0,synthetic
L14_C011,L14,iddq,24,0.3917145876995307,mA,125.0,STATIC_BURN_IN,INST_02,CH_03,VALID,0,,2.0,synthetic
L14_C011,L14,iddq,96,0.39845011598381075,mA,125.0,STATIC_BURN_IN,INST_02,CH_03,VALID,0,,2.0,synthetic
L14_C011,L14,iddq,168,0.3741581914923298,mA,125.0,STATIC_BURN_IN,INST_02,CH_03,VALID,0,,2.0,synthetic
L14_C011,L14,propagation_delay,0,5.2651948227115835,ns,125.0,STATIC_BURN_IN,INST_02,CH_03,VALID,0,,8.0,synthetic
L14_C011,L14,propagation_delay,24,5.3417723643859265,ns,125.0,STATIC_BURN_IN,INST_02,CH_03,VALID,0,,8.0,synthetic
L14_C011,L14,propagation_delay,96,5.308376755235344,ns,125.0,STATIC_BURN_IN,INST_02,CH_03,VALID,0,,8.0,synthetic
L14_C011,L14,propagation_delay,168,5.416591561683863,ns,125.0,STATIC_BURN_IN,INST_02,CH_03,VALID,0,,8.0,synthetic
L14_C012,L14,leakage_current,0,9.231234986221308,uA,125.0,STATIC_BURN_IN,INST_02,CH_04,VALID,0,,50.0,synthetic
L14_C012,L14,leakage_current,24,9.237697786095264,uA,125.0,STATIC_BURN_IN,INST_02,CH_04,VALID,0,,50.0,synthetic
L14_C012,L14,leakage_current,96,9.342410732406496,uA,125.0,STATIC_BURN_IN,INST_02,CH_04,VALID,0,,50.0,synthetic
L14_C012,L14,leakage_current,168,8.89470652245217,uA,125.0,STATIC_BURN_IN,INST_02,CH_04,VALID,0,,50.0,synthetic
L14_C012,L14,iddq,0,0.44323294519368206,mA,125.0,STATIC_BURN_IN,INST_02,CH_04,VALID,0,,2.0,synthetic
L14_C012,L14,iddq,24,0.44380467558207043,mA,125.0,STATIC_BURN_IN,INST_02,CH_04,VALID,0,,2.0,synthetic
L14_C012,L14,iddq,96,0.43350385683124576,mA,125.0,STATIC_BURN_IN,INST_02,CH_04,VALID,0,,2.0,synthetic
L14_C012,L14,iddq,168,0.44493585532494945,mA,125.0,STATIC_BURN_IN,INST_02,CH_04,VALID,0,,2.0,synthetic
L14_C012,L14,propagation_delay,0,5.091915995200761,ns,125.0,STATIC_BURN_IN,INST_02,CH_04,VALID,0,,8.0,synthetic
L14_C012,L14,propagation_delay,24,4.998338587526511,ns,125.0,STATIC_BURN_IN,INST_02,CH_04,VALID,0,,8.0,synthetic
L14_C012,L14,propagation_delay,96,5.04185187741731,ns,125.0,STATIC_BURN_IN,INST_02,CH_04,VALID,0,,8.0,synthetic
L14_C012,L14,propagation_delay,168,5.024471057582743,ns,125.0,STATIC_BURN_IN,INST_02,CH_04,VALID,0,,8.0,synthetic
L14_C013,L14,leakage_current,0,6.355158603186162,uA,125.0,STATIC_BURN_IN,INST_02,CH_05,VALID,1,,50.0,synthetic
L14_C013,L14,leakage_current,24,5.994010872033085,uA,125.0,STATIC_BURN_IN,INST_02,CH_05,VALID,1,,50.0,synthetic
L14_C013,L14,leakage_current,96,5.9264123685270125,uA,125.0,STATIC_BURN_IN,INST_02,CH_05,VALID,1,,50.0,synthetic
L14_C013,L14,iddq,0,0.517326333644211,mA,125.0,STATIC_BURN_IN,INST_02,CH_05,VALID,1,,2.0,synthetic
L14_C013,L14,iddq,24,0.5087681886515762,mA,125.0,STATIC_BURN_IN,INST_02,CH_05,VALID,1,,2.0,synthetic
L14_C013,L14,iddq,96,0.49546373603052746,mA,125.0,STATIC_BURN_IN,INST_02,CH_05,VALID,1,,2.0,synthetic
L14_C013,L14,iddq,168,0.5089145256367779,mA,125.0,STATIC_BURN_IN,INST_02,CH_05,VALID,1,,2.0,synthetic
L14_C013,L14,propagation_delay,0,5.156538854075004,ns,125.0,STATIC_BURN_IN,INST_02,CH_05,VALID,1,,8.0,synthetic
L14_C013,L14,propagation_delay,24,4.877125287656204,ns,125.0,STATIC_BURN_IN,INST_02,CH_05,VALID,1,,8.0,synthetic
L14_C013,L14,propagation_delay,96,4.824390416596233,ns,125.0,STATIC_BURN_IN,INST_02,CH_05,VALID,1,,8.0,synthetic
L14_C014,L14,leakage_current,0,12.449750243687637,uA,125.0,STATIC_BURN_IN,INST_02,CH_06,VALID,0,,50.0,synthetic
L14_C014,L14,leakage_current,24,12.551687335485482,uA,125.0,STATIC_BURN_IN,INST_02,CH_06,VALID,0,,50.0,synthetic
L14_C014,L14,leakage_current,96,12.371355000201804,uA,125.0,STATIC_BURN_IN,INST_02,CH_06,VALID,0,,50.0,synthetic
L14_C014,L14,leakage_current,168,12.466103954651418,uA,125.0,STATIC_BURN_IN,INST_02,CH_06,VALID,0,,50.0,synthetic
L14_C014,L14,iddq,0,0.400127552800546,mA,125.0,STATIC_BURN_IN,INST_02,CH_06,VALID,0,,2.0,synthetic
L14_C014,L14,iddq,24,0.39745007414131983,mA,125.0,STATIC_BURN_IN,INST_02,CH_06,VALID,0,,2.0,synthetic
L14_C014,L14,iddq,96,0.3920976703995399,mA,125.0,STATIC_BURN_IN,INST_02,CH_06,VALID,0,,2.0,synthetic
L14_C014,L14,iddq,168,0.391887477504675,mA,125.0,STATIC_BURN_IN,INST_02,CH_06,VALID,0,,2.0,synthetic
L14_C014,L14,propagation_delay,0,5.089663387778952,ns,125.0,STATIC_BURN_IN,INST_02,CH_06,VALID,0,,8.0,synthetic
L14_C014,L14,propagation_delay,24,4.96871521637844,ns,125.0,STATIC_BURN_IN,INST_02,CH_06,VALID,0,,8.0,synthetic
L14_C014,L14,propagation_delay,96,5.305751925766772,ns,125.0,STATIC_BURN_IN,INST_02,CH_06,VALID,0,,8.0,synthetic
L14_C014,L14,propagation_delay,168,5.170532557206933,ns,125.0,STATIC_BURN_IN,INST_02,CH_06,VALID,0,,8.0,synthetic
L14_C015,L14,leakage_current,0,8.327909316805481,uA,125.0,STATIC_BURN_IN,INST_02,CH_07,VALID,0,,50.0,synthetic
L14_C015,L14,leakage_current,24,8.419830432926306,uA,125.0,STATIC_BURN_IN,INST_02,CH_07,VALID,0,,50.0,synthetic
L14_C015,L14,leakage_current,96,8.526003111172294,uA,125.0,STATIC_BURN_IN,INST_02,CH_07,VALID,0,,50.0,synthetic
L14_C015,L14,leakage_current,168,8.257234452029559,uA,125.0,STATIC_BURN_IN,INST_02,CH_07,VALID,0,,50.0,synthetic
L14_C015,L14,iddq,0,0.5630761606448479,mA,125.0,STATIC_BURN_IN,INST_02,CH_07,VALID,0,,2.0,synthetic
L14_C015,L14,iddq,24,0.5498302586116056,mA,125.0,STATIC_BURN_IN,INST_02,CH_07,VALID,0,,2.0,synthetic
L14_C015,L14,iddq,96,0.560960159543313,mA,125.0,STATIC_BURN_IN,INST_02,CH_07,VALID,0,,2.0,synthetic
L14_C015,L14,iddq,168,0.5547191831363882,mA,125.0,STATIC_BURN_IN,INST_02,CH_07,VALID,0,,2.0,synthetic
L14_C015,L14,propagation_delay,0,5.04561914681335,ns,125.0,STATIC_BURN_IN,INST_02,CH_07,VALID,0,,8.0,synthetic
L14_C015,L14,propagation_delay,24,4.929522473106194,ns,125.0,STATIC_BURN_IN,INST_02,CH_07,VALID,0,,8.0,synthetic
L14_C015,L14,propagation_delay,96,5.189167095456352,ns,125.0,STATIC_BURN_IN,INST_02,CH_07,VALID,0,,8.0,synthetic
L14_C015,L14,propagation_delay,168,5.131529865356111,ns,125.0,STATIC_BURN_IN,INST_02,CH_07,VALID,0,,8.0,synthetic
L14_C016,L14,leakage_current,0,7.278489535126865,uA,125.0,STATIC_BURN_IN,INST_02,CH_08,VALID,0,,50.0,synthetic
L14_C016,L14,leakage_current,24,7.192607207226316,uA,125.0,STATIC_BURN_IN,INST_02,CH_08,VALID,0,,50.0,synthetic
L14_C016,L14,leakage_current,96,7.34950715554988,uA,125.0,STATIC_BURN_IN,INST_02,CH_08,VALID,0,,50.0,synthetic
L14_C016,L14,leakage_current,168,7.134669946409727,uA,125.0,STATIC_BURN_IN,INST_02,CH_08,VALID,0,,50.0,synthetic
L14_C016,L14,iddq,0,0.530000438922276,mA,125.0,STATIC_BURN_IN,INST_02,CH_08,VALID,0,,2.0,synthetic
L14_C016,L14,iddq,24,0.546762303077721,mA,125.0,STATIC_BURN_IN,INST_02,CH_08,VALID,0,,2.0,synthetic
L14_C016,L14,iddq,96,0.5228905723198962,mA,125.0,STATIC_BURN_IN,INST_02,CH_08,VALID,0,,2.0,synthetic
L14_C016,L14,iddq,168,0.5126788051863935,mA,125.0,STATIC_BURN_IN,INST_02,CH_08,VALID,0,,2.0,synthetic
L14_C016,L14,propagation_delay,0,5.575253172881239,ns,125.0,STATIC_BURN_IN,INST_02,CH_08,VALID,0,,8.0,synthetic
L14_C016,L14,propagation_delay,24,5.49140930390857,ns,125.0,STATIC_BURN_IN,INST_02,CH_08,VALID,0,,8.0,synthetic
L14_C016,L14,propagation_delay,96,5.555713995984315,ns,125.0,STATIC_BURN_IN,INST_02,CH_08,VALID,0,,8.0,synthetic
L14_C016,L14,propagation_delay,168,5.717328236978722,ns,125.0,STATIC_BURN_IN,INST_02,CH_08,VALID,0,,8.0,synthetic
L14_C017,L14,leakage_current,0,13.098020954263848,uA,125.0,STATIC_BURN_IN,INST_01,CH_01,VALID,1,,50.0,synthetic
L14_C017,L14,leakage_current,24,12.570533078409309,uA,125.0,STATIC_BURN_IN,INST_01,CH_01,VALID,1,,50.0,synthetic
L14_C017,L14,leakage_current,96,12.563729559141652,uA,125.0,STATIC_BURN_IN,INST_01,CH_01,VALID,1,,50.0,synthetic
L14_C017,L14,leakage_current,168,12.92684179532271,uA,125.0,STATIC_BURN_IN,INST_01,CH_01,VALID,1,,50.0,synthetic
L14_C017,L14,iddq,0,0.36307830582311074,mA,125.0,STATIC_BURN_IN,INST_01,CH_01,VALID,1,,2.0,synthetic
L14_C017,L14,iddq,24,0.3500691716958857,mA,125.0,STATIC_BURN_IN,INST_01,CH_01,VALID,1,,2.0,synthetic
L14_C017,L14,iddq,96,0.35162751312328283,mA,125.0,STATIC_BURN_IN,INST_01,CH_01,VALID,1,,2.0,synthetic
L14_C017,L14,iddq,168,0.34722626617411956,mA,125.0,STATIC_BURN_IN,INST_01,CH_01,VALID,1,,2.0,synthetic
L14_C017,L14,propagation_delay,24,5.283731271865948,ns,125.0,STATIC_BURN_IN,INST_01,CH_01,VALID,1,,8.0,synthetic
L14_C017,L14,propagation_delay,96,5.212004329226139,ns,125.0,STATIC_BURN_IN,INST_01,CH_01,VALID,1,,8.0,synthetic
L14_C017,L14,propagation_delay,168,4.957333217472984,ns,125.0,STATIC_BURN_IN,INST_01,CH_01,VALID,1,,8.0,synthetic
L14_C018,L14,leakage_current,0,10.354921909848507,uA,125.0,STATIC_BURN_IN,INST_01,CH_02,VALID,0,,50.0,synthetic
L14_C018,L14,leakage_current,24,169.6561113466555,uA,125.0,STATIC_BURN_IN,INST_01,CH_02,VALID,0,,50.0,synthetic
L14_C018,L14,leakage_current,96,174.48335569273564,uA,125.0,STATIC_BURN_IN,INST_01,CH_02,VALID,0,,50.0,synthetic
L14_C018,L14,leakage_current,168,163.34036824760258,uA,125.0,STATIC_BURN_IN,INST_01,CH_02,VALID,0,,50.0,synthetic
L14_C018,L14,iddq,0,0.5739804716933388,mA,125.0,STATIC_BURN_IN,INST_01,CH_02,VALID,0,,2.0,synthetic
L14_C018,L14,iddq,24,0.5854443943363244,mA,125.0,STATIC_BURN_IN,INST_01,CH_02,VALID,0,,2.0,synthetic
L14_C018,L14,iddq,96,0.566654017944284,mA,125.0,STATIC_BURN_IN,INST_01,CH_02,VALID,0,,2.0,synthetic
L14_C018,L14,iddq,168,5.879802768392708,mA,125.0,STATIC_BURN_IN,INST_01,CH_02,VALID,0,,2.0,synthetic
L14_C018,L14,propagation_delay,0,5.329062233173718,ns,125.0,STATIC_BURN_IN,INST_01,CH_02,VALID,0,,8.0,synthetic
L14_C018,L14,propagation_delay,24,5.272904186503681,ns,125.0,STATIC_BURN_IN,INST_01,CH_02,VALID,0,,8.0,synthetic
L14_C018,L14,propagation_delay,96,14.172058431188928,ns,125.0,STATIC_BURN_IN,INST_01,CH_02,VALID,0,,8.0,synthetic
L14_C018,L14,propagation_delay,168,13.541323241534728,ns,125.0,STATIC_BURN_IN,INST_01,CH_02,VALID,0,,8.0,synthetic
L14_C019,L14,leakage_current,0,10.3967066125353,uA,125.0,STATIC_BURN_IN,INST_01,CH_03,VALID,0,,50.0,synthetic
L14_C019,L14,leakage_current,24,10.167968061377309,uA,125.0,STATIC_BURN_IN,INST_01,CH_03,VALID,0,,50.0,synthetic
L14_C019,L14,leakage_current,96,10.214038088030222,uA,125.0,STATIC_BURN_IN,INST_01,CH_03,VALID,0,,50.0,synthetic
L14_C019,L14,leakage_current,168,10.544787221308436,uA,125.0,STATIC_BURN_IN,INST_01,CH_03,VALID,0,,50.0,synthetic
L14_C019,L14,iddq,0,0.5135641206343432,mA,125.0,STATIC_BURN_IN,INST_01,CH_03,VALID,0,,2.0,synthetic
L14_C019,L14,iddq,24,0.5122678667487057,mA,125.0,STATIC_BURN_IN,INST_01,CH_03,VALID,0,,2.0,synthetic
L14_C019,L14,iddq,96,0.50890595543699,mA,125.0,STATIC_BURN_IN,INST_01,CH_03,VALID,0,,2.0,synthetic
L14_C019,L14,iddq,168,0.5138427245984121,mA,125.0,STATIC_BURN_IN,INST_01,CH_03,VALID,0,,2.0,synthetic
L14_C019,L14,propagation_delay,24,4.576103051884671,ns,125.0,STATIC_BURN_IN,INST_01,CH_03,VALID,0,,8.0,synthetic
L14_C019,L14,propagation_delay,96,4.637316824329109,ns,125.0,STATIC_BURN_IN,INST_01,CH_03,VALID,0,,8.0,synthetic
L14_C019,L14,propagation_delay,168,4.706837206408534,ns,125.0,STATIC_BURN_IN,INST_01,CH_03,VALID,0,,8.0,synthetic
L14_C020,L14,leakage_current,0,8.668947769904985,uA,125.0,STATIC_BURN_IN,INST_01,CH_04,VALID,2,,50.0,synthetic
L14_C020,L14,leakage_current,24,9.538858758569456,uA,125.0,STATIC_BURN_IN,INST_01,CH_04,VALID,2,,50.0,synthetic
L14_C020,L14,leakage_current,96,13.003602155281492,uA,125.0,STATIC_BURN_IN,INST_01,CH_04,VALID,2,,50.0,synthetic
L14_C020,L14,leakage_current,168,15.668690272212665,uA,125.0,STATIC_BURN_IN,INST_01,CH_04,VALID,2,,50.0,synthetic
L14_C020,L14,iddq,0,0.4600649050584787,mA,125.0,STATIC_BURN_IN,INST_01,CH_04,VALID,2,,2.0,synthetic
L14_C020,L14,iddq,24,0.5178172045053069,mA,125.0,STATIC_BURN_IN,INST_01,CH_04,VALID,2,,2.0,synthetic
L14_C020,L14,iddq,96,0.6686612984917942,mA,125.0,STATIC_BURN_IN,INST_01,CH_04,VALID,2,,2.0,synthetic
L14_C020,L14,iddq,168,0.8844652178473781,mA,125.0,STATIC_BURN_IN,INST_01,CH_04,VALID,2,,2.0,synthetic
L14_C020,L14,propagation_delay,0,5.307020445785074,ns,125.0,STATIC_BURN_IN,INST_01,CH_04,VALID,2,,8.0,synthetic
L14_C020,L14,propagation_delay,24,5.400069146673407,ns,125.0,STATIC_BURN_IN,INST_01,CH_04,VALID,2,,8.0,synthetic
L14_C020,L14,propagation_delay,96,5.913147973263157,ns,125.0,STATIC_BURN_IN,INST_01,CH_04,VALID,2,,8.0,synthetic
L14_C020,L14,propagation_delay,168,6.17993937972633,ns,125.0,STATIC_BURN_IN,INST_01,CH_04,VALID,2,,8.0,synthetic
L14_C021,L14,leakage_current,0,10.037972573760248,uA,125.0,STATIC_BURN_IN,INST_01,CH_05,VALID,0,,50.0,synthetic
L14_C021,L14,leakage_current,24,10.370014110229206,uA,125.0,STATIC_BURN_IN,INST_01,CH_05,VALID,0,,50.0,synthetic
L14_C021,L14,leakage_current,96,10.121130741178348,uA,125.0,STATIC_BURN_IN,INST_01,CH_05,VALID,0,,50.0,synthetic
L14_C021,L14,leakage_current,168,10.194101327347367,uA,125.0,STATIC_BURN_IN,INST_01,CH_05,VALID,0,,50.0,synthetic
L14_C021,L14,iddq,0,0.4610645781016556,mA,125.0,STATIC_BURN_IN,INST_01,CH_05,VALID,0,,2.0,synthetic
L14_C021,L14,iddq,24,0.46308062855483945,mA,125.0,STATIC_BURN_IN,INST_01,CH_05,VALID,0,,2.0,synthetic
L14_C021,L14,iddq,96,0.44913261314192054,mA,125.0,STATIC_BURN_IN,INST_01,CH_05,VALID,0,,2.0,synthetic
L14_C021,L14,iddq,168,0.4626872377139979,mA,125.0,STATIC_BURN_IN,INST_01,CH_05,VALID,0,,2.0,synthetic
L14_C021,L14,propagation_delay,0,4.619081348928213,ns,125.0,STATIC_BURN_IN,INST_01,CH_05,VALID,0,,8.0,synthetic
L14_C021,L14,propagation_delay,24,4.6953474657141605,ns,125.0,STATIC_BURN_IN,INST_01,CH_05,VALID,0,,8.0,synthetic
L14_C021,L14,propagation_delay,96,4.753286552956733,ns,125.0,STATIC_BURN_IN,INST_01,CH_05,VALID,0,,8.0,synthetic
L14_C021,L14,propagation_delay,168,4.867722766533792,ns,125.0,STATIC_BURN_IN,INST_01,CH_05,VALID,0,,8.0,synthetic
L14_C022,L14,leakage_current,0,9.408472320827714,uA,125.0,STATIC_BURN_IN,INST_01,CH_06,VALID,1,,50.0,synthetic
L14_C022,L14,leakage_current,24,10.320310749855937,uA,125.0,STATIC_BURN_IN,INST_01,CH_06,VALID,1,,50.0,synthetic
L14_C022,L14,leakage_current,96,13.6435652346402,uA,125.0,STATIC_BURN_IN,INST_01,CH_06,VALID,1,,50.0,synthetic
L14_C022,L14,leakage_current,168,18.147014859144885,uA,125.0,STATIC_BURN_IN,INST_01,CH_06,VALID,1,,50.0,synthetic
L14_C022,L14,iddq,0,0.4469949253611153,mA,125.0,STATIC_BURN_IN,INST_01,CH_06,VALID,1,,2.0,synthetic
L14_C022,L14,iddq,24,0.4668852293193787,mA,125.0,STATIC_BURN_IN,INST_01,CH_06,VALID,1,,2.0,synthetic
L14_C022,L14,iddq,96,0.6738109778975916,mA,125.0,STATIC_BURN_IN,INST_01,CH_06,VALID,1,,2.0,synthetic
L14_C022,L14,iddq,168,0.9036362020117235,mA,125.0,STATIC_BURN_IN,INST_01,CH_06,VALID,1,,2.0,synthetic
L14_C022,L14,propagation_delay,0,4.425903186205086,ns,125.0,STATIC_BURN_IN,INST_01,CH_06,VALID,1,,8.0,synthetic
L14_C022,L14,propagation_delay,24,4.781751001182603,ns,125.0,STATIC_BURN_IN,INST_01,CH_06,VALID,1,,8.0,synthetic
L14_C022,L14,propagation_delay,96,5.296925304275578,ns,125.0,STATIC_BURN_IN,INST_01,CH_06,VALID,1,,8.0,synthetic
L14_C022,L14,propagation_delay,168,5.910710627821107,ns,125.0,STATIC_BURN_IN,INST_01,CH_06,VALID,1,,8.0,synthetic
L14_C023,L14,leakage_current,0,8.153361847370668,uA,125.0,STATIC_BURN_IN,INST_01,CH_07,VALID,0,,50.0,synthetic
L14_C023,L14,leakage_current,24,8.394132701232698,uA,125.0,STATIC_BURN_IN,INST_01,CH_07,VALID,0,,50.0,synthetic
L14_C023,L14,leakage_current,96,8.634595807789879,uA,125.0,STATIC_BURN_IN,INST_01,CH_07,VALID,0,,50.0,synthetic
L14_C023,L14,leakage_current,168,8.177620915350245,uA,125.0,STATIC_BURN_IN,INST_01,CH_07,VALID,0,,50.0,synthetic
L14_C023,L14,iddq,0,0.4071178711414114,mA,125.0,STATIC_BURN_IN,INST_01,CH_07,VALID,0,,2.0,synthetic
L14_C023,L14,iddq,24,0.41644679581967403,mA,125.0,STATIC_BURN_IN,INST_01,CH_07,VALID,0,,2.0,synthetic
L14_C023,L14,iddq,96,0.41606890480150477,mA,125.0,STATIC_BURN_IN,INST_01,CH_07,VALID,0,,2.0,synthetic
L14_C023,L14,iddq,168,0.4045622972236227,mA,125.0,STATIC_BURN_IN,INST_01,CH_07,VALID,0,,2.0,synthetic
L14_C023,L14,propagation_delay,0,5.876290270617863,ns,125.0,STATIC_BURN_IN,INST_01,CH_07,VALID,0,,8.0,synthetic
L14_C023,L14,propagation_delay,24,5.900985523352871,ns,125.0,STATIC_BURN_IN,INST_01,CH_07,VALID,0,,8.0,synthetic
L14_C023,L14,propagation_delay,96,5.577250715089931,ns,125.0,STATIC_BURN_IN,INST_01,CH_07,VALID,0,,8.0,synthetic
L14_C023,L14,propagation_delay,168,5.627669916178123,ns,125.0,STATIC_BURN_IN,INST_01,CH_07,VALID,0,,8.0,synthetic
L14_C024,L14,leakage_current,0,9.726644328257455,uA,125.0,STATIC_BURN_IN,INST_01,CH_08,VALID,2,,50.0,synthetic
L14_C024,L14,leakage_current,24,9.224407478827429,uA,125.0,STATIC_BURN_IN,INST_01,CH_08,VALID,2,,50.0,synthetic
L14_C024,L14,leakage_current,96,9.679613862616925,uA,125.0,STATIC_BURN_IN,INST_01,CH_08,VALID,2,,50.0,synthetic
L14_C024,L14,leakage_current,168,9.539807040011958,uA,125.0,STATIC_BURN_IN,INST_01,CH_08,VALID,2,,50.0,synthetic
L14_C024,L14,iddq,0,0.4724640560939813,mA,125.0,STATIC_BURN_IN,INST_01,CH_08,VALID,2,,2.0,synthetic
L14_C024,L14,iddq,24,0.47340593383243873,mA,125.0,STATIC_BURN_IN,INST_01,CH_08,VALID,2,,2.0,synthetic
L14_C024,L14,iddq,96,0.4876518475412522,mA,125.0,STATIC_BURN_IN,INST_01,CH_08,VALID,2,,2.0,synthetic
L14_C024,L14,iddq,168,0.46087537775709947,mA,125.0,STATIC_BURN_IN,INST_01,CH_08,VALID,2,,2.0,synthetic
L14_C024,L14,propagation_delay,0,4.5363025418577925,ns,125.0,STATIC_BURN_IN,INST_01,CH_08,VALID,2,,8.0,synthetic
L14_C024,L14,propagation_delay,24,4.497127097758095,ns,125.0,STATIC_BURN_IN,INST_01,CH_08,VALID,2,,8.0,synthetic
L14_C024,L14,propagation_delay,96,4.6179055228164465,ns,125.0,STATIC_BURN_IN,INST_01,CH_08,VALID,2,,8.0,synthetic
L14_C024,L14,propagation_delay,168,4.580223418141713,ns,125.0,STATIC_BURN_IN,INST_01,CH_08,VALID,2,,8.0,synthetic
L14_C025,L14,leakage_current,0,7.337743146958894,uA,125.0,STATIC_BURN_IN,INST_02,CH_01,VALID,0,,50.0,synthetic
L14_C025,L14,leakage_current,24,7.933726908100355,uA,125.0,STATIC_BURN_IN,INST_02,CH_01,VALID,0,,50.0,synthetic
L14_C025,L14,leakage_current,96,7.545378899187309,uA,125.0,STATIC_BURN_IN,INST_02,CH_01,VALID,0,,50.0,synthetic
L14_C025,L14,leakage_current,168,7.781560571701495,uA,125.0,STATIC_BURN_IN,INST_02,CH_01,VALID,0,,50.0,synthetic
L14_C025,L14,iddq,0,0.4419624196282886,mA,125.0,STATIC_BURN_IN,INST_02,CH_01,VALID,0,,2.0,synthetic
L14_C025,L14,iddq,24,0.46296404692812104,mA,125.0,STATIC_BURN_IN,INST_02,CH_01,VALID,0,,2.0,synthetic
L14_C025,L14,iddq,96,0.4559770760800147,mA,125.0,STATIC_BURN_IN,INST_02,CH_01,VALID,0,,2.0,synthetic
L14_C025,L14,iddq,168,0.4284852239399236,mA,125.0,STATIC_BURN_IN,INST_02,CH_01,VALID,0,,2.0,synthetic
L14_C025,L14,propagation_delay,0,5.392777167961713,ns,125.0,STATIC_BURN_IN,INST_02,CH_01,VALID,0,,8.0,synthetic
L14_C025,L14,propagation_delay,24,5.27860631883917,ns,125.0,STATIC_BURN_IN,INST_02,CH_01,VALID,0,,8.0,synthetic
L14_C025,L14,propagation_delay,96,5.202905287120397,ns,125.0,STATIC_BURN_IN,INST_02,CH_01,VALID,0,,8.0,synthetic
L14_C025,L14,propagation_delay,168,5.323641825358283,ns,125.0,STATIC_BURN_IN,INST_02,CH_01,VALID,0,,8.0,synthetic
L14_C026,L14,leakage_current,0,13.25813024271105,uA,125.0,STATIC_BURN_IN,INST_02,CH_02,VALID,1,,50.0,synthetic
L14_C026,L14,leakage_current,24,13.172064415072565,uA,125.0,STATIC_BURN_IN,INST_02,CH_02,VALID,1,,50.0,synthetic
L14_C026,L14,leakage_current,96,13.01828636356063,uA,125.0,STATIC_BURN_IN,INST_02,CH_02,VALID,1,,50.0,synthetic
L14_C026,L14,leakage_current,168,185.22788370909083,uA,125.0,STATIC_BURN_IN,INST_02,CH_02,VALID,1,,50.0,synthetic
L14_C026,L14,iddq,0,0.3857251382561856,mA,125.0,STATIC_BURN_IN,INST_02,CH_02,VALID,1,,2.0,synthetic
L14_C026,L14,iddq,24,5.760485244242153,mA,125.0,STATIC_BURN_IN,INST_02,CH_02,VALID,1,,2.0,synthetic
L14_C026,L14,iddq,96,5.935565822367717,mA,125.0,STATIC_BURN_IN,INST_02,CH_02,VALID,1,,2.0,synthetic
L14_C026,L14,iddq,168,5.78777197110154,mA,125.0,STATIC_BURN_IN,INST_02,CH_02,VALID,1,,2.0,synthetic
L14_C026,L14,propagation_delay,0,5.42760487401125,ns,125.0,STATIC_BURN_IN,INST_02,CH_02,VALID,1,,8.0,synthetic
L14_C026,L14,propagation_delay,24,5.393631637823911,ns,125.0,STATIC_BURN_IN,INST_02,CH_02,VALID,1,,8.0,synthetic
L14_C026,L14,propagation_delay,96,12.388276086426957,ns,125.0,STATIC_BURN_IN,INST_02,CH_02,VALID,1,,8.0,synthetic
L14_C026,L14,propagation_delay,168,12.821471245456157,ns,125.0,STATIC_BURN_IN,INST_02,CH_02,VALID,1,,8.0,synthetic
L14_C027,L14,leakage_current,0,9.724791116439643,uA,125.0,STATIC_BURN_IN,INST_02,CH_03,VALID,1,,50.0,synthetic
L14_C027,L14,leakage_current,24,9.377949378739938,uA,125.0,STATIC_BURN_IN,INST_02,CH_03,VALID,1,,50.0,synthetic
L14_C027,L14,leakage_current,96,9.814597989991256,uA,125.0,STATIC_BURN_IN,INST_02,CH_03,VALID,1,,50.0,synthetic
L14_C027,L14,leakage_current,168,9.329350406935303,uA,125.0,STATIC_BURN_IN,INST_02,CH_03,VALID,1,,50.0,synthetic
L14_C027,L14,iddq,0,0.48643397046182474,mA,125.0,STATIC_BURN_IN,INST_02,CH_03,VALID,1,,2.0,synthetic
L14_C027,L14,iddq,24,0.48717669367974464,mA,125.0,STATIC_BURN_IN,INST_02,CH_03,VALID,1,,2.0,synthetic
L14_C027,L14,iddq,96,0.47707495729817406,mA,125.0,STATIC_BURN_IN,INST_02,CH_03,VALID,1,,2.0,synthetic
L14_C027,L14,iddq,168,0.4988142627523291,mA,125.0,STATIC_BURN_IN,INST_02,CH_03,VALID,1,,2.0,synthetic
L14_C027,L14,propagation_delay,0,5.528429116061971,ns,125.0,STATIC_BURN_IN,INST_02,CH_03,VALID,1,,8.0,synthetic
L14_C027,L14,propagation_delay,24,5.474132255680078,ns,125.0,STATIC_BURN_IN,INST_02,CH_03,VALID,1,,8.0,synthetic
L14_C027,L14,propagation_delay,96,5.494945248868925,ns,125.0,STATIC_BURN_IN,INST_02,CH_03,VALID,1,,8.0,synthetic
L14_C027,L14,propagation_delay,168,5.379137021341595,ns,125.0,STATIC_BURN_IN,INST_02,CH_03,VALID,1,,8.0,synthetic
L14_C028,L14,leakage_current,0,7.2766498344083645,uA,125.0,STATIC_BURN_IN,INST_02,CH_04,VALID,1,,50.0,synthetic
L14_C028,L14,leakage_current,24,7.652652105554646,uA,125.0,STATIC_BURN_IN,INST_02,CH_04,VALID,1,,50.0,synthetic
L14_C028,L14,leakage_current,96,7.32115241426033,uA,125.0,STATIC_BURN_IN,INST_02,CH_04,VALID,1,,50.0,synthetic
L14_C028,L14,leakage_current,168,7.2846106627364415,uA,125.0,STATIC_BURN_IN,INST_02,CH_04,VALID,1,,50.0,synthetic
L14_C028,L14,iddq,0,0.48296179472052203,mA,125.0,STATIC_BURN_IN,INST_02,CH_04,VALID,1,,2.0,synthetic
L14_C028,L14,iddq,24,0.48969411237100735,mA,125.0,STATIC_BURN_IN,INST_02,CH_04,VALID,1,,2.0,synthetic
L14_C028,L14,iddq,96,0.47830712828110594,mA,125.0,STATIC_BURN_IN,INST_02,CH_04,VALID,1,,2.0,synthetic
L14_C028,L14,iddq,168,0.47914863278325037,mA,125.0,STATIC_BURN_IN,INST_02,CH_04,VALID,1,,2.0,synthetic
L14_C028,L14,propagation_delay,0,5.308600578595744,ns,125.0,STATIC_BURN_IN,INST_02,CH_04,VALID,1,,8.0,synthetic
L14_C028,L14,propagation_delay,24,5.313390261162468,ns,125.0,STATIC_BURN_IN,INST_02,CH_04,VALID,1,,8.0,synthetic
L14_C028,L14,propagation_delay,96,5.305661298186975,ns,125.0,STATIC_BURN_IN,INST_02,CH_04,VALID,1,,8.0,synthetic
L14_C028,L14,propagation_delay,168,5.344070857822491,ns,125.0,STATIC_BURN_IN,INST_02,CH_04,VALID,1,,8.0,synthetic
L14_C029,L14,leakage_current,0,8.114038782055413,uA,125.0,STATIC_BURN_IN,INST_02,CH_05,VALID,0,,50.0,synthetic
L14_C029,L14,leakage_current,24,7.678763106055257,uA,125.0,STATIC_BURN_IN,INST_02,CH_05,VALID,0,,50.0,synthetic
L14_C029,L14,leakage_current,96,7.802537780618171,uA,125.0,STATIC_BURN_IN,INST_02,CH_05,VALID,0,,50.0,synthetic
L14_C029,L14,leakage_current,168,7.804896949771847,uA,125.0,STATIC_BURN_IN,INST_02,CH_05,VALID,0,,50.0,synthetic
L14_C029,L14,iddq,0,0.4892380917459201,mA,125.0,STATIC_BURN_IN,INST_02,CH_05,VALID,0,,2.0,synthetic
L14_C029,L14,iddq,24,0.4814469617911678,mA,125.0,STATIC_BURN_IN,INST_02,CH_05,VALID,0,,2.0,synthetic
L14_C029,L14,iddq,96,0.4735405748014284,mA,125.0,STATIC_BURN_IN,INST_02,CH_05,VALID,0,,2.0,synthetic
L14_C029,L14,iddq,168,0.48339036266072843,mA,125.0,STATIC_BURN_IN,INST_02,CH_05,VALID,0,,2.0,synthetic
L14_C029,L14,propagation_delay,0,5.4293966092180295,ns,125.0,STATIC_BURN_IN,INST_02,CH_05,VALID,0,,8.0,synthetic
L14_C029,L14,propagation_delay,24,5.536914699990664,ns,125.0,STATIC_BURN_IN,INST_02,CH_05,VALID,0,,8.0,synthetic
L14_C029,L14,propagation_delay,96,5.464463617946704,ns,125.0,STATIC_BURN_IN,INST_02,CH_05,VALID,0,,8.0,synthetic
L14_C029,L14,propagation_delay,168,5.524256786207954,ns,125.0,STATIC_BURN_IN,INST_02,CH_05,VALID,0,,8.0,synthetic
L14_C030,L14,leakage_current,0,10.1951833498929,uA,125.0,STATIC_BURN_IN,INST_02,CH_06,VALID,0,,50.0,synthetic
L14_C030,L14,leakage_current,24,10.57921205096449,uA,125.0,STATIC_BURN_IN,INST_02,CH_06,VALID,0,,50.0,synthetic
L14_C030,L14,leakage_current,96,10.510738406883988,uA,125.0,STATIC_BURN_IN,INST_02,CH_06,VALID,0,,50.0,synthetic
L14_C030,L14,leakage_current,168,10.1993453592733,uA,125.0,STATIC_BURN_IN,INST_02,CH_06,VALID,0,,50.0,synthetic
L14_C030,L14,iddq,0,0.5175784247473282,mA,125.0,STATIC_BURN_IN,INST_02,CH_06,VALID,0,,2.0,synthetic
L14_C030,L14,iddq,24,0.5118941442573826,mA,125.0,STATIC_BURN_IN,INST_02,CH_06,VALID,0,,2.0,synthetic
L14_C030,L14,iddq,96,0.49728010099301706,mA,125.0,STATIC_BURN_IN,INST_02,CH_06,VALID,0,,2.0,synthetic
L14_C030,L14,iddq,168,0.5115734961292848,mA,125.0,STATIC_BURN_IN,INST_02,CH_06,VALID,0,,2.0,synthetic
L14_C030,L14,propagation_delay,0,5.082808882743943,ns,125.0,STATIC_BURN_IN,INST_02,CH_06,VALID,0,,8.0,synthetic
L14_C030,L14,propagation_delay,24,5.0485101411542335,ns,125.0,STATIC_BURN_IN,INST_02,CH_06,VALID,0,,8.0,synthetic
L14_C030,L14,propagation_delay,96,5.229701733810653,ns,125.0,STATIC_BURN_IN,INST_02,CH_06,VALID,0,,8.0,synthetic
L14_C030,L14,propagation_delay,168,5.170355050734198,ns,125.0,STATIC_BURN_IN,INST_02,CH_06,VALID,0,,8.0,synthetic
