component_id,lot_id,parameter_name,elapsed_hours,parameter_scenario,is_temporally_degraded,is_spec_compliant,is_abnormal,first_abnormal_hour,achieved_snr,correlation_origin,as_of_hours
LOT_S01_C001,LOT_S01,IDSS,0,insufficient_data,False,True,False,,,independent_nominal,0
LOT_S01_C001,LOT_S01,IDSS,24,insufficient_data,False,True,False,,,independent_nominal,24
LOT_S01_C001,LOT_S01,IDSS,96,insufficient_data,False,True,False,,,independent_nominal,96
LOT_S01_C001,LOT_S01,IDSS,168,insufficient_data,False,True,False,,,independent_nominal,168
LOT_S01_C001,LOT_S01,VGS(th),0,insufficient_data,False,True,False,,,independent_nominal,0
LOT_S01_C001,LOT_S01,VGS(th),24,insufficient_data,False,True,False,,,independent_nominal,24
LOT_S01_C001,LOT_S01,VGS(th),96,insufficient_data,False,True,False,,,independent_nominal,96
LOT_S01_C001,LOT_S01,VGS(th),168,insufficient_data,False,True,False,,,independent_nominal,168
LOT_S01_C001,LOT_S01,RDS(on),0,insufficient_data,False,True,False,,,independent_nominal,0
LOT_S01_C001,LOT_S01,RDS(on),24,insufficient_data,False,True,False,,,independent_nominal,24
LOT_S01_C001,LOT_S01,RDS(on),96,insufficient_data,False,True,False,,,independent_nominal,96
LOT_S01_C001,LOT_S01,RDS(on),168,insufficient_data,False,True,False,,,independent_nominal,168
LOT_S01_C001,LOT_S01,IGSS,0,insufficient_data,False,True,False,,,independent_nominal,0
LOT_S01_C001,LOT_S01,IGSS,24,insufficient_data,False,True,False,,,independent_nominal,24
LOT_S01_C001,LOT_S01,IGSS,96,insufficient_data,False,True,False,,,independent_nominal,96
LOT_S01_C001,LOT_S01,IGSS,168,insufficient_data,False,True,False,,,independent_nominal,168
LOT_S01_C002,LOT_S01,IDSS,0,insufficient_data,False,True,False,,,lot_level_process_variation,0
LOT_S01_C002,LOT_S01,IDSS,24,insufficient_data,False,True,False,,,lot_level_process_variation,24
LOT_S01_C002,LOT_S01,IDSS,96,insufficient_data,False,True,False,,,lot_level_process_variation,96
LOT_S01_C002,LOT_S01,IDSS,168,insufficient_data,False,True,False,,,lot_level_process_variation,168
LOT_S01_C002,LOT_S01,VGS(th),0,insufficient_data,False,True,False,,,independent_nominal,0
LOT_S01_C002,LOT_S01,VGS(th),24,insufficient_data,False,True,False,,,independent_nominal,24
LOT_S01_C002,LOT_S01,VGS(th),96,insufficient_data,False,True,False,,,independent_nominal,96
LOT_S01_C002,LOT_S01,VGS(th),168,insufficient_data,False,True,False,,,independent_nominal,168
LOT_S01_C002,LOT_S01,RDS(on),0,insufficient_data,False,True,False,,,independent_nominal,0
LOT_S01_C002,LOT_S01,RDS(on),24,insufficient_data,False,True,False,,,independent_nominal,24
LOT_S01_C002,LOT_S01,RDS(on),96,insufficient_data,False,True,False,,,independent_nominal,96
LOT_S01_C002,LOT_S01,RDS(on),168,insufficient_data,False,True,False,,,independent_nominal,168
LOT_S01_C002,LOT_S01,IGSS,0,insufficient_data,False,True,False,,,independent_nominal,0
LOT_S01_C002,LOT_S01,IGSS,24,insufficient_data,False,True,False,,,independent_nominal,24
LOT_S01_C002,LOT_S01,IGSS,96,insufficient_data,False,True,False,,,independent_nominal,96
LOT_S01_C002,LOT_S01,IGSS,168,insufficient_data,False,True,False,,,independent_nominal,168
LOT_S01_C003,LOT_S01,IDSS,0,insufficient_data,False,True,False,,,independent_nominal,0
LOT_S01_C003,LOT_S01,IDSS,24,insufficient_data,False,True,False,,,independent_nominal,24
LOT_S01_C003,LOT_S01,IDSS,96,insufficient_data,False,True,False,,,independent_nominal,96
LOT_S01_C003,LOT_S01,IDSS,168,insufficient_data,False,True,False,,,independent_nominal,168
LOT_S01_C003,LOT_S01,VGS(th),0,insufficient_data,False,True,False,,,independent_nominal,0
LOT_S01_C003,LOT_S01,VGS(th),24,insufficient_data,False,True,False,,,independent_nominal,24
LOT_S01_C003,LOT_S01,VGS(th),96,insufficient_data,False,True,False,,,independent_nominal,96
LOT_S01_C003,LOT_S01,VGS(th),168,insufficient_data,False,True,False,,,independent_nominal,168
LOT_S01_C003,LOT_S01,RDS(on),0,insufficient_data,False,True,False,,,independent_nominal,0
LOT_S01_C003,LOT_S01,RDS(on),24,insufficient_data,False,True,False,,,independent_nominal,24
LOT_S01_C003,LOT_S01,RDS(on),96,insufficient_data,False,True,False,,,independent_nominal,96
LOT_S01_C003,LOT_S01,RDS(on),168,insufficient_data,False,True,False,,,independent_nominal,168
LOT_S01_C003,LOT_S01,IGSS,0,insufficient_data,False,True,False,,,independent_nominal,0
LOT_S01_C003,LOT_S01,IGSS,24,insufficient_data,False,True,False,,,independent_nominal,24
LOT_S01_C003,LOT_S01,IGSS,96,insufficient_data,False,True,False,,,independent_nominal,96
LOT_S01_C003,LOT_S01,IGSS,168,insufficient_data,False,True,False,,,independent_nominal,168
LOT_S02_C001,LOT_S02,IDSS,0,insufficient_data,False,True,False,,,independent_nominal,0
LOT_S02_C001,LOT_S02,IDSS,24,insufficient_data,False,True,False,,,independent_nominal,24
LOT_S02_C001,LOT_S02,IDSS,96,insufficient_data,False,True,False,,,independent_nominal,96
LOT_S02_C001,LOT_S02,IDSS,168,insufficient_data,False,True,False,,,independent_nominal,168
LOT_S02_C001,LOT_S02,VGS(th),0,insufficient_data,False,True,False,,,independent_nominal,0
LOT_S02_C001,LOT_S02,VGS(th),24,insufficient_data,False,True,False,,,independent_nominal,24
LOT_S02_C001,LOT_S02,VGS(th),96,insufficient_data,False,True,False,,,independent_nominal,96
LOT_S02_C001,LOT_S02,VGS(th),168,insufficient_data,False,True,False,,,independent_nominal,168
LOT_S02_C001,LOT_S02,RDS(on),0,insufficient_data,False,True,False,,,independent_nominal,0
LOT_S02_C001,LOT_S02,RDS(on),24,insufficient_data,False,True,False,,,independent_nominal,24
LOT_S02_C001,LOT_S02,RDS(on),96,insufficient_data,False,True,False,,,independent_nominal,96
LOT_S02_C001,LOT_S02,RDS(on),168,insufficient_data,False,True,False,,,independent_nominal,168
LOT_S02_C001,LOT_S02,IGSS,0,insufficient_data,False,True,False,,,independent_nominal,0
LOT_S02_C001,LOT_S02,IGSS,24,insufficient_data,False,True,False,,,independent_nominal,24
LOT_S02_C001,LOT_S02,IGSS,96,insufficient_data,False,True,False,,,independent_nominal,96
LOT_S02_C001,LOT_S02,IGSS,168,insufficient_data,False,True,False,,,independent_nominal,168
LOT_S02_C002,LOT_S02,IDSS,0,insufficient_data,False,True,False,,,lot_level_process_variation,0
LOT_S02_C002,LOT_S02,IDSS,24,insufficient_data,False,True,False,,,lot_level_process_variation,24
LOT_S02_C002,LOT_S02,IDSS,96,insufficient_data,False,True,False,,,lot_level_process_variation,96
LOT_S02_C002,LOT_S02,IDSS,168,insufficient_data,False,True,False,,,lot_level_process_variation,168
LOT_S02_C002,LOT_S02,VGS(th),0,insufficient_data,False,True,False,,,independent_nominal,0
LOT_S02_C002,LOT_S02,VGS(th),24,insufficient_data,False,True,False,,,independent_nominal,24
LOT_S02_C002,LOT_S02,VGS(th),96,insufficient_data,False,True,False,,,independent_nominal,96
LOT_S02_C002,LOT_S02,VGS(th),168,insufficient_data,False,True,False,,,independent_nominal,168
LOT_S02_C002,LOT_S02,RDS(on),0,insufficient_data,False,True,False,,,independent_nominal,0
LOT_S02_C002,LOT_S02,RDS(on),24,insufficient_data,False,True,False,,,independent_nominal,24
LOT_S02_C002,LOT_S02,RDS(on),96,insufficient_data,False,True,False,,,independent_nominal,96
LOT_S02_C002,LOT_S02,RDS(on),168,insufficient_data,False,True,False,,,independent_nominal,168
LOT_S02_C002,LOT_S02,IGSS,0,insufficient_data,False,True,False,,,independent_nominal,0
LOT_S02_C002,LOT_S02,IGSS,24,insufficient_data,False,True,False,,,independent_nominal,24
LOT_S02_C002,LOT_S02,IGSS,96,insufficient_data,False,True,False,,,independent_nominal,96
LOT_S02_C002,LOT_S02,IGSS,168,insufficient_data,False,True,False,,,independent_nominal,168
LOT_S02_C003,LOT_S02,IDSS,0,insufficient_data,False,True,False,,,independent_nominal,0
LOT_S02_C003,LOT_S02,IDSS,24,insufficient_data,False,True,False,,,independent_nominal,24
LOT_S02_C003,LOT_S02,IDSS,96,insufficient_data,False,True,False,,,independent_nominal,96
LOT_S02_C003,LOT_S02,IDSS,168,insufficient_data,False,True,False,,,independent_nominal,168
LOT_S02_C003,LOT_S02,VGS(th),0,insufficient_data,False,True,False,,,independent_nominal,0
LOT_S02_C003,LOT_S02,VGS(th),24,insufficient_data,False,True,False,,,independent_nominal,24
LOT_S02_C003,LOT_S02,VGS(th),96,insufficient_data,False,True,False,,,independent_nominal,96
LOT_S02_C003,LOT_S02,VGS(th),168,insufficient_data,False,True,False,,,independent_nominal,168
LOT_S02_C003,LOT_S02,RDS(on),0,insufficient_data,False,True,False,,,independent_nominal,0
LOT_S02_C003,LOT_S02,RDS(on),24,insufficient_data,False,True,False,,,independent_nominal,24
LOT_S02_C003,LOT_S02,RDS(on),96,insufficient_data,False,True,False,,,independent_nominal,96
LOT_S02_C003,LOT_S02,RDS(on),168,insufficient_data,False,True,False,,,independent_nominal,168
LOT_S02_C003,LOT_S02,IGSS,0,insufficient_data,False,True,False,,,independent_nominal,0
LOT_S02_C003,LOT_S02,IGSS,24,insufficient_data,False,True,False,,,independent_nominal,24
LOT_S02_C003,LOT_S02,IGSS,96,insufficient_data,False,True,False,,,independent_nominal,96
LOT_S02_C003,LOT_S02,IGSS,168,insufficient_data,False,True,False,,,independent_nominal,168
LOT_S02_C004,LOT_S02,IDSS,0,insufficient_data,False,True,False,,,independent_nominal,0
LOT_S02_C004,LOT_S02,IDSS,24,insufficient_data,False,True,False,,,independent_nominal,24
LOT_S02_C004,LOT_S02,IDSS,96,insufficient_data,False,True,False,,,independent_nominal,96
LOT_S02_C004,LOT_S02,IDSS,168,insufficient_data,False,True,False,,,independent_nominal,168
LOT_S02_C004,LOT_S02,VGS(th),0,insufficient_data,False,True,False,,,lot_level_process_variation,0
LOT_S02_C004,LOT_S02,VGS(th),24,insufficient_data,False,True,False,,,lot_level_process_variation,24
LOT_S02_C004,LOT_S02,VGS(th),96,insufficient_data,False,True,False,,,lot_level_process_variation,96
LOT_S02_C004,LOT_S02,VGS(th),168,insufficient_data,False,True,False,,,lot_level_process_variation,168
LOT_S02_C004,LOT_S02,RDS(on),0,insufficient_data,False,True,False,,,independent_nominal,0
LOT_S02_C004,LOT_S02,RDS(on),24,insufficient_data,False,True,False,,,independent_nominal,24
LOT_S02_C004,LOT_S02,RDS(on),96,insufficient_data,False,True,False,,,independent_nominal,96
LOT_S02_C004,LOT_S02,RDS(on),168,insufficient_data,False,True,False,,,independent_nominal,168
LOT_S02_C004,LOT_S02,IGSS,0,insufficient_data,False,True,False,,,independent_nominal,0
LOT_S02_C004,LOT_S02,IGSS,24,insufficient_data,False,True,False,,,independent_nominal,24
LOT_S02_C004,LOT_S02,IGSS,96,insufficient_data,False,True,False,,,independent_nominal,96
LOT_S02_C004,LOT_S02,IGSS,168,insufficient_data,False,True,False,,,independent_nominal,168
LOT_S02_C005,LOT_S02,IDSS,0,insufficient_data,False,True,False,,,independent_nominal,0
LOT_S02_C005,LOT_S02,IDSS,24,insufficient_data,False,True,False,,,independent_nominal,24
LOT_S02_C005,LOT_S02,IDSS,96,insufficient_data,False,True,False,,,independent_nominal,96
LOT_S02_C005,LOT_S02,IDSS,168,insufficient_data,False,True,False,,,independent_nominal,168
LOT_S02_C005,LOT_S02,VGS(th),0,insufficient_data,False,True,False,,,independent_nominal,0
LOT_S02_C005,LOT_S02,VGS(th),24,insufficient_data,False,True,False,,,independent_nominal,24
LOT_S02_C005,LOT_S02,VGS(th),96,insufficient_data,False,True,False,,,independent_nominal,96
LOT_S02_C005,LOT_S02,VGS(th),168,insufficient_data,False,True,False,,,independent_nominal,168
LOT_S02_C005,LOT_S02,RDS(on),0,insufficient_data,False,True,False,,,independent_nominal,0
LOT_S02_C005,LOT_S02,RDS(on),24,insufficient_data,False,True,False,,,independent_nominal,24
LOT_S02_C005,LOT_S02,RDS(on),96,insufficient_data,False,True,False,,,independent_nominal,96
LOT_S02_C005,LOT_S02,RDS(on),168,insufficient_data,False,True,False,,,independent_nominal,168
LOT_S02_C005,LOT_S02,IGSS,0,insufficient_data,False,True,False,,,independent_nominal,0
LOT_S02_C005,LOT_S02,IGSS,24,insufficient_data,False,True,False,,,independent_nominal,24
LOT_S02_C005,LOT_S02,IGSS,96,insufficient_data,False,True,False,,,independent_nominal,96
LOT_S02_C005,LOT_S02,IGSS,168,insufficient_data,False,True,False,,,independent_nominal,168
LOT_S03_C001,LOT_S03,IDSS,0,stable,False,True,False,,,independent_nominal,0
LOT_S03_C001,LOT_S03,IDSS,24,stable,False,True,False,,,independent_nominal,24
LOT_S03_C001,LOT_S03,IDSS,96,stable,False,True,False,,,independent_nominal,96
LOT_S03_C001,LOT_S03,IDSS,168,stable,False,True,False,,,independent_nominal,168
LOT_S03_C001,LOT_S03,VGS(th),0,stable,False,True,False,,,independent_nominal,0
LOT_S03_C001,LOT_S03,VGS(th),24,stable,False,True,False,,,independent_nominal,24
LOT_S03_C001,LOT_S03,VGS(th),96,stable,False,True,False,,,independent_nominal,96
LOT_S03_C001,LOT_S03,VGS(th),168,stable,False,True,False,,,independent_nominal,168
LOT_S03_C001,LOT_S03,RDS(on),0,stable,False,True,False,,,independent_nominal,0
LOT_S03_C001,LOT_S03,RDS(on),24,stable,False,True,False,,,independent_nominal,24
LOT_S03_C001,LOT_S03,RDS(on),96,stable,False,True,False,,,independent_nominal,96
LOT_S03_C001,LOT_S03,RDS(on),168,stable,False,True,False,,,independent_nominal,168
LOT_S03_C001,LOT_S03,IGSS,0,stable,False,True,False,,,independent_nominal,0
LOT_S03_C001,LOT_S03,IGSS,24,stable,False,True,False,,,independent_nominal,24
LOT_S03_C001,LOT_S03,IGSS,96,stable,False,True,False,,,independent_nominal,96
LOT_S03_C001,LOT_S03,IGSS,168,stable,False,True,False,,,independent_nominal,168
LOT_S03_C002,LOT_S03,IDSS,0,high_but_stable,False,True,False,,,lot_level_process_variation,0
LOT_S03_C002,LOT_S03,IDSS,24,high_but_stable,False,True,False,,,lot_level_process_variation,24
LOT_S03_C002,LOT_S03,IDSS,96,high_but_stable,False,True,False,,,lot_level_process_variation,96
LOT_S03_C002,LOT_S03,IDSS,168,high_but_stable,False,True,False,,,lot_level_process_variation,168
LOT_S03_C002,LOT_S03,VGS(th),0,stable,False,True,False,,,independent_nominal,0
LOT_S03_C002,LOT_S03,VGS(th),24,stable,False,True,False,,,independent_nominal,24
LOT_S03_C002,LOT_S03,VGS(th),96,stable,False,True,False,,,independent_nominal,96
LOT_S03_C002,LOT_S03,VGS(th),168,stable,False,True,False,,,independent_nominal,168
LOT_S03_C002,LOT_S03,RDS(on),0,stable,False,True,False,,,independent_nominal,0
LOT_S03_C002,LOT_S03,RDS(on),24,stable,False,True,False,,,independent_nominal,24
LOT_S03_C002,LOT_S03,RDS(on),96,stable,False,True,False,,,independent_nominal,96
LOT_S03_C002,LOT_S03,RDS(on),168,stable,False,True,False,,,independent_nominal,168
LOT_S03_C002,LOT_S03,IGSS,0,stable,False,True,False,,,independent_nominal,0
LOT_S03_C002,LOT_S03,IGSS,24,stable,False,True,False,,,independent_nominal,24
LOT_S03_C002,LOT_S03,IGSS,96,stable,False,True,False,,,independent_nominal,96
LOT_S03_C002,LOT_S03,IGSS,168,stable,False,True,False,,,independent_nominal,168
LOT_S03_C003,LOT_S03,IDSS,0,stable,False,True,False,,,independent_nominal,0
LOT_S03_C003,LOT_S03,IDSS,24,stable,False,True,False,,,independent_nominal,24
LOT_S03_C003,LOT_S03,IDSS,96,stable,False,True,False,,,independent_nominal,96
LOT_S03_C003,LOT_S03,IDSS,168,stable,False,True,False,,,independent_nominal,168
LOT_S03_C003,LOT_S03,VGS(th),0,stable,False,True,False,,,independent_nominal,0
LOT_S03_C003,LOT_S03,VGS(th),24,stable,False,True,False,,,independent_nominal,24
LOT_S03_C003,LOT_S03,VGS(th),96,stable,False,True,False,,,independent_nominal,96
LOT_S03_C003,LOT_S03,VGS(th),168,stable,False,True,False,,,independent_nominal,168
LOT_S03_C003,LOT_S03,RDS(on),0,stable,False,True,False,,,independent_nominal,0
LOT_S03_C003,LOT_S03,RDS(on),24,stable,False,True,False,,,independent_nominal,24
LOT_S03_C003,LOT_S03,RDS(on),96,stable,False,True,False,,,independent_nominal,96
LOT_S03_C003,LOT_S03,RDS(on),168,stable,False,True,False,,,independent_nominal,168
LOT_S03_C003,LOT_S03,IGSS,0,stable,False,True,False,,,independent_nominal,0
LOT_S03_C003,LOT_S03,IGSS,24,stable,False,True,False,,,independent_nominal,24
LOT_S03_C003,LOT_S03,IGSS,96,stable,False,True,False,,,independent_nominal,96
LOT_S03_C003,LOT_S03,IGSS,168,stable,False,True,False,,,independent_nominal,168
LOT_S03_C004,LOT_S03,IDSS,0,stable,False,True,False,,,independent_nominal,0
LOT_S03_C004,LOT_S03,IDSS,24,stable,False,True,False,,,independent_nominal,24
LOT_S03_C004,LOT_S03,IDSS,96,stable,False,True,False,,,independent_nominal,96
LOT_S03_C004,LOT_S03,IDSS,168,stable,False,True,False,,,independent_nominal,168
LOT_S03_C004,LOT_S03,VGS(th),0,high_but_stable,False,True,False,,,lot_level_process_variation,0
LOT_S03_C004,LOT_S03,VGS(th),24,high_but_stable,False,True,False,,,lot_level_process_variation,24
LOT_S03_C004,LOT_S03,VGS(th),96,high_but_stable,False,True,False,,,lot_level_process_variation,96
LOT_S03_C004,LOT_S03,VGS(th),168,high_but_stable,False,True,False,,,lot_level_process_variation,168
LOT_S03_C004,LOT_S03,RDS(on),0,stable,False,True,False,,,independent_nominal,0
LOT_S03_C004,LOT_S03,RDS(on),24,stable,False,True,False,,,independent_nominal,24
LOT_S03_C004,LOT_S03,RDS(on),96,stable,False,True,False,,,independent_nominal,96
LOT_S03_C004,LOT_S03,RDS(on),168,stable,False,True,False,,,independent_nominal,168
LOT_S03_C004,LOT_S03,IGSS,0,stable,False,True,False,,,independent_nominal,0
LOT_S03_C004,LOT_S03,IGSS,24,stable,False,True,False,,,independent_nominal,24
LOT_S03_C004,LOT_S03,IGSS,96,stable,False,True,False,,,independent_nominal,96
LOT_S03_C004,LOT_S03,IGSS,168,stable,False,True,False,,,independent_nominal,168
LOT_S03_C005,LOT_S03,IDSS,0,stable,False,True,False,,,independent_nominal,0
LOT_S03_C005,LOT_S03,IDSS,24,stable,False,True,False,,,independent_nominal,24
LOT_S03_C005,LOT_S03,IDSS,96,stable,False,True,False,,,independent_nominal,96
LOT_S03_C005,LOT_S03,IDSS,168,stable,False,True,False,,,independent_nominal,168
LOT_S03_C005,LOT_S03,VGS(th),0,stable,False,True,False,,,independent_nominal,0
LOT_S03_C005,LOT_S03,VGS(th),24,stable,False,True,False,,,independent_nominal,24
LOT_S03_C005,LOT_S03,VGS(th),96,stable,False,True,False,,,independent_nominal,96
LOT_S03_C005,LOT_S03,VGS(th),168,stable,False,True,False,,,independent_nominal,168
LOT_S03_C005,LOT_S03,RDS(on),0,stable,False,True,False,,,independent_nominal,0
LOT_S03_C005,LOT_S03,RDS(on),24,stable,False,True,False,,,independent_nominal,24
LOT_S03_C005,LOT_S03,RDS(on),96,stable,False,True,False,,,independent_nominal,96
LOT_S03_C005,LOT_S03,RDS(on),168,stable,False,True,False,,,independent_nominal,168
LOT_S03_C005,LOT_S03,IGSS,0,stable,False,True,False,,,independent_nominal,0
LOT_S03_C005,LOT_S03,IGSS,24,stable,False,True,False,,,independent_nominal,24
LOT_S03_C005,LOT_S03,IGSS,96,stable,False,True,False,,,independent_nominal,96
LOT_S03_C005,LOT_S03,IGSS,168,stable,False,True,False,,,independent_nominal,168
LOT_S03_C006,LOT_S03,IDSS,0,stable,False,True,False,,,independent_nominal,0
LOT_S03_C006,LOT_S03,IDSS,24,stable,False,True,False,,,independent_nominal,24
LOT_S03_C006,LOT_S03,IDSS,96,stable,False,True,False,,,independent_nominal,96
LOT_S03_C006,LOT_S03,IDSS,168,stable,False,True,False,,,independent_nominal,168
LOT_S03_C006,LOT_S03,VGS(th),0,stable,False,True,False,,,independent_nominal,0
LOT_S03_C006,LOT_S03,VGS(th),24,stable,False,True,False,,,independent_nominal,24
LOT_S03_C006,LOT_S03,VGS(th),96,stable,False,True,False,,,independent_nominal,96
LOT_S03_C006,LOT_S03,VGS(th),168,stable,False,True,False,,,independent_nominal,168
LOT_S03_C006,LOT_S03,RDS(on),0,high_but_stable,False,True,False,,,lot_level_process_variation,0
LOT_S03_C006,LOT_S03,RDS(on),24,high_but_stable,False,True,False,,,lot_level_process_variation,24
LOT_S03_C006,LOT_S03,RDS(on),96,high_but_stable,False,True,False,,,lot_level_process_variation,96
LOT_S03_C006,LOT_S03,RDS(on),168,high_but_stable,False,True,False,,,lot_level_process_variation,168
LOT_S03_C006,LOT_S03,IGSS,0,stable,False,True,False,,,independent_nominal,0
LOT_S03_C006,LOT_S03,IGSS,24,stable,False,True,False,,,independent_nominal,24
LOT_S03_C006,LOT_S03,IGSS,96,stable,False,True,False,,,independent_nominal,96
LOT_S03_C006,LOT_S03,IGSS,168,stable,False,True,False,,,independent_nominal,168
LOT_S03_C007,LOT_S03,IDSS,0,stable,False,True,False,,,independent_nominal,0
LOT_S03_C007,LOT_S03,IDSS,24,stable,False,True,False,,,independent_nominal,24
LOT_S03_C007,LOT_S03,IDSS,96,stable,False,True,False,,,independent_nominal,96
LOT_S03_C007,LOT_S03,IDSS,168,stable,False,True,False,,,independent_nominal,168
LOT_S03_C007,LOT_S03,VGS(th),0,stable,False,True,False,,,independent_nominal,0
LOT_S03_C007,LOT_S03,VGS(th),24,stable,False,True,False,,,independent_nominal,24
LOT_S03_C007,LOT_S03,VGS(th),96,stable,False,True,False,,,independent_nominal,96
LOT_S03_C007,LOT_S03,VGS(th),168,stable,False,True,False,,,independent_nominal,168
LOT_S03_C007,LOT_S03,RDS(on),0,stable,False,True,False,,,independent_nominal,0
LOT_S03_C007,LOT_S03,RDS(on),24,stable,False,True,False,,,independent_nominal,24
LOT_S03_C007,LOT_S03,RDS(on),96,stable,False,True,False,,,independent_nominal,96
LOT_S03_C007,LOT_S03,RDS(on),168,stable,False,True,False,,,independent_nominal,168
LOT_S03_C007,LOT_S03,IGSS,0,stable,False,True,False,,,independent_nominal,0
LOT_S03_C007,LOT_S03,IGSS,24,stable,False,True,False,,,independent_nominal,24
LOT_S03_C007,LOT_S03,IGSS,96,stable,False,True,False,,,independent_nominal,96
LOT_S03_C007,LOT_S03,IGSS,168,stable,False,True,False,,,independent_nominal,168
LOT_S03_C008,LOT_S03,IDSS,0,high_but_stable,False,True,False,,,lot_level_process_variation,0
LOT_S03_C008,LOT_S03,IDSS,24,high_but_stable,False,True,False,,,lot_level_process_variation,24
LOT_S03_C008,LOT_S03,IDSS,96,high_but_stable,False,True,False,,,lot_level_process_variation,96
LOT_S03_C008,LOT_S03,IDSS,168,high_but_stable,False,True,False,,,lot_level_process_variation,168
LOT_S03_C008,LOT_S03,VGS(th),0,stable,False,True,False,,,independent_nominal,0
LOT_S03_C008,LOT_S03,VGS(th),24,stable,False,True,False,,,independent_nominal,24
LOT_S03_C008,LOT_S03,VGS(th),96,stable,False,True,False,,,independent_nominal,96
LOT_S03_C008,LOT_S03,VGS(th),168,stable,False,True,False,,,independent_nominal,168
LOT_S03_C008,LOT_S03,RDS(on),0,stable,False,True,False,,,independent_nominal,0
LOT_S03_C008,LOT_S03,RDS(on),24,stable,False,True,False,,,independent_nominal,24
LOT_S03_C008,LOT_S03,RDS(on),96,stable,False,True,False,,,independent_nominal,96
LOT_S03_C008,LOT_S03,RDS(on),168,stable,False,True,False,,,independent_nominal,168
LOT_S03_C008,LOT_S03,IGSS,0,stable,False,True,False,,,independent_nominal,0
LOT_S03_C008,LOT_S03,IGSS,24,stable,False,True,False,,,independent_nominal,24
LOT_S03_C008,LOT_S03,IGSS,96,stable,False,True,False,,,independent_nominal,96
LOT_S03_C008,LOT_S03,IGSS,168,stable,False,True,False,,,independent_nominal,168
LOT_S04_C001,LOT_S04,IDSS,0,stable,False,True,False,,,independent_nominal,0
LOT_S04_C001,LOT_S04,IDSS,24,stable,False,True,False,,,independent_nominal,24
LOT_S04_C001,LOT_S04,IDSS,96,stable,False,True,False,,,independent_nominal,96
LOT_S04_C001,LOT_S04,IDSS,168,stable,False,True,False,,,independent_nominal,168
LOT_S04_C001,LOT_S04,VGS(th),0,stable,False,True,False,,,independent_nominal,0
LOT_S04_C001,LOT_S04,VGS(th),24,stable,False,True,False,,,independent_nominal,24
LOT_S04_C001,LOT_S04,VGS(th),96,stable,False,True,False,,,independent_nominal,96
LOT_S04_C001,LOT_S04,VGS(th),168,stable,False,True,False,,,independent_nominal,168
LOT_S04_C001,LOT_S04,RDS(on),0,stable,False,True,False,,,independent_nominal,0
LOT_S04_C001,LOT_S04,RDS(on),24,stable,False,True,False,,,independent_nominal,24
LOT_S04_C001,LOT_S04,RDS(on),96,stable,False,True,False,,,independent_nominal,96
LOT_S04_C001,LOT_S04,RDS(on),168,stable,False,True,False,,,independent_nominal,168
LOT_S04_C001,LOT_S04,IGSS,0,stable,False,True,False,,,independent_nominal,0
LOT_S04_C001,LOT_S04,IGSS,24,stable,False,True,False,,,independent_nominal,24
LOT_S04_C001,LOT_S04,IGSS,96,stable,False,True,False,,,independent_nominal,96
LOT_S04_C001,LOT_S04,IGSS,168,stable,False,True,False,,,independent_nominal,168
LOT_S04_C002,LOT_S04,IDSS,0,high_but_stable,False,True,False,,,lot_level_process_variation,0
LOT_S04_C002,LOT_S04,IDSS,24,high_but_stable,False,True,False,,,lot_level_process_variation,24
LOT_S04_C002,LOT_S04,IDSS,96,high_but_stable,False,True,False,,,lot_level_process_variation,96
LOT_S04_C002,LOT_S04,IDSS,168,high_but_stable,False,True,False,,,lot_level_process_variation,168
LOT_S04_C002,LOT_S04,VGS(th),0,stable,False,True,False,,,independent_nominal,0
LOT_S04_C002,LOT_S04,VGS(th),24,stable,False,True,False,,,independent_nominal,24
LOT_S04_C002,LOT_S04,VGS(th),96,stable,False,True,False,,,independent_nominal,96
LOT_S04_C002,LOT_S04,VGS(th),168,stable,False,True,False,,,independent_nominal,168
LOT_S04_C002,LOT_S04,RDS(on),0,stable,False,True,False,,,independent_nominal,0
LOT_S04_C002,LOT_S04,RDS(on),24,stable,False,True,False,,,independent_nominal,24
LOT_S04_C002,LOT_S04,RDS(on),96,stable,False,True,False,,,independent_nominal,96
LOT_S04_C002,LOT_S04,RDS(on),168,stable,False,True,False,,,independent_nominal,168
LOT_S04_C002,LOT_S04,IGSS,0,stable,False,True,False,,,independent_nominal,0
LOT_S04_C002,LOT_S04,IGSS,24,stable,False,True,False,,,independent_nominal,24
LOT_S04_C002,LOT_S04,IGSS,96,stable,False,True,False,,,independent_nominal,96
LOT_S04_C002,LOT_S04,IGSS,168,stable,False,True,False,,,independent_nominal,168
LOT_S04_C003,LOT_S04,IDSS,0,stable,False,True,False,,,independent_nominal,0
LOT_S04_C003,LOT_S04,IDSS,24,stable,False,True,False,,,independent_nominal,24
LOT_S04_C003,LOT_S04,IDSS,96,stable,False,True,False,,,independent_nominal,96
LOT_S04_C003,LOT_S04,IDSS,168,stable,False,True,False,,,independent_nominal,168
LOT_S04_C003,LOT_S04,VGS(th),0,stable,False,True,False,,,independent_nominal,0
LOT_S04_C003,LOT_S04,VGS(th),24,stable,False,True,False,,,independent_nominal,24
LOT_S04_C003,LOT_S04,VGS(th),96,stable,False,True,False,,,independent_nominal,96
LOT_S04_C003,LOT_S04,VGS(th),168,stable,False,True,False,,,independent_nominal,168
LOT_S04_C003,LOT_S04,RDS(on),0,stable,False,False,True,,,independent_nominal,0
LOT_S04_C003,LOT_S04,RDS(on),24,stable,False,False,True,,,independent_nominal,24
LOT_S04_C003,LOT_S04,RDS(on),96,stable,False,False,True,,,independent_nominal,96
LOT_S04_C003,LOT_S04,RDS(on),168,stable,False,False,True,,,independent_nominal,168
LOT_S04_C003,LOT_S04,IGSS,0,stable,False,True,False,,,independent_nominal,0
LOT_S04_C003,LOT_S04,IGSS,24,stable,False,True,False,,,independent_nominal,24
LOT_S04_C003,LOT_S04,IGSS,96,stable,False,True,False,,,independent_nominal,96
LOT_S04_C003,LOT_S04,IGSS,168,stable,False,True,False,,,independent_nominal,168
LOT_S04_C004,LOT_S04,IDSS,0,stable,False,True,False,,,independent_nominal,0
LOT_S04_C004,LOT_S04,IDSS,24,stable,False,True,False,,,independent_nominal,24
LOT_S04_C004,LOT_S04,IDSS,96,stable,False,True,False,,,independent_nominal,96
LOT_S04_C004,LOT_S04,IDSS,168,stable,False,True,False,,,independent_nominal,168
LOT_S04_C004,LOT_S04,VGS(th),0,high_but_stable,False,True,False,,,lot_level_process_variation,0
LOT_S04_C004,LOT_S04,VGS(th),24,high_but_stable,False,True,False,,,lot_level_process_variation,24
LOT_S04_C004,LOT_S04,VGS(th),96,high_but_stable,False,True,False,,,lot_level_process_variation,96
LOT_S04_C004,LOT_S04,VGS(th),168,high_but_stable,False,True,False,,,lot_level_process_variation,168
LOT_S04_C004,LOT_S04,RDS(on),0,stable,False,True,False,,,independent_nominal,0
LOT_S04_C004,LOT_S04,RDS(on),24,stable,False,True,False,,,independent_nominal,24
LOT_S04_C004,LOT_S04,RDS(on),96,stable,False,True,False,,,independent_nominal,96
LOT_S04_C004,LOT_S04,RDS(on),168,stable,False,True,False,,,independent_nominal,168
LOT_S04_C004,LOT_S04,IGSS,0,stable,False,True,False,,,independent_nominal,0
LOT_S04_C004,LOT_S04,IGSS,24,stable,False,True,False,,,independent_nominal,24
LOT_S04_C004,LOT_S04,IGSS,96,stable,False,True,False,,,independent_nominal,96
LOT_S04_C004,LOT_S04,IGSS,168,stable,False,True,False,,,independent_nominal,168
LOT_S04_C005,LOT_S04,IDSS,0,stable,False,True,False,,,independent_nominal,0
LOT_S04_C005,LOT_S04,IDSS,24,stable,False,True,False,,,independent_nominal,24
LOT_S04_C005,LOT_S04,IDSS,96,stable,False,True,False,,,independent_nominal,96
LOT_S04_C005,LOT_S04,IDSS,168,stable,False,True,False,,,independent_nominal,168
LOT_S04_C005,LOT_S04,VGS(th),0,stable,False,True,False,,,independent_nominal,0
LOT_S04_C005,LOT_S04,VGS(th),24,stable,False,True,False,,,independent_nominal,24
LOT_S04_C005,LOT_S04,VGS(th),96,stable,False,True,False,,,independent_nominal,96
LOT_S04_C005,LOT_S04,VGS(th),168,stable,False,True,False,,,independent_nominal,168
LOT_S04_C005,LOT_S04,RDS(on),0,stable,False,True,False,,,independent_nominal,0
LOT_S04_C005,LOT_S04,RDS(on),24,stable,False,True,False,,,independent_nominal,24
LOT_S04_C005,LOT_S04,RDS(on),96,stable,False,True,False,,,independent_nominal,96
LOT_S04_C005,LOT_S04,RDS(on),168,stable,False,True,False,,,independent_nominal,168
LOT_S04_C005,LOT_S04,IGSS,0,stable,False,True,False,,,independent_nominal,0
LOT_S04_C005,LOT_S04,IGSS,24,stable,False,True,False,,,independent_nominal,24
LOT_S04_C005,LOT_S04,IGSS,96,stable,False,True,False,,,independent_nominal,96
LOT_S04_C005,LOT_S04,IGSS,168,stable,False,True,False,,,independent_nominal,168
LOT_S04_C006,LOT_S04,IDSS,0,stable,False,True,False,,,independent_nominal,0
LOT_S04_C006,LOT_S04,IDSS,24,stable,False,True,False,,,independent_nominal,24
LOT_S04_C006,LOT_S04,IDSS,96,stable,False,True,False,,,independent_nominal,96
LOT_S04_C006,LOT_S04,IDSS,168,stable,False,True,False,,,independent_nominal,168
LOT_S04_C006,LOT_S04,VGS(th),0,stable,False,True,False,,,independent_nominal,0
LOT_S04_C006,LOT_S04,VGS(th),24,stable,False,True,False,,,independent_nominal,24
LOT_S04_C006,LOT_S04,VGS(th),96,stable,False,True,False,,,independent_nominal,96
LOT_S04_C006,LOT_S04,VGS(th),168,stable,False,True,False,,,independent_nominal,168
LOT_S04_C006,LOT_S04,RDS(on),0,high_but_stable,False,True,False,,,lot_level_process_variation,0
LOT_S04_C006,LOT_S04,RDS(on),24,high_but_stable,False,True,False,,,lot_level_process_variation,24
LOT_S04_C006,LOT_S04,RDS(on),96,high_but_stable,False,True,False,,,lot_level_process_variation,96
LOT_S04_C006,LOT_S04,RDS(on),168,high_but_stable,False,True,False,,,lot_level_process_variation,168
LOT_S04_C006,LOT_S04,IGSS,0,stable,False,True,False,,,independent_nominal,0
LOT_S04_C006,LOT_S04,IGSS,24,stable,False,True,False,,,independent_nominal,24
LOT_S04_C006,LOT_S04,IGSS,96,stable,False,True,False,,,independent_nominal,96
LOT_S04_C006,LOT_S04,IGSS,168,stable,False,True,False,,,independent_nominal,168
LOT_S04_C007,LOT_S04,IDSS,0,stable,False,True,False,,,independent_nominal,0
LOT_S04_C007,LOT_S04,IDSS,24,stable,False,True,False,,,independent_nominal,24
LOT_S04_C007,LOT_S04,IDSS,96,stable,False,True,False,,,independent_nominal,96
LOT_S04_C007,LOT_S04,IDSS,168,stable,False,True,False,,,independent_nominal,168
LOT_S04_C007,LOT_S04,VGS(th),0,stable,False,True,False,,,independent_nominal,0
LOT_S04_C007,LOT_S04,VGS(th),24,stable,False,True,False,,,independent_nominal,24
LOT_S04_C007,LOT_S04,VGS(th),96,stable,False,True,False,,,independent_nominal,96
LOT_S04_C007,LOT_S04,VGS(th),168,stable,False,True,False,,,independent_nominal,168
LOT_S04_C007,LOT_S04,RDS(on),0,stable,False,True,False,,,independent_nominal,0
LOT_S04_C007,LOT_S04,RDS(on),24,stable,False,True,False,,,independent_nominal,24
LOT_S04_C007,LOT_S04,RDS(on),96,stable,False,True,False,,,independent_nominal,96
LOT_S04_C007,LOT_S04,RDS(on),168,stable,False,True,False,,,independent_nominal,168
LOT_S04_C007,LOT_S04,IGSS,0,stable,False,True,False,,,independent_nominal,0
LOT_S04_C007,LOT_S04,IGSS,24,stable,False,True,False,,,independent_nominal,24
LOT_S04_C007,LOT_S04,IGSS,96,stable,False,True,False,,,independent_nominal,96
LOT_S04_C007,LOT_S04,IGSS,168,stable,False,True,False,,,independent_nominal,168
LOT_S04_C008,LOT_S04,IDSS,0,high_but_stable,False,True,False,,,lot_level_process_variation,0
LOT_S04_C008,LOT_S04,IDSS,24,high_but_stable,False,True,False,,,lot_level_process_variation,24
LOT_S04_C008,LOT_S04,IDSS,96,high_but_stable,False,True,False,,,lot_level_process_variation,96
LOT_S04_C008,LOT_S04,IDSS,168,high_but_stable,False,True,False,,,lot_level_process_variation,168
LOT_S04_C008,LOT_S04,VGS(th),0,stable,False,True,False,,,independent_nominal,0
LOT_S04_C008,LOT_S04,VGS(th),24,stable,False,True,False,,,independent_nominal,24
LOT_S04_C008,LOT_S04,VGS(th),96,stable,False,True,False,,,independent_nominal,96
LOT_S04_C008,LOT_S04,VGS(th),168,stable,False,True,False,,,independent_nominal,168
LOT_S04_C008,LOT_S04,RDS(on),0,stable,False,True,False,,,independent_nominal,0
LOT_S04_C008,LOT_S04,RDS(on),24,stable,False,True,False,,,independent_nominal,24
LOT_S04_C008,LOT_S04,RDS(on),96,stable,False,True,False,,,independent_nominal,96
LOT_S04_C008,LOT_S04,RDS(on),168,stable,False,True,False,,,independent_nominal,168
LOT_S04_C008,LOT_S04,IGSS,0,stable,False,True,False,,,independent_nominal,0
LOT_S04_C008,LOT_S04,IGSS,24,stable,False,True,False,,,independent_nominal,24
LOT_S04_C008,LOT_S04,IGSS,96,stable,False,True,False,,,independent_nominal,96
LOT_S04_C008,LOT_S04,IGSS,168,stable,False,True,False,,,independent_nominal,168
LOT_S04_C009,LOT_S04,IDSS,0,stable,False,True,False,,,independent_nominal,0
LOT_S04_C009,LOT_S04,IDSS,24,stable,False,True,False,,,independent_nominal,24
LOT_S04_C009,LOT_S04,IDSS,96,stable,False,True,False,,,independent_nominal,96
LOT_S04_C009,LOT_S04,IDSS,168,stable,False,True,False,,,independent_nominal,168
LOT_S04_C009,LOT_S04,VGS(th),0,stable,False,True,False,,,independent_nominal,0
LOT_S04_C009,LOT_S04,VGS(th),24,stable,False,True,False,,,independent_nominal,24
LOT_S04_C009,LOT_S04,VGS(th),96,stable,False,True,False,,,independent_nominal,96
LOT_S04_C009,LOT_S04,VGS(th),168,stable,False,True,False,,,independent_nominal,168
LOT_S04_C009,LOT_S04,RDS(on),0,stable,False,True,False,,,independent_nominal,0
LOT_S04_C009,LOT_S04,RDS(on),24,stable,False,True,False,,,independent_nominal,24
LOT_S04_C009,LOT_S04,RDS(on),96,stable,False,True,False,,,independent_nominal,96
LOT_S04_C009,LOT_S04,RDS(on),168,stable,False,True,False,,,independent_nominal,168
LOT_S04_C009,LOT_S04,IGSS,0,stable,False,True,False,,,independent_nominal,0
LOT_S04_C009,LOT_S04,IGSS,24,stable,False,True,False,,,independent_nominal,24
LOT_S04_C009,LOT_S04,IGSS,96,stable,False,True,False,,,independent_nominal,96
LOT_S04_C009,LOT_S04,IGSS,168,stable,False,True,False,,,independent_nominal,168
LOT_S04_C010,LOT_S04,IDSS,0,stable,False,True,False,,,independent_nominal,0
LOT_S04_C010,LOT_S04,IDSS,24,stable,False,True,False,,,independent_nominal,24
LOT_S04_C010,LOT_S04,IDSS,96,stable,False,True,False,,,independent_nominal,96
LOT_S04_C010,LOT_S04,IDSS,168,stable,False,True,False,,,independent_nominal,168
LOT_S04_C010,LOT_S04,VGS(th),0,high_but_stable,False,True,False,,,lot_level_process_variation,0
LOT_S04_C010,LOT_S04,VGS(th),24,high_but_stable,False,True,False,,,lot_level_process_variation,24
LOT_S04_C010,LOT_S04,VGS(th),96,high_but_stable,False,True,False,,,lot_level_process_variation,96
LOT_S04_C010,LOT_S04,VGS(th),168,high_but_stable,False,True,False,,,lot_level_process_variation,168
LOT_S04_C010,LOT_S04,RDS(on),0,stable,False,True,False,,,independent_nominal,0
LOT_S04_C010,LOT_S04,RDS(on),24,stable,False,True,False,,,independent_nominal,24
LOT_S04_C010,LOT_S04,RDS(on),96,stable,False,True,False,,,independent_nominal,96
LOT_S04_C010,LOT_S04,RDS(on),168,stable,False,True,False,,,independent_nominal,168
LOT_S04_C010,LOT_S04,IGSS,0,stable,False,True,False,,,independent_nominal,0
LOT_S04_C010,LOT_S04,IGSS,24,stable,False,True,False,,,independent_nominal,24
LOT_S04_C010,LOT_S04,IGSS,96,stable,False,True,False,,,independent_nominal,96
LOT_S04_C010,LOT_S04,IGSS,168,stable,False,True,False,,,independent_nominal,168
LOT_S04_C011,LOT_S04,IDSS,0,stable,False,True,False,,,independent_nominal,0
LOT_S04_C011,LOT_S04,IDSS,24,stable,False,True,False,,,independent_nominal,24
LOT_S04_C011,LOT_S04,IDSS,96,stable,False,True,False,,,independent_nominal,96
LOT_S04_C011,LOT_S04,IDSS,168,stable,False,True,False,,,independent_nominal,168
LOT_S04_C011,LOT_S04,VGS(th),0,stable,False,True,False,,,independent_nominal,0
LOT_S04_C011,LOT_S04,VGS(th),24,stable,False,True,False,,,independent_nominal,24
LOT_S04_C011,LOT_S04,VGS(th),96,stable,False,True,False,,,independent_nominal,96
LOT_S04_C011,LOT_S04,VGS(th),168,stable,False,True,False,,,independent_nominal,168
LOT_S04_C011,LOT_S04,RDS(on),0,stable,False,True,False,,,independent_nominal,0
LOT_S04_C011,LOT_S04,RDS(on),24,stable,False,True,False,,,independent_nominal,24
LOT_S04_C011,LOT_S04,RDS(on),96,stable,False,True,False,,,independent_nominal,96
LOT_S04_C011,LOT_S04,RDS(on),168,stable,False,True,False,,,independent_nominal,168
LOT_S04_C011,LOT_S04,IGSS,0,stable,False,True,False,,,independent_nominal,0
LOT_S04_C011,LOT_S04,IGSS,24,stable,False,True,False,,,independent_nominal,24
LOT_S04_C011,LOT_S04,IGSS,96,stable,False,True,False,,,independent_nominal,96
LOT_S04_C011,LOT_S04,IGSS,168,stable,False,True,False,,,independent_nominal,168
LOT_S04_C012,LOT_S04,IDSS,0,stable,False,True,False,,,independent_nominal,0
LOT_S04_C012,LOT_S04,IDSS,24,stable,False,True,False,,,independent_nominal,24
LOT_S04_C012,LOT_S04,IDSS,96,stable,False,True,False,,,independent_nominal,96
LOT_S04_C012,LOT_S04,IDSS,168,stable,False,True,False,,,independent_nominal,168
LOT_S04_C012,LOT_S04,VGS(th),0,stable,False,True,False,,,independent_nominal,0
LOT_S04_C012,LOT_S04,VGS(th),24,stable,False,True,False,,,independent_nominal,24
LOT_S04_C012,LOT_S04,VGS(th),96,stable,False,True,False,,,independent_nominal,96
LOT_S04_C012,LOT_S04,VGS(th),168,stable,False,True,False,,,independent_nominal,168
LOT_S04_C012,LOT_S04,RDS(on),0,high_but_stable,False,True,False,,,lot_level_process_variation,0
LOT_S04_C012,LOT_S04,RDS(on),24,high_but_stable,False,True,False,,,lot_level_process_variation,24
LOT_S04_C012,LOT_S04,RDS(on),96,high_but_stable,False,True,False,,,lot_level_process_variation,96
LOT_S04_C012,LOT_S04,RDS(on),168,high_but_stable,False,True,False,,,lot_level_process_variation,168
LOT_S04_C012,LOT_S04,IGSS,0,stable,False,True,False,,,independent_nominal,0
LOT_S04_C012,LOT_S04,IGSS,24,stable,False,True,False,,,independent_nominal,24
LOT_S04_C012,LOT_S04,IGSS,96,stable,False,True,False,,,independent_nominal,96
LOT_S04_C012,LOT_S04,IGSS,168,stable,False,True,False,,,independent_nominal,168
LOT_S05_C001,LOT_S05,IDSS,0,stable,False,True,False,,,independent_nominal,0
LOT_S05_C001,LOT_S05,IDSS,24,stable,False,True,False,,,independent_nominal,24
LOT_S05_C001,LOT_S05,IDSS,96,stable,False,True,False,,,independent_nominal,96
LOT_S05_C001,LOT_S05,IDSS,168,stable,False,True,False,,,independent_nominal,168
LOT_S05_C001,LOT_S05,VGS(th),0,stable,False,True,False,,,independent_nominal,0
LOT_S05_C001,LOT_S05,VGS(th),24,stable,False,True,False,,,independent_nominal,24
LOT_S05_C001,LOT_S05,VGS(th),96,stable,False,True,False,,,independent_nominal,96
LOT_S05_C001,LOT_S05,VGS(th),168,stable,False,True,False,,,independent_nominal,168
LOT_S05_C001,LOT_S05,RDS(on),0,stable,False,True,False,,,independent_nominal,0
LOT_S05_C001,LOT_S05,RDS(on),24,stable,False,True,False,,,independent_nominal,24
LOT_S05_C001,LOT_S05,RDS(on),96,stable,False,True,False,,,independent_nominal,96
LOT_S05_C001,LOT_S05,RDS(on),168,stable,False,True,False,,,independent_nominal,168
LOT_S05_C001,LOT_S05,IGSS,0,stable,False,True,False,,,independent_nominal,0
LOT_S05_C001,LOT_S05,IGSS,24,stable,False,True,False,,,independent_nominal,24
LOT_S05_C001,LOT_S05,IGSS,96,stable,False,True,False,,,independent_nominal,96
LOT_S05_C001,LOT_S05,IGSS,168,stable,False,True,False,,,independent_nominal,168
LOT_S05_C002,LOT_S05,IDSS,0,high_but_stable,False,True,False,,,lot_level_process_variation,0
LOT_S05_C002,LOT_S05,IDSS,24,high_but_stable,False,True,False,,,lot_level_process_variation,24
LOT_S05_C002,LOT_S05,IDSS,96,high_but_stable,False,True,False,,,lot_level_process_variation,96
LOT_S05_C002,LOT_S05,IDSS,168,high_but_stable,False,True,False,,,lot_level_process_variation,168
LOT_S05_C002,LOT_S05,VGS(th),0,stable,False,True,False,,,independent_nominal,0
LOT_S05_C002,LOT_S05,VGS(th),24,stable,False,True,False,,,independent_nominal,24
LOT_S05_C002,LOT_S05,VGS(th),96,stable,False,True,False,,,independent_nominal,96
LOT_S05_C002,LOT_S05,VGS(th),168,stable,False,True,False,,,independent_nominal,168
LOT_S05_C002,LOT_S05,RDS(on),0,stable,False,True,False,,,independent_nominal,0
LOT_S05_C002,LOT_S05,RDS(on),24,stable,False,True,False,,,independent_nominal,24
LOT_S05_C002,LOT_S05,RDS(on),96,stable,False,True,False,,,independent_nominal,96
LOT_S05_C002,LOT_S05,RDS(on),168,stable,False,True,False,,,independent_nominal,168
LOT_S05_C002,LOT_S05,IGSS,0,stable,False,True,False,,,independent_nominal,0
LOT_S05_C002,LOT_S05,IGSS,24,stable,False,True,False,,,independent_nominal,24
LOT_S05_C002,LOT_S05,IGSS,96,stable,False,True,False,,,independent_nominal,96
LOT_S05_C002,LOT_S05,IGSS,168,stable,False,True,False,,,independent_nominal,168
LOT_S05_C003,LOT_S05,IDSS,0,stable,False,True,False,,,independent_nominal,0
LOT_S05_C003,LOT_S05,IDSS,24,stable,False,True,False,,,independent_nominal,24
LOT_S05_C003,LOT_S05,IDSS,96,stable,False,True,False,,,independent_nominal,96
LOT_S05_C003,LOT_S05,IDSS,168,stable,False,True,False,,,independent_nominal,168
LOT_S05_C003,LOT_S05,VGS(th),0,stable,False,True,False,,,independent_nominal,0
LOT_S05_C003,LOT_S05,VGS(th),24,stable,False,True,False,,,independent_nominal,24
LOT_S05_C003,LOT_S05,VGS(th),96,stable,False,True,False,,,independent_nominal,96
LOT_S05_C003,LOT_S05,VGS(th),168,stable,False,True,False,,,independent_nominal,168
LOT_S05_C003,LOT_S05,RDS(on),0,stable,False,True,False,,,independent_nominal,0
LOT_S05_C003,LOT_S05,RDS(on),24,stable,False,True,False,,,independent_nominal,24
LOT_S05_C003,LOT_S05,RDS(on),96,stable,False,True,False,,,independent_nominal,96
LOT_S05_C003,LOT_S05,RDS(on),168,stable,False,True,False,,,independent_nominal,168
LOT_S05_C003,LOT_S05,IGSS,0,stable,False,True,False,,,independent_nominal,0
LOT_S05_C003,LOT_S05,IGSS,24,stable,False,True,False,,,independent_nominal,24
LOT_S05_C003,LOT_S05,IGSS,96,stable,False,True,False,,,independent_nominal,96
LOT_S05_C003,LOT_S05,IGSS,168,stable,False,True,False,,,independent_nominal,168
LOT_S05_C004,LOT_S05,IDSS,0,stable,False,True,False,,,independent_nominal,0
LOT_S05_C004,LOT_S05,IDSS,24,stable,False,True,False,,,independent_nominal,24
LOT_S05_C004,LOT_S05,IDSS,96,stable,False,True,False,,,independent_nominal,96
LOT_S05_C004,LOT_S05,IDSS,168,stable,False,True,False,,,independent_nominal,168
LOT_S05_C004,LOT_S05,VGS(th),0,high_but_stable,False,True,False,,,lot_level_process_variation,0
LOT_S05_C004,LOT_S05,VGS(th),24,high_but_stable,False,True,False,,,lot_level_process_variation,24
LOT_S05_C004,LOT_S05,VGS(th),96,high_but_stable,False,True,False,,,lot_level_process_variation,96
LOT_S05_C004,LOT_S05,VGS(th),168,high_but_stable,False,True,False,,,lot_level_process_variation,168
LOT_S05_C004,LOT_S05,RDS(on),0,stable,False,True,False,,,independent_nominal,0
LOT_S05_C004,LOT_S05,RDS(on),24,stable,False,True,False,,,independent_nominal,24
LOT_S05_C004,LOT_S05,RDS(on),96,stable,False,True,False,,,independent_nominal,96
LOT_S05_C004,LOT_S05,RDS(on),168,stable,False,True,False,,,independent_nominal,168
LOT_S05_C004,LOT_S05,IGSS,0,stable,False,True,False,,,independent_nominal,0
LOT_S05_C004,LOT_S05,IGSS,24,stable,False,True,False,,,independent_nominal,24
LOT_S05_C004,LOT_S05,IGSS,96,stable,False,True,False,,,independent_nominal,96
LOT_S05_C004,LOT_S05,IGSS,168,stable,False,True,False,,,independent_nominal,168
LOT_S05_C005,LOT_S05,IDSS,0,stable,False,True,False,,,independent_nominal,0
LOT_S05_C005,LOT_S05,IDSS,24,stable,False,True,False,,,independent_nominal,24
LOT_S05_C005,LOT_S05,IDSS,96,stable,False,True,False,,,independent_nominal,96
LOT_S05_C005,LOT_S05,IDSS,168,stable,False,True,False,,,independent_nominal,168
LOT_S05_C005,LOT_S05,VGS(th),0,stable,False,True,False,,,independent_nominal,0
LOT_S05_C005,LOT_S05,VGS(th),24,stable,False,True,False,,,independent_nominal,24
LOT_S05_C005,LOT_S05,VGS(th),96,stable,False,True,False,,,independent_nominal,96
LOT_S05_C005,LOT_S05,VGS(th),168,stable,False,True,False,,,independent_nominal,168
LOT_S05_C005,LOT_S05,RDS(on),0,stable,False,True,False,,,independent_nominal,0
LOT_S05_C005,LOT_S05,RDS(on),24,stable,False,True,False,,,independent_nominal,24
LOT_S05_C005,LOT_S05,RDS(on),96,stable,False,True,False,,,independent_nominal,96
LOT_S05_C005,LOT_S05,RDS(on),168,stable,False,True,False,,,independent_nominal,168
LOT_S05_C005,LOT_S05,IGSS,0,stable,False,True,False,,,independent_nominal,0
LOT_S05_C005,LOT_S05,IGSS,24,stable,False,True,False,,,independent_nominal,24
LOT_S05_C005,LOT_S05,IGSS,96,stable,False,True,False,,,independent_nominal,96
LOT_S05_C005,LOT_S05,IGSS,168,stable,False,True,False,,,independent_nominal,168
LOT_S05_C006,LOT_S05,IDSS,0,stable,False,True,False,,,independent_nominal,0
LOT_S05_C006,LOT_S05,IDSS,24,stable,False,True,False,,,independent_nominal,24
LOT_S05_C006,LOT_S05,IDSS,96,stable,False,True,False,,,independent_nominal,96
LOT_S05_C006,LOT_S05,IDSS,168,stable,False,True,False,,,independent_nominal,168
LOT_S05_C006,LOT_S05,VGS(th),0,stable,False,True,False,,,independent_nominal,0
LOT_S05_C006,LOT_S05,VGS(th),24,stable,False,True,False,,,independent_nominal,24
LOT_S05_C006,LOT_S05,VGS(th),96,stable,False,True,False,,,independent_nominal,96
LOT_S05_C006,LOT_S05,VGS(th),168,stable,False,True,False,,,independent_nominal,168
LOT_S05_C006,LOT_S05,RDS(on),0,high_but_stable,False,True,False,,,lot_level_process_variation,0
LOT_S05_C006,LOT_S05,RDS(on),24,high_but_stable,False,True,False,,,lot_level_process_variation,24
LOT_S05_C006,LOT_S05,RDS(on),96,high_but_stable,False,True,False,,,lot_level_process_variation,96
LOT_S05_C006,LOT_S05,RDS(on),168,high_but_stable,False,True,False,,,lot_level_process_variation,168
LOT_S05_C006,LOT_S05,IGSS,0,stable,False,True,False,,,independent_nominal,0
LOT_S05_C006,LOT_S05,IGSS,24,stable,False,True,False,,,independent_nominal,24
LOT_S05_C006,LOT_S05,IGSS,96,stable,False,True,False,,,independent_nominal,96
LOT_S05_C006,LOT_S05,IGSS,168,stable,False,True,False,,,independent_nominal,168
LOT_S05_C007,LOT_S05,IDSS,0,stable,False,True,False,,,independent_nominal,0
LOT_S05_C007,LOT_S05,IDSS,24,stable,False,True,False,,,independent_nominal,24
LOT_S05_C007,LOT_S05,IDSS,96,stable,False,True,False,,,independent_nominal,96
LOT_S05_C007,LOT_S05,IDSS,168,stable,False,True,False,,,independent_nominal,168
LOT_S05_C007,LOT_S05,VGS(th),0,stable,False,True,False,,,independent_nominal,0
LOT_S05_C007,LOT_S05,VGS(th),24,stable,False,True,False,,,independent_nominal,24
LOT_S05_C007,LOT_S05,VGS(th),96,stable,False,True,False,,,independent_nominal,96
LOT_S05_C007,LOT_S05,VGS(th),168,stable,False,True,False,,,independent_nominal,168
LOT_S05_C007,LOT_S05,RDS(on),0,stable,False,True,False,,,independent_nominal,0
LOT_S05_C007,LOT_S05,RDS(on),24,stable,False,True,False,,,independent_nominal,24
LOT_S05_C007,LOT_S05,RDS(on),96,stable,False,True,False,,,independent_nominal,96
LOT_S05_C007,LOT_S05,RDS(on),168,stable,False,True,False,,,independent_nominal,168
LOT_S05_C007,LOT_S05,IGSS,0,stable,False,True,False,,,independent_nominal,0
LOT_S05_C007,LOT_S05,IGSS,24,stable,False,True,False,,,independent_nominal,24
LOT_S05_C007,LOT_S05,IGSS,96,stable,False,True,False,,,independent_nominal,96
LOT_S05_C007,LOT_S05,IGSS,168,stable,False,True,False,,,independent_nominal,168
LOT_S05_C008,LOT_S05,IDSS,0,high_but_stable,False,True,False,,,lot_level_process_variation,0
LOT_S05_C008,LOT_S05,IDSS,24,high_but_stable,False,True,False,,,lot_level_process_variation,24
LOT_S05_C008,LOT_S05,IDSS,96,high_but_stable,False,True,False,,,lot_level_process_variation,96
LOT_S05_C008,LOT_S05,IDSS,168,high_but_stable,False,True,False,,,lot_level_process_variation,168
LOT_S05_C008,LOT_S05,VGS(th),0,stable,False,True,False,,,independent_nominal,0
LOT_S05_C008,LOT_S05,VGS(th),24,stable,False,True,False,,,independent_nominal,24
LOT_S05_C008,LOT_S05,VGS(th),96,stable,False,True,False,,,independent_nominal,96
LOT_S05_C008,LOT_S05,VGS(th),168,stable,False,True,False,,,independent_nominal,168
LOT_S05_C008,LOT_S05,RDS(on),0,stable,False,True,False,,,independent_nominal,0
LOT_S05_C008,LOT_S05,RDS(on),24,stable,False,True,False,,,independent_nominal,24
LOT_S05_C008,LOT_S05,RDS(on),96,stable,False,True,False,,,independent_nominal,96
LOT_S05_C008,LOT_S05,RDS(on),168,stable,False,True,False,,,independent_nominal,168
LOT_S05_C008,LOT_S05,IGSS,0,stable,False,True,False,,,independent_nominal,0
LOT_S05_C008,LOT_S05,IGSS,24,stable,False,True,False,,,independent_nominal,24
LOT_S05_C008,LOT_S05,IGSS,96,stable,False,True,False,,,independent_nominal,96
LOT_S05_C008,LOT_S05,IGSS,168,stable,False,True,False,,,independent_nominal,168
LOT_S05_C009,LOT_S05,IDSS,0,stable,False,True,False,,,independent_nominal,0
LOT_S05_C009,LOT_S05,IDSS,24,stable,False,True,False,,,independent_nominal,24
LOT_S05_C009,LOT_S05,IDSS,96,stable,False,True,False,,,independent_nominal,96
LOT_S05_C009,LOT_S05,IDSS,168,stable,False,True,False,,,independent_nominal,168
LOT_S05_C009,LOT_S05,VGS(th),0,stable,False,True,False,,,independent_nominal,0
LOT_S05_C009,LOT_S05,VGS(th),24,stable,False,True,False,,,independent_nominal,24
LOT_S05_C009,LOT_S05,VGS(th),96,stable,False,True,False,,,independent_nominal,96
LOT_S05_C009,LOT_S05,VGS(th),168,stable,False,True,False,,,independent_nominal,168
LOT_S05_C009,LOT_S05,RDS(on),0,stable,False,True,False,,,independent_nominal,0
LOT_S05_C009,LOT_S05,RDS(on),24,stable,False,True,False,,,independent_nominal,24
LOT_S05_C009,LOT_S05,RDS(on),96,stable,False,True,False,,,independent_nominal,96
LOT_S05_C009,LOT_S05,RDS(on),168,stable,False,True,False,,,independent_nominal,168
LOT_S05_C009,LOT_S05,IGSS,0,stable,False,True,False,,,independent_nominal,0
LOT_S05_C009,LOT_S05,IGSS,24,stable,False,True,False,,,independent_nominal,24
LOT_S05_C009,LOT_S05,IGSS,96,stable,False,True,False,,,independent_nominal,96
LOT_S05_C009,LOT_S05,IGSS,168,stable,False,True,False,,,independent_nominal,168
LOT_S05_C010,LOT_S05,IDSS,0,stable,False,True,False,,,independent_nominal,0
LOT_S05_C010,LOT_S05,IDSS,24,stable,False,True,False,,,independent_nominal,24
LOT_S05_C010,LOT_S05,IDSS,96,stable,False,True,False,,,independent_nominal,96
LOT_S05_C010,LOT_S05,IDSS,168,stable,False,True,False,,,independent_nominal,168
LOT_S05_C010,LOT_S05,VGS(th),0,high_but_stable,False,True,False,,,lot_level_process_variation,0
LOT_S05_C010,LOT_S05,VGS(th),24,high_but_stable,False,True,False,,,lot_level_process_variation,24
LOT_S05_C010,LOT_S05,VGS(th),96,high_but_stable,False,True,False,,,lot_level_process_variation,96
LOT_S05_C010,LOT_S05,VGS(th),168,high_but_stable,False,True,False,,,lot_level_process_variation,168
LOT_S05_C010,LOT_S05,RDS(on),0,stable,False,True,False,,,independent_nominal,0
LOT_S05_C010,LOT_S05,RDS(on),24,stable,False,True,False,,,independent_nominal,24
LOT_S05_C010,LOT_S05,RDS(on),96,stable,False,True,False,,,independent_nominal,96
LOT_S05_C010,LOT_S05,RDS(on),168,stable,False,True,False,,,independent_nominal,168
LOT_S05_C010,LOT_S05,IGSS,0,stable,False,True,False,,,independent_nominal,0
LOT_S05_C010,LOT_S05,IGSS,24,stable,False,True,False,,,independent_nominal,24
LOT_S05_C010,LOT_S05,IGSS,96,stable,False,True,False,,,independent_nominal,96
LOT_S05_C010,LOT_S05,IGSS,168,stable,False,True,False,,,independent_nominal,168
LOT_S05_C011,LOT_S05,IDSS,0,stable,False,True,False,,,independent_nominal,0
LOT_S05_C011,LOT_S05,IDSS,24,stable,False,True,False,,,independent_nominal,24
LOT_S05_C011,LOT_S05,IDSS,96,stable,False,True,False,,,independent_nominal,96
LOT_S05_C011,LOT_S05,IDSS,168,stable,False,True,False,,,independent_nominal,168
LOT_S05_C011,LOT_S05,VGS(th),0,stable,False,True,False,,,independent_nominal,0
LOT_S05_C011,LOT_S05,VGS(th),24,stable,False,True,False,,,independent_nominal,24
LOT_S05_C011,LOT_S05,VGS(th),96,stable,False,True,False,,,independent_nominal,96
LOT_S05_C011,LOT_S05,VGS(th),168,stable,False,True,False,,,independent_nominal,168
LOT_S05_C011,LOT_S05,RDS(on),0,stable,False,True,False,,,independent_nominal,0
LOT_S05_C011,LOT_S05,RDS(on),24,stable,False,True,False,,,independent_nominal,24
LOT_S05_C011,LOT_S05,RDS(on),96,stable,False,True,False,,,independent_nominal,96
LOT_S05_C011,LOT_S05,RDS(on),168,stable,False,True,False,,,independent_nominal,168
LOT_S05_C011,LOT_S05,IGSS,0,stable,False,True,False,,,independent_nominal,0
LOT_S05_C011,LOT_S05,IGSS,24,stable,False,True,False,,,independent_nominal,24
LOT_S05_C011,LOT_S05,IGSS,96,stable,False,True,False,,,independent_nominal,96
LOT_S05_C011,LOT_S05,IGSS,168,stable,False,True,False,,,independent_nominal,168
LOT_S05_C012,LOT_S05,IDSS,0,stable,False,True,False,,,independent_nominal,0
LOT_S05_C012,LOT_S05,IDSS,24,stable,False,True,False,,,independent_nominal,24
LOT_S05_C012,LOT_S05,IDSS,96,stable,False,True,False,,,independent_nominal,96
LOT_S05_C012,LOT_S05,IDSS,168,stable,False,True,False,,,independent_nominal,168
LOT_S05_C012,LOT_S05,VGS(th),0,stable,False,True,False,,,independent_nominal,0
LOT_S05_C012,LOT_S05,VGS(th),24,stable,False,True,False,,,independent_nominal,24
LOT_S05_C012,LOT_S05,VGS(th),96,stable,False,True,False,,,independent_nominal,96
LOT_S05_C012,LOT_S05,VGS(th),168,stable,False,True,False,,,independent_nominal,168
LOT_S05_C012,LOT_S05,RDS(on),0,high_but_stable,False,True,False,,,lot_level_process_variation,0
LOT_S05_C012,LOT_S05,RDS(on),24,high_but_stable,False,True,False,,,lot_level_process_variation,24
LOT_S05_C012,LOT_S05,RDS(on),96,high_but_stable,False,True,False,,,lot_level_process_variation,96
LOT_S05_C012,LOT_S05,RDS(on),168,high_but_stable,False,True,False,,,lot_level_process_variation,168
LOT_S05_C012,LOT_S05,IGSS,0,stable,False,True,False,,,independent_nominal,0
LOT_S05_C012,LOT_S05,IGSS,24,stable,False,True,False,,,independent_nominal,24
LOT_S05_C012,LOT_S05,IGSS,96,stable,False,True,False,,,independent_nominal,96
LOT_S05_C012,LOT_S05,IGSS,168,stable,False,True,False,,,independent_nominal,168
LOT_S05_C013,LOT_S05,IDSS,0,stable,False,True,False,,,independent_nominal,0
LOT_S05_C013,LOT_S05,IDSS,24,stable,False,True,False,,,independent_nominal,24
LOT_S05_C013,LOT_S05,IDSS,96,stable,False,True,False,,,independent_nominal,96
LOT_S05_C013,LOT_S05,IDSS,168,stable,False,True,False,,,independent_nominal,168
LOT_S05_C013,LOT_S05,VGS(th),0,stable,False,True,False,,,independent_nominal,0
LOT_S05_C013,LOT_S05,VGS(th),24,stable,False,True,False,,,independent_nominal,24
LOT_S05_C013,LOT_S05,VGS(th),96,stable,False,True,False,,,independent_nominal,96
LOT_S05_C013,LOT_S05,VGS(th),168,stable,False,True,False,,,independent_nominal,168
LOT_S05_C013,LOT_S05,RDS(on),0,stable,False,True,False,,,independent_nominal,0
LOT_S05_C013,LOT_S05,RDS(on),24,stable,False,True,False,,,independent_nominal,24
LOT_S05_C013,LOT_S05,RDS(on),96,stable,False,True,False,,,independent_nominal,96
LOT_S05_C013,LOT_S05,RDS(on),168,stable,False,True,False,,,independent_nominal,168
LOT_S05_C013,LOT_S05,IGSS,0,stable,False,True,False,,,independent_nominal,0
LOT_S05_C013,LOT_S05,IGSS,24,stable,False,True,False,,,independent_nominal,24
LOT_S05_C013,LOT_S05,IGSS,96,stable,False,True,False,,,independent_nominal,96
LOT_S05_C013,LOT_S05,IGSS,168,stable,False,True,False,,,independent_nominal,168
LOT_S05_C014,LOT_S05,IDSS,0,high_but_stable,False,True,False,,,lot_level_process_variation,0
LOT_S05_C014,LOT_S05,IDSS,24,high_but_stable,False,True,False,,,lot_level_process_variation,24
LOT_S05_C014,LOT_S05,IDSS,96,high_but_stable,False,True,False,,,lot_level_process_variation,96
LOT_S05_C014,LOT_S05,IDSS,168,high_but_stable,False,True,False,,,lot_level_process_variation,168
LOT_S05_C014,LOT_S05,VGS(th),0,stable,False,True,False,,,independent_nominal,0
LOT_S05_C014,LOT_S05,VGS(th),24,stable,False,True,False,,,independent_nominal,24
LOT_S05_C014,LOT_S05,VGS(th),96,stable,False,True,False,,,independent_nominal,96
LOT_S05_C014,LOT_S05,VGS(th),168,stable,False,True,False,,,independent_nominal,168
LOT_S05_C014,LOT_S05,RDS(on),0,stable,False,True,False,,,independent_nominal,0
LOT_S05_C014,LOT_S05,RDS(on),24,stable,False,True,False,,,independent_nominal,24
LOT_S05_C014,LOT_S05,RDS(on),96,stable,False,True,False,,,independent_nominal,96
LOT_S05_C014,LOT_S05,RDS(on),168,stable,False,True,False,,,independent_nominal,168
LOT_S05_C014,LOT_S05,IGSS,0,stable,False,True,False,,,independent_nominal,0
LOT_S05_C014,LOT_S05,IGSS,24,stable,False,True,False,,,independent_nominal,24
LOT_S05_C014,LOT_S05,IGSS,96,stable,False,True,False,,,independent_nominal,96
LOT_S05_C014,LOT_S05,IGSS,168,stable,False,True,False,,,independent_nominal,168
LOT_S05_C015,LOT_S05,IDSS,0,stable,False,True,False,,,independent_nominal,0
LOT_S05_C015,LOT_S05,IDSS,24,stable,False,True,False,,,independent_nominal,24
LOT_S05_C015,LOT_S05,IDSS,96,stable,False,True,False,,,independent_nominal,96
LOT_S05_C015,LOT_S05,IDSS,168,stable,False,True,False,,,independent_nominal,168
LOT_S05_C015,LOT_S05,VGS(th),0,stable,False,True,False,,,independent_nominal,0
LOT_S05_C015,LOT_S05,VGS(th),24,stable,False,True,False,,,independent_nominal,24
LOT_S05_C015,LOT_S05,VGS(th),96,stable,False,True,False,,,independent_nominal,96
LOT_S05_C015,LOT_S05,VGS(th),168,stable,False,True,False,,,independent_nominal,168
LOT_S05_C015,LOT_S05,RDS(on),0,stable,False,True,False,,,independent_nominal,0
LOT_S05_C015,LOT_S05,RDS(on),24,stable,False,True,False,,,independent_nominal,24
LOT_S05_C015,LOT_S05,RDS(on),96,stable,False,True,False,,,independent_nominal,96
LOT_S05_C015,LOT_S05,RDS(on),168,stable,False,True,False,,,independent_nominal,168
LOT_S05_C015,LOT_S05,IGSS,0,stable,False,True,False,,,independent_nominal,0
LOT_S05_C015,LOT_S05,IGSS,24,stable,False,True,False,,,independent_nominal,24
LOT_S05_C015,LOT_S05,IGSS,96,stable,False,True,False,,,independent_nominal,96
LOT_S05_C015,LOT_S05,IGSS,168,stable,False,True,False,,,independent_nominal,168
LOT_S05_C016,LOT_S05,IDSS,0,stable,False,True,False,,,independent_nominal,0
LOT_S05_C016,LOT_S05,IDSS,24,stable,False,True,False,,,independent_nominal,24
LOT_S05_C016,LOT_S05,IDSS,96,stable,False,True,False,,,independent_nominal,96
LOT_S05_C016,LOT_S05,IDSS,168,stable,False,True,False,,,independent_nominal,168
LOT_S05_C016,LOT_S05,VGS(th),0,high_but_stable,False,True,False,,,lot_level_process_variation,0
LOT_S05_C016,LOT_S05,VGS(th),24,high_but_stable,False,True,False,,,lot_level_process_variation,24
LOT_S05_C016,LOT_S05,VGS(th),96,high_but_stable,False,True,False,,,lot_level_process_variation,96
LOT_S05_C016,LOT_S05,VGS(th),168,high_but_stable,False,True,False,,,lot_level_process_variation,168
LOT_S05_C016,LOT_S05,RDS(on),0,stable,False,True,False,,,independent_nominal,0
LOT_S05_C016,LOT_S05,RDS(on),24,stable,False,True,False,,,independent_nominal,24
LOT_S05_C016,LOT_S05,RDS(on),96,stable,False,True,False,,,independent_nominal,96
LOT_S05_C016,LOT_S05,RDS(on),168,stable,False,True,False,,,independent_nominal,168
LOT_S05_C016,LOT_S05,IGSS,0,stable,False,True,False,,,independent_nominal,0
LOT_S05_C016,LOT_S05,IGSS,24,stable,False,True,False,,,independent_nominal,24
LOT_S05_C016,LOT_S05,IGSS,96,stable,False,True,False,,,independent_nominal,96
LOT_S05_C016,LOT_S05,IGSS,168,stable,False,True,False,,,independent_nominal,168
LOT_S05_C017,LOT_S05,IDSS,0,stable,False,True,False,,,independent_nominal,0
LOT_S05_C017,LOT_S05,IDSS,24,stable,False,True,False,,,independent_nominal,24
LOT_S05_C017,LOT_S05,IDSS,96,stable,False,True,False,,,independent_nominal,96
LOT_S05_C017,LOT_S05,IDSS,168,stable,False,True,False,,,independent_nominal,168
LOT_S05_C017,LOT_S05,VGS(th),0,stable,False,True,False,,,independent_nominal,0
LOT_S05_C017,LOT_S05,VGS(th),24,stable,False,True,False,,,independent_nominal,24
LOT_S05_C017,LOT_S05,VGS(th),96,stable,False,True,False,,,independent_nominal,96
LOT_S05_C017,LOT_S05,VGS(th),168,stable,False,True,False,,,independent_nominal,168
LOT_S05_C017,LOT_S05,RDS(on),0,stable,False,True,False,,,independent_nominal,0
LOT_S05_C017,LOT_S05,RDS(on),24,stable,False,True,False,,,independent_nominal,24
LOT_S05_C017,LOT_S05,RDS(on),96,stable,False,True,False,,,independent_nominal,96
LOT_S05_C017,LOT_S05,RDS(on),168,stable,False,True,False,,,independent_nominal,168
LOT_S05_C017,LOT_S05,IGSS,0,stable,False,True,False,,,independent_nominal,0
LOT_S05_C017,LOT_S05,IGSS,24,stable,False,True,False,,,independent_nominal,24
LOT_S05_C017,LOT_S05,IGSS,96,stable,False,True,False,,,independent_nominal,96
LOT_S05_C017,LOT_S05,IGSS,168,stable,False,True,False,,,independent_nominal,168
LOT_S05_C018,LOT_S05,IDSS,0,stable,False,True,False,,,independent_nominal,0
LOT_S05_C018,LOT_S05,IDSS,24,stable,False,True,False,,,independent_nominal,24
LOT_S05_C018,LOT_S05,IDSS,96,stable,False,True,False,,,independent_nominal,96
LOT_S05_C018,LOT_S05,IDSS,168,stable,False,True,False,,,independent_nominal,168
LOT_S05_C018,LOT_S05,VGS(th),0,stable,False,True,False,,,independent_nominal,0
LOT_S05_C018,LOT_S05,VGS(th),24,stable,False,True,False,,,independent_nominal,24
LOT_S05_C018,LOT_S05,VGS(th),96,stable,False,True,False,,,independent_nominal,96
LOT_S05_C018,LOT_S05,VGS(th),168,stable,False,True,False,,,independent_nominal,168
LOT_S05_C018,LOT_S05,RDS(on),0,high_but_stable,False,True,False,,,lot_level_process_variation,0
LOT_S05_C018,LOT_S05,RDS(on),24,high_but_stable,False,True,False,,,lot_level_process_variation,24
LOT_S05_C018,LOT_S05,RDS(on),96,high_but_stable,False,True,False,,,lot_level_process_variation,96
LOT_S05_C018,LOT_S05,RDS(on),168,high_but_stable,False,True,False,,,lot_level_process_variation,168
LOT_S05_C018,LOT_S05,IGSS,0,stable,False,True,False,,,independent_nominal,0
LOT_S05_C018,LOT_S05,IGSS,24,stable,False,True,False,,,independent_nominal,24
LOT_S05_C018,LOT_S05,IGSS,96,stable,False,True,False,,,independent_nominal,96
LOT_S05_C018,LOT_S05,IGSS,168,stable,False,True,False,,,independent_nominal,168
LOT_S05_C019,LOT_S05,IDSS,0,stable,False,True,False,,,independent_nominal,0
LOT_S05_C019,LOT_S05,IDSS,24,stable,False,True,False,,,independent_nominal,24
LOT_S05_C019,LOT_S05,IDSS,96,stable,False,True,False,,,independent_nominal,96
LOT_S05_C019,LOT_S05,IDSS,168,stable,False,True,False,,,independent_nominal,168
LOT_S05_C019,LOT_S05,VGS(th),0,stable,False,True,False,,,independent_nominal,0
LOT_S05_C019,LOT_S05,VGS(th),24,stable,False,True,False,,,independent_nominal,24
LOT_S05_C019,LOT_S05,VGS(th),96,stable,False,True,False,,,independent_nominal,96
LOT_S05_C019,LOT_S05,VGS(th),168,stable,False,True,False,,,independent_nominal,168
LOT_S05_C019,LOT_S05,RDS(on),0,stable,False,True,False,,,independent_nominal,0
LOT_S05_C019,LOT_S05,RDS(on),24,stable,False,True,False,,,independent_nominal,24
LOT_S05_C019,LOT_S05,RDS(on),96,stable,False,True,False,,,independent_nominal,96
LOT_S05_C019,LOT_S05,RDS(on),168,stable,False,True,False,,,independent_nominal,168
LOT_S05_C019,LOT_S05,IGSS,0,stable,False,True,False,,,independent_nominal,0
LOT_S05_C019,LOT_S05,IGSS,24,stable,False,True,False,,,independent_nominal,24
LOT_S05_C019,LOT_S05,IGSS,96,stable,False,True,False,,,independent_nominal,96
LOT_S05_C019,LOT_S05,IGSS,168,stable,False,True,False,,,independent_nominal,168
LOT_S05_C020,LOT_S05,IDSS,0,high_but_stable,False,True,False,,,lot_level_process_variation,0
LOT_S05_C020,LOT_S05,IDSS,24,high_but_stable,False,True,False,,,lot_level_process_variation,24
LOT_S05_C020,LOT_S05,IDSS,96,high_but_stable,False,True,False,,,lot_level_process_variation,96
LOT_S05_C020,LOT_S05,IDSS,168,high_but_stable,False,True,False,,,lot_level_process_variation,168
LOT_S05_C020,LOT_S05,VGS(th),0,stable,False,True,False,,,independent_nominal,0
LOT_S05_C020,LOT_S05,VGS(th),24,stable,False,True,False,,,independent_nominal,24
LOT_S05_C020,LOT_S05,VGS(th),96,stable,False,True,False,,,independent_nominal,96
LOT_S05_C020,LOT_S05,VGS(th),168,stable,False,True,False,,,independent_nominal,168
LOT_S05_C020,LOT_S05,RDS(on),0,stable,False,True,False,,,independent_nominal,0
LOT_S05_C020,LOT_S05,RDS(on),24,stable,False,True,False,,,independent_nominal,24
LOT_S05_C020,LOT_S05,RDS(on),96,stable,False,True,False,,,independent_nominal,96
LOT_S05_C020,LOT_S05,RDS(on),168,stable,False,True,False,,,independent_nominal,168
LOT_S05_C020,LOT_S05,IGSS,0,stable,False,True,False,,,independent_nominal,0
LOT_S05_C020,LOT_S05,IGSS,24,stable,False,True,False,,,independent_nominal,24
LOT_S05_C020,LOT_S05,IGSS,96,stable,False,True,False,,,independent_nominal,96
LOT_S05_C020,LOT_S05,IGSS,168,stable,False,True,False,,,independent_nominal,168
LOT_N01_C001,LOT_N01,IDSS,0,stable,False,True,False,,,independent_nominal,0
LOT_N01_C001,LOT_N01,IDSS,24,stable,False,True,False,,,independent_nominal,24
LOT_N01_C001,LOT_N01,IDSS,96,stable,False,True,False,,,independent_nominal,96
LOT_N01_C001,LOT_N01,IDSS,168,stable,False,True,False,,,independent_nominal,168
LOT_N01_C001,LOT_N01,VGS(th),0,stable,False,True,False,,,independent_nominal,0
LOT_N01_C001,LOT_N01,VGS(th),24,stable,False,True,False,,,independent_nominal,24
LOT_N01_C001,LOT_N01,VGS(th),96,stable,False,True,False,,,independent_nominal,96
LOT_N01_C001,LOT_N01,VGS(th),168,stable,False,True,False,,,independent_nominal,168
LOT_N01_C001,LOT_N01,RDS(on),0,stable,False,True,False,,,independent_nominal,0
LOT_N01_C001,LOT_N01,RDS(on),24,stable,False,True,False,,,independent_nominal,24
LOT_N01_C001,LOT_N01,RDS(on),96,stable,False,True,False,,,independent_nominal,96
LOT_N01_C001,LOT_N01,RDS(on),168,stable,False,True,False,,,independent_nominal,168
LOT_N01_C001,LOT_N01,IGSS,0,stable,False,True,False,,,independent_nominal,0
LOT_N01_C001,LOT_N01,IGSS,24,stable,False,True,False,,,independent_nominal,24
LOT_N01_C001,LOT_N01,IGSS,96,stable,False,True,False,,,independent_nominal,96
LOT_N01_C001,LOT_N01,IGSS,168,stable,False,True,False,,,independent_nominal,168
LOT_N01_C002,LOT_N01,IDSS,0,high_but_stable,False,True,False,,,lot_level_process_variation,0
LOT_N01_C002,LOT_N01,IDSS,24,high_but_stable,False,True,False,,,lot_level_process_variation,24
LOT_N01_C002,LOT_N01,IDSS,96,high_but_stable,False,True,False,,,lot_level_process_variation,96
LOT_N01_C002,LOT_N01,IDSS,168,high_but_stable,False,True,False,,,lot_level_process_variation,168
LOT_N01_C002,LOT_N01,VGS(th),0,stable,False,True,False,,,independent_nominal,0
LOT_N01_C002,LOT_N01,VGS(th),24,stable,False,True,False,,,independent_nominal,24
LOT_N01_C002,LOT_N01,VGS(th),96,stable,False,True,False,,,independent_nominal,96
LOT_N01_C002,LOT_N01,VGS(th),168,stable,False,True,False,,,independent_nominal,168
LOT_N01_C002,LOT_N01,RDS(on),0,stable,False,True,False,,,independent_nominal,0
LOT_N01_C002,LOT_N01,RDS(on),24,stable,False,True,False,,,independent_nominal,24
LOT_N01_C002,LOT_N01,RDS(on),96,stable,False,True,False,,,independent_nominal,96
LOT_N01_C002,LOT_N01,RDS(on),168,stable,False,True,False,,,independent_nominal,168
LOT_N01_C002,LOT_N01,IGSS,0,stable,False,True,False,,,independent_nominal,0
LOT_N01_C002,LOT_N01,IGSS,24,stable,False,True,False,,,independent_nominal,24
LOT_N01_C002,LOT_N01,IGSS,96,stable,False,True,False,,,independent_nominal,96
LOT_N01_C002,LOT_N01,IGSS,168,stable,False,True,False,,,independent_nominal,168
LOT_N01_C003,LOT_N01,IDSS,0,stable,False,True,False,,,independent_nominal,0
LOT_N01_C003,LOT_N01,IDSS,24,stable,False,True,False,,,independent_nominal,24
LOT_N01_C003,LOT_N01,IDSS,96,stable,False,True,False,,,independent_nominal,96
LOT_N01_C003,LOT_N01,IDSS,168,stable,False,True,False,,,independent_nominal,168
LOT_N01_C003,LOT_N01,VGS(th),0,stable,False,True,False,,,independent_nominal,0
LOT_N01_C003,LOT_N01,VGS(th),24,stable,False,True,False,,,independent_nominal,24
LOT_N01_C003,LOT_N01,VGS(th),96,stable,False,True,False,,,independent_nominal,96
LOT_N01_C003,LOT_N01,VGS(th),168,stable,False,True,False,,,independent_nominal,168
LOT_N01_C003,LOT_N01,RDS(on),0,stable,False,True,False,,,independent_nominal,0
LOT_N01_C003,LOT_N01,RDS(on),24,stable,False,True,False,,,independent_nominal,24
LOT_N01_C003,LOT_N01,RDS(on),96,stable,False,True,False,,,independent_nominal,96
LOT_N01_C003,LOT_N01,RDS(on),168,stable,False,True,False,,,independent_nominal,168
LOT_N01_C003,LOT_N01,IGSS,0,stable,False,True,False,,,independent_nominal,0
LOT_N01_C003,LOT_N01,IGSS,24,stable,False,True,False,,,independent_nominal,24
LOT_N01_C003,LOT_N01,IGSS,96,stable,False,True,False,,,independent_nominal,96
LOT_N01_C003,LOT_N01,IGSS,168,stable,False,True,False,,,independent_nominal,168
LOT_N01_C004,LOT_N01,IDSS,0,stable,False,True,False,,,independent_nominal,0
LOT_N01_C004,LOT_N01,IDSS,24,stable,False,True,False,,,independent_nominal,24
LOT_N01_C004,LOT_N01,IDSS,96,stable,False,True,False,,,independent_nominal,96
LOT_N01_C004,LOT_N01,IDSS,168,stable,False,True,False,,,independent_nominal,168
LOT_N01_C004,LOT_N01,VGS(th),0,high_but_stable,False,True,False,,,lot_level_process_variation,0
LOT_N01_C004,LOT_N01,VGS(th),24,high_but_stable,False,True,False,,,lot_level_process_variation,24
LOT_N01_C004,LOT_N01,VGS(th),96,high_but_stable,False,True,False,,,lot_level_process_variation,96
LOT_N01_C004,LOT_N01,VGS(th),168,high_but_stable,False,True,False,,,lot_level_process_variation,168
LOT_N01_C004,LOT_N01,RDS(on),0,stable,False,True,False,,,independent_nominal,0
LOT_N01_C004,LOT_N01,RDS(on),24,stable,False,True,False,,,independent_nominal,24
LOT_N01_C004,LOT_N01,RDS(on),96,stable,False,True,False,,,independent_nominal,96
LOT_N01_C004,LOT_N01,RDS(on),168,stable,False,True,False,,,independent_nominal,168
LOT_N01_C004,LOT_N01,IGSS,0,stable,False,True,False,,,independent_nominal,0
LOT_N01_C004,LOT_N01,IGSS,24,stable,False,True,False,,,independent_nominal,24
LOT_N01_C004,LOT_N01,IGSS,96,stable,False,True,False,,,independent_nominal,96
LOT_N01_C004,LOT_N01,IGSS,168,stable,False,True,False,,,independent_nominal,168
LOT_N01_C005,LOT_N01,IDSS,0,stable,False,True,False,,,independent_nominal,0
LOT_N01_C005,LOT_N01,IDSS,24,stable,False,True,False,,,independent_nominal,24
LOT_N01_C005,LOT_N01,IDSS,96,stable,False,True,False,,,independent_nominal,96
LOT_N01_C005,LOT_N01,IDSS,168,stable,False,True,False,,,independent_nominal,168
LOT_N01_C005,LOT_N01,VGS(th),0,stable,False,True,False,,,independent_nominal,0
LOT_N01_C005,LOT_N01,VGS(th),24,stable,False,True,False,,,independent_nominal,24
LOT_N01_C005,LOT_N01,VGS(th),96,stable,False,True,False,,,independent_nominal,96
LOT_N01_C005,LOT_N01,VGS(th),168,stable,False,True,False,,,independent_nominal,168
LOT_N01_C005,LOT_N01,RDS(on),0,stable,False,True,False,,,independent_nominal,0
LOT_N01_C005,LOT_N01,RDS(on),24,stable,False,True,False,,,independent_nominal,24
LOT_N01_C005,LOT_N01,RDS(on),96,stable,False,True,False,,,independent_nominal,96
LOT_N01_C005,LOT_N01,RDS(on),168,stable,False,True,False,,,independent_nominal,168
LOT_N01_C005,LOT_N01,IGSS,0,stable,False,True,False,,,independent_nominal,0
LOT_N01_C005,LOT_N01,IGSS,24,stable,False,True,False,,,independent_nominal,24
LOT_N01_C005,LOT_N01,IGSS,96,stable,False,True,False,,,independent_nominal,96
LOT_N01_C005,LOT_N01,IGSS,168,stable,False,True,False,,,independent_nominal,168
LOT_N01_C006,LOT_N01,IDSS,0,stable,False,True,False,,,independent_nominal,0
LOT_N01_C006,LOT_N01,IDSS,24,stable,False,True,False,,,independent_nominal,24
LOT_N01_C006,LOT_N01,IDSS,96,stable,False,True,False,,,independent_nominal,96
LOT_N01_C006,LOT_N01,IDSS,168,stable,False,True,False,,,independent_nominal,168
LOT_N01_C006,LOT_N01,VGS(th),0,stable,False,True,False,,,independent_nominal,0
LOT_N01_C006,LOT_N01,VGS(th),24,stable,False,True,False,,,independent_nominal,24
LOT_N01_C006,LOT_N01,VGS(th),96,stable,False,True,False,,,independent_nominal,96
LOT_N01_C006,LOT_N01,VGS(th),168,stable,False,True,False,,,independent_nominal,168
LOT_N01_C006,LOT_N01,RDS(on),0,high_but_stable,False,True,False,,,lot_level_process_variation,0
LOT_N01_C006,LOT_N01,RDS(on),24,high_but_stable,False,True,False,,,lot_level_process_variation,24
LOT_N01_C006,LOT_N01,RDS(on),96,high_but_stable,False,True,False,,,lot_level_process_variation,96
LOT_N01_C006,LOT_N01,RDS(on),168,high_but_stable,False,True,False,,,lot_level_process_variation,168
LOT_N01_C006,LOT_N01,IGSS,0,stable,False,True,False,,,independent_nominal,0
LOT_N01_C006,LOT_N01,IGSS,24,stable,False,True,False,,,independent_nominal,24
LOT_N01_C006,LOT_N01,IGSS,96,stable,False,True,False,,,independent_nominal,96
LOT_N01_C006,LOT_N01,IGSS,168,stable,False,True,False,,,independent_nominal,168
LOT_N01_C007,LOT_N01,IDSS,0,stable,False,True,False,,,independent_nominal,0
LOT_N01_C007,LOT_N01,IDSS,24,stable,False,True,False,,,independent_nominal,24
LOT_N01_C007,LOT_N01,IDSS,96,stable,False,True,False,,,independent_nominal,96
LOT_N01_C007,LOT_N01,IDSS,168,stable,False,True,False,,,independent_nominal,168
LOT_N01_C007,LOT_N01,VGS(th),0,stable,False,True,False,,,independent_nominal,0
LOT_N01_C007,LOT_N01,VGS(th),24,stable,False,True,False,,,independent_nominal,24
LOT_N01_C007,LOT_N01,VGS(th),96,stable,False,True,False,,,independent_nominal,96
LOT_N01_C007,LOT_N01,VGS(th),168,stable,False,True,False,,,independent_nominal,168
LOT_N01_C007,LOT_N01,RDS(on),0,stable,False,True,False,,,independent_nominal,0
LOT_N01_C007,LOT_N01,RDS(on),24,stable,False,True,False,,,independent_nominal,24
LOT_N01_C007,LOT_N01,RDS(on),96,stable,False,True,False,,,independent_nominal,96
LOT_N01_C007,LOT_N01,RDS(on),168,stable,False,True,False,,,independent_nominal,168
LOT_N01_C007,LOT_N01,IGSS,0,stable,False,True,False,,,independent_nominal,0
LOT_N01_C007,LOT_N01,IGSS,24,stable,False,True,False,,,independent_nominal,24
LOT_N01_C007,LOT_N01,IGSS,96,stable,False,True,False,,,independent_nominal,96
LOT_N01_C007,LOT_N01,IGSS,168,stable,False,True,False,,,independent_nominal,168
LOT_N01_C008,LOT_N01,IDSS,0,high_but_stable,False,True,False,,,lot_level_process_variation,0
LOT_N01_C008,LOT_N01,IDSS,24,high_but_stable,False,True,False,,,lot_level_process_variation,24
LOT_N01_C008,LOT_N01,IDSS,96,high_but_stable,False,True,False,,,lot_level_process_variation,96
LOT_N01_C008,LOT_N01,IDSS,168,high_but_stable,False,True,False,,,lot_level_process_variation,168
LOT_N01_C008,LOT_N01,VGS(th),0,stable,False,True,False,,,independent_nominal,0
LOT_N01_C008,LOT_N01,VGS(th),24,stable,False,True,False,,,independent_nominal,24
LOT_N01_C008,LOT_N01,VGS(th),96,stable,False,True,False,,,independent_nominal,96
LOT_N01_C008,LOT_N01,VGS(th),168,stable,False,True,False,,,independent_nominal,168
LOT_N01_C008,LOT_N01,RDS(on),0,stable,False,True,False,,,independent_nominal,0
LOT_N01_C008,LOT_N01,RDS(on),24,stable,False,True,False,,,independent_nominal,24
LOT_N01_C008,LOT_N01,RDS(on),96,stable,False,True,False,,,independent_nominal,96
LOT_N01_C008,LOT_N01,RDS(on),168,stable,False,True,False,,,independent_nominal,168
LOT_N01_C008,LOT_N01,IGSS,0,stable,False,True,False,,,independent_nominal,0
LOT_N01_C008,LOT_N01,IGSS,24,stable,False,True,False,,,independent_nominal,24
LOT_N01_C008,LOT_N01,IGSS,96,stable,False,True,False,,,independent_nominal,96
LOT_N01_C008,LOT_N01,IGSS,168,stable,False,True,False,,,independent_nominal,168
LOT_N01_C009,LOT_N01,IDSS,0,stable,False,True,False,,,independent_nominal,0
LOT_N01_C009,LOT_N01,IDSS,24,stable,False,True,False,,,independent_nominal,24
LOT_N01_C009,LOT_N01,IDSS,96,stable,False,True,False,,,independent_nominal,96
LOT_N01_C009,LOT_N01,IDSS,168,stable,False,True,False,,,independent_nominal,168
LOT_N01_C009,LOT_N01,VGS(th),0,stable,False,True,False,,,independent_nominal,0
LOT_N01_C009,LOT_N01,VGS(th),24,stable,False,True,False,,,independent_nominal,24
LOT_N01_C009,LOT_N01,VGS(th),96,stable,False,True,False,,,independent_nominal,96
LOT_N01_C009,LOT_N01,VGS(th),168,stable,False,True,False,,,independent_nominal,168
LOT_N01_C009,LOT_N01,RDS(on),0,stable,False,True,False,,,independent_nominal,0
LOT_N01_C009,LOT_N01,RDS(on),24,stable,False,True,False,,,independent_nominal,24
LOT_N01_C009,LOT_N01,RDS(on),96,stable,False,True,False,,,independent_nominal,96
LOT_N01_C009,LOT_N01,RDS(on),168,stable,False,True,False,,,independent_nominal,168
LOT_N01_C009,LOT_N01,IGSS,0,stable,False,True,False,,,independent_nominal,0
LOT_N01_C009,LOT_N01,IGSS,24,stable,False,True,False,,,independent_nominal,24
LOT_N01_C009,LOT_N01,IGSS,96,stable,False,True,False,,,independent_nominal,96
LOT_N01_C009,LOT_N01,IGSS,168,stable,False,True,False,,,independent_nominal,168
LOT_N01_C010,LOT_N01,IDSS,0,stable,False,True,False,,,independent_nominal,0
LOT_N01_C010,LOT_N01,IDSS,24,stable,False,True,False,,,independent_nominal,24
LOT_N01_C010,LOT_N01,IDSS,96,stable,False,True,False,,,independent_nominal,96
LOT_N01_C010,LOT_N01,IDSS,168,stable,False,True,False,,,independent_nominal,168
LOT_N01_C010,LOT_N01,VGS(th),0,high_but_stable,False,True,False,,,lot_level_process_variation,0
LOT_N01_C010,LOT_N01,VGS(th),24,high_but_stable,False,True,False,,,lot_level_process_variation,24
LOT_N01_C010,LOT_N01,VGS(th),96,high_but_stable,False,True,False,,,lot_level_process_variation,96
LOT_N01_C010,LOT_N01,VGS(th),168,high_but_stable,False,True,False,,,lot_level_process_variation,168
LOT_N01_C010,LOT_N01,RDS(on),0,stable,False,True,False,,,independent_nominal,0
LOT_N01_C010,LOT_N01,RDS(on),24,stable,False,True,False,,,independent_nominal,24
LOT_N01_C010,LOT_N01,RDS(on),96,stable,False,True,False,,,independent_nominal,96
LOT_N01_C010,LOT_N01,RDS(on),168,stable,False,True,False,,,independent_nominal,168
LOT_N01_C010,LOT_N01,IGSS,0,stable,False,True,False,,,independent_nominal,0
LOT_N01_C010,LOT_N01,IGSS,24,stable,False,True,False,,,independent_nominal,24
LOT_N01_C010,LOT_N01,IGSS,96,stable,False,True,False,,,independent_nominal,96
LOT_N01_C010,LOT_N01,IGSS,168,stable,False,True,False,,,independent_nominal,168
LOT_N01_C011,LOT_N01,IDSS,0,stable,False,True,False,,,independent_nominal,0
LOT_N01_C011,LOT_N01,IDSS,24,stable,False,True,False,,,independent_nominal,24
LOT_N01_C011,LOT_N01,IDSS,96,stable,False,True,False,,,independent_nominal,96
LOT_N01_C011,LOT_N01,IDSS,168,stable,False,True,False,,,independent_nominal,168
LOT_N01_C011,LOT_N01,VGS(th),0,stable,False,True,False,,,independent_nominal,0
LOT_N01_C011,LOT_N01,VGS(th),24,stable,False,True,False,,,independent_nominal,24
LOT_N01_C011,LOT_N01,VGS(th),96,stable,False,True,False,,,independent_nominal,96
LOT_N01_C011,LOT_N01,VGS(th),168,stable,False,True,False,,,independent_nominal,168
LOT_N01_C011,LOT_N01,RDS(on),0,stable,False,True,False,,,independent_nominal,0
LOT_N01_C011,LOT_N01,RDS(on),24,stable,False,True,False,,,independent_nominal,24
LOT_N01_C011,LOT_N01,RDS(on),96,stable,False,True,False,,,independent_nominal,96
LOT_N01_C011,LOT_N01,RDS(on),168,stable,False,True,False,,,independent_nominal,168
LOT_N01_C011,LOT_N01,IGSS,0,stable,False,True,False,,,independent_nominal,0
LOT_N01_C011,LOT_N01,IGSS,24,stable,False,True,False,,,independent_nominal,24
LOT_N01_C011,LOT_N01,IGSS,96,stable,False,True,False,,,independent_nominal,96
LOT_N01_C011,LOT_N01,IGSS,168,stable,False,True,False,,,independent_nominal,168
LOT_N01_C012,LOT_N01,IDSS,0,stable,False,True,False,,,independent_nominal,0
LOT_N01_C012,LOT_N01,IDSS,24,stable,False,True,False,,,independent_nominal,24
LOT_N01_C012,LOT_N01,IDSS,96,stable,False,True,False,,,independent_nominal,96
LOT_N01_C012,LOT_N01,IDSS,168,stable,False,True,False,,,independent_nominal,168
LOT_N01_C012,LOT_N01,VGS(th),0,stable,False,True,False,,,independent_nominal,0
LOT_N01_C012,LOT_N01,VGS(th),24,stable,False,True,False,,,independent_nominal,24
LOT_N01_C012,LOT_N01,VGS(th),96,stable,False,True,False,,,independent_nominal,96
LOT_N01_C012,LOT_N01,VGS(th),168,stable,False,True,False,,,independent_nominal,168
LOT_N01_C012,LOT_N01,RDS(on),0,high_but_stable,False,True,False,,,lot_level_process_variation,0
LOT_N01_C012,LOT_N01,RDS(on),24,high_but_stable,False,True,False,,,lot_level_process_variation,24
LOT_N01_C012,LOT_N01,RDS(on),96,high_but_stable,False,True,False,,,lot_level_process_variation,96
LOT_N01_C012,LOT_N01,RDS(on),168,high_but_stable,False,True,False,,,lot_level_process_variation,168
LOT_N01_C012,LOT_N01,IGSS,0,stable,False,True,False,,,independent_nominal,0
LOT_N01_C012,LOT_N01,IGSS,24,stable,False,True,False,,,independent_nominal,24
LOT_N01_C012,LOT_N01,IGSS,96,stable,False,True,False,,,independent_nominal,96
LOT_N01_C012,LOT_N01,IGSS,168,stable,False,True,False,,,independent_nominal,168
LOT_N01_C013,LOT_N01,IDSS,0,stable,False,True,False,,,independent_nominal,0
LOT_N01_C013,LOT_N01,IDSS,24,stable,False,True,False,,,independent_nominal,24
LOT_N01_C013,LOT_N01,IDSS,96,stable,False,True,False,,,independent_nominal,96
LOT_N01_C013,LOT_N01,IDSS,168,stable,False,True,False,,,independent_nominal,168
LOT_N01_C013,LOT_N01,VGS(th),0,stable,False,True,False,,,independent_nominal,0
LOT_N01_C013,LOT_N01,VGS(th),24,stable,False,True,False,,,independent_nominal,24
LOT_N01_C013,LOT_N01,VGS(th),96,stable,False,True,False,,,independent_nominal,96
LOT_N01_C013,LOT_N01,VGS(th),168,stable,False,True,False,,,independent_nominal,168
LOT_N01_C013,LOT_N01,RDS(on),0,stable,False,True,False,,,independent_nominal,0
LOT_N01_C013,LOT_N01,RDS(on),24,stable,False,True,False,,,independent_nominal,24
LOT_N01_C013,LOT_N01,RDS(on),96,stable,False,True,False,,,independent_nominal,96
LOT_N01_C013,LOT_N01,RDS(on),168,stable,False,True,False,,,independent_nominal,168
LOT_N01_C013,LOT_N01,IGSS,0,stable,False,True,False,,,independent_nominal,0
LOT_N01_C013,LOT_N01,IGSS,24,stable,False,True,False,,,independent_nominal,24
LOT_N01_C013,LOT_N01,IGSS,96,stable,False,True,False,,,independent_nominal,96
LOT_N01_C013,LOT_N01,IGSS,168,stable,False,True,False,,,independent_nominal,168
LOT_N01_C014,LOT_N01,IDSS,0,high_but_stable,False,True,False,,,lot_level_process_variation,0
LOT_N01_C014,LOT_N01,IDSS,24,high_but_stable,False,True,False,,,lot_level_process_variation,24
LOT_N01_C014,LOT_N01,IDSS,96,high_but_stable,False,True,False,,,lot_level_process_variation,96
LOT_N01_C014,LOT_N01,IDSS,168,high_but_stable,False,True,False,,,lot_level_process_variation,168
LOT_N01_C014,LOT_N01,VGS(th),0,stable,False,True,False,,,independent_nominal,0
LOT_N01_C014,LOT_N01,VGS(th),24,stable,False,True,False,,,independent_nominal,24
LOT_N01_C014,LOT_N01,VGS(th),96,stable,False,True,False,,,independent_nominal,96
LOT_N01_C014,LOT_N01,VGS(th),168,stable,False,True,False,,,independent_nominal,168
LOT_N01_C014,LOT_N01,RDS(on),0,stable,False,True,False,,,independent_nominal,0
LOT_N01_C014,LOT_N01,RDS(on),24,stable,False,True,False,,,independent_nominal,24
LOT_N01_C014,LOT_N01,RDS(on),96,stable,False,True,False,,,independent_nominal,96
LOT_N01_C014,LOT_N01,RDS(on),168,stable,False,True,False,,,independent_nominal,168
LOT_N01_C014,LOT_N01,IGSS,0,stable,False,True,False,,,independent_nominal,0
LOT_N01_C014,LOT_N01,IGSS,24,stable,False,True,False,,,independent_nominal,24
LOT_N01_C014,LOT_N01,IGSS,96,stable,False,True,False,,,independent_nominal,96
LOT_N01_C014,LOT_N01,IGSS,168,stable,False,True,False,,,independent_nominal,168
LOT_N01_C015,LOT_N01,IDSS,0,stable,False,True,False,,,independent_nominal,0
LOT_N01_C015,LOT_N01,IDSS,24,stable,False,True,False,,,independent_nominal,24
LOT_N01_C015,LOT_N01,IDSS,96,stable,False,True,False,,,independent_nominal,96
LOT_N01_C015,LOT_N01,IDSS,168,stable,False,True,False,,,independent_nominal,168
LOT_N01_C015,LOT_N01,VGS(th),0,stable,False,True,False,,,independent_nominal,0
LOT_N01_C015,LOT_N01,VGS(th),24,stable,False,True,False,,,independent_nominal,24
LOT_N01_C015,LOT_N01,VGS(th),96,stable,False,True,False,,,independent_nominal,96
LOT_N01_C015,LOT_N01,VGS(th),168,stable,False,True,False,,,independent_nominal,168
LOT_N01_C015,LOT_N01,RDS(on),0,stable,False,True,False,,,independent_nominal,0
LOT_N01_C015,LOT_N01,RDS(on),24,stable,False,True,False,,,independent_nominal,24
LOT_N01_C015,LOT_N01,RDS(on),96,stable,False,True,False,,,independent_nominal,96
LOT_N01_C015,LOT_N01,RDS(on),168,stable,False,True,False,,,independent_nominal,168
LOT_N01_C015,LOT_N01,IGSS,0,stable,False,True,False,,,independent_nominal,0
LOT_N01_C015,LOT_N01,IGSS,24,stable,False,True,False,,,independent_nominal,24
LOT_N01_C015,LOT_N01,IGSS,96,stable,False,True,False,,,independent_nominal,96
LOT_N01_C015,LOT_N01,IGSS,168,stable,False,True,False,,,independent_nominal,168
LOT_N01_C016,LOT_N01,IDSS,0,stable,False,True,False,,,independent_nominal,0
LOT_N01_C016,LOT_N01,IDSS,24,stable,False,True,False,,,independent_nominal,24
LOT_N01_C016,LOT_N01,IDSS,96,stable,False,True,False,,,independent_nominal,96
LOT_N01_C016,LOT_N01,IDSS,168,stable,False,True,False,,,independent_nominal,168
LOT_N01_C016,LOT_N01,VGS(th),0,high_but_stable,False,True,False,,,lot_level_process_variation,0
LOT_N01_C016,LOT_N01,VGS(th),24,high_but_stable,False,True,False,,,lot_level_process_variation,24
LOT_N01_C016,LOT_N01,VGS(th),96,high_but_stable,False,True,False,,,lot_level_process_variation,96
LOT_N01_C016,LOT_N01,VGS(th),168,high_but_stable,False,True,False,,,lot_level_process_variation,168
LOT_N01_C016,LOT_N01,RDS(on),0,stable,False,True,False,,,independent_nominal,0
LOT_N01_C016,LOT_N01,RDS(on),24,stable,False,True,False,,,independent_nominal,24
LOT_N01_C016,LOT_N01,RDS(on),96,stable,False,True,False,,,independent_nominal,96
LOT_N01_C016,LOT_N01,RDS(on),168,stable,False,True,False,,,independent_nominal,168
LOT_N01_C016,LOT_N01,IGSS,0,stable,False,True,False,,,independent_nominal,0
LOT_N01_C016,LOT_N01,IGSS,24,stable,False,True,False,,,independent_nominal,24
LOT_N01_C016,LOT_N01,IGSS,96,stable,False,True,False,,,independent_nominal,96
LOT_N01_C016,LOT_N01,IGSS,168,stable,False,True,False,,,independent_nominal,168
LOT_N01_C017,LOT_N01,IDSS,0,stable,False,True,False,,,independent_nominal,0
LOT_N01_C017,LOT_N01,IDSS,24,stable,False,True,False,,,independent_nominal,24
LOT_N01_C017,LOT_N01,IDSS,96,stable,False,True,False,,,independent_nominal,96
LOT_N01_C017,LOT_N01,IDSS,168,stable,False,True,False,,,independent_nominal,168
LOT_N01_C017,LOT_N01,VGS(th),0,stable,False,True,False,,,independent_nominal,0
LOT_N01_C017,LOT_N01,VGS(th),24,stable,False,True,False,,,independent_nominal,24
LOT_N01_C017,LOT_N01,VGS(th),96,stable,False,True,False,,,independent_nominal,96
LOT_N01_C017,LOT_N01,VGS(th),168,stable,False,True,False,,,independent_nominal,168
LOT_N01_C017,LOT_N01,RDS(on),0,stable,False,True,False,,,independent_nominal,0
LOT_N01_C017,LOT_N01,RDS(on),24,stable,False,True,False,,,independent_nominal,24
LOT_N01_C017,LOT_N01,RDS(on),96,stable,False,True,False,,,independent_nominal,96
LOT_N01_C017,LOT_N01,RDS(on),168,stable,False,True,False,,,independent_nominal,168
LOT_N01_C017,LOT_N01,IGSS,0,stable,False,True,False,,,independent_nominal,0
LOT_N01_C017,LOT_N01,IGSS,24,stable,False,True,False,,,independent_nominal,24
LOT_N01_C017,LOT_N01,IGSS,96,stable,False,True,False,,,independent_nominal,96
LOT_N01_C017,LOT_N01,IGSS,168,stable,False,True,False,,,independent_nominal,168
LOT_N01_C018,LOT_N01,IDSS,0,stable,False,True,False,,,independent_nominal,0
LOT_N01_C018,LOT_N01,IDSS,24,stable,False,True,False,,,independent_nominal,24
LOT_N01_C018,LOT_N01,IDSS,96,stable,False,True,False,,,independent_nominal,96
LOT_N01_C018,LOT_N01,IDSS,168,stable,False,True,False,,,independent_nominal,168
LOT_N01_C018,LOT_N01,VGS(th),0,stable,False,True,False,,,independent_nominal,0
LOT_N01_C018,LOT_N01,VGS(th),24,stable,False,True,False,,,independent_nominal,24
LOT_N01_C018,LOT_N01,VGS(th),96,stable,False,True,False,,,independent_nominal,96
LOT_N01_C018,LOT_N01,VGS(th),168,stable,False,True,False,,,independent_nominal,168
LOT_N01_C018,LOT_N01,RDS(on),0,high_but_stable,False,True,False,,,lot_level_process_variation,0
LOT_N01_C018,LOT_N01,RDS(on),24,high_but_stable,False,True,False,,,lot_level_process_variation,24
LOT_N01_C018,LOT_N01,RDS(on),96,high_but_stable,False,True,False,,,lot_level_process_variation,96
LOT_N01_C018,LOT_N01,RDS(on),168,high_but_stable,False,True,False,,,lot_level_process_variation,168
LOT_N01_C018,LOT_N01,IGSS,0,stable,False,True,False,,,independent_nominal,0
LOT_N01_C018,LOT_N01,IGSS,24,stable,False,True,False,,,independent_nominal,24
LOT_N01_C018,LOT_N01,IGSS,96,stable,False,True,False,,,independent_nominal,96
LOT_N01_C018,LOT_N01,IGSS,168,stable,False,True,False,,,independent_nominal,168
LOT_N01_C019,LOT_N01,IDSS,0,stable,False,True,False,,,independent_nominal,0
LOT_N01_C019,LOT_N01,IDSS,24,stable,False,True,False,,,independent_nominal,24
LOT_N01_C019,LOT_N01,IDSS,96,stable,False,True,False,,,independent_nominal,96
LOT_N01_C019,LOT_N01,IDSS,168,stable,False,True,False,,,independent_nominal,168
LOT_N01_C019,LOT_N01,VGS(th),0,stable,False,True,False,,,independent_nominal,0
LOT_N01_C019,LOT_N01,VGS(th),24,stable,False,True,False,,,independent_nominal,24
LOT_N01_C019,LOT_N01,VGS(th),96,stable,False,True,False,,,independent_nominal,96
LOT_N01_C019,LOT_N01,VGS(th),168,stable,False,True,False,,,independent_nominal,168
LOT_N01_C019,LOT_N01,RDS(on),0,stable,False,True,False,,,independent_nominal,0
LOT_N01_C019,LOT_N01,RDS(on),24,stable,False,True,False,,,independent_nominal,24
LOT_N01_C019,LOT_N01,RDS(on),96,stable,False,True,False,,,independent_nominal,96
LOT_N01_C019,LOT_N01,RDS(on),168,stable,False,True,False,,,independent_nominal,168
LOT_N01_C019,LOT_N01,IGSS,0,stable,False,True,False,,,independent_nominal,0
LOT_N01_C019,LOT_N01,IGSS,24,stable,False,True,False,,,independent_nominal,24
LOT_N01_C019,LOT_N01,IGSS,96,stable,False,True,False,,,independent_nominal,96
LOT_N01_C019,LOT_N01,IGSS,168,stable,False,True,False,,,independent_nominal,168
LOT_N01_C020,LOT_N01,IDSS,0,high_but_stable,False,True,False,,,lot_level_process_variation,0
LOT_N01_C020,LOT_N01,IDSS,24,high_but_stable,False,True,False,,,lot_level_process_variation,24
LOT_N01_C020,LOT_N01,IDSS,96,high_but_stable,False,True,False,,,lot_level_process_variation,96
LOT_N01_C020,LOT_N01,IDSS,168,high_but_stable,False,True,False,,,lot_level_process_variation,168
LOT_N01_C020,LOT_N01,VGS(th),0,stable,False,True,False,,,independent_nominal,0
LOT_N01_C020,LOT_N01,VGS(th),24,stable,False,True,False,,,independent_nominal,24
LOT_N01_C020,LOT_N01,VGS(th),96,stable,False,True,False,,,independent_nominal,96
LOT_N01_C020,LOT_N01,VGS(th),168,stable,False,True,False,,,independent_nominal,168
LOT_N01_C020,LOT_N01,RDS(on),0,stable,False,True,False,,,independent_nominal,0
LOT_N01_C020,LOT_N01,RDS(on),24,stable,False,True,False,,,independent_nominal,24
LOT_N01_C020,LOT_N01,RDS(on),96,stable,False,True,False,,,independent_nominal,96
LOT_N01_C020,LOT_N01,RDS(on),168,stable,False,True,False,,,independent_nominal,168
LOT_N01_C020,LOT_N01,IGSS,0,stable,False,True,False,,,independent_nominal,0
LOT_N01_C020,LOT_N01,IGSS,24,stable,False,True,False,,,independent_nominal,24
LOT_N01_C020,LOT_N01,IGSS,96,stable,False,True,False,,,independent_nominal,96
LOT_N01_C020,LOT_N01,IGSS,168,stable,False,True,False,,,independent_nominal,168
LOT_N01_C021,LOT_N01,IDSS,0,stable,False,True,False,,,independent_nominal,0
LOT_N01_C021,LOT_N01,IDSS,24,stable,False,True,False,,,independent_nominal,24
LOT_N01_C021,LOT_N01,IDSS,96,stable,False,True,False,,,independent_nominal,96
LOT_N01_C021,LOT_N01,IDSS,168,stable,False,True,False,,,independent_nominal,168
LOT_N01_C021,LOT_N01,VGS(th),0,stable,False,True,False,,,independent_nominal,0
LOT_N01_C021,LOT_N01,VGS(th),24,stable,False,True,False,,,independent_nominal,24
LOT_N01_C021,LOT_N01,VGS(th),96,stable,False,True,False,,,independent_nominal,96
LOT_N01_C021,LOT_N01,VGS(th),168,stable,False,True,False,,,independent_nominal,168
LOT_N01_C021,LOT_N01,RDS(on),0,stable,False,True,False,,,independent_nominal,0
LOT_N01_C021,LOT_N01,RDS(on),24,stable,False,True,False,,,independent_nominal,24
LOT_N01_C021,LOT_N01,RDS(on),96,stable,False,True,False,,,independent_nominal,96
LOT_N01_C021,LOT_N01,RDS(on),168,stable,False,True,False,,,independent_nominal,168
LOT_N01_C021,LOT_N01,IGSS,0,stable,False,True,False,,,independent_nominal,0
LOT_N01_C021,LOT_N01,IGSS,24,stable,False,True,False,,,independent_nominal,24
LOT_N01_C021,LOT_N01,IGSS,96,stable,False,True,False,,,independent_nominal,96
LOT_N01_C021,LOT_N01,IGSS,168,stable,False,True,False,,,independent_nominal,168
LOT_N01_C022,LOT_N01,IDSS,0,stable,False,True,False,,,independent_nominal,0
LOT_N01_C022,LOT_N01,IDSS,24,stable,False,True,False,,,independent_nominal,24
LOT_N01_C022,LOT_N01,IDSS,96,stable,False,True,False,,,independent_nominal,96
LOT_N01_C022,LOT_N01,IDSS,168,stable,False,True,False,,,independent_nominal,168
LOT_N01_C022,LOT_N01,VGS(th),0,high_but_stable,False,True,False,,,lot_level_process_variation,0
LOT_N01_C022,LOT_N01,VGS(th),24,high_but_stable,False,True,False,,,lot_level_process_variation,24
LOT_N01_C022,LOT_N01,VGS(th),96,high_but_stable,False,True,False,,,lot_level_process_variation,96
LOT_N01_C022,LOT_N01,VGS(th),168,high_but_stable,False,True,False,,,lot_level_process_variation,168
LOT_N01_C022,LOT_N01,RDS(on),0,stable,False,True,False,,,independent_nominal,0
LOT_N01_C022,LOT_N01,RDS(on),24,stable,False,True,False,,,independent_nominal,24
LOT_N01_C022,LOT_N01,RDS(on),96,stable,False,True,False,,,independent_nominal,96
LOT_N01_C022,LOT_N01,RDS(on),168,stable,False,True,False,,,independent_nominal,168
LOT_N01_C022,LOT_N01,IGSS,0,stable,False,True,False,,,independent_nominal,0
LOT_N01_C022,LOT_N01,IGSS,24,stable,False,True,False,,,independent_nominal,24
LOT_N01_C022,LOT_N01,IGSS,96,stable,False,True,False,,,independent_nominal,96
LOT_N01_C022,LOT_N01,IGSS,168,stable,False,True,False,,,independent_nominal,168
LOT_N01_C023,LOT_N01,IDSS,0,stable,False,True,False,,,independent_nominal,0
LOT_N01_C023,LOT_N01,IDSS,24,stable,False,True,False,,,independent_nominal,24
LOT_N01_C023,LOT_N01,IDSS,96,stable,False,True,False,,,independent_nominal,96
LOT_N01_C023,LOT_N01,IDSS,168,stable,False,True,False,,,independent_nominal,168
LOT_N01_C023,LOT_N01,VGS(th),0,stable,False,True,False,,,independent_nominal,0
LOT_N01_C023,LOT_N01,VGS(th),24,stable,False,True,False,,,independent_nominal,24
LOT_N01_C023,LOT_N01,VGS(th),96,stable,False,True,False,,,independent_nominal,96
LOT_N01_C023,LOT_N01,VGS(th),168,stable,False,True,False,,,independent_nominal,168
LOT_N01_C023,LOT_N01,RDS(on),0,stable,False,True,False,,,independent_nominal,0
LOT_N01_C023,LOT_N01,RDS(on),24,stable,False,True,False,,,independent_nominal,24
LOT_N01_C023,LOT_N01,RDS(on),96,stable,False,True,False,,,independent_nominal,96
LOT_N01_C023,LOT_N01,RDS(on),168,stable,False,True,False,,,independent_nominal,168
LOT_N01_C023,LOT_N01,IGSS,0,stable,False,True,False,,,independent_nominal,0
LOT_N01_C023,LOT_N01,IGSS,24,stable,False,True,False,,,independent_nominal,24
LOT_N01_C023,LOT_N01,IGSS,96,stable,False,True,False,,,independent_nominal,96
LOT_N01_C023,LOT_N01,IGSS,168,stable,False,True,False,,,independent_nominal,168
LOT_N01_C024,LOT_N01,IDSS,0,stable,False,True,False,,,independent_nominal,0
LOT_N01_C024,LOT_N01,IDSS,24,stable,False,True,False,,,independent_nominal,24
LOT_N01_C024,LOT_N01,IDSS,96,stable,False,True,False,,,independent_nominal,96
LOT_N01_C024,LOT_N01,IDSS,168,stable,False,True,False,,,independent_nominal,168
LOT_N01_C024,LOT_N01,VGS(th),0,stable,False,True,False,,,independent_nominal,0
LOT_N01_C024,LOT_N01,VGS(th),24,stable,False,True,False,,,independent_nominal,24
LOT_N01_C024,LOT_N01,VGS(th),96,stable,False,True,False,,,independent_nominal,96
LOT_N01_C024,LOT_N01,VGS(th),168,stable,False,True,False,,,independent_nominal,168
LOT_N01_C024,LOT_N01,RDS(on),0,high_but_stable,False,True,False,,,lot_level_process_variation,0
LOT_N01_C024,LOT_N01,RDS(on),24,high_but_stable,False,True,False,,,lot_level_process_variation,24
LOT_N01_C024,LOT_N01,RDS(on),96,high_but_stable,False,True,False,,,lot_level_process_variation,96
LOT_N01_C024,LOT_N01,RDS(on),168,high_but_stable,False,True,False,,,lot_level_process_variation,168
LOT_N01_C024,LOT_N01,IGSS,0,stable,False,True,False,,,independent_nominal,0
LOT_N01_C024,LOT_N01,IGSS,24,stable,False,True,False,,,independent_nominal,24
LOT_N01_C024,LOT_N01,IGSS,96,stable,False,True,False,,,independent_nominal,96
LOT_N01_C024,LOT_N01,IGSS,168,stable,False,True,False,,,independent_nominal,168
LOT_N01_C025,LOT_N01,IDSS,0,stable,False,True,False,,,independent_nominal,0
LOT_N01_C025,LOT_N01,IDSS,24,stable,False,True,False,,,independent_nominal,24
LOT_N01_C025,LOT_N01,IDSS,96,stable,False,True,False,,,independent_nominal,96
LOT_N01_C025,LOT_N01,IDSS,168,stable,False,True,False,,,independent_nominal,168
LOT_N01_C025,LOT_N01,VGS(th),0,stable,False,True,False,,,independent_nominal,0
LOT_N01_C025,LOT_N01,VGS(th),24,stable,False,True,False,,,independent_nominal,24
LOT_N01_C025,LOT_N01,VGS(th),96,stable,False,True,False,,,independent_nominal,96
LOT_N01_C025,LOT_N01,VGS(th),168,stable,False,True,False,,,independent_nominal,168
LOT_N01_C025,LOT_N01,RDS(on),0,stable,False,True,False,,,independent_nominal,0
LOT_N01_C025,LOT_N01,RDS(on),24,stable,False,True,False,,,independent_nominal,24
LOT_N01_C025,LOT_N01,RDS(on),96,stable,False,True,False,,,independent_nominal,96
LOT_N01_C025,LOT_N01,RDS(on),168,stable,False,True,False,,,independent_nominal,168
LOT_N01_C025,LOT_N01,IGSS,0,stable,False,True,False,,,independent_nominal,0
LOT_N01_C025,LOT_N01,IGSS,24,stable,False,True,False,,,independent_nominal,24
LOT_N01_C025,LOT_N01,IGSS,96,stable,False,True,False,,,independent_nominal,96
LOT_N01_C025,LOT_N01,IGSS,168,stable,False,True,False,,,independent_nominal,168
LOT_N01_C026,LOT_N01,IDSS,0,high_but_stable,False,True,False,,,lot_level_process_variation,0
LOT_N01_C026,LOT_N01,IDSS,24,high_but_stable,False,True,False,,,lot_level_process_variation,24
LOT_N01_C026,LOT_N01,IDSS,96,high_but_stable,False,True,False,,,lot_level_process_variation,96
LOT_N01_C026,LOT_N01,IDSS,168,high_but_stable,False,True,False,,,lot_level_process_variation,168
LOT_N01_C026,LOT_N01,VGS(th),0,stable,False,True,False,,,independent_nominal,0
LOT_N01_C026,LOT_N01,VGS(th),24,stable,False,True,False,,,independent_nominal,24
LOT_N01_C026,LOT_N01,VGS(th),96,stable,False,True,False,,,independent_nominal,96
LOT_N01_C026,LOT_N01,VGS(th),168,stable,False,True,False,,,independent_nominal,168
LOT_N01_C026,LOT_N01,RDS(on),0,stable,False,True,False,,,independent_nominal,0
LOT_N01_C026,LOT_N01,RDS(on),24,stable,False,True,False,,,independent_nominal,24
LOT_N01_C026,LOT_N01,RDS(on),96,stable,False,True,False,,,independent_nominal,96
LOT_N01_C026,LOT_N01,RDS(on),168,stable,False,True,False,,,independent_nominal,168
LOT_N01_C026,LOT_N01,IGSS,0,stable,False,True,False,,,independent_nominal,0
LOT_N01_C026,LOT_N01,IGSS,24,stable,False,True,False,,,independent_nominal,24
LOT_N01_C026,LOT_N01,IGSS,96,stable,False,True,False,,,independent_nominal,96
LOT_N01_C026,LOT_N01,IGSS,168,stable,False,True,False,,,independent_nominal,168
LOT_N01_C027,LOT_N01,IDSS,0,stable,False,True,False,,,independent_nominal,0
LOT_N01_C027,LOT_N01,IDSS,24,stable,False,True,False,,,independent_nominal,24
LOT_N01_C027,LOT_N01,IDSS,96,stable,False,True,False,,,independent_nominal,96
LOT_N01_C027,LOT_N01,IDSS,168,stable,False,True,False,,,independent_nominal,168
LOT_N01_C027,LOT_N01,VGS(th),0,stable,False,True,False,,,independent_nominal,0
LOT_N01_C027,LOT_N01,VGS(th),24,stable,False,True,False,,,independent_nominal,24
LOT_N01_C027,LOT_N01,VGS(th),96,stable,False,True,False,,,independent_nominal,96
LOT_N01_C027,LOT_N01,VGS(th),168,stable,False,True,False,,,independent_nominal,168
LOT_N01_C027,LOT_N01,RDS(on),0,stable,False,True,False,,,independent_nominal,0
LOT_N01_C027,LOT_N01,RDS(on),24,stable,False,True,False,,,independent_nominal,24
LOT_N01_C027,LOT_N01,RDS(on),96,stable,False,True,False,,,independent_nominal,96
LOT_N01_C027,LOT_N01,RDS(on),168,stable,False,True,False,,,independent_nominal,168
LOT_N01_C027,LOT_N01,IGSS,0,stable,False,True,False,,,independent_nominal,0
LOT_N01_C027,LOT_N01,IGSS,24,stable,False,True,False,,,independent_nominal,24
LOT_N01_C027,LOT_N01,IGSS,96,stable,False,True,False,,,independent_nominal,96
LOT_N01_C027,LOT_N01,IGSS,168,stable,False,True,False,,,independent_nominal,168
LOT_N01_C028,LOT_N01,IDSS,0,stable,False,True,False,,,independent_nominal,0
LOT_N01_C028,LOT_N01,IDSS,24,stable,False,True,False,,,independent_nominal,24
LOT_N01_C028,LOT_N01,IDSS,96,stable,False,True,False,,,independent_nominal,96
LOT_N01_C028,LOT_N01,IDSS,168,stable,False,True,False,,,independent_nominal,168
LOT_N01_C028,LOT_N01,VGS(th),0,high_but_stable,False,True,False,,,lot_level_process_variation,0
LOT_N01_C028,LOT_N01,VGS(th),24,high_but_stable,False,True,False,,,lot_level_process_variation,24
LOT_N01_C028,LOT_N01,VGS(th),96,high_but_stable,False,True,False,,,lot_level_process_variation,96
LOT_N01_C028,LOT_N01,VGS(th),168,high_but_stable,False,True,False,,,lot_level_process_variation,168
LOT_N01_C028,LOT_N01,RDS(on),0,stable,False,True,False,,,independent_nominal,0
LOT_N01_C028,LOT_N01,RDS(on),24,stable,False,True,False,,,independent_nominal,24
LOT_N01_C028,LOT_N01,RDS(on),96,stable,False,True,False,,,independent_nominal,96
LOT_N01_C028,LOT_N01,RDS(on),168,stable,False,True,False,,,independent_nominal,168
LOT_N01_C028,LOT_N01,IGSS,0,stable,False,True,False,,,independent_nominal,0
LOT_N01_C028,LOT_N01,IGSS,24,stable,False,True,False,,,independent_nominal,24
LOT_N01_C028,LOT_N01,IGSS,96,stable,False,True,False,,,independent_nominal,96
LOT_N01_C028,LOT_N01,IGSS,168,stable,False,True,False,,,independent_nominal,168
LOT_N01_C029,LOT_N01,IDSS,0,stable,False,True,False,,,independent_nominal,0
LOT_N01_C029,LOT_N01,IDSS,24,stable,False,True,False,,,independent_nominal,24
LOT_N01_C029,LOT_N01,IDSS,96,stable,False,True,False,,,independent_nominal,96
LOT_N01_C029,LOT_N01,IDSS,168,stable,False,True,False,,,independent_nominal,168
LOT_N01_C029,LOT_N01,VGS(th),0,stable,False,True,False,,,independent_nominal,0
LOT_N01_C029,LOT_N01,VGS(th),24,stable,False,True,False,,,independent_nominal,24
LOT_N01_C029,LOT_N01,VGS(th),96,stable,False,True,False,,,independent_nominal,96
LOT_N01_C029,LOT_N01,VGS(th),168,stable,False,True,False,,,independent_nominal,168
LOT_N01_C029,LOT_N01,RDS(on),0,stable,False,True,False,,,independent_nominal,0
LOT_N01_C029,LOT_N01,RDS(on),24,stable,False,True,False,,,independent_nominal,24
LOT_N01_C029,LOT_N01,RDS(on),96,stable,False,True,False,,,independent_nominal,96
LOT_N01_C029,LOT_N01,RDS(on),168,stable,False,True,False,,,independent_nominal,168
LOT_N01_C029,LOT_N01,IGSS,0,stable,False,True,False,,,independent_nominal,0
LOT_N01_C029,LOT_N01,IGSS,24,stable,False,True,False,,,independent_nominal,24
LOT_N01_C029,LOT_N01,IGSS,96,stable,False,True,False,,,independent_nominal,96
LOT_N01_C029,LOT_N01,IGSS,168,stable,False,True,False,,,independent_nominal,168
LOT_N01_C030,LOT_N01,IDSS,0,stable,False,True,False,,,independent_nominal,0
LOT_N01_C030,LOT_N01,IDSS,24,stable,False,True,False,,,independent_nominal,24
LOT_N01_C030,LOT_N01,IDSS,96,stable,False,True,False,,,independent_nominal,96
LOT_N01_C030,LOT_N01,IDSS,168,stable,False,True,False,,,independent_nominal,168
LOT_N01_C030,LOT_N01,VGS(th),0,stable,False,True,False,,,independent_nominal,0
LOT_N01_C030,LOT_N01,VGS(th),24,stable,False,True,False,,,independent_nominal,24
LOT_N01_C030,LOT_N01,VGS(th),96,stable,False,True,False,,,independent_nominal,96
LOT_N01_C030,LOT_N01,VGS(th),168,stable,False,True,False,,,independent_nominal,168
LOT_N01_C030,LOT_N01,RDS(on),0,high_but_stable,False,True,False,,,lot_level_process_variation,0
LOT_N01_C030,LOT_N01,RDS(on),24,high_but_stable,False,True,False,,,lot_level_process_variation,24
LOT_N01_C030,LOT_N01,RDS(on),96,high_but_stable,False,True,False,,,lot_level_process_variation,96
LOT_N01_C030,LOT_N01,RDS(on),168,high_but_stable,False,True,False,,,lot_level_process_variation,168
LOT_N01_C030,LOT_N01,IGSS,0,stable,False,True,False,,,independent_nominal,0
LOT_N01_C030,LOT_N01,IGSS,24,stable,False,True,False,,,independent_nominal,24
LOT_N01_C030,LOT_N01,IGSS,96,stable,False,True,False,,,independent_nominal,96
LOT_N01_C030,LOT_N01,IGSS,168,stable,False,True,False,,,independent_nominal,168
LOT_N02_C001,LOT_N02,IDSS,0,stable,False,True,False,,,independent_nominal,0
LOT_N02_C001,LOT_N02,IDSS,24,stable,False,True,False,,,independent_nominal,24
LOT_N02_C001,LOT_N02,IDSS,96,stable,False,True,False,,,independent_nominal,96
LOT_N02_C001,LOT_N02,IDSS,168,stable,False,True,False,,,independent_nominal,168
LOT_N02_C001,LOT_N02,VGS(th),0,stable,False,True,False,,,independent_nominal,0
LOT_N02_C001,LOT_N02,VGS(th),24,stable,False,True,False,,,independent_nominal,24
LOT_N02_C001,LOT_N02,VGS(th),96,stable,False,True,False,,,independent_nominal,96
LOT_N02_C001,LOT_N02,VGS(th),168,stable,False,True,False,,,independent_nominal,168
LOT_N02_C001,LOT_N02,RDS(on),0,stable,False,True,False,,,independent_nominal,0
LOT_N02_C001,LOT_N02,RDS(on),24,stable,False,True,False,,,independent_nominal,24
LOT_N02_C001,LOT_N02,RDS(on),96,stable,False,True,False,,,independent_nominal,96
LOT_N02_C001,LOT_N02,RDS(on),168,stable,False,True,False,,,independent_nominal,168
LOT_N02_C001,LOT_N02,IGSS,0,stable,False,True,False,,,independent_nominal,0
LOT_N02_C001,LOT_N02,IGSS,24,stable,False,True,False,,,independent_nominal,24
LOT_N02_C001,LOT_N02,IGSS,96,stable,False,True,False,,,independent_nominal,96
LOT_N02_C001,LOT_N02,IGSS,168,stable,False,True,False,,,independent_nominal,168
LOT_N02_C002,LOT_N02,IDSS,0,high_but_stable,False,True,False,,,lot_level_process_variation,0
LOT_N02_C002,LOT_N02,IDSS,24,high_but_stable,False,True,False,,,lot_level_process_variation,24
LOT_N02_C002,LOT_N02,IDSS,96,high_but_stable,False,True,False,,,lot_level_process_variation,96
LOT_N02_C002,LOT_N02,IDSS,168,high_but_stable,False,True,False,,,lot_level_process_variation,168
LOT_N02_C002,LOT_N02,VGS(th),0,stable,False,True,False,,,independent_nominal,0
LOT_N02_C002,LOT_N02,VGS(th),24,stable,False,True,False,,,independent_nominal,24
LOT_N02_C002,LOT_N02,VGS(th),96,stable,False,True,False,,,independent_nominal,96
LOT_N02_C002,LOT_N02,VGS(th),168,stable,False,True,False,,,independent_nominal,168
LOT_N02_C002,LOT_N02,RDS(on),0,stable,False,True,False,,,independent_nominal,0
LOT_N02_C002,LOT_N02,RDS(on),24,stable,False,True,False,,,independent_nominal,24
LOT_N02_C002,LOT_N02,RDS(on),96,stable,False,True,False,,,independent_nominal,96
LOT_N02_C002,LOT_N02,RDS(on),168,stable,False,True,False,,,independent_nominal,168
LOT_N02_C002,LOT_N02,IGSS,0,stable,False,True,False,,,independent_nominal,0
LOT_N02_C002,LOT_N02,IGSS,24,stable,False,True,False,,,independent_nominal,24
LOT_N02_C002,LOT_N02,IGSS,96,stable,False,True,False,,,independent_nominal,96
LOT_N02_C002,LOT_N02,IGSS,168,stable,False,True,False,,,independent_nominal,168
LOT_N02_C003,LOT_N02,IDSS,0,stable,False,True,False,,,independent_nominal,0
LOT_N02_C003,LOT_N02,IDSS,24,stable,False,True,False,,,independent_nominal,24
LOT_N02_C003,LOT_N02,IDSS,96,stable,False,True,False,,,independent_nominal,96
LOT_N02_C003,LOT_N02,IDSS,168,stable,False,True,False,,,independent_nominal,168
LOT_N02_C003,LOT_N02,VGS(th),0,stable,False,True,False,,,independent_nominal,0
LOT_N02_C003,LOT_N02,VGS(th),24,stable,False,True,False,,,independent_nominal,24
LOT_N02_C003,LOT_N02,VGS(th),96,stable,False,True,False,,,independent_nominal,96
LOT_N02_C003,LOT_N02,VGS(th),168,stable,False,True,False,,,independent_nominal,168
LOT_N02_C003,LOT_N02,RDS(on),0,stable,False,False,True,,,independent_nominal,0
LOT_N02_C003,LOT_N02,RDS(on),24,stable,False,False,True,,,independent_nominal,24
LOT_N02_C003,LOT_N02,RDS(on),96,stable,False,False,True,,,independent_nominal,96
LOT_N02_C003,LOT_N02,RDS(on),168,stable,False,False,True,,,independent_nominal,168
LOT_N02_C003,LOT_N02,IGSS,0,stable,False,True,False,,,independent_nominal,0
LOT_N02_C003,LOT_N02,IGSS,24,stable,False,True,False,,,independent_nominal,24
LOT_N02_C003,LOT_N02,IGSS,96,stable,False,True,False,,,independent_nominal,96
LOT_N02_C003,LOT_N02,IGSS,168,stable,False,True,False,,,independent_nominal,168
LOT_N02_C004,LOT_N02,IDSS,0,stable,False,True,False,,,independent_nominal,0
LOT_N02_C004,LOT_N02,IDSS,24,stable,False,True,False,,,independent_nominal,24
LOT_N02_C004,LOT_N02,IDSS,96,stable,False,True,False,,,independent_nominal,96
LOT_N02_C004,LOT_N02,IDSS,168,stable,False,True,False,,,independent_nominal,168
LOT_N02_C004,LOT_N02,VGS(th),0,high_but_stable,False,True,False,,,lot_level_process_variation,0
LOT_N02_C004,LOT_N02,VGS(th),24,high_but_stable,False,True,False,,,lot_level_process_variation,24
LOT_N02_C004,LOT_N02,VGS(th),96,high_but_stable,False,True,False,,,lot_level_process_variation,96
LOT_N02_C004,LOT_N02,VGS(th),168,high_but_stable,False,True,False,,,lot_level_process_variation,168
LOT_N02_C004,LOT_N02,RDS(on),0,stable,False,True,False,,,independent_nominal,0
LOT_N02_C004,LOT_N02,RDS(on),24,stable,False,True,False,,,independent_nominal,24
LOT_N02_C004,LOT_N02,RDS(on),96,stable,False,True,False,,,independent_nominal,96
LOT_N02_C004,LOT_N02,RDS(on),168,stable,False,True,False,,,independent_nominal,168
LOT_N02_C004,LOT_N02,IGSS,0,stable,False,True,False,,,independent_nominal,0
LOT_N02_C004,LOT_N02,IGSS,24,stable,False,True,False,,,independent_nominal,24
LOT_N02_C004,LOT_N02,IGSS,96,stable,False,True,False,,,independent_nominal,96
LOT_N02_C004,LOT_N02,IGSS,168,stable,False,True,False,,,independent_nominal,168
LOT_N02_C005,LOT_N02,IDSS,0,stable,False,True,False,,,independent_nominal,0
LOT_N02_C005,LOT_N02,IDSS,24,stable,False,True,False,,,independent_nominal,24
LOT_N02_C005,LOT_N02,IDSS,96,stable,False,True,False,,,independent_nominal,96
LOT_N02_C005,LOT_N02,IDSS,168,stable,False,True,False,,,independent_nominal,168
LOT_N02_C005,LOT_N02,VGS(th),0,stable,False,True,False,,,independent_nominal,0
LOT_N02_C005,LOT_N02,VGS(th),24,stable,False,True,False,,,independent_nominal,24
LOT_N02_C005,LOT_N02,VGS(th),96,stable,False,True,False,,,independent_nominal,96
LOT_N02_C005,LOT_N02,VGS(th),168,stable,False,True,False,,,independent_nominal,168
LOT_N02_C005,LOT_N02,RDS(on),0,stable,False,True,False,,,independent_nominal,0
LOT_N02_C005,LOT_N02,RDS(on),24,stable,False,True,False,,,independent_nominal,24
LOT_N02_C005,LOT_N02,RDS(on),96,stable,False,True,False,,,independent_nominal,96
LOT_N02_C005,LOT_N02,RDS(on),168,stable,False,True,False,,,independent_nominal,168
LOT_N02_C005,LOT_N02,IGSS,0,stable,False,True,False,,,independent_nominal,0
LOT_N02_C005,LOT_N02,IGSS,24,stable,False,True,False,,,independent_nominal,24
LOT_N02_C005,LOT_N02,IGSS,96,stable,False,True,False,,,independent_nominal,96
LOT_N02_C005,LOT_N02,IGSS,168,stable,False,True,False,,,independent_nominal,168
LOT_N02_C006,LOT_N02,IDSS,0,stable,False,True,False,,,independent_nominal,0
LOT_N02_C006,LOT_N02,IDSS,24,stable,False,True,False,,,independent_nominal,24
LOT_N02_C006,LOT_N02,IDSS,96,stable,False,True,False,,,independent_nominal,96
LOT_N02_C006,LOT_N02,IDSS,168,stable,False,True,False,,,independent_nominal,168
LOT_N02_C006,LOT_N02,VGS(th),0,stable,False,True,False,,,independent_nominal,0
LOT_N02_C006,LOT_N02,VGS(th),24,stable,False,True,False,,,independent_nominal,24
LOT_N02_C006,LOT_N02,VGS(th),96,stable,False,True,False,,,independent_nominal,96
LOT_N02_C006,LOT_N02,VGS(th),168,stable,False,True,False,,,independent_nominal,168
LOT_N02_C006,LOT_N02,RDS(on),0,high_but_stable,False,True,False,,,lot_level_process_variation,0
LOT_N02_C006,LOT_N02,RDS(on),24,high_but_stable,False,True,False,,,lot_level_process_variation,24
LOT_N02_C006,LOT_N02,RDS(on),96,high_but_stable,False,True,False,,,lot_level_process_variation,96
LOT_N02_C006,LOT_N02,RDS(on),168,high_but_stable,False,True,False,,,lot_level_process_variation,168
LOT_N02_C006,LOT_N02,IGSS,0,stable,False,True,False,,,independent_nominal,0
LOT_N02_C006,LOT_N02,IGSS,24,stable,False,True,False,,,independent_nominal,24
LOT_N02_C006,LOT_N02,IGSS,96,stable,False,True,False,,,independent_nominal,96
LOT_N02_C006,LOT_N02,IGSS,168,stable,False,True,False,,,independent_nominal,168
LOT_N02_C007,LOT_N02,IDSS,0,stable,False,True,False,,,independent_nominal,0
LOT_N02_C007,LOT_N02,IDSS,24,stable,False,True,False,,,independent_nominal,24
LOT_N02_C007,LOT_N02,IDSS,96,stable,False,True,False,,,independent_nominal,96
LOT_N02_C007,LOT_N02,IDSS,168,stable,False,True,False,,,independent_nominal,168
LOT_N02_C007,LOT_N02,VGS(th),0,stable,False,True,False,,,independent_nominal,0
LOT_N02_C007,LOT_N02,VGS(th),24,stable,False,True,False,,,independent_nominal,24
LOT_N02_C007,LOT_N02,VGS(th),96,stable,False,True,False,,,independent_nominal,96
LOT_N02_C007,LOT_N02,VGS(th),168,stable,False,True,False,,,independent_nominal,168
LOT_N02_C007,LOT_N02,RDS(on),0,stable,False,True,False,,,independent_nominal,0
LOT_N02_C007,LOT_N02,RDS(on),24,stable,False,True,False,,,independent_nominal,24
LOT_N02_C007,LOT_N02,RDS(on),96,stable,False,True,False,,,independent_nominal,96
LOT_N02_C007,LOT_N02,RDS(on),168,stable,False,True,False,,,independent_nominal,168
LOT_N02_C007,LOT_N02,IGSS,0,stable,False,True,False,,,independent_nominal,0
LOT_N02_C007,LOT_N02,IGSS,24,stable,False,True,False,,,independent_nominal,24
LOT_N02_C007,LOT_N02,IGSS,96,stable,False,True,False,,,independent_nominal,96
LOT_N02_C007,LOT_N02,IGSS,168,stable,False,True,False,,,independent_nominal,168
LOT_N02_C008,LOT_N02,IDSS,0,high_but_stable,False,True,False,,,lot_level_process_variation,0
LOT_N02_C008,LOT_N02,IDSS,24,high_but_stable,False,True,False,,,lot_level_process_variation,24
LOT_N02_C008,LOT_N02,IDSS,96,high_but_stable,False,True,False,,,lot_level_process_variation,96
LOT_N02_C008,LOT_N02,IDSS,168,high_but_stable,False,True,False,,,lot_level_process_variation,168
LOT_N02_C008,LOT_N02,VGS(th),0,stable,False,True,False,,,independent_nominal,0
LOT_N02_C008,LOT_N02,VGS(th),24,stable,False,True,False,,,independent_nominal,24
LOT_N02_C008,LOT_N02,VGS(th),96,stable,False,True,False,,,independent_nominal,96
LOT_N02_C008,LOT_N02,VGS(th),168,stable,False,True,False,,,independent_nominal,168
LOT_N02_C008,LOT_N02,RDS(on),0,stable,False,True,False,,,independent_nominal,0
LOT_N02_C008,LOT_N02,RDS(on),24,stable,False,True,False,,,independent_nominal,24
LOT_N02_C008,LOT_N02,RDS(on),96,stable,False,True,False,,,independent_nominal,96
LOT_N02_C008,LOT_N02,RDS(on),168,stable,False,True,False,,,independent_nominal,168
LOT_N02_C008,LOT_N02,IGSS,0,stable,False,True,False,,,independent_nominal,0
LOT_N02_C008,LOT_N02,IGSS,24,stable,False,True,False,,,independent_nominal,24
LOT_N02_C008,LOT_N02,IGSS,96,stable,False,True,False,,,independent_nominal,96
LOT_N02_C008,LOT_N02,IGSS,168,stable,False,True,False,,,independent_nominal,168
LOT_N02_C009,LOT_N02,IDSS,0,stable,False,True,False,,,independent_nominal,0
LOT_N02_C009,LOT_N02,IDSS,24,stable,False,True,False,,,independent_nominal,24
LOT_N02_C009,LOT_N02,IDSS,96,stable,False,True,False,,,independent_nominal,96
LOT_N02_C009,LOT_N02,IDSS,168,stable,False,True,False,,,independent_nominal,168
LOT_N02_C009,LOT_N02,VGS(th),0,stable,False,True,False,,,independent_nominal,0
LOT_N02_C009,LOT_N02,VGS(th),24,stable,False,True,False,,,independent_nominal,24
LOT_N02_C009,LOT_N02,VGS(th),96,stable,False,True,False,,,independent_nominal,96
LOT_N02_C009,LOT_N02,VGS(th),168,stable,False,True,False,,,independent_nominal,168
LOT_N02_C009,LOT_N02,RDS(on),0,stable,False,True,False,,,independent_nominal,0
LOT_N02_C009,LOT_N02,RDS(on),24,stable,False,True,False,,,independent_nominal,24
LOT_N02_C009,LOT_N02,RDS(on),96,stable,False,True,False,,,independent_nominal,96
LOT_N02_C009,LOT_N02,RDS(on),168,stable,False,True,False,,,independent_nominal,168
LOT_N02_C009,LOT_N02,IGSS,0,stable,False,True,False,,,independent_nominal,0
LOT_N02_C009,LOT_N02,IGSS,24,stable,False,True,False,,,independent_nominal,24
LOT_N02_C009,LOT_N02,IGSS,96,stable,False,True,False,,,independent_nominal,96
LOT_N02_C009,LOT_N02,IGSS,168,stable,False,True,False,,,independent_nominal,168
LOT_N02_C010,LOT_N02,IDSS,0,stable,False,True,False,,,independent_nominal,0
LOT_N02_C010,LOT_N02,IDSS,24,stable,False,True,False,,,independent_nominal,24
LOT_N02_C010,LOT_N02,IDSS,96,stable,False,True,False,,,independent_nominal,96
LOT_N02_C010,LOT_N02,IDSS,168,stable,False,True,False,,,independent_nominal,168
LOT_N02_C010,LOT_N02,VGS(th),0,high_but_stable,False,True,False,,,lot_level_process_variation,0
LOT_N02_C010,LOT_N02,VGS(th),24,high_but_stable,False,True,False,,,lot_level_process_variation,24
LOT_N02_C010,LOT_N02,VGS(th),96,high_but_stable,False,True,False,,,lot_level_process_variation,96
LOT_N02_C010,LOT_N02,VGS(th),168,high_but_stable,False,True,False,,,lot_level_process_variation,168
LOT_N02_C010,LOT_N02,RDS(on),0,stable,False,True,False,,,independent_nominal,0
LOT_N02_C010,LOT_N02,RDS(on),24,stable,False,True,False,,,independent_nominal,24
LOT_N02_C010,LOT_N02,RDS(on),96,stable,False,True,False,,,independent_nominal,96
LOT_N02_C010,LOT_N02,RDS(on),168,stable,False,True,False,,,independent_nominal,168
LOT_N02_C010,LOT_N02,IGSS,0,stable,False,True,False,,,independent_nominal,0
LOT_N02_C010,LOT_N02,IGSS,24,stable,False,True,False,,,independent_nominal,24
LOT_N02_C010,LOT_N02,IGSS,96,stable,False,True,False,,,independent_nominal,96
LOT_N02_C010,LOT_N02,IGSS,168,stable,False,True,False,,,independent_nominal,168
LOT_N02_C011,LOT_N02,IDSS,0,stable,False,True,False,,,independent_nominal,0
LOT_N02_C011,LOT_N02,IDSS,24,stable,False,True,False,,,independent_nominal,24
LOT_N02_C011,LOT_N02,IDSS,96,stable,False,True,False,,,independent_nominal,96
LOT_N02_C011,LOT_N02,IDSS,168,stable,False,True,False,,,independent_nominal,168
LOT_N02_C011,LOT_N02,VGS(th),0,stable,False,True,False,,,independent_nominal,0
LOT_N02_C011,LOT_N02,VGS(th),24,stable,False,True,False,,,independent_nominal,24
LOT_N02_C011,LOT_N02,VGS(th),96,stable,False,True,False,,,independent_nominal,96
LOT_N02_C011,LOT_N02,VGS(th),168,stable,False,True,False,,,independent_nominal,168
LOT_N02_C011,LOT_N02,RDS(on),0,stable,False,True,False,,,independent_nominal,0
LOT_N02_C011,LOT_N02,RDS(on),24,stable,False,True,False,,,independent_nominal,24
LOT_N02_C011,LOT_N02,RDS(on),96,stable,False,True,False,,,independent_nominal,96
LOT_N02_C011,LOT_N02,RDS(on),168,stable,False,True,False,,,independent_nominal,168
LOT_N02_C011,LOT_N02,IGSS,0,stable,False,True,False,,,independent_nominal,0
LOT_N02_C011,LOT_N02,IGSS,24,stable,False,True,False,,,independent_nominal,24
LOT_N02_C011,LOT_N02,IGSS,96,stable,False,True,False,,,independent_nominal,96
LOT_N02_C011,LOT_N02,IGSS,168,stable,False,True,False,,,independent_nominal,168
LOT_N02_C012,LOT_N02,IDSS,0,stable,False,True,False,,,independent_nominal,0
LOT_N02_C012,LOT_N02,IDSS,24,stable,False,True,False,,,independent_nominal,24
LOT_N02_C012,LOT_N02,IDSS,96,stable,False,True,False,,,independent_nominal,96
LOT_N02_C012,LOT_N02,IDSS,168,stable,False,True,False,,,independent_nominal,168
LOT_N02_C012,LOT_N02,VGS(th),0,stable,False,True,False,,,independent_nominal,0
LOT_N02_C012,LOT_N02,VGS(th),24,stable,False,True,False,,,independent_nominal,24
LOT_N02_C012,LOT_N02,VGS(th),96,stable,False,True,False,,,independent_nominal,96
LOT_N02_C012,LOT_N02,VGS(th),168,stable,False,True,False,,,independent_nominal,168
LOT_N02_C012,LOT_N02,RDS(on),0,high_but_stable,False,True,False,,,lot_level_process_variation,0
LOT_N02_C012,LOT_N02,RDS(on),24,high_but_stable,False,True,False,,,lot_level_process_variation,24
LOT_N02_C012,LOT_N02,RDS(on),96,high_but_stable,False,True,False,,,lot_level_process_variation,96
LOT_N02_C012,LOT_N02,RDS(on),168,high_but_stable,False,True,False,,,lot_level_process_variation,168
LOT_N02_C012,LOT_N02,IGSS,0,stable,False,True,False,,,independent_nominal,0
LOT_N02_C012,LOT_N02,IGSS,24,stable,False,True,False,,,independent_nominal,24
LOT_N02_C012,LOT_N02,IGSS,96,stable,False,True,False,,,independent_nominal,96
LOT_N02_C012,LOT_N02,IGSS,168,stable,False,True,False,,,independent_nominal,168
LOT_N02_C013,LOT_N02,IDSS,0,stable,False,True,False,,,independent_nominal,0
LOT_N02_C013,LOT_N02,IDSS,24,stable,False,True,False,,,independent_nominal,24
LOT_N02_C013,LOT_N02,IDSS,96,stable,False,True,False,,,independent_nominal,96
LOT_N02_C013,LOT_N02,IDSS,168,stable,False,True,False,,,independent_nominal,168
LOT_N02_C013,LOT_N02,VGS(th),0,stable,False,True,False,,,independent_nominal,0
LOT_N02_C013,LOT_N02,VGS(th),24,stable,False,True,False,,,independent_nominal,24
LOT_N02_C013,LOT_N02,VGS(th),96,stable,False,True,False,,,independent_nominal,96
LOT_N02_C013,LOT_N02,VGS(th),168,stable,False,True,False,,,independent_nominal,168
LOT_N02_C013,LOT_N02,RDS(on),0,stable,False,True,False,,,independent_nominal,0
LOT_N02_C013,LOT_N02,RDS(on),24,stable,False,True,False,,,independent_nominal,24
LOT_N02_C013,LOT_N02,RDS(on),96,stable,False,True,False,,,independent_nominal,96
LOT_N02_C013,LOT_N02,RDS(on),168,stable,False,True,False,,,independent_nominal,168
LOT_N02_C013,LOT_N02,IGSS,0,stable,False,True,False,,,independent_nominal,0
LOT_N02_C013,LOT_N02,IGSS,24,stable,False,True,False,,,independent_nominal,24
LOT_N02_C013,LOT_N02,IGSS,96,stable,False,True,False,,,independent_nominal,96
LOT_N02_C013,LOT_N02,IGSS,168,stable,False,True,False,,,independent_nominal,168
LOT_N02_C014,LOT_N02,IDSS,0,high_but_stable,False,True,False,,,lot_level_process_variation,0
LOT_N02_C014,LOT_N02,IDSS,24,high_but_stable,False,True,False,,,lot_level_process_variation,24
LOT_N02_C014,LOT_N02,IDSS,96,high_but_stable,False,True,False,,,lot_level_process_variation,96
LOT_N02_C014,LOT_N02,IDSS,168,high_but_stable,False,True,False,,,lot_level_process_variation,168
LOT_N02_C014,LOT_N02,VGS(th),0,stable,False,True,False,,,independent_nominal,0
LOT_N02_C014,LOT_N02,VGS(th),24,stable,False,True,False,,,independent_nominal,24
LOT_N02_C014,LOT_N02,VGS(th),96,stable,False,True,False,,,independent_nominal,96
LOT_N02_C014,LOT_N02,VGS(th),168,stable,False,True,False,,,independent_nominal,168
LOT_N02_C014,LOT_N02,RDS(on),0,stable,False,True,False,,,independent_nominal,0
LOT_N02_C014,LOT_N02,RDS(on),24,stable,False,True,False,,,independent_nominal,24
LOT_N02_C014,LOT_N02,RDS(on),96,stable,False,True,False,,,independent_nominal,96
LOT_N02_C014,LOT_N02,RDS(on),168,stable,False,True,False,,,independent_nominal,168
LOT_N02_C014,LOT_N02,IGSS,0,stable,False,True,False,,,independent_nominal,0
LOT_N02_C014,LOT_N02,IGSS,24,stable,False,True,False,,,independent_nominal,24
LOT_N02_C014,LOT_N02,IGSS,96,stable,False,True,False,,,independent_nominal,96
LOT_N02_C014,LOT_N02,IGSS,168,stable,False,True,False,,,independent_nominal,168
LOT_N02_C015,LOT_N02,IDSS,0,stable,False,True,False,,,independent_nominal,0
LOT_N02_C015,LOT_N02,IDSS,24,stable,False,True,False,,,independent_nominal,24
LOT_N02_C015,LOT_N02,IDSS,96,stable,False,True,False,,,independent_nominal,96
LOT_N02_C015,LOT_N02,IDSS,168,stable,False,True,False,,,independent_nominal,168
LOT_N02_C015,LOT_N02,VGS(th),0,stable,False,True,False,,,independent_nominal,0
LOT_N02_C015,LOT_N02,VGS(th),24,stable,False,True,False,,,independent_nominal,24
LOT_N02_C015,LOT_N02,VGS(th),96,stable,False,True,False,,,independent_nominal,96
LOT_N02_C015,LOT_N02,VGS(th),168,stable,False,True,False,,,independent_nominal,168
LOT_N02_C015,LOT_N02,RDS(on),0,stable,False,False,True,,,independent_nominal,0
LOT_N02_C015,LOT_N02,RDS(on),24,stable,False,False,True,,,independent_nominal,24
LOT_N02_C015,LOT_N02,RDS(on),96,stable,False,False,True,,,independent_nominal,96
LOT_N02_C015,LOT_N02,RDS(on),168,stable,False,False,True,,,independent_nominal,168
LOT_N02_C015,LOT_N02,IGSS,0,stable,False,True,False,,,independent_nominal,0
LOT_N02_C015,LOT_N02,IGSS,24,stable,False,True,False,,,independent_nominal,24
LOT_N02_C015,LOT_N02,IGSS,96,stable,False,True,False,,,independent_nominal,96
LOT_N02_C015,LOT_N02,IGSS,168,stable,False,True,False,,,independent_nominal,168
LOT_N02_C016,LOT_N02,IDSS,0,stable,False,True,False,,,independent_nominal,0
LOT_N02_C016,LOT_N02,IDSS,24,stable,False,True,False,,,independent_nominal,24
LOT_N02_C016,LOT_N02,IDSS,96,stable,False,True,False,,,independent_nominal,96
LOT_N02_C016,LOT_N02,IDSS,168,stable,False,True,False,,,independent_nominal,168
LOT_N02_C016,LOT_N02,VGS(th),0,high_but_stable,False,True,False,,,lot_level_process_variation,0
LOT_N02_C016,LOT_N02,VGS(th),24,high_but_stable,False,True,False,,,lot_level_process_variation,24
LOT_N02_C016,LOT_N02,VGS(th),96,high_but_stable,False,True,False,,,lot_level_process_variation,96
LOT_N02_C016,LOT_N02,VGS(th),168,high_but_stable,False,True,False,,,lot_level_process_variation,168
LOT_N02_C016,LOT_N02,RDS(on),0,stable,False,True,False,,,independent_nominal,0
LOT_N02_C016,LOT_N02,RDS(on),24,stable,False,True,False,,,independent_nominal,24
LOT_N02_C016,LOT_N02,RDS(on),96,stable,False,True,False,,,independent_nominal,96
LOT_N02_C016,LOT_N02,RDS(on),168,stable,False,True,False,,,independent_nominal,168
LOT_N02_C016,LOT_N02,IGSS,0,stable,False,True,False,,,independent_nominal,0
LOT_N02_C016,LOT_N02,IGSS,24,stable,False,True,False,,,independent_nominal,24
LOT_N02_C016,LOT_N02,IGSS,96,stable,False,True,False,,,independent_nominal,96
LOT_N02_C016,LOT_N02,IGSS,168,stable,False,True,False,,,independent_nominal,168
LOT_N02_C017,LOT_N02,IDSS,0,stable,False,True,False,,,independent_nominal,0
LOT_N02_C017,LOT_N02,IDSS,24,stable,False,True,False,,,independent_nominal,24
LOT_N02_C017,LOT_N02,IDSS,96,stable,False,True,False,,,independent_nominal,96
LOT_N02_C017,LOT_N02,IDSS,168,stable,False,True,False,,,independent_nominal,168
LOT_N02_C017,LOT_N02,VGS(th),0,stable,False,True,False,,,independent_nominal,0
LOT_N02_C017,LOT_N02,VGS(th),24,stable,False,True,False,,,independent_nominal,24
LOT_N02_C017,LOT_N02,VGS(th),96,stable,False,True,False,,,independent_nominal,96
LOT_N02_C017,LOT_N02,VGS(th),168,stable,False,True,False,,,independent_nominal,168
LOT_N02_C017,LOT_N02,RDS(on),0,stable,False,True,False,,,independent_nominal,0
LOT_N02_C017,LOT_N02,RDS(on),24,stable,False,True,False,,,independent_nominal,24
LOT_N02_C017,LOT_N02,RDS(on),96,stable,False,True,False,,,independent_nominal,96
LOT_N02_C017,LOT_N02,RDS(on),168,stable,False,True,False,,,independent_nominal,168
LOT_N02_C017,LOT_N02,IGSS,0,stable,False,True,False,,,independent_nominal,0
LOT_N02_C017,LOT_N02,IGSS,24,stable,False,True,False,,,independent_nominal,24
LOT_N02_C017,LOT_N02,IGSS,96,stable,False,True,False,,,independent_nominal,96
LOT_N02_C017,LOT_N02,IGSS,168,stable,False,True,False,,,independent_nominal,168
LOT_N02_C018,LOT_N02,IDSS,0,stable,False,True,False,,,independent_nominal,0
LOT_N02_C018,LOT_N02,IDSS,24,stable,False,True,False,,,independent_nominal,24
LOT_N02_C018,LOT_N02,IDSS,96,stable,False,True,False,,,independent_nominal,96
LOT_N02_C018,LOT_N02,IDSS,168,stable,False,True,False,,,independent_nominal,168
LOT_N02_C018,LOT_N02,VGS(th),0,stable,False,True,False,,,independent_nominal,0
LOT_N02_C018,LOT_N02,VGS(th),24,stable,False,True,False,,,independent_nominal,24
LOT_N02_C018,LOT_N02,VGS(th),96,stable,False,True,False,,,independent_nominal,96
LOT_N02_C018,LOT_N02,VGS(th),168,stable,False,True,False,,,independent_nominal,168
LOT_N02_C018,LOT_N02,RDS(on),0,high_but_stable,False,True,False,,,lot_level_process_variation,0
LOT_N02_C018,LOT_N02,RDS(on),24,high_but_stable,False,True,False,,,lot_level_process_variation,24
LOT_N02_C018,LOT_N02,RDS(on),96,high_but_stable,False,True,False,,,lot_level_process_variation,96
LOT_N02_C018,LOT_N02,RDS(on),168,high_but_stable,False,True,False,,,lot_level_process_variation,168
LOT_N02_C018,LOT_N02,IGSS,0,stable,False,True,False,,,independent_nominal,0
LOT_N02_C018,LOT_N02,IGSS,24,stable,False,True,False,,,independent_nominal,24
LOT_N02_C018,LOT_N02,IGSS,96,stable,False,True,False,,,independent_nominal,96
LOT_N02_C018,LOT_N02,IGSS,168,stable,False,True,False,,,independent_nominal,168
LOT_N02_C019,LOT_N02,IDSS,0,stable,False,True,False,,,independent_nominal,0
LOT_N02_C019,LOT_N02,IDSS,24,stable,False,True,False,,,independent_nominal,24
LOT_N02_C019,LOT_N02,IDSS,96,stable,False,True,False,,,independent_nominal,96
LOT_N02_C019,LOT_N02,IDSS,168,stable,False,True,False,,,independent_nominal,168
LOT_N02_C019,LOT_N02,VGS(th),0,stable,False,True,False,,,independent_nominal,0
LOT_N02_C019,LOT_N02,VGS(th),24,stable,False,True,False,,,independent_nominal,24
LOT_N02_C019,LOT_N02,VGS(th),96,stable,False,True,False,,,independent_nominal,96
LOT_N02_C019,LOT_N02,VGS(th),168,stable,False,True,False,,,independent_nominal,168
LOT_N02_C019,LOT_N02,RDS(on),0,stable,False,True,False,,,independent_nominal,0
LOT_N02_C019,LOT_N02,RDS(on),24,stable,False,True,False,,,independent_nominal,24
LOT_N02_C019,LOT_N02,RDS(on),96,stable,False,True,False,,,independent_nominal,96
LOT_N02_C019,LOT_N02,RDS(on),168,stable,False,True,False,,,independent_nominal,168
LOT_N02_C019,LOT_N02,IGSS,0,stable,False,True,False,,,independent_nominal,0
LOT_N02_C019,LOT_N02,IGSS,24,stable,False,True,False,,,independent_nominal,24
LOT_N02_C019,LOT_N02,IGSS,96,stable,False,True,False,,,independent_nominal,96
LOT_N02_C019,LOT_N02,IGSS,168,stable,False,True,False,,,independent_nominal,168
LOT_N02_C020,LOT_N02,IDSS,0,high_but_stable,False,True,False,,,lot_level_process_variation,0
LOT_N02_C020,LOT_N02,IDSS,24,high_but_stable,False,True,False,,,lot_level_process_variation,24
LOT_N02_C020,LOT_N02,IDSS,96,high_but_stable,False,True,False,,,lot_level_process_variation,96
LOT_N02_C020,LOT_N02,IDSS,168,high_but_stable,False,True,False,,,lot_level_process_variation,168
LOT_N02_C020,LOT_N02,VGS(th),0,stable,False,True,False,,,independent_nominal,0
LOT_N02_C020,LOT_N02,VGS(th),24,stable,False,True,False,,,independent_nominal,24
LOT_N02_C020,LOT_N02,VGS(th),96,stable,False,True,False,,,independent_nominal,96
LOT_N02_C020,LOT_N02,VGS(th),168,stable,False,True,False,,,independent_nominal,168
LOT_N02_C020,LOT_N02,RDS(on),0,stable,False,True,False,,,independent_nominal,0
LOT_N02_C020,LOT_N02,RDS(on),24,stable,False,True,False,,,independent_nominal,24
LOT_N02_C020,LOT_N02,RDS(on),96,stable,False,True,False,,,independent_nominal,96
LOT_N02_C020,LOT_N02,RDS(on),168,stable,False,True,False,,,independent_nominal,168
LOT_N02_C020,LOT_N02,IGSS,0,stable,False,True,False,,,independent_nominal,0
LOT_N02_C020,LOT_N02,IGSS,24,stable,False,True,False,,,independent_nominal,24
LOT_N02_C020,LOT_N02,IGSS,96,stable,False,True,False,,,independent_nominal,96
LOT_N02_C020,LOT_N02,IGSS,168,stable,False,True,False,,,independent_nominal,168
LOT_N02_C021,LOT_N02,IDSS,0,stable,False,True,False,,,independent_nominal,0
LOT_N02_C021,LOT_N02,IDSS,24,stable,False,True,False,,,independent_nominal,24
LOT_N02_C021,LOT_N02,IDSS,96,stable,False,True,False,,,independent_nominal,96
LOT_N02_C021,LOT_N02,IDSS,168,stable,False,True,False,,,independent_nominal,168
LOT_N02_C021,LOT_N02,VGS(th),0,stable,False,True,False,,,independent_nominal,0
LOT_N02_C021,LOT_N02,VGS(th),24,stable,False,True,False,,,independent_nominal,24
LOT_N02_C021,LOT_N02,VGS(th),96,stable,False,True,False,,,independent_nominal,96
LOT_N02_C021,LOT_N02,VGS(th),168,stable,False,True,False,,,independent_nominal,168
LOT_N02_C021,LOT_N02,RDS(on),0,stable,False,True,False,,,independent_nominal,0
LOT_N02_C021,LOT_N02,RDS(on),24,stable,False,True,False,,,independent_nominal,24
LOT_N02_C021,LOT_N02,RDS(on),96,stable,False,True,False,,,independent_nominal,96
LOT_N02_C021,LOT_N02,RDS(on),168,stable,False,True,False,,,independent_nominal,168
LOT_N02_C021,LOT_N02,IGSS,0,stable,False,True,False,,,independent_nominal,0
LOT_N02_C021,LOT_N02,IGSS,24,stable,False,True,False,,,independent_nominal,24
LOT_N02_C021,LOT_N02,IGSS,96,stable,False,True,False,,,independent_nominal,96
LOT_N02_C021,LOT_N02,IGSS,168,stable,False,True,False,,,independent_nominal,168
LOT_N02_C022,LOT_N02,IDSS,0,stable,False,True,False,,,independent_nominal,0
LOT_N02_C022,LOT_N02,IDSS,24,stable,False,True,False,,,independent_nominal,24
LOT_N02_C022,LOT_N02,IDSS,96,stable,False,True,False,,,independent_nominal,96
LOT_N02_C022,LOT_N02,IDSS,168,stable,False,True,False,,,independent_nominal,168
LOT_N02_C022,LOT_N02,VGS(th),0,high_but_stable,False,True,False,,,lot_level_process_variation,0
LOT_N02_C022,LOT_N02,VGS(th),24,high_but_stable,False,True,False,,,lot_level_process_variation,24
LOT_N02_C022,LOT_N02,VGS(th),96,high_but_stable,False,True,False,,,lot_level_process_variation,96
LOT_N02_C022,LOT_N02,VGS(th),168,high_but_stable,False,True,False,,,lot_level_process_variation,168
LOT_N02_C022,LOT_N02,RDS(on),0,stable,False,True,False,,,independent_nominal,0
LOT_N02_C022,LOT_N02,RDS(on),24,stable,False,True,False,,,independent_nominal,24
LOT_N02_C022,LOT_N02,RDS(on),96,stable,False,True,False,,,independent_nominal,96
LOT_N02_C022,LOT_N02,RDS(on),168,stable,False,True,False,,,independent_nominal,168
LOT_N02_C022,LOT_N02,IGSS,0,stable,False,True,False,,,independent_nominal,0
LOT_N02_C022,LOT_N02,IGSS,24,stable,False,True,False,,,independent_nominal,24
LOT_N02_C022,LOT_N02,IGSS,96,stable,False,True,False,,,independent_nominal,96
LOT_N02_C022,LOT_N02,IGSS,168,stable,False,True,False,,,independent_nominal,168
LOT_N02_C023,LOT_N02,IDSS,0,stable,False,True,False,,,independent_nominal,0
LOT_N02_C023,LOT_N02,IDSS,24,stable,False,True,False,,,independent_nominal,24
LOT_N02_C023,LOT_N02,IDSS,96,stable,False,True,False,,,independent_nominal,96
LOT_N02_C023,LOT_N02,IDSS,168,stable,False,True,False,,,independent_nominal,168
LOT_N02_C023,LOT_N02,VGS(th),0,stable,False,True,False,,,independent_nominal,0
LOT_N02_C023,LOT_N02,VGS(th),24,stable,False,True,False,,,independent_nominal,24
LOT_N02_C023,LOT_N02,VGS(th),96,stable,False,True,False,,,independent_nominal,96
LOT_N02_C023,LOT_N02,VGS(th),168,stable,False,True,False,,,independent_nominal,168
LOT_N02_C023,LOT_N02,RDS(on),0,stable,False,True,False,,,independent_nominal,0
LOT_N02_C023,LOT_N02,RDS(on),24,stable,False,True,False,,,independent_nominal,24
LOT_N02_C023,LOT_N02,RDS(on),96,stable,False,True,False,,,independent_nominal,96
LOT_N02_C023,LOT_N02,RDS(on),168,stable,False,True,False,,,independent_nominal,168
LOT_N02_C023,LOT_N02,IGSS,0,stable,False,True,False,,,independent_nominal,0
LOT_N02_C023,LOT_N02,IGSS,24,stable,False,True,False,,,independent_nominal,24
LOT_N02_C023,LOT_N02,IGSS,96,stable,False,True,False,,,independent_nominal,96
LOT_N02_C023,LOT_N02,IGSS,168,stable,False,True,False,,,independent_nominal,168
LOT_N02_C024,LOT_N02,IDSS,0,stable,False,True,False,,,independent_nominal,0
LOT_N02_C024,LOT_N02,IDSS,24,stable,False,True,False,,,independent_nominal,24
LOT_N02_C024,LOT_N02,IDSS,96,stable,False,True,False,,,independent_nominal,96
LOT_N02_C024,LOT_N02,IDSS,168,stable,False,True,False,,,independent_nominal,168
LOT_N02_C024,LOT_N02,VGS(th),0,stable,False,True,False,,,independent_nominal,0
LOT_N02_C024,LOT_N02,VGS(th),24,stable,False,True,False,,,independent_nominal,24
LOT_N02_C024,LOT_N02,VGS(th),96,stable,False,True,False,,,independent_nominal,96
LOT_N02_C024,LOT_N02,VGS(th),168,stable,False,True,False,,,independent_nominal,168
LOT_N02_C024,LOT_N02,RDS(on),0,high_but_stable,False,True,False,,,lot_level_process_variation,0
LOT_N02_C024,LOT_N02,RDS(on),24,high_but_stable,False,True,False,,,lot_level_process_variation,24
LOT_N02_C024,LOT_N02,RDS(on),96,high_but_stable,False,True,False,,,lot_level_process_variation,96
LOT_N02_C024,LOT_N02,RDS(on),168,high_but_stable,False,True,False,,,lot_level_process_variation,168
LOT_N02_C024,LOT_N02,IGSS,0,stable,False,True,False,,,independent_nominal,0
LOT_N02_C024,LOT_N02,IGSS,24,stable,False,True,False,,,independent_nominal,24
LOT_N02_C024,LOT_N02,IGSS,96,stable,False,True,False,,,independent_nominal,96
LOT_N02_C024,LOT_N02,IGSS,168,stable,False,True,False,,,independent_nominal,168
LOT_N02_C025,LOT_N02,IDSS,0,stable,False,True,False,,,independent_nominal,0
LOT_N02_C025,LOT_N02,IDSS,24,stable,False,True,False,,,independent_nominal,24
LOT_N02_C025,LOT_N02,IDSS,96,stable,False,True,False,,,independent_nominal,96
LOT_N02_C025,LOT_N02,IDSS,168,stable,False,True,False,,,independent_nominal,168
LOT_N02_C025,LOT_N02,VGS(th),0,stable,False,True,False,,,independent_nominal,0
LOT_N02_C025,LOT_N02,VGS(th),24,stable,False,True,False,,,independent_nominal,24
LOT_N02_C025,LOT_N02,VGS(th),96,stable,False,True,False,,,independent_nominal,96
LOT_N02_C025,LOT_N02,VGS(th),168,stable,False,True,False,,,independent_nominal,168
LOT_N02_C025,LOT_N02,RDS(on),0,stable,False,True,False,,,independent_nominal,0
LOT_N02_C025,LOT_N02,RDS(on),24,stable,False,True,False,,,independent_nominal,24
LOT_N02_C025,LOT_N02,RDS(on),96,stable,False,True,False,,,independent_nominal,96
LOT_N02_C025,LOT_N02,RDS(on),168,stable,False,True,False,,,independent_nominal,168
LOT_N02_C025,LOT_N02,IGSS,0,stable,False,True,False,,,independent_nominal,0
LOT_N02_C025,LOT_N02,IGSS,24,stable,False,True,False,,,independent_nominal,24
LOT_N02_C025,LOT_N02,IGSS,96,stable,False,True,False,,,independent_nominal,96
LOT_N02_C025,LOT_N02,IGSS,168,stable,False,True,False,,,independent_nominal,168
LOT_N02_C026,LOT_N02,IDSS,0,high_but_stable,False,True,False,,,lot_level_process_variation,0
LOT_N02_C026,LOT_N02,IDSS,24,high_but_stable,False,True,False,,,lot_level_process_variation,24
LOT_N02_C026,LOT_N02,IDSS,96,high_but_stable,False,True,False,,,lot_level_process_variation,96
LOT_N02_C026,LOT_N02,IDSS,168,high_but_stable,False,True,False,,,lot_level_process_variation,168
LOT_N02_C026,LOT_N02,VGS(th),0,stable,False,True,False,,,independent_nominal,0
LOT_N02_C026,LOT_N02,VGS(th),24,stable,False,True,False,,,independent_nominal,24
LOT_N02_C026,LOT_N02,VGS(th),96,stable,False,True,False,,,independent_nominal,96
LOT_N02_C026,LOT_N02,VGS(th),168,stable,False,True,False,,,independent_nominal,168
LOT_N02_C026,LOT_N02,RDS(on),0,stable,False,True,False,,,independent_nominal,0
LOT_N02_C026,LOT_N02,RDS(on),24,stable,False,True,False,,,independent_nominal,24
LOT_N02_C026,LOT_N02,RDS(on),96,stable,False,True,False,,,independent_nominal,96
LOT_N02_C026,LOT_N02,RDS(on),168,stable,False,True,False,,,independent_nominal,168
LOT_N02_C026,LOT_N02,IGSS,0,stable,False,True,False,,,independent_nominal,0
LOT_N02_C026,LOT_N02,IGSS,24,stable,False,True,False,,,independent_nominal,24
LOT_N02_C026,LOT_N02,IGSS,96,stable,False,True,False,,,independent_nominal,96
LOT_N02_C026,LOT_N02,IGSS,168,stable,False,True,False,,,independent_nominal,168
LOT_N02_C027,LOT_N02,IDSS,0,stable,False,True,False,,,independent_nominal,0
LOT_N02_C027,LOT_N02,IDSS,24,stable,False,True,False,,,independent_nominal,24
LOT_N02_C027,LOT_N02,IDSS,96,stable,False,True,False,,,independent_nominal,96
LOT_N02_C027,LOT_N02,IDSS,168,stable,False,True,False,,,independent_nominal,168
LOT_N02_C027,LOT_N02,VGS(th),0,stable,False,True,False,,,independent_nominal,0
LOT_N02_C027,LOT_N02,VGS(th),24,stable,False,True,False,,,independent_nominal,24
LOT_N02_C027,LOT_N02,VGS(th),96,stable,False,True,False,,,independent_nominal,96
LOT_N02_C027,LOT_N02,VGS(th),168,stable,False,True,False,,,independent_nominal,168
LOT_N02_C027,LOT_N02,RDS(on),0,stable,False,True,False,,,independent_nominal,0
LOT_N02_C027,LOT_N02,RDS(on),24,stable,False,True,False,,,independent_nominal,24
LOT_N02_C027,LOT_N02,RDS(on),96,stable,False,True,False,,,independent_nominal,96
LOT_N02_C027,LOT_N02,RDS(on),168,stable,False,True,False,,,independent_nominal,168
LOT_N02_C027,LOT_N02,IGSS,0,stable,False,True,False,,,independent_nominal,0
LOT_N02_C027,LOT_N02,IGSS,24,stable,False,True,False,,,independent_nominal,24
LOT_N02_C027,LOT_N02,IGSS,96,stable,False,True,False,,,independent_nominal,96
LOT_N02_C027,LOT_N02,IGSS,168,stable,False,True,False,,,independent_nominal,168
LOT_N02_C028,LOT_N02,IDSS,0,stable,False,True,False,,,independent_nominal,0
LOT_N02_C028,LOT_N02,IDSS,24,stable,False,True,False,,,independent_nominal,24
LOT_N02_C028,LOT_N02,IDSS,96,stable,False,True,False,,,independent_nominal,96
LOT_N02_C028,LOT_N02,IDSS,168,stable,False,True,False,,,independent_nominal,168
LOT_N02_C028,LOT_N02,VGS(th),0,high_but_stable,False,True,False,,,lot_level_process_variation,0
LOT_N02_C028,LOT_N02,VGS(th),24,high_but_stable,False,True,False,,,lot_level_process_variation,24
LOT_N02_C028,LOT_N02,VGS(th),96,high_but_stable,False,True,False,,,lot_level_process_variation,96
LOT_N02_C028,LOT_N02,VGS(th),168,high_but_stable,False,True,False,,,lot_level_process_variation,168
LOT_N02_C028,LOT_N02,RDS(on),0,stable,False,True,False,,,independent_nominal,0
LOT_N02_C028,LOT_N02,RDS(on),24,stable,False,True,False,,,independent_nominal,24
LOT_N02_C028,LOT_N02,RDS(on),96,stable,False,True,False,,,independent_nominal,96
LOT_N02_C028,LOT_N02,RDS(on),168,stable,False,True,False,,,independent_nominal,168
LOT_N02_C028,LOT_N02,IGSS,0,stable,False,True,False,,,independent_nominal,0
LOT_N02_C028,LOT_N02,IGSS,24,stable,False,True,False,,,independent_nominal,24
LOT_N02_C028,LOT_N02,IGSS,96,stable,False,True,False,,,independent_nominal,96
LOT_N02_C028,LOT_N02,IGSS,168,stable,False,True,False,,,independent_nominal,168
LOT_N02_C029,LOT_N02,IDSS,0,stable,False,True,False,,,independent_nominal,0
LOT_N02_C029,LOT_N02,IDSS,24,stable,False,True,False,,,independent_nominal,24
LOT_N02_C029,LOT_N02,IDSS,96,stable,False,True,False,,,independent_nominal,96
LOT_N02_C029,LOT_N02,IDSS,168,stable,False,True,False,,,independent_nominal,168
LOT_N02_C029,LOT_N02,VGS(th),0,stable,False,True,False,,,independent_nominal,0
LOT_N02_C029,LOT_N02,VGS(th),24,stable,False,True,False,,,independent_nominal,24
LOT_N02_C029,LOT_N02,VGS(th),96,stable,False,True,False,,,independent_nominal,96
LOT_N02_C029,LOT_N02,VGS(th),168,stable,False,True,False,,,independent_nominal,168
LOT_N02_C029,LOT_N02,RDS(on),0,stable,False,True,False,,,independent_nominal,0
LOT_N02_C029,LOT_N02,RDS(on),24,stable,False,True,False,,,independent_nominal,24
LOT_N02_C029,LOT_N02,RDS(on),96,stable,False,True,False,,,independent_nominal,96
LOT_N02_C029,LOT_N02,RDS(on),168,stable,False,True,False,,,independent_nominal,168
LOT_N02_C029,LOT_N02,IGSS,0,stable,False,True,False,,,independent_nominal,0
LOT_N02_C029,LOT_N02,IGSS,24,stable,False,True,False,,,independent_nominal,24
LOT_N02_C029,LOT_N02,IGSS,96,stable,False,True,False,,,independent_nominal,96
LOT_N02_C029,LOT_N02,IGSS,168,stable,False,True,False,,,independent_nominal,168
LOT_N02_C030,LOT_N02,IDSS,0,stable,False,True,False,,,independent_nominal,0
LOT_N02_C030,LOT_N02,IDSS,24,stable,False,True,False,,,independent_nominal,24
LOT_N02_C030,LOT_N02,IDSS,96,stable,False,True,False,,,independent_nominal,96
LOT_N02_C030,LOT_N02,IDSS,168,stable,False,True,False,,,independent_nominal,168
LOT_N02_C030,LOT_N02,VGS(th),0,stable,False,True,False,,,independent_nominal,0
LOT_N02_C030,LOT_N02,VGS(th),24,stable,False,True,False,,,independent_nominal,24
LOT_N02_C030,LOT_N02,VGS(th),96,stable,False,True,False,,,independent_nominal,96
LOT_N02_C030,LOT_N02,VGS(th),168,stable,False,True,False,,,independent_nominal,168
LOT_N02_C030,LOT_N02,RDS(on),0,high_but_stable,False,True,False,,,lot_level_process_variation,0
LOT_N02_C030,LOT_N02,RDS(on),24,high_but_stable,False,True,False,,,lot_level_process_variation,24
LOT_N02_C030,LOT_N02,RDS(on),96,high_but_stable,False,True,False,,,lot_level_process_variation,96
LOT_N02_C030,LOT_N02,RDS(on),168,high_but_stable,False,True,False,,,lot_level_process_variation,168
LOT_N02_C030,LOT_N02,IGSS,0,stable,False,True,False,,,independent_nominal,0
LOT_N02_C030,LOT_N02,IGSS,24,stable,False,True,False,,,independent_nominal,24
LOT_N02_C030,LOT_N02,IGSS,96,stable,False,True,False,,,independent_nominal,96
LOT_N02_C030,LOT_N02,IGSS,168,stable,False,True,False,,,independent_nominal,168
LOT_D01_C001,LOT_D01,IDSS,0,linear_drift,True,True,False,,21.74027094244893,parameter_specific_degradation,0
LOT_D01_C001,LOT_D01,IDSS,24,linear_drift,True,True,True,24.0,21.74027094244893,parameter_specific_degradation,24
LOT_D01_C001,LOT_D01,IDSS,96,linear_drift,True,True,True,24.0,21.74027094244893,parameter_specific_degradation,96
LOT_D01_C001,LOT_D01,IDSS,168,linear_drift,True,True,True,24.0,21.74027094244893,parameter_specific_degradation,168
LOT_D01_C001,LOT_D01,VGS(th),0,stable,False,True,False,,,independent_nominal,0
LOT_D01_C001,LOT_D01,VGS(th),24,stable,False,True,False,,,independent_nominal,24
LOT_D01_C001,LOT_D01,VGS(th),96,stable,False,True,False,,,independent_nominal,96
LOT_D01_C001,LOT_D01,VGS(th),168,stable,False,True,False,,,independent_nominal,168
LOT_D01_C001,LOT_D01,RDS(on),0,stable,False,True,False,,,independent_nominal,0
LOT_D01_C001,LOT_D01,RDS(on),24,stable,False,True,False,,,independent_nominal,24
LOT_D01_C001,LOT_D01,RDS(on),96,stable,False,True,False,,,independent_nominal,96
LOT_D01_C001,LOT_D01,RDS(on),168,stable,False,True,False,,,independent_nominal,168
LOT_D01_C001,LOT_D01,IGSS,0,stable,False,True,False,,,independent_nominal,0
LOT_D01_C001,LOT_D01,IGSS,24,stable,False,True,False,,,independent_nominal,24
LOT_D01_C001,LOT_D01,IGSS,96,stable,False,True,False,,,independent_nominal,96
LOT_D01_C001,LOT_D01,IGSS,168,stable,False,True,False,,,independent_nominal,168
LOT_D01_C002,LOT_D01,IDSS,0,linear_drift,True,True,False,,113.50606140469783,parameter_specific_degradation,0
LOT_D01_C002,LOT_D01,IDSS,24,linear_drift,True,True,True,24.0,113.50606140469783,parameter_specific_degradation,24
LOT_D01_C002,LOT_D01,IDSS,96,linear_drift,True,True,True,24.0,113.50606140469783,parameter_specific_degradation,96
LOT_D01_C002,LOT_D01,IDSS,168,linear_drift,True,True,True,24.0,113.50606140469783,parameter_specific_degradation,168
LOT_D01_C002,LOT_D01,VGS(th),0,stable,False,True,False,,,independent_nominal,0
LOT_D01_C002,LOT_D01,VGS(th),24,stable,False,True,False,,,independent_nominal,24
LOT_D01_C002,LOT_D01,VGS(th),96,stable,False,True,False,,,independent_nominal,96
LOT_D01_C002,LOT_D01,VGS(th),168,stable,False,True,False,,,independent_nominal,168
LOT_D01_C002,LOT_D01,RDS(on),0,stable,False,True,False,,,independent_nominal,0
LOT_D01_C002,LOT_D01,RDS(on),24,stable,False,True,False,,,independent_nominal,24
LOT_D01_C002,LOT_D01,RDS(on),96,stable,False,True,False,,,independent_nominal,96
LOT_D01_C002,LOT_D01,RDS(on),168,stable,False,True,False,,,independent_nominal,168
LOT_D01_C002,LOT_D01,IGSS,0,stable,False,True,False,,,independent_nominal,0
LOT_D01_C002,LOT_D01,IGSS,24,stable,False,True,False,,,independent_nominal,24
LOT_D01_C002,LOT_D01,IGSS,96,stable,False,True,False,,,independent_nominal,96
LOT_D01_C002,LOT_D01,IGSS,168,stable,False,True,False,,,independent_nominal,168
LOT_D01_C003,LOT_D01,IDSS,0,linear_drift,True,True,False,,31.19024425230654,parameter_specific_degradation,0
LOT_D01_C003,LOT_D01,IDSS,24,linear_drift,True,True,True,24.0,31.19024425230654,parameter_specific_degradation,24
LOT_D01_C003,LOT_D01,IDSS,96,linear_drift,True,True,True,24.0,31.19024425230654,parameter_specific_degradation,96
LOT_D01_C003,LOT_D01,IDSS,168,linear_drift,True,True,True,24.0,31.19024425230654,parameter_specific_degradation,168
LOT_D01_C003,LOT_D01,VGS(th),0,stable,False,True,False,,,independent_nominal,0
LOT_D01_C003,LOT_D01,VGS(th),24,stable,False,True,False,,,independent_nominal,24
LOT_D01_C003,LOT_D01,VGS(th),96,stable,False,True,False,,,independent_nominal,96
LOT_D01_C003,LOT_D01,VGS(th),168,stable,False,True,False,,,independent_nominal,168
LOT_D01_C003,LOT_D01,RDS(on),0,stable,False,True,False,,,independent_nominal,0
LOT_D01_C003,LOT_D01,RDS(on),24,stable,False,True,False,,,independent_nominal,24
LOT_D01_C003,LOT_D01,RDS(on),96,stable,False,True,False,,,independent_nominal,96
LOT_D01_C003,LOT_D01,RDS(on),168,stable,False,True,False,,,independent_nominal,168
LOT_D01_C003,LOT_D01,IGSS,0,stable,False,True,False,,,independent_nominal,0
LOT_D01_C003,LOT_D01,IGSS,24,stable,False,True,False,,,independent_nominal,24
LOT_D01_C003,LOT_D01,IGSS,96,stable,False,True,False,,,independent_nominal,96
LOT_D01_C003,LOT_D01,IGSS,168,stable,False,True,False,,,independent_nominal,168
LOT_D01_C004,LOT_D01,IDSS,0,stable,False,True,False,,,independent_nominal,0
LOT_D01_C004,LOT_D01,IDSS,24,stable,False,True,False,,,independent_nominal,24
LOT_D01_C004,LOT_D01,IDSS,96,stable,False,True,False,,,independent_nominal,96
LOT_D01_C004,LOT_D01,IDSS,168,stable,False,True,False,,,independent_nominal,168
LOT_D01_C004,LOT_D01,VGS(th),0,high_but_stable,False,True,False,,,lot_level_process_variation,0
LOT_D01_C004,LOT_D01,VGS(th),24,high_but_stable,False,True,False,,,lot_level_process_variation,24
LOT_D01_C004,LOT_D01,VGS(th),96,high_but_stable,False,True,False,,,lot_level_process_variation,96
LOT_D01_C004,LOT_D01,VGS(th),168,high_but_stable,False,True,False,,,lot_level_process_variation,168
LOT_D01_C004,LOT_D01,RDS(on),0,stable,False,True,False,,,independent_nominal,0
LOT_D01_C004,LOT_D01,RDS(on),24,stable,False,True,False,,,independent_nominal,24
LOT_D01_C004,LOT_D01,RDS(on),96,stable,False,True,False,,,independent_nominal,96
LOT_D01_C004,LOT_D01,RDS(on),168,stable,False,True,False,,,independent_nominal,168
LOT_D01_C004,LOT_D01,IGSS,0,stable,False,True,False,,,independent_nominal,0
LOT_D01_C004,LOT_D01,IGSS,24,stable,False,True,False,,,independent_nominal,24
LOT_D01_C004,LOT_D01,IGSS,96,stable,False,True,False,,,independent_nominal,96
LOT_D01_C004,LOT_D01,IGSS,168,stable,False,True,False,,,independent_nominal,168
LOT_D01_C005,LOT_D01,IDSS,0,stable,False,True,False,,,independent_nominal,0
LOT_D01_C005,LOT_D01,IDSS,24,stable,False,True,False,,,independent_nominal,24
LOT_D01_C005,LOT_D01,IDSS,96,stable,False,True,False,,,independent_nominal,96
LOT_D01_C005,LOT_D01,IDSS,168,stable,False,True,False,,,independent_nominal,168
LOT_D01_C005,LOT_D01,VGS(th),0,stable,False,True,False,,,independent_nominal,0
LOT_D01_C005,LOT_D01,VGS(th),24,stable,False,True,False,,,independent_nominal,24
LOT_D01_C005,LOT_D01,VGS(th),96,stable,False,True,False,,,independent_nominal,96
LOT_D01_C005,LOT_D01,VGS(th),168,stable,False,True,False,,,independent_nominal,168
LOT_D01_C005,LOT_D01,RDS(on),0,stable,False,True,False,,,independent_nominal,0
LOT_D01_C005,LOT_D01,RDS(on),24,stable,False,True,False,,,independent_nominal,24
LOT_D01_C005,LOT_D01,RDS(on),96,stable,False,True,False,,,independent_nominal,96
LOT_D01_C005,LOT_D01,RDS(on),168,stable,False,True,False,,,independent_nominal,168
LOT_D01_C005,LOT_D01,IGSS,0,stable,False,True,False,,,independent_nominal,0
LOT_D01_C005,LOT_D01,IGSS,24,stable,False,True,False,,,independent_nominal,24
LOT_D01_C005,LOT_D01,IGSS,96,stable,False,True,False,,,independent_nominal,96
LOT_D01_C005,LOT_D01,IGSS,168,stable,False,True,False,,,independent_nominal,168
LOT_D01_C006,LOT_D01,IDSS,0,stable,False,True,False,,,independent_nominal,0
LOT_D01_C006,LOT_D01,IDSS,24,stable,False,True,False,,,independent_nominal,24
LOT_D01_C006,LOT_D01,IDSS,96,stable,False,True,False,,,independent_nominal,96
LOT_D01_C006,LOT_D01,IDSS,168,stable,False,True,False,,,independent_nominal,168
LOT_D01_C006,LOT_D01,VGS(th),0,stable,False,True,False,,,independent_nominal,0
LOT_D01_C006,LOT_D01,VGS(th),24,stable,False,True,False,,,independent_nominal,24
LOT_D01_C006,LOT_D01,VGS(th),96,stable,False,True,False,,,independent_nominal,96
LOT_D01_C006,LOT_D01,VGS(th),168,stable,False,True,False,,,independent_nominal,168
LOT_D01_C006,LOT_D01,RDS(on),0,high_but_stable,False,True,False,,,lot_level_process_variation,0
LOT_D01_C006,LOT_D01,RDS(on),24,high_but_stable,False,True,False,,,lot_level_process_variation,24
LOT_D01_C006,LOT_D01,RDS(on),96,high_but_stable,False,True,False,,,lot_level_process_variation,96
LOT_D01_C006,LOT_D01,RDS(on),168,high_but_stable,False,True,False,,,lot_level_process_variation,168
LOT_D01_C006,LOT_D01,IGSS,0,stable,False,True,False,,,independent_nominal,0
LOT_D01_C006,LOT_D01,IGSS,24,stable,False,True,False,,,independent_nominal,24
LOT_D01_C006,LOT_D01,IGSS,96,stable,False,True,False,,,independent_nominal,96
LOT_D01_C006,LOT_D01,IGSS,168,stable,False,True,False,,,independent_nominal,168
LOT_D01_C007,LOT_D01,IDSS,0,stable,False,True,False,,,independent_nominal,0
LOT_D01_C007,LOT_D01,IDSS,24,stable,False,True,False,,,independent_nominal,24
LOT_D01_C007,LOT_D01,IDSS,96,stable,False,True,False,,,independent_nominal,96
LOT_D01_C007,LOT_D01,IDSS,168,stable,False,True,False,,,independent_nominal,168
LOT_D01_C007,LOT_D01,VGS(th),0,stable,False,True,False,,,independent_nominal,0
LOT_D01_C007,LOT_D01,VGS(th),24,stable,False,True,False,,,independent_nominal,24
LOT_D01_C007,LOT_D01,VGS(th),96,stable,False,True,False,,,independent_nominal,96
LOT_D01_C007,LOT_D01,VGS(th),168,stable,False,True,False,,,independent_nominal,168
LOT_D01_C007,LOT_D01,RDS(on),0,stable,False,True,False,,,independent_nominal,0
LOT_D01_C007,LOT_D01,RDS(on),24,stable,False,True,False,,,independent_nominal,24
LOT_D01_C007,LOT_D01,RDS(on),96,stable,False,True,False,,,independent_nominal,96
LOT_D01_C007,LOT_D01,RDS(on),168,stable,False,True,False,,,independent_nominal,168
LOT_D01_C007,LOT_D01,IGSS,0,stable,False,True,False,,,independent_nominal,0
LOT_D01_C007,LOT_D01,IGSS,24,stable,False,True,False,,,independent_nominal,24
LOT_D01_C007,LOT_D01,IGSS,96,stable,False,True,False,,,independent_nominal,96
LOT_D01_C007,LOT_D01,IGSS,168,stable,False,True,False,,,independent_nominal,168
LOT_D01_C008,LOT_D01,IDSS,0,high_but_stable,False,True,False,,,lot_level_process_variation,0
LOT_D01_C008,LOT_D01,IDSS,24,high_but_stable,False,True,False,,,lot_level_process_variation,24
LOT_D01_C008,LOT_D01,IDSS,96,high_but_stable,False,True,False,,,lot_level_process_variation,96
LOT_D01_C008,LOT_D01,IDSS,168,high_but_stable,False,True,False,,,lot_level_process_variation,168
LOT_D01_C008,LOT_D01,VGS(th),0,stable,False,True,False,,,independent_nominal,0
LOT_D01_C008,LOT_D01,VGS(th),24,stable,False,True,False,,,independent_nominal,24
LOT_D01_C008,LOT_D01,VGS(th),96,stable,False,True,False,,,independent_nominal,96
LOT_D01_C008,LOT_D01,VGS(th),168,stable,False,True,False,,,independent_nominal,168
LOT_D01_C008,LOT_D01,RDS(on),0,stable,False,True,False,,,independent_nominal,0
LOT_D01_C008,LOT_D01,RDS(on),24,stable,False,True,False,,,independent_nominal,24
LOT_D01_C008,LOT_D01,RDS(on),96,stable,False,True,False,,,independent_nominal,96
LOT_D01_C008,LOT_D01,RDS(on),168,stable,False,True,False,,,independent_nominal,168
LOT_D01_C008,LOT_D01,IGSS,0,stable,False,True,False,,,independent_nominal,0
LOT_D01_C008,LOT_D01,IGSS,24,stable,False,True,False,,,independent_nominal,24
LOT_D01_C008,LOT_D01,IGSS,96,stable,False,True,False,,,independent_nominal,96
LOT_D01_C008,LOT_D01,IGSS,168,stable,False,True,False,,,independent_nominal,168
LOT_D01_C009,LOT_D01,IDSS,0,stable,False,True,False,,,independent_nominal,0
LOT_D01_C009,LOT_D01,IDSS,24,stable,False,True,False,,,independent_nominal,24
LOT_D01_C009,LOT_D01,IDSS,96,stable,False,True,False,,,independent_nominal,96
LOT_D01_C009,LOT_D01,IDSS,168,stable,False,True,False,,,independent_nominal,168
LOT_D01_C009,LOT_D01,VGS(th),0,stable,False,True,False,,,independent_nominal,0
LOT_D01_C009,LOT_D01,VGS(th),24,stable,False,True,False,,,independent_nominal,24
LOT_D01_C009,LOT_D01,VGS(th),96,stable,False,True,False,,,independent_nominal,96
LOT_D01_C009,LOT_D01,VGS(th),168,stable,False,True,False,,,independent_nominal,168
LOT_D01_C009,LOT_D01,RDS(on),0,stable,False,True,False,,,independent_nominal,0
LOT_D01_C009,LOT_D01,RDS(on),24,stable,False,True,False,,,independent_nominal,24
LOT_D01_C009,LOT_D01,RDS(on),96,stable,False,True,False,,,independent_nominal,96
LOT_D01_C009,LOT_D01,RDS(on),168,stable,False,True,False,,,independent_nominal,168
LOT_D01_C009,LOT_D01,IGSS,0,stable,False,True,False,,,independent_nominal,0
LOT_D01_C009,LOT_D01,IGSS,24,stable,False,True,False,,,independent_nominal,24
LOT_D01_C009,LOT_D01,IGSS,96,stable,False,True,False,,,independent_nominal,96
LOT_D01_C009,LOT_D01,IGSS,168,stable,False,True,False,,,independent_nominal,168
LOT_D01_C010,LOT_D01,IDSS,0,stable,False,True,False,,,independent_nominal,0
LOT_D01_C010,LOT_D01,IDSS,24,stable,False,True,False,,,independent_nominal,24
LOT_D01_C010,LOT_D01,IDSS,96,stable,False,True,False,,,independent_nominal,96
LOT_D01_C010,LOT_D01,IDSS,168,stable,False,True,False,,,independent_nominal,168
LOT_D01_C010,LOT_D01,VGS(th),0,high_but_stable,False,True,False,,,lot_level_process_variation,0
LOT_D01_C010,LOT_D01,VGS(th),24,high_but_stable,False,True,False,,,lot_level_process_variation,24
LOT_D01_C010,LOT_D01,VGS(th),96,high_but_stable,False,True,False,,,lot_level_process_variation,96
LOT_D01_C010,LOT_D01,VGS(th),168,high_but_stable,False,True,False,,,lot_level_process_variation,168
LOT_D01_C010,LOT_D01,RDS(on),0,stable,False,True,False,,,independent_nominal,0
LOT_D01_C010,LOT_D01,RDS(on),24,stable,False,True,False,,,independent_nominal,24
LOT_D01_C010,LOT_D01,RDS(on),96,stable,False,True,False,,,independent_nominal,96
LOT_D01_C010,LOT_D01,RDS(on),168,stable,False,True,False,,,independent_nominal,168
LOT_D01_C010,LOT_D01,IGSS,0,stable,False,True,False,,,independent_nominal,0
LOT_D01_C010,LOT_D01,IGSS,24,stable,False,True,False,,,independent_nominal,24
LOT_D01_C010,LOT_D01,IGSS,96,stable,False,True,False,,,independent_nominal,96
LOT_D01_C010,LOT_D01,IGSS,168,stable,False,True,False,,,independent_nominal,168
LOT_D01_C011,LOT_D01,IDSS,0,stable,False,True,False,,,independent_nominal,0
LOT_D01_C011,LOT_D01,IDSS,24,stable,False,True,False,,,independent_nominal,24
LOT_D01_C011,LOT_D01,IDSS,96,stable,False,True,False,,,independent_nominal,96
LOT_D01_C011,LOT_D01,IDSS,168,stable,False,True,False,,,independent_nominal,168
LOT_D01_C011,LOT_D01,VGS(th),0,stable,False,True,False,,,independent_nominal,0
LOT_D01_C011,LOT_D01,VGS(th),24,stable,False,True,False,,,independent_nominal,24
LOT_D01_C011,LOT_D01,VGS(th),96,stable,False,True,False,,,independent_nominal,96
LOT_D01_C011,LOT_D01,VGS(th),168,stable,False,True,False,,,independent_nominal,168
LOT_D01_C011,LOT_D01,RDS(on),0,stable,False,True,False,,,independent_nominal,0
LOT_D01_C011,LOT_D01,RDS(on),24,stable,False,True,False,,,independent_nominal,24
LOT_D01_C011,LOT_D01,RDS(on),96,stable,False,True,False,,,independent_nominal,96
LOT_D01_C011,LOT_D01,RDS(on),168,stable,False,True,False,,,independent_nominal,168
LOT_D01_C011,LOT_D01,IGSS,0,stable,False,True,False,,,independent_nominal,0
LOT_D01_C011,LOT_D01,IGSS,24,stable,False,True,False,,,independent_nominal,24
LOT_D01_C011,LOT_D01,IGSS,96,stable,False,True,False,,,independent_nominal,96
LOT_D01_C011,LOT_D01,IGSS,168,stable,False,True,False,,,independent_nominal,168
LOT_D01_C012,LOT_D01,IDSS,0,stable,False,True,False,,,independent_nominal,0
LOT_D01_C012,LOT_D01,IDSS,24,stable,False,True,False,,,independent_nominal,24
LOT_D01_C012,LOT_D01,IDSS,96,stable,False,True,False,,,independent_nominal,96
LOT_D01_C012,LOT_D01,IDSS,168,stable,False,True,False,,,independent_nominal,168
LOT_D01_C012,LOT_D01,VGS(th),0,stable,False,True,False,,,independent_nominal,0
LOT_D01_C012,LOT_D01,VGS(th),24,stable,False,True,False,,,independent_nominal,24
LOT_D01_C012,LOT_D01,VGS(th),96,stable,False,True,False,,,independent_nominal,96
LOT_D01_C012,LOT_D01,VGS(th),168,stable,False,True,False,,,independent_nominal,168
LOT_D01_C012,LOT_D01,RDS(on),0,high_but_stable,False,True,False,,,lot_level_process_variation,0
LOT_D01_C012,LOT_D01,RDS(on),24,high_but_stable,False,True,False,,,lot_level_process_variation,24
LOT_D01_C012,LOT_D01,RDS(on),96,high_but_stable,False,True,False,,,lot_level_process_variation,96
LOT_D01_C012,LOT_D01,RDS(on),168,high_but_stable,False,True,False,,,lot_level_process_variation,168
LOT_D01_C012,LOT_D01,IGSS,0,stable,False,True,False,,,independent_nominal,0
LOT_D01_C012,LOT_D01,IGSS,24,stable,False,True,False,,,independent_nominal,24
LOT_D01_C012,LOT_D01,IGSS,96,stable,False,True,False,,,independent_nominal,96
LOT_D01_C012,LOT_D01,IGSS,168,stable,False,True,False,,,independent_nominal,168
LOT_D01_C013,LOT_D01,IDSS,0,stable,False,True,False,,,independent_nominal,0
LOT_D01_C013,LOT_D01,IDSS,24,stable,False,True,False,,,independent_nominal,24
LOT_D01_C013,LOT_D01,IDSS,96,stable,False,True,False,,,independent_nominal,96
LOT_D01_C013,LOT_D01,IDSS,168,stable,False,True,False,,,independent_nominal,168
LOT_D01_C013,LOT_D01,VGS(th),0,stable,False,True,False,,,independent_nominal,0
LOT_D01_C013,LOT_D01,VGS(th),24,stable,False,True,False,,,independent_nominal,24
LOT_D01_C013,LOT_D01,VGS(th),96,stable,False,True,False,,,independent_nominal,96
LOT_D01_C013,LOT_D01,VGS(th),168,stable,False,True,False,,,independent_nominal,168
LOT_D01_C013,LOT_D01,RDS(on),0,stable,False,True,False,,,independent_nominal,0
LOT_D01_C013,LOT_D01,RDS(on),24,stable,False,True,False,,,independent_nominal,24
LOT_D01_C013,LOT_D01,RDS(on),96,stable,False,True,False,,,independent_nominal,96
LOT_D01_C013,LOT_D01,RDS(on),168,stable,False,True,False,,,independent_nominal,168
LOT_D01_C013,LOT_D01,IGSS,0,stable,False,True,False,,,independent_nominal,0
LOT_D01_C013,LOT_D01,IGSS,24,stable,False,True,False,,,independent_nominal,24
LOT_D01_C013,LOT_D01,IGSS,96,stable,False,True,False,,,independent_nominal,96
LOT_D01_C013,LOT_D01,IGSS,168,stable,False,True,False,,,independent_nominal,168
LOT_D01_C014,LOT_D01,IDSS,0,high_but_stable,False,True,False,,,lot_level_process_variation,0
LOT_D01_C014,LOT_D01,IDSS,24,high_but_stable,False,True,False,,,lot_level_process_variation,24
LOT_D01_C014,LOT_D01,IDSS,96,high_but_stable,False,True,False,,,lot_level_process_variation,96
LOT_D01_C014,LOT_D01,IDSS,168,high_but_stable,False,True,False,,,lot_level_process_variation,168
LOT_D01_C014,LOT_D01,VGS(th),0,stable,False,True,False,,,independent_nominal,0
LOT_D01_C014,LOT_D01,VGS(th),24,stable,False,True,False,,,independent_nominal,24
LOT_D01_C014,LOT_D01,VGS(th),96,stable,False,True,False,,,independent_nominal,96
LOT_D01_C014,LOT_D01,VGS(th),168,stable,False,True,False,,,independent_nominal,168
LOT_D01_C014,LOT_D01,RDS(on),0,stable,False,True,False,,,independent_nominal,0
LOT_D01_C014,LOT_D01,RDS(on),24,stable,False,True,False,,,independent_nominal,24
LOT_D01_C014,LOT_D01,RDS(on),96,stable,False,True,False,,,independent_nominal,96
LOT_D01_C014,LOT_D01,RDS(on),168,stable,False,True,False,,,independent_nominal,168
LOT_D01_C014,LOT_D01,IGSS,0,stable,False,True,False,,,independent_nominal,0
LOT_D01_C014,LOT_D01,IGSS,24,stable,False,True,False,,,independent_nominal,24
LOT_D01_C014,LOT_D01,IGSS,96,stable,False,True,False,,,independent_nominal,96
LOT_D01_C014,LOT_D01,IGSS,168,stable,False,True,False,,,independent_nominal,168
LOT_D01_C015,LOT_D01,IDSS,0,stable,False,True,False,,,independent_nominal,0
LOT_D01_C015,LOT_D01,IDSS,24,stable,False,True,False,,,independent_nominal,24
LOT_D01_C015,LOT_D01,IDSS,96,stable,False,True,False,,,independent_nominal,96
LOT_D01_C015,LOT_D01,IDSS,168,stable,False,True,False,,,independent_nominal,168
LOT_D01_C015,LOT_D01,VGS(th),0,stable,False,True,False,,,independent_nominal,0
LOT_D01_C015,LOT_D01,VGS(th),24,stable,False,True,False,,,independent_nominal,24
LOT_D01_C015,LOT_D01,VGS(th),96,stable,False,True,False,,,independent_nominal,96
LOT_D01_C015,LOT_D01,VGS(th),168,stable,False,True,False,,,independent_nominal,168
LOT_D01_C015,LOT_D01,RDS(on),0,stable,False,True,False,,,independent_nominal,0
LOT_D01_C015,LOT_D01,RDS(on),24,stable,False,True,False,,,independent_nominal,24
LOT_D01_C015,LOT_D01,RDS(on),96,stable,False,True,False,,,independent_nominal,96
LOT_D01_C015,LOT_D01,RDS(on),168,stable,False,True,False,,,independent_nominal,168
LOT_D01_C015,LOT_D01,IGSS,0,stable,False,True,False,,,independent_nominal,0
LOT_D01_C015,LOT_D01,IGSS,24,stable,False,True,False,,,independent_nominal,24
LOT_D01_C015,LOT_D01,IGSS,96,stable,False,True,False,,,independent_nominal,96
LOT_D01_C015,LOT_D01,IGSS,168,stable,False,True,False,,,independent_nominal,168
LOT_D01_C016,LOT_D01,IDSS,0,stable,False,True,False,,,independent_nominal,0
LOT_D01_C016,LOT_D01,IDSS,24,stable,False,True,False,,,independent_nominal,24
LOT_D01_C016,LOT_D01,IDSS,96,stable,False,True,False,,,independent_nominal,96
LOT_D01_C016,LOT_D01,IDSS,168,stable,False,True,False,,,independent_nominal,168
LOT_D01_C016,LOT_D01,VGS(th),0,high_but_stable,False,True,False,,,lot_level_process_variation,0
LOT_D01_C016,LOT_D01,VGS(th),24,high_but_stable,False,True,False,,,lot_level_process_variation,24
LOT_D01_C016,LOT_D01,VGS(th),96,high_but_stable,False,True,False,,,lot_level_process_variation,96
LOT_D01_C016,LOT_D01,VGS(th),168,high_but_stable,False,True,False,,,lot_level_process_variation,168
LOT_D01_C016,LOT_D01,RDS(on),0,stable,False,True,False,,,independent_nominal,0
LOT_D01_C016,LOT_D01,RDS(on),24,stable,False,True,False,,,independent_nominal,24
LOT_D01_C016,LOT_D01,RDS(on),96,stable,False,True,False,,,independent_nominal,96
LOT_D01_C016,LOT_D01,RDS(on),168,stable,False,True,False,,,independent_nominal,168
LOT_D01_C016,LOT_D01,IGSS,0,stable,False,True,False,,,independent_nominal,0
LOT_D01_C016,LOT_D01,IGSS,24,stable,False,True,False,,,independent_nominal,24
LOT_D01_C016,LOT_D01,IGSS,96,stable,False,True,False,,,independent_nominal,96
LOT_D01_C016,LOT_D01,IGSS,168,stable,False,True,False,,,independent_nominal,168
LOT_D01_C017,LOT_D01,IDSS,0,stable,False,True,False,,,independent_nominal,0
LOT_D01_C017,LOT_D01,IDSS,24,stable,False,True,False,,,independent_nominal,24
LOT_D01_C017,LOT_D01,IDSS,96,stable,False,True,False,,,independent_nominal,96
LOT_D01_C017,LOT_D01,IDSS,168,stable,False,True,False,,,independent_nominal,168
LOT_D01_C017,LOT_D01,VGS(th),0,stable,False,True,False,,,independent_nominal,0
LOT_D01_C017,LOT_D01,VGS(th),24,stable,False,True,False,,,independent_nominal,24
LOT_D01_C017,LOT_D01,VGS(th),96,stable,False,True,False,,,independent_nominal,96
LOT_D01_C017,LOT_D01,VGS(th),168,stable,False,True,False,,,independent_nominal,168
LOT_D01_C017,LOT_D01,RDS(on),0,stable,False,True,False,,,independent_nominal,0
LOT_D01_C017,LOT_D01,RDS(on),24,stable,False,True,False,,,independent_nominal,24
LOT_D01_C017,LOT_D01,RDS(on),96,stable,False,True,False,,,independent_nominal,96
LOT_D01_C017,LOT_D01,RDS(on),168,stable,False,True,False,,,independent_nominal,168
LOT_D01_C017,LOT_D01,IGSS,0,stable,False,True,False,,,independent_nominal,0
LOT_D01_C017,LOT_D01,IGSS,24,stable,False,True,False,,,independent_nominal,24
LOT_D01_C017,LOT_D01,IGSS,96,stable,False,True,False,,,independent_nominal,96
LOT_D01_C017,LOT_D01,IGSS,168,stable,False,True,False,,,independent_nominal,168
LOT_D01_C018,LOT_D01,IDSS,0,stable,False,True,False,,,independent_nominal,0
LOT_D01_C018,LOT_D01,IDSS,24,stable,False,True,False,,,independent_nominal,24
LOT_D01_C018,LOT_D01,IDSS,96,stable,False,True,False,,,independent_nominal,96
LOT_D01_C018,LOT_D01,IDSS,168,stable,False,True,False,,,independent_nominal,168
LOT_D01_C018,LOT_D01,VGS(th),0,stable,False,True,False,,,independent_nominal,0
LOT_D01_C018,LOT_D01,VGS(th),24,stable,False,True,False,,,independent_nominal,24
LOT_D01_C018,LOT_D01,VGS(th),96,stable,False,True,False,,,independent_nominal,96
LOT_D01_C018,LOT_D01,VGS(th),168,stable,False,True,False,,,independent_nominal,168
LOT_D01_C018,LOT_D01,RDS(on),0,high_but_stable,False,True,False,,,lot_level_process_variation,0
LOT_D01_C018,LOT_D01,RDS(on),24,high_but_stable,False,True,False,,,lot_level_process_variation,24
LOT_D01_C018,LOT_D01,RDS(on),96,high_but_stable,False,True,False,,,lot_level_process_variation,96
LOT_D01_C018,LOT_D01,RDS(on),168,high_but_stable,False,True,False,,,lot_level_process_variation,168
LOT_D01_C018,LOT_D01,IGSS,0,stable,False,True,False,,,independent_nominal,0
LOT_D01_C018,LOT_D01,IGSS,24,stable,False,True,False,,,independent_nominal,24
LOT_D01_C018,LOT_D01,IGSS,96,stable,False,True,False,,,independent_nominal,96
LOT_D01_C018,LOT_D01,IGSS,168,stable,False,True,False,,,independent_nominal,168
LOT_D01_C019,LOT_D01,IDSS,0,stable,False,True,False,,,independent_nominal,0
LOT_D01_C019,LOT_D01,IDSS,24,stable,False,True,False,,,independent_nominal,24
LOT_D01_C019,LOT_D01,IDSS,96,stable,False,True,False,,,independent_nominal,96
LOT_D01_C019,LOT_D01,IDSS,168,stable,False,True,False,,,independent_nominal,168
LOT_D01_C019,LOT_D01,VGS(th),0,stable,False,True,False,,,independent_nominal,0
LOT_D01_C019,LOT_D01,VGS(th),24,stable,False,True,False,,,independent_nominal,24
LOT_D01_C019,LOT_D01,VGS(th),96,stable,False,True,False,,,independent_nominal,96
LOT_D01_C019,LOT_D01,VGS(th),168,stable,False,True,False,,,independent_nominal,168
LOT_D01_C019,LOT_D01,RDS(on),0,stable,False,True,False,,,independent_nominal,0
LOT_D01_C019,LOT_D01,RDS(on),24,stable,False,True,False,,,independent_nominal,24
LOT_D01_C019,LOT_D01,RDS(on),96,stable,False,True,False,,,independent_nominal,96
LOT_D01_C019,LOT_D01,RDS(on),168,stable,False,True,False,,,independent_nominal,168
LOT_D01_C019,LOT_D01,IGSS,0,stable,False,True,False,,,independent_nominal,0
LOT_D01_C019,LOT_D01,IGSS,24,stable,False,True,False,,,independent_nominal,24
LOT_D01_C019,LOT_D01,IGSS,96,stable,False,True,False,,,independent_nominal,96
LOT_D01_C019,LOT_D01,IGSS,168,stable,False,True,False,,,independent_nominal,168
LOT_D01_C020,LOT_D01,IDSS,0,high_but_stable,False,True,False,,,lot_level_process_variation,0
LOT_D01_C020,LOT_D01,IDSS,24,high_but_stable,False,True,False,,,lot_level_process_variation,24
LOT_D01_C020,LOT_D01,IDSS,96,high_but_stable,False,True,False,,,lot_level_process_variation,96
LOT_D01_C020,LOT_D01,IDSS,168,high_but_stable,False,True,False,,,lot_level_process_variation,168
LOT_D01_C020,LOT_D01,VGS(th),0,stable,False,True,False,,,independent_nominal,0
LOT_D01_C020,LOT_D01,VGS(th),24,stable,False,True,False,,,independent_nominal,24
LOT_D01_C020,LOT_D01,VGS(th),96,stable,False,True,False,,,independent_nominal,96
LOT_D01_C020,LOT_D01,VGS(th),168,stable,False,True,False,,,independent_nominal,168
LOT_D01_C020,LOT_D01,RDS(on),0,stable,False,True,False,,,independent_nominal,0
LOT_D01_C020,LOT_D01,RDS(on),24,stable,False,True,False,,,independent_nominal,24
LOT_D01_C020,LOT_D01,RDS(on),96,stable,False,True,False,,,independent_nominal,96
LOT_D01_C020,LOT_D01,RDS(on),168,stable,False,True,False,,,independent_nominal,168
LOT_D01_C020,LOT_D01,IGSS,0,stable,False,True,False,,,independent_nominal,0
LOT_D01_C020,LOT_D01,IGSS,24,stable,False,True,False,,,independent_nominal,24
LOT_D01_C020,LOT_D01,IGSS,96,stable,False,True,False,,,independent_nominal,96
LOT_D01_C020,LOT_D01,IGSS,168,stable,False,True,False,,,independent_nominal,168
LOT_D01_C021,LOT_D01,IDSS,0,stable,False,True,False,,,independent_nominal,0
LOT_D01_C021,LOT_D01,IDSS,24,stable,False,True,False,,,independent_nominal,24
LOT_D01_C021,LOT_D01,IDSS,96,stable,False,True,False,,,independent_nominal,96
LOT_D01_C021,LOT_D01,IDSS,168,stable,False,True,False,,,independent_nominal,168
LOT_D01_C021,LOT_D01,VGS(th),0,stable,False,True,False,,,independent_nominal,0
LOT_D01_C021,LOT_D01,VGS(th),24,stable,False,True,False,,,independent_nominal,24
LOT_D01_C021,LOT_D01,VGS(th),96,stable,False,True,False,,,independent_nominal,96
LOT_D01_C021,LOT_D01,VGS(th),168,stable,False,True,False,,,independent_nominal,168
LOT_D01_C021,LOT_D01,RDS(on),0,stable,False,True,False,,,independent_nominal,0
LOT_D01_C021,LOT_D01,RDS(on),24,stable,False,True,False,,,independent_nominal,24
LOT_D01_C021,LOT_D01,RDS(on),96,stable,False,True,False,,,independent_nominal,96
LOT_D01_C021,LOT_D01,RDS(on),168,stable,False,True,False,,,independent_nominal,168
LOT_D01_C021,LOT_D01,IGSS,0,stable,False,True,False,,,independent_nominal,0
LOT_D01_C021,LOT_D01,IGSS,24,stable,False,True,False,,,independent_nominal,24
LOT_D01_C021,LOT_D01,IGSS,96,stable,False,True,False,,,independent_nominal,96
LOT_D01_C021,LOT_D01,IGSS,168,stable,False,True,False,,,independent_nominal,168
LOT_D01_C022,LOT_D01,IDSS,0,stable,False,True,False,,,independent_nominal,0
LOT_D01_C022,LOT_D01,IDSS,24,stable,False,True,False,,,independent_nominal,24
LOT_D01_C022,LOT_D01,IDSS,96,stable,False,True,False,,,independent_nominal,96
LOT_D01_C022,LOT_D01,IDSS,168,stable,False,True,False,,,independent_nominal,168
LOT_D01_C022,LOT_D01,VGS(th),0,high_but_stable,False,True,False,,,lot_level_process_variation,0
LOT_D01_C022,LOT_D01,VGS(th),24,high_but_stable,False,True,False,,,lot_level_process_variation,24
LOT_D01_C022,LOT_D01,VGS(th),96,high_but_stable,False,True,False,,,lot_level_process_variation,96
LOT_D01_C022,LOT_D01,VGS(th),168,high_but_stable,False,True,False,,,lot_level_process_variation,168
LOT_D01_C022,LOT_D01,RDS(on),0,stable,False,True,False,,,independent_nominal,0
LOT_D01_C022,LOT_D01,RDS(on),24,stable,False,True,False,,,independent_nominal,24
LOT_D01_C022,LOT_D01,RDS(on),96,stable,False,True,False,,,independent_nominal,96
LOT_D01_C022,LOT_D01,RDS(on),168,stable,False,True,False,,,independent_nominal,168
LOT_D01_C022,LOT_D01,IGSS,0,stable,False,True,False,,,independent_nominal,0
LOT_D01_C022,LOT_D01,IGSS,24,stable,False,True,False,,,independent_nominal,24
LOT_D01_C022,LOT_D01,IGSS,96,stable,False,True,False,,,independent_nominal,96
LOT_D01_C022,LOT_D01,IGSS,168,stable,False,True,False,,,independent_nominal,168
LOT_D01_C023,LOT_D01,IDSS,0,stable,False,True,False,,,independent_nominal,0
LOT_D01_C023,LOT_D01,IDSS,24,stable,False,True,False,,,independent_nominal,24
LOT_D01_C023,LOT_D01,IDSS,96,stable,False,True,False,,,independent_nominal,96
LOT_D01_C023,LOT_D01,IDSS,168,stable,False,True,False,,,independent_nominal,168
LOT_D01_C023,LOT_D01,VGS(th),0,stable,False,True,False,,,independent_nominal,0
LOT_D01_C023,LOT_D01,VGS(th),24,stable,False,True,False,,,independent_nominal,24
LOT_D01_C023,LOT_D01,VGS(th),96,stable,False,True,False,,,independent_nominal,96
LOT_D01_C023,LOT_D01,VGS(th),168,stable,False,True,False,,,independent_nominal,168
LOT_D01_C023,LOT_D01,RDS(on),0,stable,False,True,False,,,independent_nominal,0
LOT_D01_C023,LOT_D01,RDS(on),24,stable,False,True,False,,,independent_nominal,24
LOT_D01_C023,LOT_D01,RDS(on),96,stable,False,True,False,,,independent_nominal,96
LOT_D01_C023,LOT_D01,RDS(on),168,stable,False,True,False,,,independent_nominal,168
LOT_D01_C023,LOT_D01,IGSS,0,stable,False,True,False,,,independent_nominal,0
LOT_D01_C023,LOT_D01,IGSS,24,stable,False,True,False,,,independent_nominal,24
LOT_D01_C023,LOT_D01,IGSS,96,stable,False,True,False,,,independent_nominal,96
LOT_D01_C023,LOT_D01,IGSS,168,stable,False,True,False,,,independent_nominal,168
LOT_D01_C024,LOT_D01,IDSS,0,stable,False,True,False,,,independent_nominal,0
LOT_D01_C024,LOT_D01,IDSS,24,stable,False,True,False,,,independent_nominal,24
LOT_D01_C024,LOT_D01,IDSS,96,stable,False,True,False,,,independent_nominal,96
LOT_D01_C024,LOT_D01,IDSS,168,stable,False,True,False,,,independent_nominal,168
LOT_D01_C024,LOT_D01,VGS(th),0,stable,False,True,False,,,independent_nominal,0
LOT_D01_C024,LOT_D01,VGS(th),24,stable,False,True,False,,,independent_nominal,24
LOT_D01_C024,LOT_D01,VGS(th),96,stable,False,True,False,,,independent_nominal,96
LOT_D01_C024,LOT_D01,VGS(th),168,stable,False,True,False,,,independent_nominal,168
LOT_D01_C024,LOT_D01,RDS(on),0,high_but_stable,False,True,False,,,lot_level_process_variation,0
LOT_D01_C024,LOT_D01,RDS(on),24,high_but_stable,False,True,False,,,lot_level_process_variation,24
LOT_D01_C024,LOT_D01,RDS(on),96,high_but_stable,False,True,False,,,lot_level_process_variation,96
LOT_D01_C024,LOT_D01,RDS(on),168,high_but_stable,False,True,False,,,lot_level_process_variation,168
LOT_D01_C024,LOT_D01,IGSS,0,stable,False,True,False,,,independent_nominal,0
LOT_D01_C024,LOT_D01,IGSS,24,stable,False,True,False,,,independent_nominal,24
LOT_D01_C024,LOT_D01,IGSS,96,stable,False,True,False,,,independent_nominal,96
LOT_D01_C024,LOT_D01,IGSS,168,stable,False,True,False,,,independent_nominal,168
LOT_D01_C025,LOT_D01,IDSS,0,stable,False,True,False,,,independent_nominal,0
LOT_D01_C025,LOT_D01,IDSS,24,stable,False,True,False,,,independent_nominal,24
LOT_D01_C025,LOT_D01,IDSS,96,stable,False,True,False,,,independent_nominal,96
LOT_D01_C025,LOT_D01,IDSS,168,stable,False,True,False,,,independent_nominal,168
LOT_D01_C025,LOT_D01,VGS(th),0,stable,False,True,False,,,independent_nominal,0
LOT_D01_C025,LOT_D01,VGS(th),24,stable,False,True,False,,,independent_nominal,24
LOT_D01_C025,LOT_D01,VGS(th),96,stable,False,True,False,,,independent_nominal,96
LOT_D01_C025,LOT_D01,VGS(th),168,stable,False,True,False,,,independent_nominal,168
LOT_D01_C025,LOT_D01,RDS(on),0,stable,False,True,False,,,independent_nominal,0
LOT_D01_C025,LOT_D01,RDS(on),24,stable,False,True,False,,,independent_nominal,24
LOT_D01_C025,LOT_D01,RDS(on),96,stable,False,True,False,,,independent_nominal,96
LOT_D01_C025,LOT_D01,RDS(on),168,stable,False,True,False,,,independent_nominal,168
LOT_D01_C025,LOT_D01,IGSS,0,stable,False,True,False,,,independent_nominal,0
LOT_D01_C025,LOT_D01,IGSS,24,stable,False,True,False,,,independent_nominal,24
LOT_D01_C025,LOT_D01,IGSS,96,stable,False,True,False,,,independent_nominal,96
LOT_D01_C025,LOT_D01,IGSS,168,stable,False,True,False,,,independent_nominal,168
LOT_D01_C026,LOT_D01,IDSS,0,high_but_stable,False,True,False,,,lot_level_process_variation,0
LOT_D01_C026,LOT_D01,IDSS,24,high_but_stable,False,True,False,,,lot_level_process_variation,24
LOT_D01_C026,LOT_D01,IDSS,96,high_but_stable,False,True,False,,,lot_level_process_variation,96
LOT_D01_C026,LOT_D01,IDSS,168,high_but_stable,False,True,False,,,lot_level_process_variation,168
LOT_D01_C026,LOT_D01,VGS(th),0,stable,False,True,False,,,independent_nominal,0
LOT_D01_C026,LOT_D01,VGS(th),24,stable,False,True,False,,,independent_nominal,24
LOT_D01_C026,LOT_D01,VGS(th),96,stable,False,True,False,,,independent_nominal,96
LOT_D01_C026,LOT_D01,VGS(th),168,stable,False,True,False,,,independent_nominal,168
LOT_D01_C026,LOT_D01,RDS(on),0,stable,False,True,False,,,independent_nominal,0
LOT_D01_C026,LOT_D01,RDS(on),24,stable,False,True,False,,,independent_nominal,24
LOT_D01_C026,LOT_D01,RDS(on),96,stable,False,True,False,,,independent_nominal,96
LOT_D01_C026,LOT_D01,RDS(on),168,stable,False,True,False,,,independent_nominal,168
LOT_D01_C026,LOT_D01,IGSS,0,stable,False,True,False,,,independent_nominal,0
LOT_D01_C026,LOT_D01,IGSS,24,stable,False,True,False,,,independent_nominal,24
LOT_D01_C026,LOT_D01,IGSS,96,stable,False,True,False,,,independent_nominal,96
LOT_D01_C026,LOT_D01,IGSS,168,stable,False,True,False,,,independent_nominal,168
LOT_D01_C027,LOT_D01,IDSS,0,stable,False,True,False,,,independent_nominal,0
LOT_D01_C027,LOT_D01,IDSS,24,stable,False,True,False,,,independent_nominal,24
LOT_D01_C027,LOT_D01,IDSS,96,stable,False,True,False,,,independent_nominal,96
LOT_D01_C027,LOT_D01,IDSS,168,stable,False,True,False,,,independent_nominal,168
LOT_D01_C027,LOT_D01,VGS(th),0,stable,False,True,False,,,independent_nominal,0
LOT_D01_C027,LOT_D01,VGS(th),24,stable,False,True,False,,,independent_nominal,24
LOT_D01_C027,LOT_D01,VGS(th),96,stable,False,True,False,,,independent_nominal,96
LOT_D01_C027,LOT_D01,VGS(th),168,stable,False,True,False,,,independent_nominal,168
LOT_D01_C027,LOT_D01,RDS(on),0,stable,False,True,False,,,independent_nominal,0
LOT_D01_C027,LOT_D01,RDS(on),24,stable,False,True,False,,,independent_nominal,24
LOT_D01_C027,LOT_D01,RDS(on),96,stable,False,True,False,,,independent_nominal,96
LOT_D01_C027,LOT_D01,RDS(on),168,stable,False,True,False,,,independent_nominal,168
LOT_D01_C027,LOT_D01,IGSS,0,stable,False,True,False,,,independent_nominal,0
LOT_D01_C027,LOT_D01,IGSS,24,stable,False,True,False,,,independent_nominal,24
LOT_D01_C027,LOT_D01,IGSS,96,stable,False,True,False,,,independent_nominal,96
LOT_D01_C027,LOT_D01,IGSS,168,stable,False,True,False,,,independent_nominal,168
LOT_D01_C028,LOT_D01,IDSS,0,stable,False,True,False,,,independent_nominal,0
LOT_D01_C028,LOT_D01,IDSS,24,stable,False,True,False,,,independent_nominal,24
LOT_D01_C028,LOT_D01,IDSS,96,stable,False,True,False,,,independent_nominal,96
LOT_D01_C028,LOT_D01,IDSS,168,stable,False,True,False,,,independent_nominal,168
LOT_D01_C028,LOT_D01,VGS(th),0,high_but_stable,False,True,False,,,lot_level_process_variation,0
LOT_D01_C028,LOT_D01,VGS(th),24,high_but_stable,False,True,False,,,lot_level_process_variation,24
LOT_D01_C028,LOT_D01,VGS(th),96,high_but_stable,False,True,False,,,lot_level_process_variation,96
LOT_D01_C028,LOT_D01,VGS(th),168,high_but_stable,False,True,False,,,lot_level_process_variation,168
LOT_D01_C028,LOT_D01,RDS(on),0,stable,False,True,False,,,independent_nominal,0
LOT_D01_C028,LOT_D01,RDS(on),24,stable,False,True,False,,,independent_nominal,24
LOT_D01_C028,LOT_D01,RDS(on),96,stable,False,True,False,,,independent_nominal,96
LOT_D01_C028,LOT_D01,RDS(on),168,stable,False,True,False,,,independent_nominal,168
LOT_D01_C028,LOT_D01,IGSS,0,stable,False,True,False,,,independent_nominal,0
LOT_D01_C028,LOT_D01,IGSS,24,stable,False,True,False,,,independent_nominal,24
LOT_D01_C028,LOT_D01,IGSS,96,stable,False,True,False,,,independent_nominal,96
LOT_D01_C028,LOT_D01,IGSS,168,stable,False,True,False,,,independent_nominal,168
LOT_D01_C029,LOT_D01,IDSS,0,stable,False,True,False,,,independent_nominal,0
LOT_D01_C029,LOT_D01,IDSS,24,stable,False,True,False,,,independent_nominal,24
LOT_D01_C029,LOT_D01,IDSS,96,stable,False,True,False,,,independent_nominal,96
LOT_D01_C029,LOT_D01,IDSS,168,stable,False,True,False,,,independent_nominal,168
LOT_D01_C029,LOT_D01,VGS(th),0,stable,False,True,False,,,independent_nominal,0
LOT_D01_C029,LOT_D01,VGS(th),24,stable,False,True,False,,,independent_nominal,24
LOT_D01_C029,LOT_D01,VGS(th),96,stable,False,True,False,,,independent_nominal,96
LOT_D01_C029,LOT_D01,VGS(th),168,stable,False,True,False,,,independent_nominal,168
LOT_D01_C029,LOT_D01,RDS(on),0,stable,False,True,False,,,independent_nominal,0
LOT_D01_C029,LOT_D01,RDS(on),24,stable,False,True,False,,,independent_nominal,24
LOT_D01_C029,LOT_D01,RDS(on),96,stable,False,True,False,,,independent_nominal,96
LOT_D01_C029,LOT_D01,RDS(on),168,stable,False,True,False,,,independent_nominal,168
LOT_D01_C029,LOT_D01,IGSS,0,stable,False,True,False,,,independent_nominal,0
LOT_D01_C029,LOT_D01,IGSS,24,stable,False,True,False,,,independent_nominal,24
LOT_D01_C029,LOT_D01,IGSS,96,stable,False,True,False,,,independent_nominal,96
LOT_D01_C029,LOT_D01,IGSS,168,stable,False,True,False,,,independent_nominal,168
LOT_D01_C030,LOT_D01,IDSS,0,stable,False,True,False,,,independent_nominal,0
LOT_D01_C030,LOT_D01,IDSS,24,stable,False,True,False,,,independent_nominal,24
LOT_D01_C030,LOT_D01,IDSS,96,stable,False,True,False,,,independent_nominal,96
LOT_D01_C030,LOT_D01,IDSS,168,stable,False,True,False,,,independent_nominal,168
LOT_D01_C030,LOT_D01,VGS(th),0,stable,False,True,False,,,independent_nominal,0
LOT_D01_C030,LOT_D01,VGS(th),24,stable,False,True,False,,,independent_nominal,24
LOT_D01_C030,LOT_D01,VGS(th),96,stable,False,True,False,,,independent_nominal,96
LOT_D01_C030,LOT_D01,VGS(th),168,stable,False,True,False,,,independent_nominal,168
LOT_D01_C030,LOT_D01,RDS(on),0,high_but_stable,False,True,False,,,lot_level_process_variation,0
LOT_D01_C030,LOT_D01,RDS(on),24,high_but_stable,False,True,False,,,lot_level_process_variation,24
LOT_D01_C030,LOT_D01,RDS(on),96,high_but_stable,False,True,False,,,lot_level_process_variation,96
LOT_D01_C030,LOT_D01,RDS(on),168,high_but_stable,False,True,False,,,lot_level_process_variation,168
LOT_D01_C030,LOT_D01,IGSS,0,stable,False,True,False,,,independent_nominal,0
LOT_D01_C030,LOT_D01,IGSS,24,stable,False,True,False,,,independent_nominal,24
LOT_D01_C030,LOT_D01,IGSS,96,stable,False,True,False,,,independent_nominal,96
LOT_D01_C030,LOT_D01,IGSS,168,stable,False,True,False,,,independent_nominal,168
LOT_D02_C001,LOT_D02,IDSS,0,stable,False,True,False,,,independent_nominal,0
LOT_D02_C001,LOT_D02,IDSS,24,stable,False,True,False,,,independent_nominal,24
LOT_D02_C001,LOT_D02,IDSS,96,stable,False,True,False,,,independent_nominal,96
LOT_D02_C001,LOT_D02,IDSS,168,stable,False,True,False,,,independent_nominal,168
LOT_D02_C001,LOT_D02,VGS(th),0,linear_drift,True,True,False,,20.302530711218346,parameter_specific_degradation,0
LOT_D02_C001,LOT_D02,VGS(th),24,linear_drift,True,True,True,24.0,20.302530711218346,parameter_specific_degradation,24
LOT_D02_C001,LOT_D02,VGS(th),96,linear_drift,True,True,True,24.0,20.302530711218346,parameter_specific_degradation,96
LOT_D02_C001,LOT_D02,VGS(th),168,linear_drift,True,True,True,24.0,20.302530711218346,parameter_specific_degradation,168
LOT_D02_C001,LOT_D02,RDS(on),0,stable,False,True,False,,,independent_nominal,0
LOT_D02_C001,LOT_D02,RDS(on),24,stable,False,True,False,,,independent_nominal,24
LOT_D02_C001,LOT_D02,RDS(on),96,stable,False,True,False,,,independent_nominal,96
LOT_D02_C001,LOT_D02,RDS(on),168,stable,False,True,False,,,independent_nominal,168
LOT_D02_C001,LOT_D02,IGSS,0,stable,False,True,False,,,independent_nominal,0
LOT_D02_C001,LOT_D02,IGSS,24,stable,False,True,False,,,independent_nominal,24
LOT_D02_C001,LOT_D02,IGSS,96,stable,False,True,False,,,independent_nominal,96
LOT_D02_C001,LOT_D02,IGSS,168,stable,False,True,False,,,independent_nominal,168
LOT_D02_C002,LOT_D02,IDSS,0,stable,False,True,False,,,lot_level_process_variation,0
LOT_D02_C002,LOT_D02,IDSS,24,stable,False,True,False,,,lot_level_process_variation,24
LOT_D02_C002,LOT_D02,IDSS,96,stable,False,True,False,,,lot_level_process_variation,96
LOT_D02_C002,LOT_D02,IDSS,168,stable,False,True,False,,,lot_level_process_variation,168
LOT_D02_C002,LOT_D02,VGS(th),0,linear_drift,True,True,False,,19.77928756311529,parameter_specific_degradation,0
LOT_D02_C002,LOT_D02,VGS(th),24,linear_drift,True,True,True,24.0,19.77928756311529,parameter_specific_degradation,24
LOT_D02_C002,LOT_D02,VGS(th),96,linear_drift,True,True,True,24.0,19.77928756311529,parameter_specific_degradation,96
LOT_D02_C002,LOT_D02,VGS(th),168,linear_drift,True,True,True,24.0,19.77928756311529,parameter_specific_degradation,168
LOT_D02_C002,LOT_D02,RDS(on),0,stable,False,True,False,,,independent_nominal,0
LOT_D02_C002,LOT_D02,RDS(on),24,stable,False,True,False,,,independent_nominal,24
LOT_D02_C002,LOT_D02,RDS(on),96,stable,False,True,False,,,independent_nominal,96
LOT_D02_C002,LOT_D02,RDS(on),168,stable,False,True,False,,,independent_nominal,168
LOT_D02_C002,LOT_D02,IGSS,0,stable,False,True,False,,,independent_nominal,0
LOT_D02_C002,LOT_D02,IGSS,24,stable,False,True,False,,,independent_nominal,24
LOT_D02_C002,LOT_D02,IGSS,96,stable,False,True,False,,,independent_nominal,96
LOT_D02_C002,LOT_D02,IGSS,168,stable,False,True,False,,,independent_nominal,168
LOT_D02_C003,LOT_D02,IDSS,0,stable,False,True,False,,,independent_nominal,0
LOT_D02_C003,LOT_D02,IDSS,24,stable,False,True,False,,,independent_nominal,24
LOT_D02_C003,LOT_D02,IDSS,96,stable,False,True,False,,,independent_nominal,96
LOT_D02_C003,LOT_D02,IDSS,168,stable,False,True,False,,,independent_nominal,168
LOT_D02_C003,LOT_D02,VGS(th),0,linear_drift,True,True,False,,17.73086853582111,parameter_specific_degradation,0
LOT_D02_C003,LOT_D02,VGS(th),24,linear_drift,True,True,True,24.0,17.73086853582111,parameter_specific_degradation,24
LOT_D02_C003,LOT_D02,VGS(th),96,linear_drift,True,True,True,24.0,17.73086853582111,parameter_specific_degradation,96
LOT_D02_C003,LOT_D02,VGS(th),168,linear_drift,True,True,True,24.0,17.73086853582111,parameter_specific_degradation,168
LOT_D02_C003,LOT_D02,RDS(on),0,stable,False,True,False,,,independent_nominal,0
LOT_D02_C003,LOT_D02,RDS(on),24,stable,False,True,False,,,independent_nominal,24
LOT_D02_C003,LOT_D02,RDS(on),96,stable,False,True,False,,,independent_nominal,96
LOT_D02_C003,LOT_D02,RDS(on),168,stable,False,True,False,,,independent_nominal,168
LOT_D02_C003,LOT_D02,IGSS,0,stable,False,True,False,,,independent_nominal,0
LOT_D02_C003,LOT_D02,IGSS,24,stable,False,True,False,,,independent_nominal,24
LOT_D02_C003,LOT_D02,IGSS,96,stable,False,True,False,,,independent_nominal,96
LOT_D02_C003,LOT_D02,IGSS,168,stable,False,True,False,,,independent_nominal,168
LOT_D02_C004,LOT_D02,IDSS,0,stable,False,True,False,,,independent_nominal,0
LOT_D02_C004,LOT_D02,IDSS,24,stable,False,True,False,,,independent_nominal,24
LOT_D02_C004,LOT_D02,IDSS,96,stable,False,True,False,,,independent_nominal,96
LOT_D02_C004,LOT_D02,IDSS,168,stable,False,True,False,,,independent_nominal,168
LOT_D02_C004,LOT_D02,VGS(th),0,high_but_stable,False,True,False,,,lot_level_process_variation,0
LOT_D02_C004,LOT_D02,VGS(th),24,high_but_stable,False,True,False,,,lot_level_process_variation,24
LOT_D02_C004,LOT_D02,VGS(th),96,high_but_stable,False,True,False,,,lot_level_process_variation,96
LOT_D02_C004,LOT_D02,VGS(th),168,high_but_stable,False,True,False,,,lot_level_process_variation,168
LOT_D02_C004,LOT_D02,RDS(on),0,stable,False,True,False,,,independent_nominal,0
LOT_D02_C004,LOT_D02,RDS(on),24,stable,False,True,False,,,independent_nominal,24
LOT_D02_C004,LOT_D02,RDS(on),96,stable,False,True,False,,,independent_nominal,96
LOT_D02_C004,LOT_D02,RDS(on),168,stable,False,True,False,,,independent_nominal,168
LOT_D02_C004,LOT_D02,IGSS,0,stable,False,True,False,,,independent_nominal,0
LOT_D02_C004,LOT_D02,IGSS,24,stable,False,True,False,,,independent_nominal,24
LOT_D02_C004,LOT_D02,IGSS,96,stable,False,True,False,,,independent_nominal,96
LOT_D02_C004,LOT_D02,IGSS,168,stable,False,True,False,,,independent_nominal,168
LOT_D02_C005,LOT_D02,IDSS,0,stable,False,True,False,,,independent_nominal,0
LOT_D02_C005,LOT_D02,IDSS,24,stable,False,True,False,,,independent_nominal,24
LOT_D02_C005,LOT_D02,IDSS,96,stable,False,True,False,,,independent_nominal,96
LOT_D02_C005,LOT_D02,IDSS,168,stable,False,True,False,,,independent_nominal,168
LOT_D02_C005,LOT_D02,VGS(th),0,stable,False,True,False,,,independent_nominal,0
LOT_D02_C005,LOT_D02,VGS(th),24,stable,False,True,False,,,independent_nominal,24
LOT_D02_C005,LOT_D02,VGS(th),96,stable,False,True,False,,,independent_nominal,96
LOT_D02_C005,LOT_D02,VGS(th),168,stable,False,True,False,,,independent_nominal,168
LOT_D02_C005,LOT_D02,RDS(on),0,stable,False,True,False,,,independent_nominal,0
LOT_D02_C005,LOT_D02,RDS(on),24,stable,False,True,False,,,independent_nominal,24
LOT_D02_C005,LOT_D02,RDS(on),96,stable,False,True,False,,,independent_nominal,96
LOT_D02_C005,LOT_D02,RDS(on),168,stable,False,True,False,,,independent_nominal,168
LOT_D02_C005,LOT_D02,IGSS,0,stable,False,True,False,,,independent_nominal,0
LOT_D02_C005,LOT_D02,IGSS,24,stable,False,True,False,,,independent_nominal,24
LOT_D02_C005,LOT_D02,IGSS,96,stable,False,True,False,,,independent_nominal,96
LOT_D02_C005,LOT_D02,IGSS,168,stable,False,True,False,,,independent_nominal,168
LOT_D02_C006,LOT_D02,IDSS,0,stable,False,True,False,,,independent_nominal,0
LOT_D02_C006,LOT_D02,IDSS,24,stable,False,True,False,,,independent_nominal,24
LOT_D02_C006,LOT_D02,IDSS,96,stable,False,True,False,,,independent_nominal,96
LOT_D02_C006,LOT_D02,IDSS,168,stable,False,True,False,,,independent_nominal,168
LOT_D02_C006,LOT_D02,VGS(th),0,stable,False,True,False,,,independent_nominal,0
LOT_D02_C006,LOT_D02,VGS(th),24,stable,False,True,False,,,independent_nominal,24
LOT_D02_C006,LOT_D02,VGS(th),96,stable,False,True,False,,,independent_nominal,96
LOT_D02_C006,LOT_D02,VGS(th),168,stable,False,True,False,,,independent_nominal,168
LOT_D02_C006,LOT_D02,RDS(on),0,high_but_stable,False,True,False,,,lot_level_process_variation,0
LOT_D02_C006,LOT_D02,RDS(on),24,high_but_stable,False,True,False,,,lot_level_process_variation,24
LOT_D02_C006,LOT_D02,RDS(on),96,high_but_stable,False,True,False,,,lot_level_process_variation,96
LOT_D02_C006,LOT_D02,RDS(on),168,high_but_stable,False,True,False,,,lot_level_process_variation,168
LOT_D02_C006,LOT_D02,IGSS,0,stable,False,True,False,,,independent_nominal,0
LOT_D02_C006,LOT_D02,IGSS,24,stable,False,True,False,,,independent_nominal,24
LOT_D02_C006,LOT_D02,IGSS,96,stable,False,True,False,,,independent_nominal,96
LOT_D02_C006,LOT_D02,IGSS,168,stable,False,True,False,,,independent_nominal,168
LOT_D02_C007,LOT_D02,IDSS,0,stable,False,True,False,,,independent_nominal,0
LOT_D02_C007,LOT_D02,IDSS,24,stable,False,True,False,,,independent_nominal,24
LOT_D02_C007,LOT_D02,IDSS,96,stable,False,True,False,,,independent_nominal,96
LOT_D02_C007,LOT_D02,IDSS,168,stable,False,True,False,,,independent_nominal,168
LOT_D02_C007,LOT_D02,VGS(th),0,stable,False,True,False,,,independent_nominal,0
LOT_D02_C007,LOT_D02,VGS(th),24,stable,False,True,False,,,independent_nominal,24
LOT_D02_C007,LOT_D02,VGS(th),96,stable,False,True,False,,,independent_nominal,96
LOT_D02_C007,LOT_D02,VGS(th),168,stable,False,True,False,,,independent_nominal,168
LOT_D02_C007,LOT_D02,RDS(on),0,stable,False,True,False,,,independent_nominal,0
LOT_D02_C007,LOT_D02,RDS(on),24,stable,False,True,False,,,independent_nominal,24
LOT_D02_C007,LOT_D02,RDS(on),96,stable,False,True,False,,,independent_nominal,96
LOT_D02_C007,LOT_D02,RDS(on),168,stable,False,True,False,,,independent_nominal,168
LOT_D02_C007,LOT_D02,IGSS,0,stable,False,True,False,,,independent_nominal,0
LOT_D02_C007,LOT_D02,IGSS,24,stable,False,True,False,,,independent_nominal,24
LOT_D02_C007,LOT_D02,IGSS,96,stable,False,True,False,,,independent_nominal,96
LOT_D02_C007,LOT_D02,IGSS,168,stable,False,True,False,,,independent_nominal,168
LOT_D02_C008,LOT_D02,IDSS,0,high_but_stable,False,True,False,,,lot_level_process_variation,0
LOT_D02_C008,LOT_D02,IDSS,24,high_but_stable,False,True,False,,,lot_level_process_variation,24
LOT_D02_C008,LOT_D02,IDSS,96,high_but_stable,False,True,False,,,lot_level_process_variation,96
LOT_D02_C008,LOT_D02,IDSS,168,high_but_stable,False,True,False,,,lot_level_process_variation,168
LOT_D02_C008,LOT_D02,VGS(th),0,stable,False,True,False,,,independent_nominal,0
LOT_D02_C008,LOT_D02,VGS(th),24,stable,False,True,False,,,independent_nominal,24
LOT_D02_C008,LOT_D02,VGS(th),96,stable,False,True,False,,,independent_nominal,96
LOT_D02_C008,LOT_D02,VGS(th),168,stable,False,True,False,,,independent_nominal,168
LOT_D02_C008,LOT_D02,RDS(on),0,stable,False,True,False,,,independent_nominal,0
LOT_D02_C008,LOT_D02,RDS(on),24,stable,False,True,False,,,independent_nominal,24
LOT_D02_C008,LOT_D02,RDS(on),96,stable,False,True,False,,,independent_nominal,96
LOT_D02_C008,LOT_D02,RDS(on),168,stable,False,True,False,,,independent_nominal,168
LOT_D02_C008,LOT_D02,IGSS,0,stable,False,True,False,,,independent_nominal,0
LOT_D02_C008,LOT_D02,IGSS,24,stable,False,True,False,,,independent_nominal,24
LOT_D02_C008,LOT_D02,IGSS,96,stable,False,True,False,,,independent_nominal,96
LOT_D02_C008,LOT_D02,IGSS,168,stable,False,True,False,,,independent_nominal,168
LOT_D02_C009,LOT_D02,IDSS,0,stable,False,True,False,,,independent_nominal,0
LOT_D02_C009,LOT_D02,IDSS,24,stable,False,True,False,,,independent_nominal,24
LOT_D02_C009,LOT_D02,IDSS,96,stable,False,True,False,,,independent_nominal,96
LOT_D02_C009,LOT_D02,IDSS,168,stable,False,True,False,,,independent_nominal,168
LOT_D02_C009,LOT_D02,VGS(th),0,stable,False,True,False,,,independent_nominal,0
LOT_D02_C009,LOT_D02,VGS(th),24,stable,False,True,False,,,independent_nominal,24
LOT_D02_C009,LOT_D02,VGS(th),96,stable,False,True,False,,,independent_nominal,96
LOT_D02_C009,LOT_D02,VGS(th),168,stable,False,True,False,,,independent_nominal,168
LOT_D02_C009,LOT_D02,RDS(on),0,stable,False,True,False,,,independent_nominal,0
LOT_D02_C009,LOT_D02,RDS(on),24,stable,False,True,False,,,independent_nominal,24
LOT_D02_C009,LOT_D02,RDS(on),96,stable,False,True,False,,,independent_nominal,96
LOT_D02_C009,LOT_D02,RDS(on),168,stable,False,True,False,,,independent_nominal,168
LOT_D02_C009,LOT_D02,IGSS,0,stable,False,True,False,,,independent_nominal,0
LOT_D02_C009,LOT_D02,IGSS,24,stable,False,True,False,,,independent_nominal,24
LOT_D02_C009,LOT_D02,IGSS,96,stable,False,True,False,,,independent_nominal,96
LOT_D02_C009,LOT_D02,IGSS,168,stable,False,True,False,,,independent_nominal,168
LOT_D02_C010,LOT_D02,IDSS,0,stable,False,True,False,,,independent_nominal,0
LOT_D02_C010,LOT_D02,IDSS,24,stable,False,True,False,,,independent_nominal,24
LOT_D02_C010,LOT_D02,IDSS,96,stable,False,True,False,,,independent_nominal,96
LOT_D02_C010,LOT_D02,IDSS,168,stable,False,True,False,,,independent_nominal,168
LOT_D02_C010,LOT_D02,VGS(th),0,high_but_stable,False,True,False,,,lot_level_process_variation,0
LOT_D02_C010,LOT_D02,VGS(th),24,high_but_stable,False,True,False,,,lot_level_process_variation,24
LOT_D02_C010,LOT_D02,VGS(th),96,high_but_stable,False,True,False,,,lot_level_process_variation,96
LOT_D02_C010,LOT_D02,VGS(th),168,high_but_stable,False,True,False,,,lot_level_process_variation,168
LOT_D02_C010,LOT_D02,RDS(on),0,stable,False,True,False,,,independent_nominal,0
LOT_D02_C010,LOT_D02,RDS(on),24,stable,False,True,False,,,independent_nominal,24
LOT_D02_C010,LOT_D02,RDS(on),96,stable,False,True,False,,,independent_nominal,96
LOT_D02_C010,LOT_D02,RDS(on),168,stable,False,True,False,,,independent_nominal,168
LOT_D02_C010,LOT_D02,IGSS,0,stable,False,True,False,,,independent_nominal,0
LOT_D02_C010,LOT_D02,IGSS,24,stable,False,True,False,,,independent_nominal,24
LOT_D02_C010,LOT_D02,IGSS,96,stable,False,True,False,,,independent_nominal,96
LOT_D02_C010,LOT_D02,IGSS,168,stable,False,True,False,,,independent_nominal,168
LOT_D02_C011,LOT_D02,IDSS,0,stable,False,True,False,,,independent_nominal,0
LOT_D02_C011,LOT_D02,IDSS,24,stable,False,True,False,,,independent_nominal,24
LOT_D02_C011,LOT_D02,IDSS,96,stable,False,True,False,,,independent_nominal,96
LOT_D02_C011,LOT_D02,IDSS,168,stable,False,True,False,,,independent_nominal,168
LOT_D02_C011,LOT_D02,VGS(th),0,stable,False,True,False,,,independent_nominal,0
LOT_D02_C011,LOT_D02,VGS(th),24,stable,False,True,False,,,independent_nominal,24
LOT_D02_C011,LOT_D02,VGS(th),96,stable,False,True,False,,,independent_nominal,96
LOT_D02_C011,LOT_D02,VGS(th),168,stable,False,True,False,,,independent_nominal,168
LOT_D02_C011,LOT_D02,RDS(on),0,stable,False,True,False,,,independent_nominal,0
LOT_D02_C011,LOT_D02,RDS(on),24,stable,False,True,False,,,independent_nominal,24
LOT_D02_C011,LOT_D02,RDS(on),96,stable,False,True,False,,,independent_nominal,96
LOT_D02_C011,LOT_D02,RDS(on),168,stable,False,True,False,,,independent_nominal,168
LOT_D02_C011,LOT_D02,IGSS,0,stable,False,True,False,,,independent_nominal,0
LOT_D02_C011,LOT_D02,IGSS,24,stable,False,True,False,,,independent_nominal,24
LOT_D02_C011,LOT_D02,IGSS,96,stable,False,True,False,,,independent_nominal,96
LOT_D02_C011,LOT_D02,IGSS,168,stable,False,True,False,,,independent_nominal,168
LOT_D02_C012,LOT_D02,IDSS,0,stable,False,True,False,,,independent_nominal,0
LOT_D02_C012,LOT_D02,IDSS,24,stable,False,True,False,,,independent_nominal,24
LOT_D02_C012,LOT_D02,IDSS,96,stable,False,True,False,,,independent_nominal,96
LOT_D02_C012,LOT_D02,IDSS,168,stable,False,True,False,,,independent_nominal,168
LOT_D02_C012,LOT_D02,VGS(th),0,stable,False,True,False,,,independent_nominal,0
LOT_D02_C012,LOT_D02,VGS(th),24,stable,False,True,False,,,independent_nominal,24
LOT_D02_C012,LOT_D02,VGS(th),96,stable,False,True,False,,,independent_nominal,96
LOT_D02_C012,LOT_D02,VGS(th),168,stable,False,True,False,,,independent_nominal,168
LOT_D02_C012,LOT_D02,RDS(on),0,high_but_stable,False,True,False,,,lot_level_process_variation,0
LOT_D02_C012,LOT_D02,RDS(on),24,high_but_stable,False,True,False,,,lot_level_process_variation,24
LOT_D02_C012,LOT_D02,RDS(on),96,high_but_stable,False,True,False,,,lot_level_process_variation,96
LOT_D02_C012,LOT_D02,RDS(on),168,high_but_stable,False,True,False,,,lot_level_process_variation,168
LOT_D02_C012,LOT_D02,IGSS,0,stable,False,True,False,,,independent_nominal,0
LOT_D02_C012,LOT_D02,IGSS,24,stable,False,True,False,,,independent_nominal,24
LOT_D02_C012,LOT_D02,IGSS,96,stable,False,True,False,,,independent_nominal,96
LOT_D02_C012,LOT_D02,IGSS,168,stable,False,True,False,,,independent_nominal,168
LOT_D02_C013,LOT_D02,IDSS,0,stable,False,True,False,,,independent_nominal,0
LOT_D02_C013,LOT_D02,IDSS,24,stable,False,True,False,,,independent_nominal,24
LOT_D02_C013,LOT_D02,IDSS,96,stable,False,True,False,,,independent_nominal,96
LOT_D02_C013,LOT_D02,IDSS,168,stable,False,True,False,,,independent_nominal,168
LOT_D02_C013,LOT_D02,VGS(th),0,stable,False,True,False,,,independent_nominal,0
LOT_D02_C013,LOT_D02,VGS(th),24,stable,False,True,False,,,independent_nominal,24
LOT_D02_C013,LOT_D02,VGS(th),96,stable,False,True,False,,,independent_nominal,96
LOT_D02_C013,LOT_D02,VGS(th),168,stable,False,True,False,,,independent_nominal,168
LOT_D02_C013,LOT_D02,RDS(on),0,stable,False,True,False,,,independent_nominal,0
LOT_D02_C013,LOT_D02,RDS(on),24,stable,False,True,False,,,independent_nominal,24
LOT_D02_C013,LOT_D02,RDS(on),96,stable,False,True,False,,,independent_nominal,96
LOT_D02_C013,LOT_D02,RDS(on),168,stable,False,True,False,,,independent_nominal,168
LOT_D02_C013,LOT_D02,IGSS,0,stable,False,True,False,,,independent_nominal,0
LOT_D02_C013,LOT_D02,IGSS,24,stable,False,True,False,,,independent_nominal,24
LOT_D02_C013,LOT_D02,IGSS,96,stable,False,True,False,,,independent_nominal,96
LOT_D02_C013,LOT_D02,IGSS,168,stable,False,True,False,,,independent_nominal,168
LOT_D02_C014,LOT_D02,IDSS,0,high_but_stable,False,True,False,,,lot_level_process_variation,0
LOT_D02_C014,LOT_D02,IDSS,24,high_but_stable,False,True,False,,,lot_level_process_variation,24
LOT_D02_C014,LOT_D02,IDSS,96,high_but_stable,False,True,False,,,lot_level_process_variation,96
LOT_D02_C014,LOT_D02,IDSS,168,high_but_stable,False,True,False,,,lot_level_process_variation,168
LOT_D02_C014,LOT_D02,VGS(th),0,stable,False,True,False,,,independent_nominal,0
LOT_D02_C014,LOT_D02,VGS(th),24,stable,False,True,False,,,independent_nominal,24
LOT_D02_C014,LOT_D02,VGS(th),96,stable,False,True,False,,,independent_nominal,96
LOT_D02_C014,LOT_D02,VGS(th),168,stable,False,True,False,,,independent_nominal,168
LOT_D02_C014,LOT_D02,RDS(on),0,stable,False,True,False,,,independent_nominal,0
LOT_D02_C014,LOT_D02,RDS(on),24,stable,False,True,False,,,independent_nominal,24
LOT_D02_C014,LOT_D02,RDS(on),96,stable,False,True,False,,,independent_nominal,96
LOT_D02_C014,LOT_D02,RDS(on),168,stable,False,True,False,,,independent_nominal,168
LOT_D02_C014,LOT_D02,IGSS,0,stable,False,True,False,,,independent_nominal,0
LOT_D02_C014,LOT_D02,IGSS,24,stable,False,True,False,,,independent_nominal,24
LOT_D02_C014,LOT_D02,IGSS,96,stable,False,True,False,,,independent_nominal,96
LOT_D02_C014,LOT_D02,IGSS,168,stable,False,True,False,,,independent_nominal,168
LOT_D02_C015,LOT_D02,IDSS,0,stable,False,True,False,,,independent_nominal,0
LOT_D02_C015,LOT_D02,IDSS,24,stable,False,True,False,,,independent_nominal,24
LOT_D02_C015,LOT_D02,IDSS,96,stable,False,True,False,,,independent_nominal,96
LOT_D02_C015,LOT_D02,IDSS,168,stable,False,True,False,,,independent_nominal,168
LOT_D02_C015,LOT_D02,VGS(th),0,stable,False,True,False,,,independent_nominal,0
LOT_D02_C015,LOT_D02,VGS(th),24,stable,False,True,False,,,independent_nominal,24
LOT_D02_C015,LOT_D02,VGS(th),96,stable,False,True,False,,,independent_nominal,96
LOT_D02_C015,LOT_D02,VGS(th),168,stable,False,True,False,,,independent_nominal,168
LOT_D02_C015,LOT_D02,RDS(on),0,stable,False,True,False,,,independent_nominal,0
LOT_D02_C015,LOT_D02,RDS(on),24,stable,False,True,False,,,independent_nominal,24
LOT_D02_C015,LOT_D02,RDS(on),96,stable,False,True,False,,,independent_nominal,96
LOT_D02_C015,LOT_D02,RDS(on),168,stable,False,True,False,,,independent_nominal,168
LOT_D02_C015,LOT_D02,IGSS,0,stable,False,True,False,,,independent_nominal,0
LOT_D02_C015,LOT_D02,IGSS,24,stable,False,True,False,,,independent_nominal,24
LOT_D02_C015,LOT_D02,IGSS,96,stable,False,True,False,,,independent_nominal,96
LOT_D02_C015,LOT_D02,IGSS,168,stable,False,True,False,,,independent_nominal,168
LOT_D02_C016,LOT_D02,IDSS,0,stable,False,True,False,,,independent_nominal,0
LOT_D02_C016,LOT_D02,IDSS,24,stable,False,True,False,,,independent_nominal,24
LOT_D02_C016,LOT_D02,IDSS,96,stable,False,True,False,,,independent_nominal,96
LOT_D02_C016,LOT_D02,IDSS,168,stable,False,True,False,,,independent_nominal,168
LOT_D02_C016,LOT_D02,VGS(th),0,high_but_stable,False,True,False,,,lot_level_process_variation,0
LOT_D02_C016,LOT_D02,VGS(th),24,high_but_stable,False,True,False,,,lot_level_process_variation,24
LOT_D02_C016,LOT_D02,VGS(th),96,high_but_stable,False,True,False,,,lot_level_process_variation,96
LOT_D02_C016,LOT_D02,VGS(th),168,high_but_stable,False,True,False,,,lot_level_process_variation,168
LOT_D02_C016,LOT_D02,RDS(on),0,stable,False,True,False,,,independent_nominal,0
LOT_D02_C016,LOT_D02,RDS(on),24,stable,False,True,False,,,independent_nominal,24
LOT_D02_C016,LOT_D02,RDS(on),96,stable,False,True,False,,,independent_nominal,96
LOT_D02_C016,LOT_D02,RDS(on),168,stable,False,True,False,,,independent_nominal,168
LOT_D02_C016,LOT_D02,IGSS,0,stable,False,True,False,,,independent_nominal,0
LOT_D02_C016,LOT_D02,IGSS,24,stable,False,True,False,,,independent_nominal,24
LOT_D02_C016,LOT_D02,IGSS,96,stable,False,True,False,,,independent_nominal,96
LOT_D02_C016,LOT_D02,IGSS,168,stable,False,True,False,,,independent_nominal,168
LOT_D02_C017,LOT_D02,IDSS,0,stable,False,True,False,,,independent_nominal,0
LOT_D02_C017,LOT_D02,IDSS,24,stable,False,True,False,,,independent_nominal,24
LOT_D02_C017,LOT_D02,IDSS,96,stable,False,True,False,,,independent_nominal,96
LOT_D02_C017,LOT_D02,IDSS,168,stable,False,True,False,,,independent_nominal,168
LOT_D02_C017,LOT_D02,VGS(th),0,stable,False,True,False,,,independent_nominal,0
LOT_D02_C017,LOT_D02,VGS(th),24,stable,False,True,False,,,independent_nominal,24
LOT_D02_C017,LOT_D02,VGS(th),96,stable,False,True,False,,,independent_nominal,96
LOT_D02_C017,LOT_D02,VGS(th),168,stable,False,True,False,,,independent_nominal,168
LOT_D02_C017,LOT_D02,RDS(on),0,stable,False,True,False,,,independent_nominal,0
LOT_D02_C017,LOT_D02,RDS(on),24,stable,False,True,False,,,independent_nominal,24
LOT_D02_C017,LOT_D02,RDS(on),96,stable,False,True,False,,,independent_nominal,96
LOT_D02_C017,LOT_D02,RDS(on),168,stable,False,True,False,,,independent_nominal,168
LOT_D02_C017,LOT_D02,IGSS,0,stable,False,True,False,,,independent_nominal,0
LOT_D02_C017,LOT_D02,IGSS,24,stable,False,True,False,,,independent_nominal,24
LOT_D02_C017,LOT_D02,IGSS,96,stable,False,True,False,,,independent_nominal,96
LOT_D02_C017,LOT_D02,IGSS,168,stable,False,True,False,,,independent_nominal,168
LOT_D02_C018,LOT_D02,IDSS,0,stable,False,True,False,,,independent_nominal,0
LOT_D02_C018,LOT_D02,IDSS,24,stable,False,True,False,,,independent_nominal,24
LOT_D02_C018,LOT_D02,IDSS,96,stable,False,True,False,,,independent_nominal,96
LOT_D02_C018,LOT_D02,IDSS,168,stable,False,True,False,,,independent_nominal,168
LOT_D02_C018,LOT_D02,VGS(th),0,stable,False,True,False,,,independent_nominal,0
LOT_D02_C018,LOT_D02,VGS(th),24,stable,False,True,False,,,independent_nominal,24
LOT_D02_C018,LOT_D02,VGS(th),96,stable,False,True,False,,,independent_nominal,96
LOT_D02_C018,LOT_D02,VGS(th),168,stable,False,True,False,,,independent_nominal,168
LOT_D02_C018,LOT_D02,RDS(on),0,high_but_stable,False,True,False,,,lot_level_process_variation,0
LOT_D02_C018,LOT_D02,RDS(on),24,high_but_stable,False,True,False,,,lot_level_process_variation,24
LOT_D02_C018,LOT_D02,RDS(on),96,high_but_stable,False,True,False,,,lot_level_process_variation,96
LOT_D02_C018,LOT_D02,RDS(on),168,high_but_stable,False,True,False,,,lot_level_process_variation,168
LOT_D02_C018,LOT_D02,IGSS,0,stable,False,True,False,,,independent_nominal,0
LOT_D02_C018,LOT_D02,IGSS,24,stable,False,True,False,,,independent_nominal,24
LOT_D02_C018,LOT_D02,IGSS,96,stable,False,True,False,,,independent_nominal,96
LOT_D02_C018,LOT_D02,IGSS,168,stable,False,True,False,,,independent_nominal,168
LOT_D02_C019,LOT_D02,IDSS,0,stable,False,True,False,,,independent_nominal,0
LOT_D02_C019,LOT_D02,IDSS,24,stable,False,True,False,,,independent_nominal,24
LOT_D02_C019,LOT_D02,IDSS,96,stable,False,True,False,,,independent_nominal,96
LOT_D02_C019,LOT_D02,IDSS,168,stable,False,True,False,,,independent_nominal,168
LOT_D02_C019,LOT_D02,VGS(th),0,stable,False,True,False,,,independent_nominal,0
LOT_D02_C019,LOT_D02,VGS(th),24,stable,False,True,False,,,independent_nominal,24
LOT_D02_C019,LOT_D02,VGS(th),96,stable,False,True,False,,,independent_nominal,96
LOT_D02_C019,LOT_D02,VGS(th),168,stable,False,True,False,,,independent_nominal,168
LOT_D02_C019,LOT_D02,RDS(on),0,stable,False,True,False,,,independent_nominal,0
LOT_D02_C019,LOT_D02,RDS(on),24,stable,False,True,False,,,independent_nominal,24
LOT_D02_C019,LOT_D02,RDS(on),96,stable,False,True,False,,,independent_nominal,96
LOT_D02_C019,LOT_D02,RDS(on),168,stable,False,True,False,,,independent_nominal,168
LOT_D02_C019,LOT_D02,IGSS,0,stable,False,True,False,,,independent_nominal,0
LOT_D02_C019,LOT_D02,IGSS,24,stable,False,True,False,,,independent_nominal,24
LOT_D02_C019,LOT_D02,IGSS,96,stable,False,True,False,,,independent_nominal,96
LOT_D02_C019,LOT_D02,IGSS,168,stable,False,True,False,,,independent_nominal,168
LOT_D02_C020,LOT_D02,IDSS,0,high_but_stable,False,True,False,,,lot_level_process_variation,0
LOT_D02_C020,LOT_D02,IDSS,24,high_but_stable,False,True,False,,,lot_level_process_variation,24
LOT_D02_C020,LOT_D02,IDSS,96,high_but_stable,False,True,False,,,lot_level_process_variation,96
LOT_D02_C020,LOT_D02,IDSS,168,high_but_stable,False,True,False,,,lot_level_process_variation,168
LOT_D02_C020,LOT_D02,VGS(th),0,stable,False,True,False,,,independent_nominal,0
LOT_D02_C020,LOT_D02,VGS(th),24,stable,False,True,False,,,independent_nominal,24
LOT_D02_C020,LOT_D02,VGS(th),96,stable,False,True,False,,,independent_nominal,96
LOT_D02_C020,LOT_D02,VGS(th),168,stable,False,True,False,,,independent_nominal,168
LOT_D02_C020,LOT_D02,RDS(on),0,stable,False,True,False,,,independent_nominal,0
LOT_D02_C020,LOT_D02,RDS(on),24,stable,False,True,False,,,independent_nominal,24
LOT_D02_C020,LOT_D02,RDS(on),96,stable,False,True,False,,,independent_nominal,96
LOT_D02_C020,LOT_D02,RDS(on),168,stable,False,True,False,,,independent_nominal,168
LOT_D02_C020,LOT_D02,IGSS,0,stable,False,True,False,,,independent_nominal,0
LOT_D02_C020,LOT_D02,IGSS,24,stable,False,True,False,,,independent_nominal,24
LOT_D02_C020,LOT_D02,IGSS,96,stable,False,True,False,,,independent_nominal,96
LOT_D02_C020,LOT_D02,IGSS,168,stable,False,True,False,,,independent_nominal,168
LOT_D02_C021,LOT_D02,IDSS,0,stable,False,True,False,,,independent_nominal,0
LOT_D02_C021,LOT_D02,IDSS,24,stable,False,True,False,,,independent_nominal,24
LOT_D02_C021,LOT_D02,IDSS,96,stable,False,True,False,,,independent_nominal,96
LOT_D02_C021,LOT_D02,IDSS,168,stable,False,True,False,,,independent_nominal,168
LOT_D02_C021,LOT_D02,VGS(th),0,stable,False,True,False,,,independent_nominal,0
LOT_D02_C021,LOT_D02,VGS(th),24,stable,False,True,False,,,independent_nominal,24
LOT_D02_C021,LOT_D02,VGS(th),96,stable,False,True,False,,,independent_nominal,96
LOT_D02_C021,LOT_D02,VGS(th),168,stable,False,True,False,,,independent_nominal,168
LOT_D02_C021,LOT_D02,RDS(on),0,stable,False,True,False,,,independent_nominal,0
LOT_D02_C021,LOT_D02,RDS(on),24,stable,False,True,False,,,independent_nominal,24
LOT_D02_C021,LOT_D02,RDS(on),96,stable,False,True,False,,,independent_nominal,96
LOT_D02_C021,LOT_D02,RDS(on),168,stable,False,True,False,,,independent_nominal,168
LOT_D02_C021,LOT_D02,IGSS,0,stable,False,True,False,,,independent_nominal,0
LOT_D02_C021,LOT_D02,IGSS,24,stable,False,True,False,,,independent_nominal,24
LOT_D02_C021,LOT_D02,IGSS,96,stable,False,True,False,,,independent_nominal,96
LOT_D02_C021,LOT_D02,IGSS,168,stable,False,True,False,,,independent_nominal,168
LOT_D02_C022,LOT_D02,IDSS,0,stable,False,True,False,,,independent_nominal,0
LOT_D02_C022,LOT_D02,IDSS,24,stable,False,True,False,,,independent_nominal,24
LOT_D02_C022,LOT_D02,IDSS,96,stable,False,True,False,,,independent_nominal,96
LOT_D02_C022,LOT_D02,IDSS,168,stable,False,True,False,,,independent_nominal,168
LOT_D02_C022,LOT_D02,VGS(th),0,high_but_stable,False,True,False,,,lot_level_process_variation,0
LOT_D02_C022,LOT_D02,VGS(th),24,high_but_stable,False,True,False,,,lot_level_process_variation,24
LOT_D02_C022,LOT_D02,VGS(th),96,high_but_stable,False,True,False,,,lot_level_process_variation,96
LOT_D02_C022,LOT_D02,VGS(th),168,high_but_stable,False,True,False,,,lot_level_process_variation,168
LOT_D02_C022,LOT_D02,RDS(on),0,stable,False,True,False,,,independent_nominal,0
LOT_D02_C022,LOT_D02,RDS(on),24,stable,False,True,False,,,independent_nominal,24
LOT_D02_C022,LOT_D02,RDS(on),96,stable,False,True,False,,,independent_nominal,96
LOT_D02_C022,LOT_D02,RDS(on),168,stable,False,True,False,,,independent_nominal,168
LOT_D02_C022,LOT_D02,IGSS,0,stable,False,True,False,,,independent_nominal,0
LOT_D02_C022,LOT_D02,IGSS,24,stable,False,True,False,,,independent_nominal,24
LOT_D02_C022,LOT_D02,IGSS,96,stable,False,True,False,,,independent_nominal,96
LOT_D02_C022,LOT_D02,IGSS,168,stable,False,True,False,,,independent_nominal,168
LOT_D02_C023,LOT_D02,IDSS,0,stable,False,True,False,,,independent_nominal,0
LOT_D02_C023,LOT_D02,IDSS,24,stable,False,True,False,,,independent_nominal,24
LOT_D02_C023,LOT_D02,IDSS,96,stable,False,True,False,,,independent_nominal,96
LOT_D02_C023,LOT_D02,IDSS,168,stable,False,True,False,,,independent_nominal,168
LOT_D02_C023,LOT_D02,VGS(th),0,stable,False,True,False,,,independent_nominal,0
LOT_D02_C023,LOT_D02,VGS(th),24,stable,False,True,False,,,independent_nominal,24
LOT_D02_C023,LOT_D02,VGS(th),96,stable,False,True,False,,,independent_nominal,96
LOT_D02_C023,LOT_D02,VGS(th),168,stable,False,True,False,,,independent_nominal,168
LOT_D02_C023,LOT_D02,RDS(on),0,stable,False,True,False,,,independent_nominal,0
LOT_D02_C023,LOT_D02,RDS(on),24,stable,False,True,False,,,independent_nominal,24
LOT_D02_C023,LOT_D02,RDS(on),96,stable,False,True,False,,,independent_nominal,96
LOT_D02_C023,LOT_D02,RDS(on),168,stable,False,True,False,,,independent_nominal,168
LOT_D02_C023,LOT_D02,IGSS,0,stable,False,True,False,,,independent_nominal,0
LOT_D02_C023,LOT_D02,IGSS,24,stable,False,True,False,,,independent_nominal,24
LOT_D02_C023,LOT_D02,IGSS,96,stable,False,True,False,,,independent_nominal,96
LOT_D02_C023,LOT_D02,IGSS,168,stable,False,True,False,,,independent_nominal,168
LOT_D02_C024,LOT_D02,IDSS,0,stable,False,True,False,,,independent_nominal,0
LOT_D02_C024,LOT_D02,IDSS,24,stable,False,True,False,,,independent_nominal,24
LOT_D02_C024,LOT_D02,IDSS,96,stable,False,True,False,,,independent_nominal,96
LOT_D02_C024,LOT_D02,IDSS,168,stable,False,True,False,,,independent_nominal,168
LOT_D02_C024,LOT_D02,VGS(th),0,stable,False,True,False,,,independent_nominal,0
LOT_D02_C024,LOT_D02,VGS(th),24,stable,False,True,False,,,independent_nominal,24
LOT_D02_C024,LOT_D02,VGS(th),96,stable,False,True,False,,,independent_nominal,96
LOT_D02_C024,LOT_D02,VGS(th),168,stable,False,True,False,,,independent_nominal,168
LOT_D02_C024,LOT_D02,RDS(on),0,high_but_stable,False,True,False,,,lot_level_process_variation,0
LOT_D02_C024,LOT_D02,RDS(on),24,high_but_stable,False,True,False,,,lot_level_process_variation,24
LOT_D02_C024,LOT_D02,RDS(on),96,high_but_stable,False,True,False,,,lot_level_process_variation,96
LOT_D02_C024,LOT_D02,RDS(on),168,high_but_stable,False,True,False,,,lot_level_process_variation,168
LOT_D02_C024,LOT_D02,IGSS,0,stable,False,True,False,,,independent_nominal,0
LOT_D02_C024,LOT_D02,IGSS,24,stable,False,True,False,,,independent_nominal,24
LOT_D02_C024,LOT_D02,IGSS,96,stable,False,True,False,,,independent_nominal,96
LOT_D02_C024,LOT_D02,IGSS,168,stable,False,True,False,,,independent_nominal,168
LOT_D02_C025,LOT_D02,IDSS,0,stable,False,True,False,,,independent_nominal,0
LOT_D02_C025,LOT_D02,IDSS,24,stable,False,True,False,,,independent_nominal,24
LOT_D02_C025,LOT_D02,IDSS,96,stable,False,True,False,,,independent_nominal,96
LOT_D02_C025,LOT_D02,IDSS,168,stable,False,True,False,,,independent_nominal,168
LOT_D02_C025,LOT_D02,VGS(th),0,stable,False,True,False,,,independent_nominal,0
LOT_D02_C025,LOT_D02,VGS(th),24,stable,False,True,False,,,independent_nominal,24
LOT_D02_C025,LOT_D02,VGS(th),96,stable,False,True,False,,,independent_nominal,96
LOT_D02_C025,LOT_D02,VGS(th),168,stable,False,True,False,,,independent_nominal,168
LOT_D02_C025,LOT_D02,RDS(on),0,stable,False,True,False,,,independent_nominal,0
LOT_D02_C025,LOT_D02,RDS(on),24,stable,False,True,False,,,independent_nominal,24
LOT_D02_C025,LOT_D02,RDS(on),96,stable,False,True,False,,,independent_nominal,96
LOT_D02_C025,LOT_D02,RDS(on),168,stable,False,True,False,,,independent_nominal,168
LOT_D02_C025,LOT_D02,IGSS,0,stable,False,True,False,,,independent_nominal,0
LOT_D02_C025,LOT_D02,IGSS,24,stable,False,True,False,,,independent_nominal,24
LOT_D02_C025,LOT_D02,IGSS,96,stable,False,True,False,,,independent_nominal,96
LOT_D02_C025,LOT_D02,IGSS,168,stable,False,True,False,,,independent_nominal,168
LOT_D02_C026,LOT_D02,IDSS,0,high_but_stable,False,True,False,,,lot_level_process_variation,0
LOT_D02_C026,LOT_D02,IDSS,24,high_but_stable,False,True,False,,,lot_level_process_variation,24
LOT_D02_C026,LOT_D02,IDSS,96,high_but_stable,False,True,False,,,lot_level_process_variation,96
LOT_D02_C026,LOT_D02,IDSS,168,high_but_stable,False,True,False,,,lot_level_process_variation,168
LOT_D02_C026,LOT_D02,VGS(th),0,stable,False,True,False,,,independent_nominal,0
LOT_D02_C026,LOT_D02,VGS(th),24,stable,False,True,False,,,independent_nominal,24
LOT_D02_C026,LOT_D02,VGS(th),96,stable,False,True,False,,,independent_nominal,96
LOT_D02_C026,LOT_D02,VGS(th),168,stable,False,True,False,,,independent_nominal,168
LOT_D02_C026,LOT_D02,RDS(on),0,stable,False,True,False,,,independent_nominal,0
LOT_D02_C026,LOT_D02,RDS(on),24,stable,False,True,False,,,independent_nominal,24
LOT_D02_C026,LOT_D02,RDS(on),96,stable,False,True,False,,,independent_nominal,96
LOT_D02_C026,LOT_D02,RDS(on),168,stable,False,True,False,,,independent_nominal,168
LOT_D02_C026,LOT_D02,IGSS,0,stable,False,True,False,,,independent_nominal,0
LOT_D02_C026,LOT_D02,IGSS,24,stable,False,True,False,,,independent_nominal,24
LOT_D02_C026,LOT_D02,IGSS,96,stable,False,True,False,,,independent_nominal,96
LOT_D02_C026,LOT_D02,IGSS,168,stable,False,True,False,,,independent_nominal,168
LOT_D02_C027,LOT_D02,IDSS,0,stable,False,True,False,,,independent_nominal,0
LOT_D02_C027,LOT_D02,IDSS,24,stable,False,True,False,,,independent_nominal,24
LOT_D02_C027,LOT_D02,IDSS,96,stable,False,True,False,,,independent_nominal,96
LOT_D02_C027,LOT_D02,IDSS,168,stable,False,True,False,,,independent_nominal,168
LOT_D02_C027,LOT_D02,VGS(th),0,stable,False,True,False,,,independent_nominal,0
LOT_D02_C027,LOT_D02,VGS(th),24,stable,False,True,False,,,independent_nominal,24
LOT_D02_C027,LOT_D02,VGS(th),96,stable,False,True,False,,,independent_nominal,96
LOT_D02_C027,LOT_D02,VGS(th),168,stable,False,True,False,,,independent_nominal,168
LOT_D02_C027,LOT_D02,RDS(on),0,stable,False,True,False,,,independent_nominal,0
LOT_D02_C027,LOT_D02,RDS(on),24,stable,False,True,False,,,independent_nominal,24
LOT_D02_C027,LOT_D02,RDS(on),96,stable,False,True,False,,,independent_nominal,96
LOT_D02_C027,LOT_D02,RDS(on),168,stable,False,True,False,,,independent_nominal,168
LOT_D02_C027,LOT_D02,IGSS,0,stable,False,True,False,,,independent_nominal,0
LOT_D02_C027,LOT_D02,IGSS,24,stable,False,True,False,,,independent_nominal,24
LOT_D02_C027,LOT_D02,IGSS,96,stable,False,True,False,,,independent_nominal,96
LOT_D02_C027,LOT_D02,IGSS,168,stable,False,True,False,,,independent_nominal,168
LOT_D02_C028,LOT_D02,IDSS,0,stable,False,True,False,,,independent_nominal,0
LOT_D02_C028,LOT_D02,IDSS,24,stable,False,True,False,,,independent_nominal,24
LOT_D02_C028,LOT_D02,IDSS,96,stable,False,True,False,,,independent_nominal,96
LOT_D02_C028,LOT_D02,IDSS,168,stable,False,True,False,,,independent_nominal,168
LOT_D02_C028,LOT_D02,VGS(th),0,high_but_stable,False,True,False,,,lot_level_process_variation,0
LOT_D02_C028,LOT_D02,VGS(th),24,high_but_stable,False,True,False,,,lot_level_process_variation,24
LOT_D02_C028,LOT_D02,VGS(th),96,high_but_stable,False,True,False,,,lot_level_process_variation,96
LOT_D02_C028,LOT_D02,VGS(th),168,high_but_stable,False,True,False,,,lot_level_process_variation,168
LOT_D02_C028,LOT_D02,RDS(on),0,stable,False,True,False,,,independent_nominal,0
LOT_D02_C028,LOT_D02,RDS(on),24,stable,False,True,False,,,independent_nominal,24
LOT_D02_C028,LOT_D02,RDS(on),96,stable,False,True,False,,,independent_nominal,96
LOT_D02_C028,LOT_D02,RDS(on),168,stable,False,True,False,,,independent_nominal,168
LOT_D02_C028,LOT_D02,IGSS,0,stable,False,True,False,,,independent_nominal,0
LOT_D02_C028,LOT_D02,IGSS,24,stable,False,True,False,,,independent_nominal,24
LOT_D02_C028,LOT_D02,IGSS,96,stable,False,True,False,,,independent_nominal,96
LOT_D02_C028,LOT_D02,IGSS,168,stable,False,True,False,,,independent_nominal,168
LOT_D02_C029,LOT_D02,IDSS,0,stable,False,True,False,,,independent_nominal,0
LOT_D02_C029,LOT_D02,IDSS,24,stable,False,True,False,,,independent_nominal,24
LOT_D02_C029,LOT_D02,IDSS,96,stable,False,True,False,,,independent_nominal,96
LOT_D02_C029,LOT_D02,IDSS,168,stable,False,True,False,,,independent_nominal,168
LOT_D02_C029,LOT_D02,VGS(th),0,stable,False,True,False,,,independent_nominal,0
LOT_D02_C029,LOT_D02,VGS(th),24,stable,False,True,False,,,independent_nominal,24
LOT_D02_C029,LOT_D02,VGS(th),96,stable,False,True,False,,,independent_nominal,96
LOT_D02_C029,LOT_D02,VGS(th),168,stable,False,True,False,,,independent_nominal,168
LOT_D02_C029,LOT_D02,RDS(on),0,stable,False,True,False,,,independent_nominal,0
LOT_D02_C029,LOT_D02,RDS(on),24,stable,False,True,False,,,independent_nominal,24
LOT_D02_C029,LOT_D02,RDS(on),96,stable,False,True,False,,,independent_nominal,96
LOT_D02_C029,LOT_D02,RDS(on),168,stable,False,True,False,,,independent_nominal,168
LOT_D02_C029,LOT_D02,IGSS,0,stable,False,True,False,,,independent_nominal,0
LOT_D02_C029,LOT_D02,IGSS,24,stable,False,True,False,,,independent_nominal,24
LOT_D02_C029,LOT_D02,IGSS,96,stable,False,True,False,,,independent_nominal,96
LOT_D02_C029,LOT_D02,IGSS,168,stable,False,True,False,,,independent_nominal,168
LOT_D02_C030,LOT_D02,IDSS,0,stable,False,True,False,,,independent_nominal,0
LOT_D02_C030,LOT_D02,IDSS,24,stable,False,True,False,,,independent_nominal,24
LOT_D02_C030,LOT_D02,IDSS,96,stable,False,True,False,,,independent_nominal,96
LOT_D02_C030,LOT_D02,IDSS,168,stable,False,True,False,,,independent_nominal,168
LOT_D02_C030,LOT_D02,VGS(th),0,stable,False,True,False,,,independent_nominal,0
LOT_D02_C030,LOT_D02,VGS(th),24,stable,False,True,False,,,independent_nominal,24
LOT_D02_C030,LOT_D02,VGS(th),96,stable,False,True,False,,,independent_nominal,96
LOT_D02_C030,LOT_D02,VGS(th),168,stable,False,True,False,,,independent_nominal,168
LOT_D02_C030,LOT_D02,RDS(on),0,high_but_stable,False,True,False,,,lot_level_process_variation,0
LOT_D02_C030,LOT_D02,RDS(on),24,high_but_stable,False,True,False,,,lot_level_process_variation,24
LOT_D02_C030,LOT_D02,RDS(on),96,high_but_stable,False,True,False,,,lot_level_process_variation,96
LOT_D02_C030,LOT_D02,RDS(on),168,high_but_stable,False,True,False,,,lot_level_process_variation,168
LOT_D02_C030,LOT_D02,IGSS,0,stable,False,True,False,,,independent_nominal,0
LOT_D02_C030,LOT_D02,IGSS,24,stable,False,True,False,,,independent_nominal,24
LOT_D02_C030,LOT_D02,IGSS,96,stable,False,True,False,,,independent_nominal,96
LOT_D02_C030,LOT_D02,IGSS,168,stable,False,True,False,,,independent_nominal,168
LOT_D03_C001,LOT_D03,IDSS,0,stable,False,True,False,,,independent_nominal,0
LOT_D03_C001,LOT_D03,IDSS,24,stable,False,True,False,,,independent_nominal,24
LOT_D03_C001,LOT_D03,IDSS,96,stable,False,True,False,,,independent_nominal,96
LOT_D03_C001,LOT_D03,IDSS,168,stable,False,True,False,,,independent_nominal,168
LOT_D03_C001,LOT_D03,VGS(th),0,stable,False,True,False,,,independent_nominal,0
LOT_D03_C001,LOT_D03,VGS(th),24,stable,False,True,False,,,independent_nominal,24
LOT_D03_C001,LOT_D03,VGS(th),96,stable,False,True,False,,,independent_nominal,96
LOT_D03_C001,LOT_D03,VGS(th),168,stable,False,True,False,,,independent_nominal,168
LOT_D03_C001,LOT_D03,RDS(on),0,accelerating_drift,True,True,False,,29.770282269749494,parameter_specific_degradation,0
LOT_D03_C001,LOT_D03,RDS(on),24,accelerating_drift,True,True,True,24.0,29.770282269749494,parameter_specific_degradation,24
LOT_D03_C001,LOT_D03,RDS(on),96,accelerating_drift,True,True,True,24.0,29.770282269749494,parameter_specific_degradation,96
LOT_D03_C001,LOT_D03,RDS(on),168,accelerating_drift,True,False,True,24.0,29.770282269749494,parameter_specific_degradation,168
LOT_D03_C001,LOT_D03,IGSS,0,stable,False,True,False,,,independent_nominal,0
LOT_D03_C001,LOT_D03,IGSS,24,stable,False,True,False,,,independent_nominal,24
LOT_D03_C001,LOT_D03,IGSS,96,stable,False,True,False,,,independent_nominal,96
LOT_D03_C001,LOT_D03,IGSS,168,stable,False,True,False,,,independent_nominal,168
LOT_D03_C002,LOT_D03,IDSS,0,stable,False,True,False,,,lot_level_process_variation,0
LOT_D03_C002,LOT_D03,IDSS,24,stable,False,True,False,,,lot_level_process_variation,24
LOT_D03_C002,LOT_D03,IDSS,96,stable,False,True,False,,,lot_level_process_variation,96
LOT_D03_C002,LOT_D03,IDSS,168,stable,False,True,False,,,lot_level_process_variation,168
LOT_D03_C002,LOT_D03,VGS(th),0,stable,False,True,False,,,independent_nominal,0
LOT_D03_C002,LOT_D03,VGS(th),24,stable,False,True,False,,,independent_nominal,24
LOT_D03_C002,LOT_D03,VGS(th),96,stable,False,True,False,,,independent_nominal,96
LOT_D03_C002,LOT_D03,VGS(th),168,stable,False,True,False,,,independent_nominal,168
LOT_D03_C002,LOT_D03,RDS(on),0,accelerating_drift,True,True,False,,47.034767554648816,parameter_specific_degradation,0
LOT_D03_C002,LOT_D03,RDS(on),24,accelerating_drift,True,True,True,24.0,47.034767554648816,parameter_specific_degradation,24
LOT_D03_C002,LOT_D03,RDS(on),96,accelerating_drift,True,True,True,24.0,47.034767554648816,parameter_specific_degradation,96
LOT_D03_C002,LOT_D03,RDS(on),168,accelerating_drift,True,False,True,24.0,47.034767554648816,parameter_specific_degradation,168
LOT_D03_C002,LOT_D03,IGSS,0,stable,False,True,False,,,independent_nominal,0
LOT_D03_C002,LOT_D03,IGSS,24,stable,False,True,False,,,independent_nominal,24
LOT_D03_C002,LOT_D03,IGSS,96,stable,False,True,False,,,independent_nominal,96
LOT_D03_C002,LOT_D03,IGSS,168,stable,False,True,False,,,independent_nominal,168
LOT_D03_C003,LOT_D03,IDSS,0,stable,False,True,False,,,independent_nominal,0
LOT_D03_C003,LOT_D03,IDSS,24,stable,False,True,False,,,independent_nominal,24
LOT_D03_C003,LOT_D03,IDSS,96,stable,False,True,False,,,independent_nominal,96
LOT_D03_C003,LOT_D03,IDSS,168,stable,False,True,False,,,independent_nominal,168
LOT_D03_C003,LOT_D03,VGS(th),0,stable,False,True,False,,,independent_nominal,0
LOT_D03_C003,LOT_D03,VGS(th),24,stable,False,True,False,,,independent_nominal,24
LOT_D03_C003,LOT_D03,VGS(th),96,stable,False,True,False,,,independent_nominal,96
LOT_D03_C003,LOT_D03,VGS(th),168,stable,False,True,False,,,independent_nominal,168
LOT_D03_C003,LOT_D03,RDS(on),0,accelerating_drift,True,True,False,,23.618918925205985,parameter_specific_degradation,0
LOT_D03_C003,LOT_D03,RDS(on),24,accelerating_drift,True,True,True,24.0,23.618918925205985,parameter_specific_degradation,24
LOT_D03_C003,LOT_D03,RDS(on),96,accelerating_drift,True,True,True,24.0,23.618918925205985,parameter_specific_degradation,96
LOT_D03_C003,LOT_D03,RDS(on),168,accelerating_drift,True,False,True,24.0,23.618918925205985,parameter_specific_degradation,168
LOT_D03_C003,LOT_D03,IGSS,0,stable,False,True,False,,,independent_nominal,0
LOT_D03_C003,LOT_D03,IGSS,24,stable,False,True,False,,,independent_nominal,24
LOT_D03_C003,LOT_D03,IGSS,96,stable,False,True,False,,,independent_nominal,96
LOT_D03_C003,LOT_D03,IGSS,168,stable,False,True,False,,,independent_nominal,168
LOT_D03_C004,LOT_D03,IDSS,0,stable,False,True,False,,,independent_nominal,0
LOT_D03_C004,LOT_D03,IDSS,24,stable,False,True,False,,,independent_nominal,24
LOT_D03_C004,LOT_D03,IDSS,96,stable,False,True,False,,,independent_nominal,96
LOT_D03_C004,LOT_D03,IDSS,168,stable,False,True,False,,,independent_nominal,168
LOT_D03_C004,LOT_D03,VGS(th),0,high_but_stable,False,True,False,,,lot_level_process_variation,0
LOT_D03_C004,LOT_D03,VGS(th),24,high_but_stable,False,True,False,,,lot_level_process_variation,24
LOT_D03_C004,LOT_D03,VGS(th),96,high_but_stable,False,True,False,,,lot_level_process_variation,96
LOT_D03_C004,LOT_D03,VGS(th),168,high_but_stable,False,True,False,,,lot_level_process_variation,168
LOT_D03_C004,LOT_D03,RDS(on),0,stable,False,True,False,,,independent_nominal,0
LOT_D03_C004,LOT_D03,RDS(on),24,stable,False,True,False,,,independent_nominal,24
LOT_D03_C004,LOT_D03,RDS(on),96,stable,False,True,False,,,independent_nominal,96
LOT_D03_C004,LOT_D03,RDS(on),168,stable,False,True,False,,,independent_nominal,168
LOT_D03_C004,LOT_D03,IGSS,0,stable,False,True,False,,,independent_nominal,0
LOT_D03_C004,LOT_D03,IGSS,24,stable,False,True,False,,,independent_nominal,24
LOT_D03_C004,LOT_D03,IGSS,96,stable,False,True,False,,,independent_nominal,96
LOT_D03_C004,LOT_D03,IGSS,168,stable,False,True,False,,,independent_nominal,168
LOT_D03_C005,LOT_D03,IDSS,0,stable,False,True,False,,,independent_nominal,0
LOT_D03_C005,LOT_D03,IDSS,24,stable,False,True,False,,,independent_nominal,24
LOT_D03_C005,LOT_D03,IDSS,96,stable,False,True,False,,,independent_nominal,96
LOT_D03_C005,LOT_D03,IDSS,168,stable,False,True,False,,,independent_nominal,168
LOT_D03_C005,LOT_D03,VGS(th),0,stable,False,True,False,,,independent_nominal,0
LOT_D03_C005,LOT_D03,VGS(th),24,stable,False,True,False,,,independent_nominal,24
LOT_D03_C005,LOT_D03,VGS(th),96,stable,False,True,False,,,independent_nominal,96
LOT_D03_C005,LOT_D03,VGS(th),168,stable,False,True,False,,,independent_nominal,168
LOT_D03_C005,LOT_D03,RDS(on),0,stable,False,True,False,,,independent_nominal,0
LOT_D03_C005,LOT_D03,RDS(on),24,stable,False,True,False,,,independent_nominal,24
LOT_D03_C005,LOT_D03,RDS(on),96,stable,False,True,False,,,independent_nominal,96
LOT_D03_C005,LOT_D03,RDS(on),168,stable,False,True,False,,,independent_nominal,168
LOT_D03_C005,LOT_D03,IGSS,0,stable,False,True,False,,,independent_nominal,0
LOT_D03_C005,LOT_D03,IGSS,24,stable,False,True,False,,,independent_nominal,24
LOT_D03_C005,LOT_D03,IGSS,96,stable,False,True,False,,,independent_nominal,96
LOT_D03_C005,LOT_D03,IGSS,168,stable,False,True,False,,,independent_nominal,168
LOT_D03_C006,LOT_D03,IDSS,0,stable,False,True,False,,,independent_nominal,0
LOT_D03_C006,LOT_D03,IDSS,24,stable,False,True,False,,,independent_nominal,24
LOT_D03_C006,LOT_D03,IDSS,96,stable,False,True,False,,,independent_nominal,96
LOT_D03_C006,LOT_D03,IDSS,168,stable,False,True,False,,,independent_nominal,168
LOT_D03_C006,LOT_D03,VGS(th),0,stable,False,True,False,,,independent_nominal,0
LOT_D03_C006,LOT_D03,VGS(th),24,stable,False,True,False,,,independent_nominal,24
LOT_D03_C006,LOT_D03,VGS(th),96,stable,False,True,False,,,independent_nominal,96
LOT_D03_C006,LOT_D03,VGS(th),168,stable,False,True,False,,,independent_nominal,168
LOT_D03_C006,LOT_D03,RDS(on),0,high_but_stable,False,True,False,,,lot_level_process_variation,0
LOT_D03_C006,LOT_D03,RDS(on),24,high_but_stable,False,True,False,,,lot_level_process_variation,24
LOT_D03_C006,LOT_D03,RDS(on),96,high_but_stable,False,True,False,,,lot_level_process_variation,96
LOT_D03_C006,LOT_D03,RDS(on),168,high_but_stable,False,True,False,,,lot_level_process_variation,168
LOT_D03_C006,LOT_D03,IGSS,0,stable,False,True,False,,,independent_nominal,0
LOT_D03_C006,LOT_D03,IGSS,24,stable,False,True,False,,,independent_nominal,24
LOT_D03_C006,LOT_D03,IGSS,96,stable,False,True,False,,,independent_nominal,96
LOT_D03_C006,LOT_D03,IGSS,168,stable,False,True,False,,,independent_nominal,168
LOT_D03_C007,LOT_D03,IDSS,0,stable,False,True,False,,,independent_nominal,0
LOT_D03_C007,LOT_D03,IDSS,24,stable,False,True,False,,,independent_nominal,24
LOT_D03_C007,LOT_D03,IDSS,96,stable,False,True,False,,,independent_nominal,96
LOT_D03_C007,LOT_D03,IDSS,168,stable,False,True,False,,,independent_nominal,168
LOT_D03_C007,LOT_D03,VGS(th),0,stable,False,True,False,,,independent_nominal,0
LOT_D03_C007,LOT_D03,VGS(th),24,stable,False,True,False,,,independent_nominal,24
LOT_D03_C007,LOT_D03,VGS(th),96,stable,False,True,False,,,independent_nominal,96
LOT_D03_C007,LOT_D03,VGS(th),168,stable,False,True,False,,,independent_nominal,168
LOT_D03_C007,LOT_D03,RDS(on),0,stable,False,True,False,,,independent_nominal,0
LOT_D03_C007,LOT_D03,RDS(on),24,stable,False,True,False,,,independent_nominal,24
LOT_D03_C007,LOT_D03,RDS(on),96,stable,False,True,False,,,independent_nominal,96
LOT_D03_C007,LOT_D03,RDS(on),168,stable,False,True,False,,,independent_nominal,168
LOT_D03_C007,LOT_D03,IGSS,0,stable,False,True,False,,,independent_nominal,0
LOT_D03_C007,LOT_D03,IGSS,24,stable,False,True,False,,,independent_nominal,24
LOT_D03_C007,LOT_D03,IGSS,96,stable,False,True,False,,,independent_nominal,96
LOT_D03_C007,LOT_D03,IGSS,168,stable,False,True,False,,,independent_nominal,168
LOT_D03_C008,LOT_D03,IDSS,0,high_but_stable,False,True,False,,,lot_level_process_variation,0
LOT_D03_C008,LOT_D03,IDSS,24,high_but_stable,False,True,False,,,lot_level_process_variation,24
LOT_D03_C008,LOT_D03,IDSS,96,high_but_stable,False,True,False,,,lot_level_process_variation,96
LOT_D03_C008,LOT_D03,IDSS,168,high_but_stable,False,True,False,,,lot_level_process_variation,168
LOT_D03_C008,LOT_D03,VGS(th),0,stable,False,True,False,,,independent_nominal,0
LOT_D03_C008,LOT_D03,VGS(th),24,stable,False,True,False,,,independent_nominal,24
LOT_D03_C008,LOT_D03,VGS(th),96,stable,False,True,False,,,independent_nominal,96
LOT_D03_C008,LOT_D03,VGS(th),168,stable,False,True,False,,,independent_nominal,168
LOT_D03_C008,LOT_D03,RDS(on),0,stable,False,True,False,,,independent_nominal,0
LOT_D03_C008,LOT_D03,RDS(on),24,stable,False,True,False,,,independent_nominal,24
LOT_D03_C008,LOT_D03,RDS(on),96,stable,False,True,False,,,independent_nominal,96
LOT_D03_C008,LOT_D03,RDS(on),168,stable,False,True,False,,,independent_nominal,168
LOT_D03_C008,LOT_D03,IGSS,0,stable,False,True,False,,,independent_nominal,0
LOT_D03_C008,LOT_D03,IGSS,24,stable,False,True,False,,,independent_nominal,24
LOT_D03_C008,LOT_D03,IGSS,96,stable,False,True,False,,,independent_nominal,96
LOT_D03_C008,LOT_D03,IGSS,168,stable,False,True,False,,,independent_nominal,168
LOT_D03_C009,LOT_D03,IDSS,0,stable,False,True,False,,,independent_nominal,0
LOT_D03_C009,LOT_D03,IDSS,24,stable,False,True,False,,,independent_nominal,24
LOT_D03_C009,LOT_D03,IDSS,96,stable,False,True,False,,,independent_nominal,96
LOT_D03_C009,LOT_D03,IDSS,168,stable,False,True,False,,,independent_nominal,168
LOT_D03_C009,LOT_D03,VGS(th),0,stable,False,True,False,,,independent_nominal,0
LOT_D03_C009,LOT_D03,VGS(th),24,stable,False,True,False,,,independent_nominal,24
LOT_D03_C009,LOT_D03,VGS(th),96,stable,False,True,False,,,independent_nominal,96
LOT_D03_C009,LOT_D03,VGS(th),168,stable,False,True,False,,,independent_nominal,168
LOT_D03_C009,LOT_D03,RDS(on),0,stable,False,True,False,,,independent_nominal,0
LOT_D03_C009,LOT_D03,RDS(on),24,stable,False,True,False,,,independent_nominal,24
LOT_D03_C009,LOT_D03,RDS(on),96,stable,False,True,False,,,independent_nominal,96
LOT_D03_C009,LOT_D03,RDS(on),168,stable,False,True,False,,,independent_nominal,168
LOT_D03_C009,LOT_D03,IGSS,0,stable,False,True,False,,,independent_nominal,0
LOT_D03_C009,LOT_D03,IGSS,24,stable,False,True,False,,,independent_nominal,24
LOT_D03_C009,LOT_D03,IGSS,96,stable,False,True,False,,,independent_nominal,96
LOT_D03_C009,LOT_D03,IGSS,168,stable,False,True,False,,,independent_nominal,168
LOT_D03_C010,LOT_D03,IDSS,0,stable,False,True,False,,,independent_nominal,0
LOT_D03_C010,LOT_D03,IDSS,24,stable,False,True,False,,,independent_nominal,24
LOT_D03_C010,LOT_D03,IDSS,96,stable,False,True,False,,,independent_nominal,96
LOT_D03_C010,LOT_D03,IDSS,168,stable,False,True,False,,,independent_nominal,168
LOT_D03_C010,LOT_D03,VGS(th),0,high_but_stable,False,True,False,,,lot_level_process_variation,0
LOT_D03_C010,LOT_D03,VGS(th),24,high_but_stable,False,True,False,,,lot_level_process_variation,24
LOT_D03_C010,LOT_D03,VGS(th),96,high_but_stable,False,True,False,,,lot_level_process_variation,96
LOT_D03_C010,LOT_D03,VGS(th),168,high_but_stable,False,True,False,,,lot_level_process_variation,168
LOT_D03_C010,LOT_D03,RDS(on),0,stable,False,True,False,,,independent_nominal,0
LOT_D03_C010,LOT_D03,RDS(on),24,stable,False,True,False,,,independent_nominal,24
LOT_D03_C010,LOT_D03,RDS(on),96,stable,False,True,False,,,independent_nominal,96
LOT_D03_C010,LOT_D03,RDS(on),168,stable,False,True,False,,,independent_nominal,168
LOT_D03_C010,LOT_D03,IGSS,0,stable,False,True,False,,,independent_nominal,0
LOT_D03_C010,LOT_D03,IGSS,24,stable,False,True,False,,,independent_nominal,24
LOT_D03_C010,LOT_D03,IGSS,96,stable,False,True,False,,,independent_nominal,96
LOT_D03_C010,LOT_D03,IGSS,168,stable,False,True,False,,,independent_nominal,168
LOT_D03_C011,LOT_D03,IDSS,0,stable,False,True,False,,,independent_nominal,0
LOT_D03_C011,LOT_D03,IDSS,24,stable,False,True,False,,,independent_nominal,24
LOT_D03_C011,LOT_D03,IDSS,96,stable,False,True,False,,,independent_nominal,96
LOT_D03_C011,LOT_D03,IDSS,168,stable,False,True,False,,,independent_nominal,168
LOT_D03_C011,LOT_D03,VGS(th),0,stable,False,True,False,,,independent_nominal,0
LOT_D03_C011,LOT_D03,VGS(th),24,stable,False,True,False,,,independent_nominal,24
LOT_D03_C011,LOT_D03,VGS(th),96,stable,False,True,False,,,independent_nominal,96
LOT_D03_C011,LOT_D03,VGS(th),168,stable,False,True,False,,,independent_nominal,168
LOT_D03_C011,LOT_D03,RDS(on),0,stable,False,True,False,,,independent_nominal,0
LOT_D03_C011,LOT_D03,RDS(on),24,stable,False,True,False,,,independent_nominal,24
LOT_D03_C011,LOT_D03,RDS(on),96,stable,False,True,False,,,independent_nominal,96
LOT_D03_C011,LOT_D03,RDS(on),168,stable,False,True,False,,,independent_nominal,168
LOT_D03_C011,LOT_D03,IGSS,0,stable,False,True,False,,,independent_nominal,0
LOT_D03_C011,LOT_D03,IGSS,24,stable,False,True,False,,,independent_nominal,24
LOT_D03_C011,LOT_D03,IGSS,96,stable,False,True,False,,,independent_nominal,96
LOT_D03_C011,LOT_D03,IGSS,168,stable,False,True,False,,,independent_nominal,168
LOT_D03_C012,LOT_D03,IDSS,0,stable,False,True,False,,,independent_nominal,0
LOT_D03_C012,LOT_D03,IDSS,24,stable,False,True,False,,,independent_nominal,24
LOT_D03_C012,LOT_D03,IDSS,96,stable,False,True,False,,,independent_nominal,96
LOT_D03_C012,LOT_D03,IDSS,168,stable,False,True,False,,,independent_nominal,168
LOT_D03_C012,LOT_D03,VGS(th),0,stable,False,True,False,,,independent_nominal,0
LOT_D03_C012,LOT_D03,VGS(th),24,stable,False,True,False,,,independent_nominal,24
LOT_D03_C012,LOT_D03,VGS(th),96,stable,False,True,False,,,independent_nominal,96
LOT_D03_C012,LOT_D03,VGS(th),168,stable,False,True,False,,,independent_nominal,168
LOT_D03_C012,LOT_D03,RDS(on),0,high_but_stable,False,True,False,,,lot_level_process_variation,0
LOT_D03_C012,LOT_D03,RDS(on),24,high_but_stable,False,True,False,,,lot_level_process_variation,24
LOT_D03_C012,LOT_D03,RDS(on),96,high_but_stable,False,True,False,,,lot_level_process_variation,96
LOT_D03_C012,LOT_D03,RDS(on),168,high_but_stable,False,True,False,,,lot_level_process_variation,168
LOT_D03_C012,LOT_D03,IGSS,0,stable,False,True,False,,,independent_nominal,0
LOT_D03_C012,LOT_D03,IGSS,24,stable,False,True,False,,,independent_nominal,24
LOT_D03_C012,LOT_D03,IGSS,96,stable,False,True,False,,,independent_nominal,96
LOT_D03_C012,LOT_D03,IGSS,168,stable,False,True,False,,,independent_nominal,168
LOT_D03_C013,LOT_D03,IDSS,0,stable,False,True,False,,,independent_nominal,0
LOT_D03_C013,LOT_D03,IDSS,24,stable,False,True,False,,,independent_nominal,24
LOT_D03_C013,LOT_D03,IDSS,96,stable,False,True,False,,,independent_nominal,96
LOT_D03_C013,LOT_D03,IDSS,168,stable,False,True,False,,,independent_nominal,168
LOT_D03_C013,LOT_D03,VGS(th),0,stable,False,True,False,,,independent_nominal,0
LOT_D03_C013,LOT_D03,VGS(th),24,stable,False,True,False,,,independent_nominal,24
LOT_D03_C013,LOT_D03,VGS(th),96,stable,False,True,False,,,independent_nominal,96
LOT_D03_C013,LOT_D03,VGS(th),168,stable,False,True,False,,,independent_nominal,168
LOT_D03_C013,LOT_D03,RDS(on),0,stable,False,True,False,,,independent_nominal,0
LOT_D03_C013,LOT_D03,RDS(on),24,stable,False,True,False,,,independent_nominal,24
LOT_D03_C013,LOT_D03,RDS(on),96,stable,False,True,False,,,independent_nominal,96
LOT_D03_C013,LOT_D03,RDS(on),168,stable,False,True,False,,,independent_nominal,168
LOT_D03_C013,LOT_D03,IGSS,0,stable,False,True,False,,,independent_nominal,0
LOT_D03_C013,LOT_D03,IGSS,24,stable,False,True,False,,,independent_nominal,24
LOT_D03_C013,LOT_D03,IGSS,96,stable,False,True,False,,,independent_nominal,96
LOT_D03_C013,LOT_D03,IGSS,168,stable,False,True,False,,,independent_nominal,168
LOT_D03_C014,LOT_D03,IDSS,0,high_but_stable,False,True,False,,,lot_level_process_variation,0
LOT_D03_C014,LOT_D03,IDSS,24,high_but_stable,False,True,False,,,lot_level_process_variation,24
LOT_D03_C014,LOT_D03,IDSS,96,high_but_stable,False,True,False,,,lot_level_process_variation,96
LOT_D03_C014,LOT_D03,IDSS,168,high_but_stable,False,True,False,,,lot_level_process_variation,168
LOT_D03_C014,LOT_D03,VGS(th),0,stable,False,True,False,,,independent_nominal,0
LOT_D03_C014,LOT_D03,VGS(th),24,stable,False,True,False,,,independent_nominal,24
LOT_D03_C014,LOT_D03,VGS(th),96,stable,False,True,False,,,independent_nominal,96
LOT_D03_C014,LOT_D03,VGS(th),168,stable,False,True,False,,,independent_nominal,168
LOT_D03_C014,LOT_D03,RDS(on),0,stable,False,True,False,,,independent_nominal,0
LOT_D03_C014,LOT_D03,RDS(on),24,stable,False,True,False,,,independent_nominal,24
LOT_D03_C014,LOT_D03,RDS(on),96,stable,False,True,False,,,independent_nominal,96
LOT_D03_C014,LOT_D03,RDS(on),168,stable,False,True,False,,,independent_nominal,168
LOT_D03_C014,LOT_D03,IGSS,0,stable,False,True,False,,,independent_nominal,0
LOT_D03_C014,LOT_D03,IGSS,24,stable,False,True,False,,,independent_nominal,24
LOT_D03_C014,LOT_D03,IGSS,96,stable,False,True,False,,,independent_nominal,96
LOT_D03_C014,LOT_D03,IGSS,168,stable,False,True,False,,,independent_nominal,168
LOT_D03_C015,LOT_D03,IDSS,0,stable,False,True,False,,,independent_nominal,0
LOT_D03_C015,LOT_D03,IDSS,24,stable,False,True,False,,,independent_nominal,24
LOT_D03_C015,LOT_D03,IDSS,96,stable,False,True,False,,,independent_nominal,96
LOT_D03_C015,LOT_D03,IDSS,168,stable,False,True,False,,,independent_nominal,168
LOT_D03_C015,LOT_D03,VGS(th),0,stable,False,True,False,,,independent_nominal,0
LOT_D03_C015,LOT_D03,VGS(th),24,stable,False,True,False,,,independent_nominal,24
LOT_D03_C015,LOT_D03,VGS(th),96,stable,False,True,False,,,independent_nominal,96
LOT_D03_C015,LOT_D03,VGS(th),168,stable,False,True,False,,,independent_nominal,168
LOT_D03_C015,LOT_D03,RDS(on),0,stable,False,True,False,,,independent_nominal,0
LOT_D03_C015,LOT_D03,RDS(on),24,stable,False,True,False,,,independent_nominal,24
LOT_D03_C015,LOT_D03,RDS(on),96,stable,False,True,False,,,independent_nominal,96
LOT_D03_C015,LOT_D03,RDS(on),168,stable,False,True,False,,,independent_nominal,168
LOT_D03_C015,LOT_D03,IGSS,0,stable,False,True,False,,,independent_nominal,0
LOT_D03_C015,LOT_D03,IGSS,24,stable,False,True,False,,,independent_nominal,24
LOT_D03_C015,LOT_D03,IGSS,96,stable,False,True,False,,,independent_nominal,96
LOT_D03_C015,LOT_D03,IGSS,168,stable,False,True,False,,,independent_nominal,168
LOT_D03_C016,LOT_D03,IDSS,0,stable,False,True,False,,,independent_nominal,0
LOT_D03_C016,LOT_D03,IDSS,24,stable,False,True,False,,,independent_nominal,24
LOT_D03_C016,LOT_D03,IDSS,96,stable,False,True,False,,,independent_nominal,96
LOT_D03_C016,LOT_D03,IDSS,168,stable,False,True,False,,,independent_nominal,168
LOT_D03_C016,LOT_D03,VGS(th),0,high_but_stable,False,True,False,,,lot_level_process_variation,0
LOT_D03_C016,LOT_D03,VGS(th),24,high_but_stable,False,True,False,,,lot_level_process_variation,24
LOT_D03_C016,LOT_D03,VGS(th),96,high_but_stable,False,True,False,,,lot_level_process_variation,96
LOT_D03_C016,LOT_D03,VGS(th),168,high_but_stable,False,True,False,,,lot_level_process_variation,168
LOT_D03_C016,LOT_D03,RDS(on),0,stable,False,True,False,,,independent_nominal,0
LOT_D03_C016,LOT_D03,RDS(on),24,stable,False,True,False,,,independent_nominal,24
LOT_D03_C016,LOT_D03,RDS(on),96,stable,False,True,False,,,independent_nominal,96
LOT_D03_C016,LOT_D03,RDS(on),168,stable,False,True,False,,,independent_nominal,168
LOT_D03_C016,LOT_D03,IGSS,0,stable,False,True,False,,,independent_nominal,0
LOT_D03_C016,LOT_D03,IGSS,24,stable,False,True,False,,,independent_nominal,24
LOT_D03_C016,LOT_D03,IGSS,96,stable,False,True,False,,,independent_nominal,96
LOT_D03_C016,LOT_D03,IGSS,168,stable,False,True,False,,,independent_nominal,168
LOT_D03_C017,LOT_D03,IDSS,0,stable,False,True,False,,,independent_nominal,0
LOT_D03_C017,LOT_D03,IDSS,24,stable,False,True,False,,,independent_nominal,24
LOT_D03_C017,LOT_D03,IDSS,96,stable,False,True,False,,,independent_nominal,96
LOT_D03_C017,LOT_D03,IDSS,168,stable,False,True,False,,,independent_nominal,168
LOT_D03_C017,LOT_D03,VGS(th),0,stable,False,True,False,,,independent_nominal,0
LOT_D03_C017,LOT_D03,VGS(th),24,stable,False,True,False,,,independent_nominal,24
LOT_D03_C017,LOT_D03,VGS(th),96,stable,False,True,False,,,independent_nominal,96
LOT_D03_C017,LOT_D03,VGS(th),168,stable,False,True,False,,,independent_nominal,168
LOT_D03_C017,LOT_D03,RDS(on),0,stable,False,True,False,,,independent_nominal,0
LOT_D03_C017,LOT_D03,RDS(on),24,stable,False,True,False,,,independent_nominal,24
LOT_D03_C017,LOT_D03,RDS(on),96,stable,False,True,False,,,independent_nominal,96
LOT_D03_C017,LOT_D03,RDS(on),168,stable,False,True,False,,,independent_nominal,168
LOT_D03_C017,LOT_D03,IGSS,0,stable,False,True,False,,,independent_nominal,0
LOT_D03_C017,LOT_D03,IGSS,24,stable,False,True,False,,,independent_nominal,24
LOT_D03_C017,LOT_D03,IGSS,96,stable,False,True,False,,,independent_nominal,96
LOT_D03_C017,LOT_D03,IGSS,168,stable,False,True,False,,,independent_nominal,168
LOT_D03_C018,LOT_D03,IDSS,0,stable,False,True,False,,,independent_nominal,0
LOT_D03_C018,LOT_D03,IDSS,24,stable,False,True,False,,,independent_nominal,24
LOT_D03_C018,LOT_D03,IDSS,96,stable,False,True,False,,,independent_nominal,96
LOT_D03_C018,LOT_D03,IDSS,168,stable,False,True,False,,,independent_nominal,168
LOT_D03_C018,LOT_D03,VGS(th),0,stable,False,True,False,,,independent_nominal,0
LOT_D03_C018,LOT_D03,VGS(th),24,stable,False,True,False,,,independent_nominal,24
LOT_D03_C018,LOT_D03,VGS(th),96,stable,False,True,False,,,independent_nominal,96
LOT_D03_C018,LOT_D03,VGS(th),168,stable,False,True,False,,,independent_nominal,168
LOT_D03_C018,LOT_D03,RDS(on),0,high_but_stable,False,True,False,,,lot_level_process_variation,0
LOT_D03_C018,LOT_D03,RDS(on),24,high_but_stable,False,True,False,,,lot_level_process_variation,24
LOT_D03_C018,LOT_D03,RDS(on),96,high_but_stable,False,True,False,,,lot_level_process_variation,96
LOT_D03_C018,LOT_D03,RDS(on),168,high_but_stable,False,True,False,,,lot_level_process_variation,168
LOT_D03_C018,LOT_D03,IGSS,0,stable,False,True,False,,,independent_nominal,0
LOT_D03_C018,LOT_D03,IGSS,24,stable,False,True,False,,,independent_nominal,24
LOT_D03_C018,LOT_D03,IGSS,96,stable,False,True,False,,,independent_nominal,96
LOT_D03_C018,LOT_D03,IGSS,168,stable,False,True,False,,,independent_nominal,168
LOT_D03_C019,LOT_D03,IDSS,0,stable,False,True,False,,,independent_nominal,0
LOT_D03_C019,LOT_D03,IDSS,24,stable,False,True,False,,,independent_nominal,24
LOT_D03_C019,LOT_D03,IDSS,96,stable,False,True,False,,,independent_nominal,96
LOT_D03_C019,LOT_D03,IDSS,168,stable,False,True,False,,,independent_nominal,168
LOT_D03_C019,LOT_D03,VGS(th),0,stable,False,True,False,,,independent_nominal,0
LOT_D03_C019,LOT_D03,VGS(th),24,stable,False,True,False,,,independent_nominal,24
LOT_D03_C019,LOT_D03,VGS(th),96,stable,False,True,False,,,independent_nominal,96
LOT_D03_C019,LOT_D03,VGS(th),168,stable,False,True,False,,,independent_nominal,168
LOT_D03_C019,LOT_D03,RDS(on),0,stable,False,True,False,,,independent_nominal,0
LOT_D03_C019,LOT_D03,RDS(on),24,stable,False,True,False,,,independent_nominal,24
LOT_D03_C019,LOT_D03,RDS(on),96,stable,False,True,False,,,independent_nominal,96
LOT_D03_C019,LOT_D03,RDS(on),168,stable,False,True,False,,,independent_nominal,168
LOT_D03_C019,LOT_D03,IGSS,0,stable,False,True,False,,,independent_nominal,0
LOT_D03_C019,LOT_D03,IGSS,24,stable,False,True,False,,,independent_nominal,24
LOT_D03_C019,LOT_D03,IGSS,96,stable,False,True,False,,,independent_nominal,96
LOT_D03_C019,LOT_D03,IGSS,168,stable,False,True,False,,,independent_nominal,168
LOT_D03_C020,LOT_D03,IDSS,0,high_but_stable,False,True,False,,,lot_level_process_variation,0
LOT_D03_C020,LOT_D03,IDSS,24,high_but_stable,False,True,False,,,lot_level_process_variation,24
LOT_D03_C020,LOT_D03,IDSS,96,high_but_stable,False,True,False,,,lot_level_process_variation,96
LOT_D03_C020,LOT_D03,IDSS,168,high_but_stable,False,True,False,,,lot_level_process_variation,168
LOT_D03_C020,LOT_D03,VGS(th),0,stable,False,True,False,,,independent_nominal,0
LOT_D03_C020,LOT_D03,VGS(th),24,stable,False,True,False,,,independent_nominal,24
LOT_D03_C020,LOT_D03,VGS(th),96,stable,False,True,False,,,independent_nominal,96
LOT_D03_C020,LOT_D03,VGS(th),168,stable,False,True,False,,,independent_nominal,168
LOT_D03_C020,LOT_D03,RDS(on),0,stable,False,True,False,,,independent_nominal,0
LOT_D03_C020,LOT_D03,RDS(on),24,stable,False,True,False,,,independent_nominal,24
LOT_D03_C020,LOT_D03,RDS(on),96,stable,False,True,False,,,independent_nominal,96
LOT_D03_C020,LOT_D03,RDS(on),168,stable,False,True,False,,,independent_nominal,168
LOT_D03_C020,LOT_D03,IGSS,0,stable,False,True,False,,,independent_nominal,0
LOT_D03_C020,LOT_D03,IGSS,24,stable,False,True,False,,,independent_nominal,24
LOT_D03_C020,LOT_D03,IGSS,96,stable,False,True,False,,,independent_nominal,96
LOT_D03_C020,LOT_D03,IGSS,168,stable,False,True,False,,,independent_nominal,168
LOT_D03_C021,LOT_D03,IDSS,0,stable,False,True,False,,,independent_nominal,0
LOT_D03_C021,LOT_D03,IDSS,24,stable,False,True,False,,,independent_nominal,24
LOT_D03_C021,LOT_D03,IDSS,96,stable,False,True,False,,,independent_nominal,96
LOT_D03_C021,LOT_D03,IDSS,168,stable,False,True,False,,,independent_nominal,168
LOT_D03_C021,LOT_D03,VGS(th),0,stable,False,True,False,,,independent_nominal,0
LOT_D03_C021,LOT_D03,VGS(th),24,stable,False,True,False,,,independent_nominal,24
LOT_D03_C021,LOT_D03,VGS(th),96,stable,False,True,False,,,independent_nominal,96
LOT_D03_C021,LOT_D03,VGS(th),168,stable,False,True,False,,,independent_nominal,168
LOT_D03_C021,LOT_D03,RDS(on),0,stable,False,True,False,,,independent_nominal,0
LOT_D03_C021,LOT_D03,RDS(on),24,stable,False,True,False,,,independent_nominal,24
LOT_D03_C021,LOT_D03,RDS(on),96,stable,False,True,False,,,independent_nominal,96
LOT_D03_C021,LOT_D03,RDS(on),168,stable,False,True,False,,,independent_nominal,168
LOT_D03_C021,LOT_D03,IGSS,0,stable,False,True,False,,,independent_nominal,0
LOT_D03_C021,LOT_D03,IGSS,24,stable,False,True,False,,,independent_nominal,24
LOT_D03_C021,LOT_D03,IGSS,96,stable,False,True,False,,,independent_nominal,96
LOT_D03_C021,LOT_D03,IGSS,168,stable,False,True,False,,,independent_nominal,168
LOT_D03_C022,LOT_D03,IDSS,0,stable,False,True,False,,,independent_nominal,0
LOT_D03_C022,LOT_D03,IDSS,24,stable,False,True,False,,,independent_nominal,24
LOT_D03_C022,LOT_D03,IDSS,96,stable,False,True,False,,,independent_nominal,96
LOT_D03_C022,LOT_D03,IDSS,168,stable,False,True,False,,,independent_nominal,168
LOT_D03_C022,LOT_D03,VGS(th),0,high_but_stable,False,True,False,,,lot_level_process_variation,0
LOT_D03_C022,LOT_D03,VGS(th),24,high_but_stable,False,True,False,,,lot_level_process_variation,24
LOT_D03_C022,LOT_D03,VGS(th),96,high_but_stable,False,True,False,,,lot_level_process_variation,96
LOT_D03_C022,LOT_D03,VGS(th),168,high_but_stable,False,True,False,,,lot_level_process_variation,168
LOT_D03_C022,LOT_D03,RDS(on),0,stable,False,True,False,,,independent_nominal,0
LOT_D03_C022,LOT_D03,RDS(on),24,stable,False,True,False,,,independent_nominal,24
LOT_D03_C022,LOT_D03,RDS(on),96,stable,False,True,False,,,independent_nominal,96
LOT_D03_C022,LOT_D03,RDS(on),168,stable,False,True,False,,,independent_nominal,168
LOT_D03_C022,LOT_D03,IGSS,0,stable,False,True,False,,,independent_nominal,0
LOT_D03_C022,LOT_D03,IGSS,24,stable,False,True,False,,,independent_nominal,24
LOT_D03_C022,LOT_D03,IGSS,96,stable,False,True,False,,,independent_nominal,96
LOT_D03_C022,LOT_D03,IGSS,168,stable,False,True,False,,,independent_nominal,168
LOT_D03_C023,LOT_D03,IDSS,0,stable,False,True,False,,,independent_nominal,0
LOT_D03_C023,LOT_D03,IDSS,24,stable,False,True,False,,,independent_nominal,24
LOT_D03_C023,LOT_D03,IDSS,96,stable,False,True,False,,,independent_nominal,96
LOT_D03_C023,LOT_D03,IDSS,168,stable,False,True,False,,,independent_nominal,168
LOT_D03_C023,LOT_D03,VGS(th),0,stable,False,True,False,,,independent_nominal,0
LOT_D03_C023,LOT_D03,VGS(th),24,stable,False,True,False,,,independent_nominal,24
LOT_D03_C023,LOT_D03,VGS(th),96,stable,False,True,False,,,independent_nominal,96
LOT_D03_C023,LOT_D03,VGS(th),168,stable,False,True,False,,,independent_nominal,168
LOT_D03_C023,LOT_D03,RDS(on),0,stable,False,True,False,,,independent_nominal,0
LOT_D03_C023,LOT_D03,RDS(on),24,stable,False,True,False,,,independent_nominal,24
LOT_D03_C023,LOT_D03,RDS(on),96,stable,False,True,False,,,independent_nominal,96
LOT_D03_C023,LOT_D03,RDS(on),168,stable,False,True,False,,,independent_nominal,168
LOT_D03_C023,LOT_D03,IGSS,0,stable,False,True,False,,,independent_nominal,0
LOT_D03_C023,LOT_D03,IGSS,24,stable,False,True,False,,,independent_nominal,24
LOT_D03_C023,LOT_D03,IGSS,96,stable,False,True,False,,,independent_nominal,96
LOT_D03_C023,LOT_D03,IGSS,168,stable,False,True,False,,,independent_nominal,168
LOT_D03_C024,LOT_D03,IDSS,0,stable,False,True,False,,,independent_nominal,0
LOT_D03_C024,LOT_D03,IDSS,24,stable,False,True,False,,,independent_nominal,24
LOT_D03_C024,LOT_D03,IDSS,96,stable,False,True,False,,,independent_nominal,96
LOT_D03_C024,LOT_D03,IDSS,168,stable,False,True,False,,,independent_nominal,168
LOT_D03_C024,LOT_D03,VGS(th),0,stable,False,True,False,,,independent_nominal,0
LOT_D03_C024,LOT_D03,VGS(th),24,stable,False,True,False,,,independent_nominal,24
LOT_D03_C024,LOT_D03,VGS(th),96,stable,False,True,False,,,independent_nominal,96
LOT_D03_C024,LOT_D03,VGS(th),168,stable,False,True,False,,,independent_nominal,168
LOT_D03_C024,LOT_D03,RDS(on),0,high_but_stable,False,True,False,,,lot_level_process_variation,0
LOT_D03_C024,LOT_D03,RDS(on),24,high_but_stable,False,True,False,,,lot_level_process_variation,24
LOT_D03_C024,LOT_D03,RDS(on),96,high_but_stable,False,True,False,,,lot_level_process_variation,96
LOT_D03_C024,LOT_D03,RDS(on),168,high_but_stable,False,True,False,,,lot_level_process_variation,168
LOT_D03_C024,LOT_D03,IGSS,0,stable,False,True,False,,,independent_nominal,0
LOT_D03_C024,LOT_D03,IGSS,24,stable,False,True,False,,,independent_nominal,24
LOT_D03_C024,LOT_D03,IGSS,96,stable,False,True,False,,,independent_nominal,96
LOT_D03_C024,LOT_D03,IGSS,168,stable,False,True,False,,,independent_nominal,168
LOT_D03_C025,LOT_D03,IDSS,0,stable,False,True,False,,,independent_nominal,0
LOT_D03_C025,LOT_D03,IDSS,24,stable,False,True,False,,,independent_nominal,24
LOT_D03_C025,LOT_D03,IDSS,96,stable,False,True,False,,,independent_nominal,96
LOT_D03_C025,LOT_D03,IDSS,168,stable,False,True,False,,,independent_nominal,168
LOT_D03_C025,LOT_D03,VGS(th),0,stable,False,True,False,,,independent_nominal,0
LOT_D03_C025,LOT_D03,VGS(th),24,stable,False,True,False,,,independent_nominal,24
LOT_D03_C025,LOT_D03,VGS(th),96,stable,False,True,False,,,independent_nominal,96
LOT_D03_C025,LOT_D03,VGS(th),168,stable,False,True,False,,,independent_nominal,168
LOT_D03_C025,LOT_D03,RDS(on),0,stable,False,True,False,,,independent_nominal,0
LOT_D03_C025,LOT_D03,RDS(on),24,stable,False,True,False,,,independent_nominal,24
LOT_D03_C025,LOT_D03,RDS(on),96,stable,False,True,False,,,independent_nominal,96
LOT_D03_C025,LOT_D03,RDS(on),168,stable,False,True,False,,,independent_nominal,168
LOT_D03_C025,LOT_D03,IGSS,0,stable,False,True,False,,,independent_nominal,0
LOT_D03_C025,LOT_D03,IGSS,24,stable,False,True,False,,,independent_nominal,24
LOT_D03_C025,LOT_D03,IGSS,96,stable,False,True,False,,,independent_nominal,96
LOT_D03_C025,LOT_D03,IGSS,168,stable,False,True,False,,,independent_nominal,168
LOT_D03_C026,LOT_D03,IDSS,0,high_but_stable,False,True,False,,,lot_level_process_variation,0
LOT_D03_C026,LOT_D03,IDSS,24,high_but_stable,False,True,False,,,lot_level_process_variation,24
LOT_D03_C026,LOT_D03,IDSS,96,high_but_stable,False,True,False,,,lot_level_process_variation,96
LOT_D03_C026,LOT_D03,IDSS,168,high_but_stable,False,True,False,,,lot_level_process_variation,168
LOT_D03_C026,LOT_D03,VGS(th),0,stable,False,True,False,,,independent_nominal,0
LOT_D03_C026,LOT_D03,VGS(th),24,stable,False,True,False,,,independent_nominal,24
LOT_D03_C026,LOT_D03,VGS(th),96,stable,False,True,False,,,independent_nominal,96
LOT_D03_C026,LOT_D03,VGS(th),168,stable,False,True,False,,,independent_nominal,168
LOT_D03_C026,LOT_D03,RDS(on),0,stable,False,True,False,,,independent_nominal,0
LOT_D03_C026,LOT_D03,RDS(on),24,stable,False,True,False,,,independent_nominal,24
LOT_D03_C026,LOT_D03,RDS(on),96,stable,False,True,False,,,independent_nominal,96
LOT_D03_C026,LOT_D03,RDS(on),168,stable,False,True,False,,,independent_nominal,168
LOT_D03_C026,LOT_D03,IGSS,0,stable,False,True,False,,,independent_nominal,0
LOT_D03_C026,LOT_D03,IGSS,24,stable,False,True,False,,,independent_nominal,24
LOT_D03_C026,LOT_D03,IGSS,96,stable,False,True,False,,,independent_nominal,96
LOT_D03_C026,LOT_D03,IGSS,168,stable,False,True,False,,,independent_nominal,168
LOT_D03_C027,LOT_D03,IDSS,0,stable,False,True,False,,,independent_nominal,0
LOT_D03_C027,LOT_D03,IDSS,24,stable,False,True,False,,,independent_nominal,24
LOT_D03_C027,LOT_D03,IDSS,96,stable,False,True,False,,,independent_nominal,96
LOT_D03_C027,LOT_D03,IDSS,168,stable,False,True,False,,,independent_nominal,168
LOT_D03_C027,LOT_D03,VGS(th),0,stable,False,True,False,,,independent_nominal,0
LOT_D03_C027,LOT_D03,VGS(th),24,stable,False,True,False,,,independent_nominal,24
LOT_D03_C027,LOT_D03,VGS(th),96,stable,False,True,False,,,independent_nominal,96
LOT_D03_C027,LOT_D03,VGS(th),168,stable,False,True,False,,,independent_nominal,168
LOT_D03_C027,LOT_D03,RDS(on),0,stable,False,True,False,,,independent_nominal,0
LOT_D03_C027,LOT_D03,RDS(on),24,stable,False,True,False,,,independent_nominal,24
LOT_D03_C027,LOT_D03,RDS(on),96,stable,False,True,False,,,independent_nominal,96
LOT_D03_C027,LOT_D03,RDS(on),168,stable,False,True,False,,,independent_nominal,168
LOT_D03_C027,LOT_D03,IGSS,0,stable,False,True,False,,,independent_nominal,0
LOT_D03_C027,LOT_D03,IGSS,24,stable,False,True,False,,,independent_nominal,24
LOT_D03_C027,LOT_D03,IGSS,96,stable,False,True,False,,,independent_nominal,96
LOT_D03_C027,LOT_D03,IGSS,168,stable,False,True,False,,,independent_nominal,168
LOT_D03_C028,LOT_D03,IDSS,0,stable,False,True,False,,,independent_nominal,0
LOT_D03_C028,LOT_D03,IDSS,24,stable,False,True,False,,,independent_nominal,24
LOT_D03_C028,LOT_D03,IDSS,96,stable,False,True,False,,,independent_nominal,96
LOT_D03_C028,LOT_D03,IDSS,168,stable,False,True,False,,,independent_nominal,168
LOT_D03_C028,LOT_D03,VGS(th),0,high_but_stable,False,True,False,,,lot_level_process_variation,0
LOT_D03_C028,LOT_D03,VGS(th),24,high_but_stable,False,True,False,,,lot_level_process_variation,24
LOT_D03_C028,LOT_D03,VGS(th),96,high_but_stable,False,True,False,,,lot_level_process_variation,96
LOT_D03_C028,LOT_D03,VGS(th),168,high_but_stable,False,True,False,,,lot_level_process_variation,168
LOT_D03_C028,LOT_D03,RDS(on),0,stable,False,True,False,,,independent_nominal,0
LOT_D03_C028,LOT_D03,RDS(on),24,stable,False,True,False,,,independent_nominal,24
LOT_D03_C028,LOT_D03,RDS(on),96,stable,False,True,False,,,independent_nominal,96
LOT_D03_C028,LOT_D03,RDS(on),168,stable,False,True,False,,,independent_nominal,168
LOT_D03_C028,LOT_D03,IGSS,0,stable,False,True,False,,,independent_nominal,0
LOT_D03_C028,LOT_D03,IGSS,24,stable,False,True,False,,,independent_nominal,24
LOT_D03_C028,LOT_D03,IGSS,96,stable,False,True,False,,,independent_nominal,96
LOT_D03_C028,LOT_D03,IGSS,168,stable,False,True,False,,,independent_nominal,168
LOT_D03_C029,LOT_D03,IDSS,0,stable,False,True,False,,,independent_nominal,0
LOT_D03_C029,LOT_D03,IDSS,24,stable,False,True,False,,,independent_nominal,24
LOT_D03_C029,LOT_D03,IDSS,96,stable,False,True,False,,,independent_nominal,96
LOT_D03_C029,LOT_D03,IDSS,168,stable,False,True,False,,,independent_nominal,168
LOT_D03_C029,LOT_D03,VGS(th),0,stable,False,True,False,,,independent_nominal,0
LOT_D03_C029,LOT_D03,VGS(th),24,stable,False,True,False,,,independent_nominal,24
LOT_D03_C029,LOT_D03,VGS(th),96,stable,False,True,False,,,independent_nominal,96
LOT_D03_C029,LOT_D03,VGS(th),168,stable,False,True,False,,,independent_nominal,168
LOT_D03_C029,LOT_D03,RDS(on),0,stable,False,True,False,,,independent_nominal,0
LOT_D03_C029,LOT_D03,RDS(on),24,stable,False,True,False,,,independent_nominal,24
LOT_D03_C029,LOT_D03,RDS(on),96,stable,False,True,False,,,independent_nominal,96
LOT_D03_C029,LOT_D03,RDS(on),168,stable,False,True,False,,,independent_nominal,168
LOT_D03_C029,LOT_D03,IGSS,0,stable,False,True,False,,,independent_nominal,0
LOT_D03_C029,LOT_D03,IGSS,24,stable,False,True,False,,,independent_nominal,24
LOT_D03_C029,LOT_D03,IGSS,96,stable,False,True,False,,,independent_nominal,96
LOT_D03_C029,LOT_D03,IGSS,168,stable,False,True,False,,,independent_nominal,168
LOT_D03_C030,LOT_D03,IDSS,0,stable,False,True,False,,,independent_nominal,0
LOT_D03_C030,LOT_D03,IDSS,24,stable,False,True,False,,,independent_nominal,24
LOT_D03_C030,LOT_D03,IDSS,96,stable,False,True,False,,,independent_nominal,96
LOT_D03_C030,LOT_D03,IDSS,168,stable,False,True,False,,,independent_nominal,168
LOT_D03_C030,LOT_D03,VGS(th),0,stable,False,True,False,,,independent_nominal,0
LOT_D03_C030,LOT_D03,VGS(th),24,stable,False,True,False,,,independent_nominal,24
LOT_D03_C030,LOT_D03,VGS(th),96,stable,False,True,False,,,independent_nominal,96
LOT_D03_C030,LOT_D03,VGS(th),168,stable,False,True,False,,,independent_nominal,168
LOT_D03_C030,LOT_D03,RDS(on),0,high_but_stable,False,True,False,,,lot_level_process_variation,0
LOT_D03_C030,LOT_D03,RDS(on),24,high_but_stable,False,True,False,,,lot_level_process_variation,24
LOT_D03_C030,LOT_D03,RDS(on),96,high_but_stable,False,True,False,,,lot_level_process_variation,96
LOT_D03_C030,LOT_D03,RDS(on),168,high_but_stable,False,True,False,,,lot_level_process_variation,168
LOT_D03_C030,LOT_D03,IGSS,0,stable,False,True,False,,,independent_nominal,0
LOT_D03_C030,LOT_D03,IGSS,24,stable,False,True,False,,,independent_nominal,24
LOT_D03_C030,LOT_D03,IGSS,96,stable,False,True,False,,,independent_nominal,96
LOT_D03_C030,LOT_D03,IGSS,168,stable,False,True,False,,,independent_nominal,168
LOT_D04_C001,LOT_D04,IDSS,0,linear_drift,True,True,False,,2.344972513010468,parameter_specific_degradation,0
LOT_D04_C001,LOT_D04,IDSS,24,linear_drift,True,True,True,24.0,2.344972513010468,parameter_specific_degradation,24
LOT_D04_C001,LOT_D04,IDSS,96,linear_drift,True,True,True,24.0,2.344972513010468,parameter_specific_degradation,96
LOT_D04_C001,LOT_D04,IDSS,168,linear_drift,True,True,True,24.0,2.344972513010468,parameter_specific_degradation,168
LOT_D04_C001,LOT_D04,VGS(th),0,stable,False,True,False,,,independent_nominal,0
LOT_D04_C001,LOT_D04,VGS(th),24,stable,False,True,False,,,independent_nominal,24
LOT_D04_C001,LOT_D04,VGS(th),96,stable,False,True,False,,,independent_nominal,96
LOT_D04_C001,LOT_D04,VGS(th),168,stable,False,True,False,,,independent_nominal,168
LOT_D04_C001,LOT_D04,RDS(on),0,stable,False,True,False,,,independent_nominal,0
LOT_D04_C001,LOT_D04,RDS(on),24,stable,False,True,False,,,independent_nominal,24
LOT_D04_C001,LOT_D04,RDS(on),96,stable,False,True,False,,,independent_nominal,96
LOT_D04_C001,LOT_D04,RDS(on),168,stable,False,True,False,,,independent_nominal,168
LOT_D04_C001,LOT_D04,IGSS,0,stable,False,True,False,,,independent_nominal,0
LOT_D04_C001,LOT_D04,IGSS,24,stable,False,True,False,,,independent_nominal,24
LOT_D04_C001,LOT_D04,IGSS,96,stable,False,True,False,,,independent_nominal,96
LOT_D04_C001,LOT_D04,IGSS,168,stable,False,True,False,,,independent_nominal,168
LOT_D04_C002,LOT_D04,IDSS,0,linear_drift,True,True,False,,1.8119912835443175,parameter_specific_degradation,0
LOT_D04_C002,LOT_D04,IDSS,24,linear_drift,True,True,True,24.0,1.8119912835443175,parameter_specific_degradation,24
LOT_D04_C002,LOT_D04,IDSS,96,linear_drift,True,True,True,24.0,1.8119912835443175,parameter_specific_degradation,96
LOT_D04_C002,LOT_D04,IDSS,168,linear_drift,True,True,True,24.0,1.8119912835443175,parameter_specific_degradation,168
LOT_D04_C002,LOT_D04,VGS(th),0,stable,False,True,False,,,independent_nominal,0
LOT_D04_C002,LOT_D04,VGS(th),24,stable,False,True,False,,,independent_nominal,24
LOT_D04_C002,LOT_D04,VGS(th),96,stable,False,True,False,,,independent_nominal,96
LOT_D04_C002,LOT_D04,VGS(th),168,stable,False,True,False,,,independent_nominal,168
LOT_D04_C002,LOT_D04,RDS(on),0,stable,False,True,False,,,independent_nominal,0
LOT_D04_C002,LOT_D04,RDS(on),24,stable,False,True,False,,,independent_nominal,24
LOT_D04_C002,LOT_D04,RDS(on),96,stable,False,True,False,,,independent_nominal,96
LOT_D04_C002,LOT_D04,RDS(on),168,stable,False,True,False,,,independent_nominal,168
LOT_D04_C002,LOT_D04,IGSS,0,stable,False,True,False,,,independent_nominal,0
LOT_D04_C002,LOT_D04,IGSS,24,stable,False,True,False,,,independent_nominal,24
LOT_D04_C002,LOT_D04,IGSS,96,stable,False,True,False,,,independent_nominal,96
LOT_D04_C002,LOT_D04,IGSS,168,stable,False,True,False,,,independent_nominal,168
LOT_D04_C003,LOT_D04,IDSS,0,linear_drift,True,True,False,,2.0888475272091034,parameter_specific_degradation,0
LOT_D04_C003,LOT_D04,IDSS,24,linear_drift,True,True,True,24.0,2.0888475272091034,parameter_specific_degradation,24
LOT_D04_C003,LOT_D04,IDSS,96,linear_drift,True,True,True,24.0,2.0888475272091034,parameter_specific_degradation,96
LOT_D04_C003,LOT_D04,IDSS,168,linear_drift,True,True,True,24.0,2.0888475272091034,parameter_specific_degradation,168
LOT_D04_C003,LOT_D04,VGS(th),0,stable,False,True,False,,,independent_nominal,0
LOT_D04_C003,LOT_D04,VGS(th),24,stable,False,True,False,,,independent_nominal,24
LOT_D04_C003,LOT_D04,VGS(th),96,stable,False,True,False,,,independent_nominal,96
LOT_D04_C003,LOT_D04,VGS(th),168,stable,False,True,False,,,independent_nominal,168
LOT_D04_C003,LOT_D04,RDS(on),0,stable,False,True,False,,,independent_nominal,0
LOT_D04_C003,LOT_D04,RDS(on),24,stable,False,True,False,,,independent_nominal,24
LOT_D04_C003,LOT_D04,RDS(on),96,stable,False,True,False,,,independent_nominal,96
LOT_D04_C003,LOT_D04,RDS(on),168,stable,False,True,False,,,independent_nominal,168
LOT_D04_C003,LOT_D04,IGSS,0,stable,False,True,False,,,independent_nominal,0
LOT_D04_C003,LOT_D04,IGSS,24,stable,False,True,False,,,independent_nominal,24
LOT_D04_C003,LOT_D04,IGSS,96,stable,False,True,False,,,independent_nominal,96
LOT_D04_C003,LOT_D04,IGSS,168,stable,False,True,False,,,independent_nominal,168
LOT_D04_C004,LOT_D04,IDSS,0,stable,False,True,False,,,independent_nominal,0
LOT_D04_C004,LOT_D04,IDSS,24,stable,False,True,False,,,independent_nominal,24
LOT_D04_C004,LOT_D04,IDSS,96,stable,False,True,False,,,independent_nominal,96
LOT_D04_C004,LOT_D04,IDSS,168,stable,False,True,False,,,independent_nominal,168
LOT_D04_C004,LOT_D04,VGS(th),0,high_but_stable,False,True,False,,,lot_level_process_variation,0
LOT_D04_C004,LOT_D04,VGS(th),24,high_but_stable,False,True,False,,,lot_level_process_variation,24
LOT_D04_C004,LOT_D04,VGS(th),96,high_but_stable,False,True,False,,,lot_level_process_variation,96
LOT_D04_C004,LOT_D04,VGS(th),168,high_but_stable,False,True,False,,,lot_level_process_variation,168
LOT_D04_C004,LOT_D04,RDS(on),0,stable,False,True,False,,,independent_nominal,0
LOT_D04_C004,LOT_D04,RDS(on),24,stable,False,True,False,,,independent_nominal,24
LOT_D04_C004,LOT_D04,RDS(on),96,stable,False,True,False,,,independent_nominal,96
LOT_D04_C004,LOT_D04,RDS(on),168,stable,False,True,False,,,independent_nominal,168
LOT_D04_C004,LOT_D04,IGSS,0,stable,False,True,False,,,independent_nominal,0
LOT_D04_C004,LOT_D04,IGSS,24,stable,False,True,False,,,independent_nominal,24
LOT_D04_C004,LOT_D04,IGSS,96,stable,False,True,False,,,independent_nominal,96
LOT_D04_C004,LOT_D04,IGSS,168,stable,False,True,False,,,independent_nominal,168
LOT_D04_C005,LOT_D04,IDSS,0,stable,False,True,False,,,independent_nominal,0
LOT_D04_C005,LOT_D04,IDSS,24,stable,False,True,False,,,independent_nominal,24
LOT_D04_C005,LOT_D04,IDSS,96,stable,False,True,False,,,independent_nominal,96
LOT_D04_C005,LOT_D04,IDSS,168,stable,False,True,False,,,independent_nominal,168
LOT_D04_C005,LOT_D04,VGS(th),0,stable,False,True,False,,,independent_nominal,0
LOT_D04_C005,LOT_D04,VGS(th),24,stable,False,True,False,,,independent_nominal,24
LOT_D04_C005,LOT_D04,VGS(th),96,stable,False,True,False,,,independent_nominal,96
LOT_D04_C005,LOT_D04,VGS(th),168,stable,False,True,False,,,independent_nominal,168
LOT_D04_C005,LOT_D04,RDS(on),0,stable,False,True,False,,,independent_nominal,0
LOT_D04_C005,LOT_D04,RDS(on),24,stable,False,True,False,,,independent_nominal,24
LOT_D04_C005,LOT_D04,RDS(on),96,stable,False,True,False,,,independent_nominal,96
LOT_D04_C005,LOT_D04,RDS(on),168,stable,False,True,False,,,independent_nominal,168
LOT_D04_C005,LOT_D04,IGSS,0,stable,False,True,False,,,independent_nominal,0
LOT_D04_C005,LOT_D04,IGSS,24,stable,False,True,False,,,independent_nominal,24
LOT_D04_C005,LOT_D04,IGSS,96,stable,False,True,False,,,independent_nominal,96
LOT_D04_C005,LOT_D04,IGSS,168,stable,False,True,False,,,independent_nominal,168
LOT_D04_C006,LOT_D04,IDSS,0,stable,False,True,False,,,independent_nominal,0
LOT_D04_C006,LOT_D04,IDSS,24,stable,False,True,False,,,independent_nominal,24
LOT_D04_C006,LOT_D04,IDSS,96,stable,False,True,False,,,independent_nominal,96
LOT_D04_C006,LOT_D04,IDSS,168,stable,False,True,False,,,independent_nominal,168
LOT_D04_C006,LOT_D04,VGS(th),0,stable,False,True,False,,,independent_nominal,0
LOT_D04_C006,LOT_D04,VGS(th),24,stable,False,True,False,,,independent_nominal,24
LOT_D04_C006,LOT_D04,VGS(th),96,stable,False,True,False,,,independent_nominal,96
LOT_D04_C006,LOT_D04,VGS(th),168,stable,False,True,False,,,independent_nominal,168
LOT_D04_C006,LOT_D04,RDS(on),0,high_but_stable,False,True,False,,,lot_level_process_variation,0
LOT_D04_C006,LOT_D04,RDS(on),24,high_but_stable,False,True,False,,,lot_level_process_variation,24
LOT_D04_C006,LOT_D04,RDS(on),96,high_but_stable,False,True,False,,,lot_level_process_variation,96
LOT_D04_C006,LOT_D04,RDS(on),168,high_but_stable,False,True,False,,,lot_level_process_variation,168
LOT_D04_C006,LOT_D04,IGSS,0,stable,False,True,False,,,independent_nominal,0
LOT_D04_C006,LOT_D04,IGSS,24,stable,False,True,False,,,independent_nominal,24
LOT_D04_C006,LOT_D04,IGSS,96,stable,False,True,False,,,independent_nominal,96
LOT_D04_C006,LOT_D04,IGSS,168,stable,False,True,False,,,independent_nominal,168
LOT_D04_C007,LOT_D04,IDSS,0,stable,False,True,False,,,independent_nominal,0
LOT_D04_C007,LOT_D04,IDSS,24,stable,False,True,False,,,independent_nominal,24
LOT_D04_C007,LOT_D04,IDSS,96,stable,False,True,False,,,independent_nominal,96
LOT_D04_C007,LOT_D04,IDSS,168,stable,False,True,False,,,independent_nominal,168
LOT_D04_C007,LOT_D04,VGS(th),0,stable,False,True,False,,,independent_nominal,0
LOT_D04_C007,LOT_D04,VGS(th),24,stable,False,True,False,,,independent_nominal,24
LOT_D04_C007,LOT_D04,VGS(th),96,stable,False,True,False,,,independent_nominal,96
LOT_D04_C007,LOT_D04,VGS(th),168,stable,False,True,False,,,independent_nominal,168
LOT_D04_C007,LOT_D04,RDS(on),0,stable,False,True,False,,,independent_nominal,0
LOT_D04_C007,LOT_D04,RDS(on),24,stable,False,True,False,,,independent_nominal,24
LOT_D04_C007,LOT_D04,RDS(on),96,stable,False,True,False,,,independent_nominal,96
LOT_D04_C007,LOT_D04,RDS(on),168,stable,False,True,False,,,independent_nominal,168
LOT_D04_C007,LOT_D04,IGSS,0,stable,False,True,False,,,independent_nominal,0
LOT_D04_C007,LOT_D04,IGSS,24,stable,False,True,False,,,independent_nominal,24
LOT_D04_C007,LOT_D04,IGSS,96,stable,False,True,False,,,independent_nominal,96
LOT_D04_C007,LOT_D04,IGSS,168,stable,False,True,False,,,independent_nominal,168
LOT_D04_C008,LOT_D04,IDSS,0,high_but_stable,False,True,False,,,lot_level_process_variation,0
LOT_D04_C008,LOT_D04,IDSS,24,high_but_stable,False,True,False,,,lot_level_process_variation,24
LOT_D04_C008,LOT_D04,IDSS,96,high_but_stable,False,True,False,,,lot_level_process_variation,96
LOT_D04_C008,LOT_D04,IDSS,168,high_but_stable,False,True,False,,,lot_level_process_variation,168
LOT_D04_C008,LOT_D04,VGS(th),0,stable,False,True,False,,,independent_nominal,0
LOT_D04_C008,LOT_D04,VGS(th),24,stable,False,True,False,,,independent_nominal,24
LOT_D04_C008,LOT_D04,VGS(th),96,stable,False,True,False,,,independent_nominal,96
LOT_D04_C008,LOT_D04,VGS(th),168,stable,False,True,False,,,independent_nominal,168
LOT_D04_C008,LOT_D04,RDS(on),0,stable,False,True,False,,,independent_nominal,0
LOT_D04_C008,LOT_D04,RDS(on),24,stable,False,True,False,,,independent_nominal,24
LOT_D04_C008,LOT_D04,RDS(on),96,stable,False,True,False,,,independent_nominal,96
LOT_D04_C008,LOT_D04,RDS(on),168,stable,False,True,False,,,independent_nominal,168
LOT_D04_C008,LOT_D04,IGSS,0,stable,False,True,False,,,independent_nominal,0
LOT_D04_C008,LOT_D04,IGSS,24,stable,False,True,False,,,independent_nominal,24
LOT_D04_C008,LOT_D04,IGSS,96,stable,False,True,False,,,independent_nominal,96
LOT_D04_C008,LOT_D04,IGSS,168,stable,False,True,False,,,independent_nominal,168
LOT_D04_C009,LOT_D04,IDSS,0,stable,False,True,False,,,independent_nominal,0
LOT_D04_C009,LOT_D04,IDSS,24,stable,False,True,False,,,independent_nominal,24
LOT_D04_C009,LOT_D04,IDSS,96,stable,False,True,False,,,independent_nominal,96
LOT_D04_C009,LOT_D04,IDSS,168,stable,False,True,False,,,independent_nominal,168
LOT_D04_C009,LOT_D04,VGS(th),0,stable,False,True,False,,,independent_nominal,0
LOT_D04_C009,LOT_D04,VGS(th),24,stable,False,True,False,,,independent_nominal,24
LOT_D04_C009,LOT_D04,VGS(th),96,stable,False,True,False,,,independent_nominal,96
LOT_D04_C009,LOT_D04,VGS(th),168,stable,False,True,False,,,independent_nominal,168
LOT_D04_C009,LOT_D04,RDS(on),0,stable,False,True,False,,,independent_nominal,0
LOT_D04_C009,LOT_D04,RDS(on),24,stable,False,True,False,,,independent_nominal,24
LOT_D04_C009,LOT_D04,RDS(on),96,stable,False,True,False,,,independent_nominal,96
LOT_D04_C009,LOT_D04,RDS(on),168,stable,False,True,False,,,independent_nominal,168
LOT_D04_C009,LOT_D04,IGSS,0,stable,False,True,False,,,independent_nominal,0
LOT_D04_C009,LOT_D04,IGSS,24,stable,False,True,False,,,independent_nominal,24
LOT_D04_C009,LOT_D04,IGSS,96,stable,False,True,False,,,independent_nominal,96
LOT_D04_C009,LOT_D04,IGSS,168,stable,False,True,False,,,independent_nominal,168
LOT_D04_C010,LOT_D04,IDSS,0,stable,False,True,False,,,independent_nominal,0
LOT_D04_C010,LOT_D04,IDSS,24,stable,False,True,False,,,independent_nominal,24
LOT_D04_C010,LOT_D04,IDSS,96,stable,False,True,False,,,independent_nominal,96
LOT_D04_C010,LOT_D04,IDSS,168,stable,False,True,False,,,independent_nominal,168
LOT_D04_C010,LOT_D04,VGS(th),0,high_but_stable,False,True,False,,,lot_level_process_variation,0
LOT_D04_C010,LOT_D04,VGS(th),24,high_but_stable,False,True,False,,,lot_level_process_variation,24
LOT_D04_C010,LOT_D04,VGS(th),96,high_but_stable,False,True,False,,,lot_level_process_variation,96
LOT_D04_C010,LOT_D04,VGS(th),168,high_but_stable,False,True,False,,,lot_level_process_variation,168
LOT_D04_C010,LOT_D04,RDS(on),0,stable,False,True,False,,,independent_nominal,0
LOT_D04_C010,LOT_D04,RDS(on),24,stable,False,True,False,,,independent_nominal,24
LOT_D04_C010,LOT_D04,RDS(on),96,stable,False,True,False,,,independent_nominal,96
LOT_D04_C010,LOT_D04,RDS(on),168,stable,False,True,False,,,independent_nominal,168
LOT_D04_C010,LOT_D04,IGSS,0,stable,False,True,False,,,independent_nominal,0
LOT_D04_C010,LOT_D04,IGSS,24,stable,False,True,False,,,independent_nominal,24
LOT_D04_C010,LOT_D04,IGSS,96,stable,False,True,False,,,independent_nominal,96
LOT_D04_C010,LOT_D04,IGSS,168,stable,False,True,False,,,independent_nominal,168
LOT_D04_C011,LOT_D04,IDSS,0,stable,False,True,False,,,independent_nominal,0
LOT_D04_C011,LOT_D04,IDSS,24,stable,False,True,False,,,independent_nominal,24
LOT_D04_C011,LOT_D04,IDSS,96,stable,False,True,False,,,independent_nominal,96
LOT_D04_C011,LOT_D04,IDSS,168,stable,False,True,False,,,independent_nominal,168
LOT_D04_C011,LOT_D04,VGS(th),0,stable,False,True,False,,,independent_nominal,0
LOT_D04_C011,LOT_D04,VGS(th),24,stable,False,True,False,,,independent_nominal,24
LOT_D04_C011,LOT_D04,VGS(th),96,stable,False,True,False,,,independent_nominal,96
LOT_D04_C011,LOT_D04,VGS(th),168,stable,False,True,False,,,independent_nominal,168
LOT_D04_C011,LOT_D04,RDS(on),0,stable,False,True,False,,,independent_nominal,0
LOT_D04_C011,LOT_D04,RDS(on),24,stable,False,True,False,,,independent_nominal,24
LOT_D04_C011,LOT_D04,RDS(on),96,stable,False,True,False,,,independent_nominal,96
LOT_D04_C011,LOT_D04,RDS(on),168,stable,False,True,False,,,independent_nominal,168
LOT_D04_C011,LOT_D04,IGSS,0,stable,False,True,False,,,independent_nominal,0
LOT_D04_C011,LOT_D04,IGSS,24,stable,False,True,False,,,independent_nominal,24
LOT_D04_C011,LOT_D04,IGSS,96,stable,False,True,False,,,independent_nominal,96
LOT_D04_C011,LOT_D04,IGSS,168,stable,False,True,False,,,independent_nominal,168
LOT_D04_C012,LOT_D04,IDSS,0,stable,False,True,False,,,independent_nominal,0
LOT_D04_C012,LOT_D04,IDSS,24,stable,False,True,False,,,independent_nominal,24
LOT_D04_C012,LOT_D04,IDSS,96,stable,False,True,False,,,independent_nominal,96
LOT_D04_C012,LOT_D04,IDSS,168,stable,False,True,False,,,independent_nominal,168
LOT_D04_C012,LOT_D04,VGS(th),0,stable,False,True,False,,,independent_nominal,0
LOT_D04_C012,LOT_D04,VGS(th),24,stable,False,True,False,,,independent_nominal,24
LOT_D04_C012,LOT_D04,VGS(th),96,stable,False,True,False,,,independent_nominal,96
LOT_D04_C012,LOT_D04,VGS(th),168,stable,False,True,False,,,independent_nominal,168
LOT_D04_C012,LOT_D04,RDS(on),0,high_but_stable,False,True,False,,,lot_level_process_variation,0
LOT_D04_C012,LOT_D04,RDS(on),24,high_but_stable,False,True,False,,,lot_level_process_variation,24
LOT_D04_C012,LOT_D04,RDS(on),96,high_but_stable,False,True,False,,,lot_level_process_variation,96
LOT_D04_C012,LOT_D04,RDS(on),168,high_but_stable,False,True,False,,,lot_level_process_variation,168
LOT_D04_C012,LOT_D04,IGSS,0,stable,False,True,False,,,independent_nominal,0
LOT_D04_C012,LOT_D04,IGSS,24,stable,False,True,False,,,independent_nominal,24
LOT_D04_C012,LOT_D04,IGSS,96,stable,False,True,False,,,independent_nominal,96
LOT_D04_C012,LOT_D04,IGSS,168,stable,False,True,False,,,independent_nominal,168
LOT_D04_C013,LOT_D04,IDSS,0,stable,False,True,False,,,independent_nominal,0
LOT_D04_C013,LOT_D04,IDSS,24,stable,False,True,False,,,independent_nominal,24
LOT_D04_C013,LOT_D04,IDSS,96,stable,False,True,False,,,independent_nominal,96
LOT_D04_C013,LOT_D04,IDSS,168,stable,False,True,False,,,independent_nominal,168
LOT_D04_C013,LOT_D04,VGS(th),0,stable,False,True,False,,,independent_nominal,0
LOT_D04_C013,LOT_D04,VGS(th),24,stable,False,True,False,,,independent_nominal,24
LOT_D04_C013,LOT_D04,VGS(th),96,stable,False,True,False,,,independent_nominal,96
LOT_D04_C013,LOT_D04,VGS(th),168,stable,False,True,False,,,independent_nominal,168
LOT_D04_C013,LOT_D04,RDS(on),0,stable,False,True,False,,,independent_nominal,0
LOT_D04_C013,LOT_D04,RDS(on),24,stable,False,True,False,,,independent_nominal,24
LOT_D04_C013,LOT_D04,RDS(on),96,stable,False,True,False,,,independent_nominal,96
LOT_D04_C013,LOT_D04,RDS(on),168,stable,False,True,False,,,independent_nominal,168
LOT_D04_C013,LOT_D04,IGSS,0,stable,False,True,False,,,independent_nominal,0
LOT_D04_C013,LOT_D04,IGSS,24,stable,False,True,False,,,independent_nominal,24
LOT_D04_C013,LOT_D04,IGSS,96,stable,False,True,False,,,independent_nominal,96
LOT_D04_C013,LOT_D04,IGSS,168,stable,False,True,False,,,independent_nominal,168
LOT_D04_C014,LOT_D04,IDSS,0,high_but_stable,False,True,False,,,lot_level_process_variation,0
LOT_D04_C014,LOT_D04,IDSS,24,high_but_stable,False,True,False,,,lot_level_process_variation,24
LOT_D04_C014,LOT_D04,IDSS,96,high_but_stable,False,True,False,,,lot_level_process_variation,96
LOT_D04_C014,LOT_D04,IDSS,168,high_but_stable,False,True,False,,,lot_level_process_variation,168
LOT_D04_C014,LOT_D04,VGS(th),0,stable,False,True,False,,,independent_nominal,0
LOT_D04_C014,LOT_D04,VGS(th),24,stable,False,True,False,,,independent_nominal,24
LOT_D04_C014,LOT_D04,VGS(th),96,stable,False,True,False,,,independent_nominal,96
LOT_D04_C014,LOT_D04,VGS(th),168,stable,False,True,False,,,independent_nominal,168
LOT_D04_C014,LOT_D04,RDS(on),0,stable,False,True,False,,,independent_nominal,0
LOT_D04_C014,LOT_D04,RDS(on),24,stable,False,True,False,,,independent_nominal,24
LOT_D04_C014,LOT_D04,RDS(on),96,stable,False,True,False,,,independent_nominal,96
LOT_D04_C014,LOT_D04,RDS(on),168,stable,False,True,False,,,independent_nominal,168
LOT_D04_C014,LOT_D04,IGSS,0,stable,False,True,False,,,independent_nominal,0
LOT_D04_C014,LOT_D04,IGSS,24,stable,False,True,False,,,independent_nominal,24
LOT_D04_C014,LOT_D04,IGSS,96,stable,False,True,False,,,independent_nominal,96
LOT_D04_C014,LOT_D04,IGSS,168,stable,False,True,False,,,independent_nominal,168
LOT_D04_C015,LOT_D04,IDSS,0,stable,False,True,False,,,independent_nominal,0
LOT_D04_C015,LOT_D04,IDSS,24,stable,False,True,False,,,independent_nominal,24
LOT_D04_C015,LOT_D04,IDSS,96,stable,False,True,False,,,independent_nominal,96
LOT_D04_C015,LOT_D04,IDSS,168,stable,False,True,False,,,independent_nominal,168
LOT_D04_C015,LOT_D04,VGS(th),0,stable,False,True,False,,,independent_nominal,0
LOT_D04_C015,LOT_D04,VGS(th),24,stable,False,True,False,,,independent_nominal,24
LOT_D04_C015,LOT_D04,VGS(th),96,stable,False,True,False,,,independent_nominal,96
LOT_D04_C015,LOT_D04,VGS(th),168,stable,False,True,False,,,independent_nominal,168
LOT_D04_C015,LOT_D04,RDS(on),0,stable,False,True,False,,,independent_nominal,0
LOT_D04_C015,LOT_D04,RDS(on),24,stable,False,True,False,,,independent_nominal,24
LOT_D04_C015,LOT_D04,RDS(on),96,stable,False,True,False,,,independent_nominal,96
LOT_D04_C015,LOT_D04,RDS(on),168,stable,False,True,False,,,independent_nominal,168
LOT_D04_C015,LOT_D04,IGSS,0,stable,False,True,False,,,independent_nominal,0
LOT_D04_C015,LOT_D04,IGSS,24,stable,False,True,False,,,independent_nominal,24
LOT_D04_C015,LOT_D04,IGSS,96,stable,False,True,False,,,independent_nominal,96
LOT_D04_C015,LOT_D04,IGSS,168,stable,False,True,False,,,independent_nominal,168
LOT_D04_C016,LOT_D04,IDSS,0,stable,False,True,False,,,independent_nominal,0
LOT_D04_C016,LOT_D04,IDSS,24,stable,False,True,False,,,independent_nominal,24
LOT_D04_C016,LOT_D04,IDSS,96,stable,False,True,False,,,independent_nominal,96
LOT_D04_C016,LOT_D04,IDSS,168,stable,False,True,False,,,independent_nominal,168
LOT_D04_C016,LOT_D04,VGS(th),0,high_but_stable,False,True,False,,,lot_level_process_variation,0
LOT_D04_C016,LOT_D04,VGS(th),24,high_but_stable,False,True,False,,,lot_level_process_variation,24
LOT_D04_C016,LOT_D04,VGS(th),96,high_but_stable,False,True,False,,,lot_level_process_variation,96
LOT_D04_C016,LOT_D04,VGS(th),168,high_but_stable,False,True,False,,,lot_level_process_variation,168
LOT_D04_C016,LOT_D04,RDS(on),0,stable,False,True,False,,,independent_nominal,0
LOT_D04_C016,LOT_D04,RDS(on),24,stable,False,True,False,,,independent_nominal,24
LOT_D04_C016,LOT_D04,RDS(on),96,stable,False,True,False,,,independent_nominal,96
LOT_D04_C016,LOT_D04,RDS(on),168,stable,False,True,False,,,independent_nominal,168
LOT_D04_C016,LOT_D04,IGSS,0,stable,False,True,False,,,independent_nominal,0
LOT_D04_C016,LOT_D04,IGSS,24,stable,False,True,False,,,independent_nominal,24
LOT_D04_C016,LOT_D04,IGSS,96,stable,False,True,False,,,independent_nominal,96
LOT_D04_C016,LOT_D04,IGSS,168,stable,False,True,False,,,independent_nominal,168
LOT_D04_C017,LOT_D04,IDSS,0,stable,False,True,False,,,independent_nominal,0
LOT_D04_C017,LOT_D04,IDSS,24,stable,False,True,False,,,independent_nominal,24
LOT_D04_C017,LOT_D04,IDSS,96,stable,False,True,False,,,independent_nominal,96
LOT_D04_C017,LOT_D04,IDSS,168,stable,False,True,False,,,independent_nominal,168
LOT_D04_C017,LOT_D04,VGS(th),0,stable,False,True,False,,,independent_nominal,0
LOT_D04_C017,LOT_D04,VGS(th),24,stable,False,True,False,,,independent_nominal,24
LOT_D04_C017,LOT_D04,VGS(th),96,stable,False,True,False,,,independent_nominal,96
LOT_D04_C017,LOT_D04,VGS(th),168,stable,False,True,False,,,independent_nominal,168
LOT_D04_C017,LOT_D04,RDS(on),0,stable,False,True,False,,,independent_nominal,0
LOT_D04_C017,LOT_D04,RDS(on),24,stable,False,True,False,,,independent_nominal,24
LOT_D04_C017,LOT_D04,RDS(on),96,stable,False,True,False,,,independent_nominal,96
LOT_D04_C017,LOT_D04,RDS(on),168,stable,False,True,False,,,independent_nominal,168
LOT_D04_C017,LOT_D04,IGSS,0,stable,False,True,False,,,independent_nominal,0
LOT_D04_C017,LOT_D04,IGSS,24,stable,False,True,False,,,independent_nominal,24
LOT_D04_C017,LOT_D04,IGSS,96,stable,False,True,False,,,independent_nominal,96
LOT_D04_C017,LOT_D04,IGSS,168,stable,False,True,False,,,independent_nominal,168
LOT_D04_C018,LOT_D04,IDSS,0,stable,False,True,False,,,independent_nominal,0
LOT_D04_C018,LOT_D04,IDSS,24,stable,False,True,False,,,independent_nominal,24
LOT_D04_C018,LOT_D04,IDSS,96,stable,False,True,False,,,independent_nominal,96
LOT_D04_C018,LOT_D04,IDSS,168,stable,False,True,False,,,independent_nominal,168
LOT_D04_C018,LOT_D04,VGS(th),0,stable,False,True,False,,,independent_nominal,0
LOT_D04_C018,LOT_D04,VGS(th),24,stable,False,True,False,,,independent_nominal,24
LOT_D04_C018,LOT_D04,VGS(th),96,stable,False,True,False,,,independent_nominal,96
LOT_D04_C018,LOT_D04,VGS(th),168,stable,False,True,False,,,independent_nominal,168
LOT_D04_C018,LOT_D04,RDS(on),0,high_but_stable,False,True,False,,,lot_level_process_variation,0
LOT_D04_C018,LOT_D04,RDS(on),24,high_but_stable,False,True,False,,,lot_level_process_variation,24
LOT_D04_C018,LOT_D04,RDS(on),96,high_but_stable,False,True,False,,,lot_level_process_variation,96
LOT_D04_C018,LOT_D04,RDS(on),168,high_but_stable,False,True,False,,,lot_level_process_variation,168
LOT_D04_C018,LOT_D04,IGSS,0,stable,False,True,False,,,independent_nominal,0
LOT_D04_C018,LOT_D04,IGSS,24,stable,False,True,False,,,independent_nominal,24
LOT_D04_C018,LOT_D04,IGSS,96,stable,False,True,False,,,independent_nominal,96
LOT_D04_C018,LOT_D04,IGSS,168,stable,False,True,False,,,independent_nominal,168
LOT_D04_C019,LOT_D04,IDSS,0,stable,False,True,False,,,independent_nominal,0
LOT_D04_C019,LOT_D04,IDSS,24,stable,False,True,False,,,independent_nominal,24
LOT_D04_C019,LOT_D04,IDSS,96,stable,False,True,False,,,independent_nominal,96
LOT_D04_C019,LOT_D04,IDSS,168,stable,False,True,False,,,independent_nominal,168
LOT_D04_C019,LOT_D04,VGS(th),0,stable,False,True,False,,,independent_nominal,0
LOT_D04_C019,LOT_D04,VGS(th),24,stable,False,True,False,,,independent_nominal,24
LOT_D04_C019,LOT_D04,VGS(th),96,stable,False,True,False,,,independent_nominal,96
LOT_D04_C019,LOT_D04,VGS(th),168,stable,False,True,False,,,independent_nominal,168
LOT_D04_C019,LOT_D04,RDS(on),0,stable,False,True,False,,,independent_nominal,0
LOT_D04_C019,LOT_D04,RDS(on),24,stable,False,True,False,,,independent_nominal,24
LOT_D04_C019,LOT_D04,RDS(on),96,stable,False,True,False,,,independent_nominal,96
LOT_D04_C019,LOT_D04,RDS(on),168,stable,False,True,False,,,independent_nominal,168
LOT_D04_C019,LOT_D04,IGSS,0,stable,False,True,False,,,independent_nominal,0
LOT_D04_C019,LOT_D04,IGSS,24,stable,False,True,False,,,independent_nominal,24
LOT_D04_C019,LOT_D04,IGSS,96,stable,False,True,False,,,independent_nominal,96
LOT_D04_C019,LOT_D04,IGSS,168,stable,False,True,False,,,independent_nominal,168
LOT_D04_C020,LOT_D04,IDSS,0,high_but_stable,False,True,False,,,lot_level_process_variation,0
LOT_D04_C020,LOT_D04,IDSS,24,high_but_stable,False,True,False,,,lot_level_process_variation,24
LOT_D04_C020,LOT_D04,IDSS,96,high_but_stable,False,True,False,,,lot_level_process_variation,96
LOT_D04_C020,LOT_D04,IDSS,168,high_but_stable,False,True,False,,,lot_level_process_variation,168
LOT_D04_C020,LOT_D04,VGS(th),0,stable,False,True,False,,,independent_nominal,0
LOT_D04_C020,LOT_D04,VGS(th),24,stable,False,True,False,,,independent_nominal,24
LOT_D04_C020,LOT_D04,VGS(th),96,stable,False,True,False,,,independent_nominal,96
LOT_D04_C020,LOT_D04,VGS(th),168,stable,False,True,False,,,independent_nominal,168
LOT_D04_C020,LOT_D04,RDS(on),0,stable,False,True,False,,,independent_nominal,0
LOT_D04_C020,LOT_D04,RDS(on),24,stable,False,True,False,,,independent_nominal,24
LOT_D04_C020,LOT_D04,RDS(on),96,stable,False,True,False,,,independent_nominal,96
LOT_D04_C020,LOT_D04,RDS(on),168,stable,False,True,False,,,independent_nominal,168
LOT_D04_C020,LOT_D04,IGSS,0,stable,False,True,False,,,independent_nominal,0
LOT_D04_C020,LOT_D04,IGSS,24,stable,False,True,False,,,independent_nominal,24
LOT_D04_C020,LOT_D04,IGSS,96,stable,False,True,False,,,independent_nominal,96
LOT_D04_C020,LOT_D04,IGSS,168,stable,False,True,False,,,independent_nominal,168
LOT_D04_C021,LOT_D04,IDSS,0,stable,False,True,False,,,independent_nominal,0
LOT_D04_C021,LOT_D04,IDSS,24,stable,False,True,False,,,independent_nominal,24
LOT_D04_C021,LOT_D04,IDSS,96,stable,False,True,False,,,independent_nominal,96
LOT_D04_C021,LOT_D04,IDSS,168,stable,False,True,False,,,independent_nominal,168
LOT_D04_C021,LOT_D04,VGS(th),0,stable,False,True,False,,,independent_nominal,0
LOT_D04_C021,LOT_D04,VGS(th),24,stable,False,True,False,,,independent_nominal,24
LOT_D04_C021,LOT_D04,VGS(th),96,stable,False,True,False,,,independent_nominal,96
LOT_D04_C021,LOT_D04,VGS(th),168,stable,False,True,False,,,independent_nominal,168
LOT_D04_C021,LOT_D04,RDS(on),0,stable,False,True,False,,,independent_nominal,0
LOT_D04_C021,LOT_D04,RDS(on),24,stable,False,True,False,,,independent_nominal,24
LOT_D04_C021,LOT_D04,RDS(on),96,stable,False,True,False,,,independent_nominal,96
LOT_D04_C021,LOT_D04,RDS(on),168,stable,False,True,False,,,independent_nominal,168
LOT_D04_C021,LOT_D04,IGSS,0,stable,False,True,False,,,independent_nominal,0
LOT_D04_C021,LOT_D04,IGSS,24,stable,False,True,False,,,independent_nominal,24
LOT_D04_C021,LOT_D04,IGSS,96,stable,False,True,False,,,independent_nominal,96
LOT_D04_C021,LOT_D04,IGSS,168,stable,False,True,False,,,independent_nominal,168
LOT_D04_C022,LOT_D04,IDSS,0,stable,False,True,False,,,independent_nominal,0
LOT_D04_C022,LOT_D04,IDSS,24,stable,False,True,False,,,independent_nominal,24
LOT_D04_C022,LOT_D04,IDSS,96,stable,False,True,False,,,independent_nominal,96
LOT_D04_C022,LOT_D04,IDSS,168,stable,False,True,False,,,independent_nominal,168
LOT_D04_C022,LOT_D04,VGS(th),0,high_but_stable,False,True,False,,,lot_level_process_variation,0
LOT_D04_C022,LOT_D04,VGS(th),24,high_but_stable,False,True,False,,,lot_level_process_variation,24
LOT_D04_C022,LOT_D04,VGS(th),96,high_but_stable,False,True,False,,,lot_level_process_variation,96
LOT_D04_C022,LOT_D04,VGS(th),168,high_but_stable,False,True,False,,,lot_level_process_variation,168
LOT_D04_C022,LOT_D04,RDS(on),0,stable,False,True,False,,,independent_nominal,0
LOT_D04_C022,LOT_D04,RDS(on),24,stable,False,True,False,,,independent_nominal,24
LOT_D04_C022,LOT_D04,RDS(on),96,stable,False,True,False,,,independent_nominal,96
LOT_D04_C022,LOT_D04,RDS(on),168,stable,False,True,False,,,independent_nominal,168
LOT_D04_C022,LOT_D04,IGSS,0,stable,False,True,False,,,independent_nominal,0
LOT_D04_C022,LOT_D04,IGSS,24,stable,False,True,False,,,independent_nominal,24
LOT_D04_C022,LOT_D04,IGSS,96,stable,False,True,False,,,independent_nominal,96
LOT_D04_C022,LOT_D04,IGSS,168,stable,False,True,False,,,independent_nominal,168
LOT_D04_C023,LOT_D04,IDSS,0,stable,False,True,False,,,independent_nominal,0
LOT_D04_C023,LOT_D04,IDSS,24,stable,False,True,False,,,independent_nominal,24
LOT_D04_C023,LOT_D04,IDSS,96,stable,False,True,False,,,independent_nominal,96
LOT_D04_C023,LOT_D04,IDSS,168,stable,False,True,False,,,independent_nominal,168
LOT_D04_C023,LOT_D04,VGS(th),0,stable,False,True,False,,,independent_nominal,0
LOT_D04_C023,LOT_D04,VGS(th),24,stable,False,True,False,,,independent_nominal,24
LOT_D04_C023,LOT_D04,VGS(th),96,stable,False,True,False,,,independent_nominal,96
LOT_D04_C023,LOT_D04,VGS(th),168,stable,False,True,False,,,independent_nominal,168
LOT_D04_C023,LOT_D04,RDS(on),0,stable,False,True,False,,,independent_nominal,0
LOT_D04_C023,LOT_D04,RDS(on),24,stable,False,True,False,,,independent_nominal,24
LOT_D04_C023,LOT_D04,RDS(on),96,stable,False,True,False,,,independent_nominal,96
LOT_D04_C023,LOT_D04,RDS(on),168,stable,False,True,False,,,independent_nominal,168
LOT_D04_C023,LOT_D04,IGSS,0,stable,False,True,False,,,independent_nominal,0
LOT_D04_C023,LOT_D04,IGSS,24,stable,False,True,False,,,independent_nominal,24
LOT_D04_C023,LOT_D04,IGSS,96,stable,False,True,False,,,independent_nominal,96
LOT_D04_C023,LOT_D04,IGSS,168,stable,False,True,False,,,independent_nominal,168
LOT_D04_C024,LOT_D04,IDSS,0,stable,False,True,False,,,independent_nominal,0
LOT_D04_C024,LOT_D04,IDSS,24,stable,False,True,False,,,independent_nominal,24
LOT_D04_C024,LOT_D04,IDSS,96,stable,False,True,False,,,independent_nominal,96
LOT_D04_C024,LOT_D04,IDSS,168,stable,False,True,False,,,independent_nominal,168
LOT_D04_C024,LOT_D04,VGS(th),0,stable,False,True,False,,,independent_nominal,0
LOT_D04_C024,LOT_D04,VGS(th),24,stable,False,True,False,,,independent_nominal,24
LOT_D04_C024,LOT_D04,VGS(th),96,stable,False,True,False,,,independent_nominal,96
LOT_D04_C024,LOT_D04,VGS(th),168,stable,False,True,False,,,independent_nominal,168
LOT_D04_C024,LOT_D04,RDS(on),0,high_but_stable,False,True,False,,,lot_level_process_variation,0
LOT_D04_C024,LOT_D04,RDS(on),24,high_but_stable,False,True,False,,,lot_level_process_variation,24
LOT_D04_C024,LOT_D04,RDS(on),96,high_but_stable,False,True,False,,,lot_level_process_variation,96
LOT_D04_C024,LOT_D04,RDS(on),168,high_but_stable,False,True,False,,,lot_level_process_variation,168
LOT_D04_C024,LOT_D04,IGSS,0,stable,False,True,False,,,independent_nominal,0
LOT_D04_C024,LOT_D04,IGSS,24,stable,False,True,False,,,independent_nominal,24
LOT_D04_C024,LOT_D04,IGSS,96,stable,False,True,False,,,independent_nominal,96
LOT_D04_C024,LOT_D04,IGSS,168,stable,False,True,False,,,independent_nominal,168
LOT_D04_C025,LOT_D04,IDSS,0,stable,False,True,False,,,independent_nominal,0
LOT_D04_C025,LOT_D04,IDSS,24,stable,False,True,False,,,independent_nominal,24
LOT_D04_C025,LOT_D04,IDSS,96,stable,False,True,False,,,independent_nominal,96
LOT_D04_C025,LOT_D04,IDSS,168,stable,False,True,False,,,independent_nominal,168
LOT_D04_C025,LOT_D04,VGS(th),0,stable,False,True,False,,,independent_nominal,0
LOT_D04_C025,LOT_D04,VGS(th),24,stable,False,True,False,,,independent_nominal,24
LOT_D04_C025,LOT_D04,VGS(th),96,stable,False,True,False,,,independent_nominal,96
LOT_D04_C025,LOT_D04,VGS(th),168,stable,False,True,False,,,independent_nominal,168
LOT_D04_C025,LOT_D04,RDS(on),0,stable,False,True,False,,,independent_nominal,0
LOT_D04_C025,LOT_D04,RDS(on),24,stable,False,True,False,,,independent_nominal,24
LOT_D04_C025,LOT_D04,RDS(on),96,stable,False,True,False,,,independent_nominal,96
LOT_D04_C025,LOT_D04,RDS(on),168,stable,False,True,False,,,independent_nominal,168
LOT_D04_C025,LOT_D04,IGSS,0,stable,False,True,False,,,independent_nominal,0
LOT_D04_C025,LOT_D04,IGSS,24,stable,False,True,False,,,independent_nominal,24
LOT_D04_C025,LOT_D04,IGSS,96,stable,False,True,False,,,independent_nominal,96
LOT_D04_C025,LOT_D04,IGSS,168,stable,False,True,False,,,independent_nominal,168
LOT_D04_C026,LOT_D04,IDSS,0,high_but_stable,False,True,False,,,lot_level_process_variation,0
LOT_D04_C026,LOT_D04,IDSS,24,high_but_stable,False,True,False,,,lot_level_process_variation,24
LOT_D04_C026,LOT_D04,IDSS,96,high_but_stable,False,True,False,,,lot_level_process_variation,96
LOT_D04_C026,LOT_D04,IDSS,168,high_but_stable,False,True,False,,,lot_level_process_variation,168
LOT_D04_C026,LOT_D04,VGS(th),0,stable,False,True,False,,,independent_nominal,0
LOT_D04_C026,LOT_D04,VGS(th),24,stable,False,True,False,,,independent_nominal,24
LOT_D04_C026,LOT_D04,VGS(th),96,stable,False,True,False,,,independent_nominal,96
LOT_D04_C026,LOT_D04,VGS(th),168,stable,False,True,False,,,independent_nominal,168
LOT_D04_C026,LOT_D04,RDS(on),0,stable,False,True,False,,,independent_nominal,0
LOT_D04_C026,LOT_D04,RDS(on),24,stable,False,True,False,,,independent_nominal,24
LOT_D04_C026,LOT_D04,RDS(on),96,stable,False,True,False,,,independent_nominal,96
LOT_D04_C026,LOT_D04,RDS(on),168,stable,False,True,False,,,independent_nominal,168
LOT_D04_C026,LOT_D04,IGSS,0,stable,False,True,False,,,independent_nominal,0
LOT_D04_C026,LOT_D04,IGSS,24,stable,False,True,False,,,independent_nominal,24
LOT_D04_C026,LOT_D04,IGSS,96,stable,False,True,False,,,independent_nominal,96
LOT_D04_C026,LOT_D04,IGSS,168,stable,False,True,False,,,independent_nominal,168
LOT_D04_C027,LOT_D04,IDSS,0,stable,False,True,False,,,independent_nominal,0
LOT_D04_C027,LOT_D04,IDSS,24,stable,False,True,False,,,independent_nominal,24
LOT_D04_C027,LOT_D04,IDSS,96,stable,False,True,False,,,independent_nominal,96
LOT_D04_C027,LOT_D04,IDSS,168,stable,False,True,False,,,independent_nominal,168
LOT_D04_C027,LOT_D04,VGS(th),0,stable,False,True,False,,,independent_nominal,0
LOT_D04_C027,LOT_D04,VGS(th),24,stable,False,True,False,,,independent_nominal,24
LOT_D04_C027,LOT_D04,VGS(th),96,stable,False,True,False,,,independent_nominal,96
LOT_D04_C027,LOT_D04,VGS(th),168,stable,False,True,False,,,independent_nominal,168
LOT_D04_C027,LOT_D04,RDS(on),0,stable,False,True,False,,,independent_nominal,0
LOT_D04_C027,LOT_D04,RDS(on),24,stable,False,True,False,,,independent_nominal,24
LOT_D04_C027,LOT_D04,RDS(on),96,stable,False,True,False,,,independent_nominal,96
LOT_D04_C027,LOT_D04,RDS(on),168,stable,False,True,False,,,independent_nominal,168
LOT_D04_C027,LOT_D04,IGSS,0,stable,False,True,False,,,independent_nominal,0
LOT_D04_C027,LOT_D04,IGSS,24,stable,False,True,False,,,independent_nominal,24
LOT_D04_C027,LOT_D04,IGSS,96,stable,False,True,False,,,independent_nominal,96
LOT_D04_C027,LOT_D04,IGSS,168,stable,False,True,False,,,independent_nominal,168
LOT_D04_C028,LOT_D04,IDSS,0,stable,False,True,False,,,independent_nominal,0
LOT_D04_C028,LOT_D04,IDSS,24,stable,False,True,False,,,independent_nominal,24
LOT_D04_C028,LOT_D04,IDSS,96,stable,False,True,False,,,independent_nominal,96
LOT_D04_C028,LOT_D04,IDSS,168,stable,False,True,False,,,independent_nominal,168
LOT_D04_C028,LOT_D04,VGS(th),0,high_but_stable,False,True,False,,,lot_level_process_variation,0
LOT_D04_C028,LOT_D04,VGS(th),24,high_but_stable,False,True,False,,,lot_level_process_variation,24
LOT_D04_C028,LOT_D04,VGS(th),96,high_but_stable,False,True,False,,,lot_level_process_variation,96
LOT_D04_C028,LOT_D04,VGS(th),168,high_but_stable,False,True,False,,,lot_level_process_variation,168
LOT_D04_C028,LOT_D04,RDS(on),0,stable,False,True,False,,,independent_nominal,0
LOT_D04_C028,LOT_D04,RDS(on),24,stable,False,True,False,,,independent_nominal,24
LOT_D04_C028,LOT_D04,RDS(on),96,stable,False,True,False,,,independent_nominal,96
LOT_D04_C028,LOT_D04,RDS(on),168,stable,False,True,False,,,independent_nominal,168
LOT_D04_C028,LOT_D04,IGSS,0,stable,False,True,False,,,independent_nominal,0
LOT_D04_C028,LOT_D04,IGSS,24,stable,False,True,False,,,independent_nominal,24
LOT_D04_C028,LOT_D04,IGSS,96,stable,False,True,False,,,independent_nominal,96
LOT_D04_C028,LOT_D04,IGSS,168,stable,False,True,False,,,independent_nominal,168
LOT_D04_C029,LOT_D04,IDSS,0,stable,False,True,False,,,independent_nominal,0
LOT_D04_C029,LOT_D04,IDSS,24,stable,False,True,False,,,independent_nominal,24
LOT_D04_C029,LOT_D04,IDSS,96,stable,False,True,False,,,independent_nominal,96
LOT_D04_C029,LOT_D04,IDSS,168,stable,False,True,False,,,independent_nominal,168
LOT_D04_C029,LOT_D04,VGS(th),0,stable,False,True,False,,,independent_nominal,0
LOT_D04_C029,LOT_D04,VGS(th),24,stable,False,True,False,,,independent_nominal,24
LOT_D04_C029,LOT_D04,VGS(th),96,stable,False,True,False,,,independent_nominal,96
LOT_D04_C029,LOT_D04,VGS(th),168,stable,False,True,False,,,independent_nominal,168
LOT_D04_C029,LOT_D04,RDS(on),0,stable,False,True,False,,,independent_nominal,0
LOT_D04_C029,LOT_D04,RDS(on),24,stable,False,True,False,,,independent_nominal,24
LOT_D04_C029,LOT_D04,RDS(on),96,stable,False,True,False,,,independent_nominal,96
LOT_D04_C029,LOT_D04,RDS(on),168,stable,False,True,False,,,independent_nominal,168
LOT_D04_C029,LOT_D04,IGSS,0,stable,False,True,False,,,independent_nominal,0
LOT_D04_C029,LOT_D04,IGSS,24,stable,False,True,False,,,independent_nominal,24
LOT_D04_C029,LOT_D04,IGSS,96,stable,False,True,False,,,independent_nominal,96
LOT_D04_C029,LOT_D04,IGSS,168,stable,False,True,False,,,independent_nominal,168
LOT_D04_C030,LOT_D04,IDSS,0,stable,False,True,False,,,independent_nominal,0
LOT_D04_C030,LOT_D04,IDSS,24,stable,False,True,False,,,independent_nominal,24
LOT_D04_C030,LOT_D04,IDSS,96,stable,False,True,False,,,independent_nominal,96
LOT_D04_C030,LOT_D04,IDSS,168,stable,False,True,False,,,independent_nominal,168
LOT_D04_C030,LOT_D04,VGS(th),0,stable,False,True,False,,,independent_nominal,0
LOT_D04_C030,LOT_D04,VGS(th),24,stable,False,True,False,,,independent_nominal,24
LOT_D04_C030,LOT_D04,VGS(th),96,stable,False,True,False,,,independent_nominal,96
LOT_D04_C030,LOT_D04,VGS(th),168,stable,False,True,False,,,independent_nominal,168
LOT_D04_C030,LOT_D04,RDS(on),0,high_but_stable,False,True,False,,,lot_level_process_variation,0
LOT_D04_C030,LOT_D04,RDS(on),24,high_but_stable,False,True,False,,,lot_level_process_variation,24
LOT_D04_C030,LOT_D04,RDS(on),96,high_but_stable,False,True,False,,,lot_level_process_variation,96
LOT_D04_C030,LOT_D04,RDS(on),168,high_but_stable,False,True,False,,,lot_level_process_variation,168
LOT_D04_C030,LOT_D04,IGSS,0,stable,False,True,False,,,independent_nominal,0
LOT_D04_C030,LOT_D04,IGSS,24,stable,False,True,False,,,independent_nominal,24
LOT_D04_C030,LOT_D04,IGSS,96,stable,False,True,False,,,independent_nominal,96
LOT_D04_C030,LOT_D04,IGSS,168,stable,False,True,False,,,independent_nominal,168
LOT_L01_C001,LOT_L01,IDSS,0,static_limit_breach,False,False,True,0.0,,independent_anomaly_injection,0
LOT_L01_C001,LOT_L01,IDSS,24,static_limit_breach,False,False,True,0.0,,independent_anomaly_injection,24
LOT_L01_C001,LOT_L01,IDSS,96,static_limit_breach,False,False,True,0.0,,independent_anomaly_injection,96
LOT_L01_C001,LOT_L01,IDSS,168,static_limit_breach,False,False,True,0.0,,independent_anomaly_injection,168
LOT_L01_C001,LOT_L01,VGS(th),0,stable,False,True,False,,,independent_nominal,0
LOT_L01_C001,LOT_L01,VGS(th),24,stable,False,True,False,,,independent_nominal,24
LOT_L01_C001,LOT_L01,VGS(th),96,stable,False,True,False,,,independent_nominal,96
LOT_L01_C001,LOT_L01,VGS(th),168,stable,False,True,False,,,independent_nominal,168
LOT_L01_C001,LOT_L01,RDS(on),0,stable,False,True,False,,,independent_nominal,0
LOT_L01_C001,LOT_L01,RDS(on),24,stable,False,True,False,,,independent_nominal,24
LOT_L01_C001,LOT_L01,RDS(on),96,stable,False,True,False,,,independent_nominal,96
LOT_L01_C001,LOT_L01,RDS(on),168,stable,False,True,False,,,independent_nominal,168
LOT_L01_C001,LOT_L01,IGSS,0,stable,False,True,False,,,independent_nominal,0
LOT_L01_C001,LOT_L01,IGSS,24,stable,False,True,False,,,independent_nominal,24
LOT_L01_C001,LOT_L01,IGSS,96,stable,False,True,False,,,independent_nominal,96
LOT_L01_C001,LOT_L01,IGSS,168,stable,False,True,False,,,independent_nominal,168
LOT_L01_C002,LOT_L01,IDSS,0,static_limit_breach,False,False,True,0.0,,independent_anomaly_injection,0
LOT_L01_C002,LOT_L01,IDSS,24,static_limit_breach,False,False,True,0.0,,independent_anomaly_injection,24
LOT_L01_C002,LOT_L01,IDSS,96,static_limit_breach,False,False,True,0.0,,independent_anomaly_injection,96
LOT_L01_C002,LOT_L01,IDSS,168,static_limit_breach,False,False,True,0.0,,independent_anomaly_injection,168
LOT_L01_C002,LOT_L01,VGS(th),0,stable,False,True,False,,,independent_nominal,0
LOT_L01_C002,LOT_L01,VGS(th),24,stable,False,True,False,,,independent_nominal,24
LOT_L01_C002,LOT_L01,VGS(th),96,stable,False,True,False,,,independent_nominal,96
LOT_L01_C002,LOT_L01,VGS(th),168,stable,False,True,False,,,independent_nominal,168
LOT_L01_C002,LOT_L01,RDS(on),0,stable,False,True,False,,,independent_nominal,0
LOT_L01_C002,LOT_L01,RDS(on),24,stable,False,True,False,,,independent_nominal,24
LOT_L01_C002,LOT_L01,RDS(on),96,stable,False,True,False,,,independent_nominal,96
LOT_L01_C002,LOT_L01,RDS(on),168,stable,False,True,False,,,independent_nominal,168
LOT_L01_C002,LOT_L01,IGSS,0,stable,False,True,False,,,independent_nominal,0
LOT_L01_C002,LOT_L01,IGSS,24,stable,False,True,False,,,independent_nominal,24
LOT_L01_C002,LOT_L01,IGSS,96,stable,False,True,False,,,independent_nominal,96
LOT_L01_C002,LOT_L01,IGSS,168,stable,False,True,False,,,independent_nominal,168
LOT_L01_C003,LOT_L01,IDSS,0,stable,False,True,False,,,independent_nominal,0
LOT_L01_C003,LOT_L01,IDSS,24,stable,False,True,False,,,independent_nominal,24
LOT_L01_C003,LOT_L01,IDSS,96,stable,False,True,False,,,independent_nominal,96
LOT_L01_C003,LOT_L01,IDSS,168,stable,False,True,False,,,independent_nominal,168
LOT_L01_C003,LOT_L01,VGS(th),0,static_limit_breach,False,False,True,0.0,,independent_anomaly_injection,0
LOT_L01_C003,LOT_L01,VGS(th),24,static_limit_breach,False,False,True,0.0,,independent_anomaly_injection,24
LOT_L01_C003,LOT_L01,VGS(th),96,static_limit_breach,False,False,True,0.0,,independent_anomaly_injection,96
LOT_L01_C003,LOT_L01,VGS(th),168,static_limit_breach,False,False,True,0.0,,independent_anomaly_injection,168
LOT_L01_C003,LOT_L01,RDS(on),0,stable,False,True,False,,,independent_nominal,0
LOT_L01_C003,LOT_L01,RDS(on),24,stable,False,True,False,,,independent_nominal,24
LOT_L01_C003,LOT_L01,RDS(on),96,stable,False,True,False,,,independent_nominal,96
LOT_L01_C003,LOT_L01,RDS(on),168,stable,False,True,False,,,independent_nominal,168
LOT_L01_C003,LOT_L01,IGSS,0,stable,False,True,False,,,independent_nominal,0
LOT_L01_C003,LOT_L01,IGSS,24,stable,False,True,False,,,independent_nominal,24
LOT_L01_C003,LOT_L01,IGSS,96,stable,False,True,False,,,independent_nominal,96
LOT_L01_C003,LOT_L01,IGSS,168,stable,False,True,False,,,independent_nominal,168
LOT_L01_C004,LOT_L01,IDSS,0,stable,False,True,False,,,independent_nominal,0
LOT_L01_C004,LOT_L01,IDSS,24,stable,False,True,False,,,independent_nominal,24
LOT_L01_C004,LOT_L01,IDSS,96,stable,False,True,False,,,independent_nominal,96
LOT_L01_C004,LOT_L01,IDSS,168,stable,False,True,False,,,independent_nominal,168
LOT_L01_C004,LOT_L01,VGS(th),0,stable,False,True,False,,,lot_level_process_variation,0
LOT_L01_C004,LOT_L01,VGS(th),24,stable,False,True,False,,,lot_level_process_variation,24
LOT_L01_C004,LOT_L01,VGS(th),96,stable,False,True,False,,,lot_level_process_variation,96
LOT_L01_C004,LOT_L01,VGS(th),168,stable,False,True,False,,,lot_level_process_variation,168
LOT_L01_C004,LOT_L01,RDS(on),0,stable,False,True,False,,,independent_nominal,0
LOT_L01_C004,LOT_L01,RDS(on),24,stable,False,True,False,,,independent_nominal,24
LOT_L01_C004,LOT_L01,RDS(on),96,stable,False,True,False,,,independent_nominal,96
LOT_L01_C004,LOT_L01,RDS(on),168,stable,False,True,False,,,independent_nominal,168
LOT_L01_C004,LOT_L01,IGSS,0,static_limit_breach,False,False,True,0.0,,independent_anomaly_injection,0
LOT_L01_C004,LOT_L01,IGSS,24,static_limit_breach,False,False,True,0.0,,independent_anomaly_injection,24
LOT_L01_C004,LOT_L01,IGSS,96,static_limit_breach,False,False,True,0.0,,independent_anomaly_injection,96
LOT_L01_C004,LOT_L01,IGSS,168,static_limit_breach,False,False,True,0.0,,independent_anomaly_injection,168
LOT_L01_C005,LOT_L01,IDSS,0,stable,False,True,False,,,independent_nominal,0
LOT_L01_C005,LOT_L01,IDSS,24,stable,False,True,False,,,independent_nominal,24
LOT_L01_C005,LOT_L01,IDSS,96,stable,False,True,False,,,independent_nominal,96
LOT_L01_C005,LOT_L01,IDSS,168,stable,False,True,False,,,independent_nominal,168
LOT_L01_C005,LOT_L01,VGS(th),0,stable,False,True,False,,,independent_nominal,0
LOT_L01_C005,LOT_L01,VGS(th),24,stable,False,True,False,,,independent_nominal,24
LOT_L01_C005,LOT_L01,VGS(th),96,stable,False,True,False,,,independent_nominal,96
LOT_L01_C005,LOT_L01,VGS(th),168,stable,False,True,False,,,independent_nominal,168
LOT_L01_C005,LOT_L01,RDS(on),0,stable,False,True,False,,,independent_nominal,0
LOT_L01_C005,LOT_L01,RDS(on),24,stable,False,True,False,,,independent_nominal,24
LOT_L01_C005,LOT_L01,RDS(on),96,stable,False,True,False,,,independent_nominal,96
LOT_L01_C005,LOT_L01,RDS(on),168,stable,False,True,False,,,independent_nominal,168
LOT_L01_C005,LOT_L01,IGSS,0,static_limit_breach,False,False,True,0.0,,independent_anomaly_injection,0
LOT_L01_C005,LOT_L01,IGSS,24,static_limit_breach,False,False,True,0.0,,independent_anomaly_injection,24
LOT_L01_C005,LOT_L01,IGSS,96,static_limit_breach,False,False,True,0.0,,independent_anomaly_injection,96
LOT_L01_C005,LOT_L01,IGSS,168,static_limit_breach,False,False,True,0.0,,independent_anomaly_injection,168
LOT_L01_C006,LOT_L01,IDSS,0,stable,False,True,False,,,independent_nominal,0
LOT_L01_C006,LOT_L01,IDSS,24,stable,False,True,False,,,independent_nominal,24
LOT_L01_C006,LOT_L01,IDSS,96,stable,False,True,False,,,independent_nominal,96
LOT_L01_C006,LOT_L01,IDSS,168,stable,False,True,False,,,independent_nominal,168
LOT_L01_C006,LOT_L01,VGS(th),0,stable,False,True,False,,,independent_nominal,0
LOT_L01_C006,LOT_L01,VGS(th),24,stable,False,True,False,,,independent_nominal,24
LOT_L01_C006,LOT_L01,VGS(th),96,stable,False,True,False,,,independent_nominal,96
LOT_L01_C006,LOT_L01,VGS(th),168,stable,False,True,False,,,independent_nominal,168
LOT_L01_C006,LOT_L01,RDS(on),0,static_limit_breach,False,False,True,0.0,,independent_anomaly_injection,0
LOT_L01_C006,LOT_L01,RDS(on),24,static_limit_breach,False,False,True,0.0,,independent_anomaly_injection,24
LOT_L01_C006,LOT_L01,RDS(on),96,static_limit_breach,False,False,True,0.0,,independent_anomaly_injection,96
LOT_L01_C006,LOT_L01,RDS(on),168,static_limit_breach,False,False,True,0.0,,independent_anomaly_injection,168
LOT_L01_C006,LOT_L01,IGSS,0,stable,False,True,False,,,independent_nominal,0
LOT_L01_C006,LOT_L01,IGSS,24,stable,False,True,False,,,independent_nominal,24
LOT_L01_C006,LOT_L01,IGSS,96,stable,False,True,False,,,independent_nominal,96
LOT_L01_C006,LOT_L01,IGSS,168,stable,False,True,False,,,independent_nominal,168
LOT_L01_C007,LOT_L01,IDSS,0,stable,False,True,False,,,independent_nominal,0
LOT_L01_C007,LOT_L01,IDSS,24,stable,False,True,False,,,independent_nominal,24
LOT_L01_C007,LOT_L01,IDSS,96,stable,False,True,False,,,independent_nominal,96
LOT_L01_C007,LOT_L01,IDSS,168,stable,False,True,False,,,independent_nominal,168
LOT_L01_C007,LOT_L01,VGS(th),0,stable,False,True,False,,,independent_nominal,0
LOT_L01_C007,LOT_L01,VGS(th),24,stable,False,True,False,,,independent_nominal,24
LOT_L01_C007,LOT_L01,VGS(th),96,stable,False,True,False,,,independent_nominal,96
LOT_L01_C007,LOT_L01,VGS(th),168,stable,False,True,False,,,independent_nominal,168
LOT_L01_C007,LOT_L01,RDS(on),0,stable,False,True,False,,,independent_nominal,0
LOT_L01_C007,LOT_L01,RDS(on),24,stable,False,True,False,,,independent_nominal,24
LOT_L01_C007,LOT_L01,RDS(on),96,stable,False,True,False,,,independent_nominal,96
LOT_L01_C007,LOT_L01,RDS(on),168,stable,False,True,False,,,independent_nominal,168
LOT_L01_C007,LOT_L01,IGSS,0,stable,False,True,False,,,independent_nominal,0
LOT_L01_C007,LOT_L01,IGSS,24,stable,False,True,False,,,independent_nominal,24
LOT_L01_C007,LOT_L01,IGSS,96,stable,False,True,False,,,independent_nominal,96
LOT_L01_C007,LOT_L01,IGSS,168,stable,False,True,False,,,independent_nominal,168
LOT_L01_C008,LOT_L01,IDSS,0,stable,False,True,False,,,lot_level_process_variation,0
LOT_L01_C008,LOT_L01,IDSS,24,stable,False,True,False,,,lot_level_process_variation,24
LOT_L01_C008,LOT_L01,IDSS,96,stable,False,True,False,,,lot_level_process_variation,96
LOT_L01_C008,LOT_L01,IDSS,168,stable,False,True,False,,,lot_level_process_variation,168
LOT_L01_C008,LOT_L01,VGS(th),0,stable,False,True,False,,,independent_nominal,0
LOT_L01_C008,LOT_L01,VGS(th),24,stable,False,True,False,,,independent_nominal,24
LOT_L01_C008,LOT_L01,VGS(th),96,stable,False,True,False,,,independent_nominal,96
LOT_L01_C008,LOT_L01,VGS(th),168,stable,False,True,False,,,independent_nominal,168
LOT_L01_C008,LOT_L01,RDS(on),0,stable,False,True,False,,,independent_nominal,0
LOT_L01_C008,LOT_L01,RDS(on),24,stable,False,True,False,,,independent_nominal,24
LOT_L01_C008,LOT_L01,RDS(on),96,stable,False,True,False,,,independent_nominal,96
LOT_L01_C008,LOT_L01,RDS(on),168,stable,False,True,False,,,independent_nominal,168
LOT_L01_C008,LOT_L01,IGSS,0,stable,False,True,False,,,independent_nominal,0
LOT_L01_C008,LOT_L01,IGSS,24,stable,False,True,False,,,independent_nominal,24
LOT_L01_C008,LOT_L01,IGSS,96,stable,False,True,False,,,independent_nominal,96
LOT_L01_C008,LOT_L01,IGSS,168,stable,False,True,False,,,independent_nominal,168
LOT_L01_C009,LOT_L01,IDSS,0,stable,False,True,False,,,independent_nominal,0
LOT_L01_C009,LOT_L01,IDSS,24,stable,False,True,False,,,independent_nominal,24
LOT_L01_C009,LOT_L01,IDSS,96,stable,False,True,False,,,independent_nominal,96
LOT_L01_C009,LOT_L01,IDSS,168,stable,False,True,False,,,independent_nominal,168
LOT_L01_C009,LOT_L01,VGS(th),0,stable,False,True,False,,,independent_nominal,0
LOT_L01_C009,LOT_L01,VGS(th),24,stable,False,True,False,,,independent_nominal,24
LOT_L01_C009,LOT_L01,VGS(th),96,stable,False,True,False,,,independent_nominal,96
LOT_L01_C009,LOT_L01,VGS(th),168,stable,False,True,False,,,independent_nominal,168
LOT_L01_C009,LOT_L01,RDS(on),0,stable,False,True,False,,,independent_nominal,0
LOT_L01_C009,LOT_L01,RDS(on),24,stable,False,True,False,,,independent_nominal,24
LOT_L01_C009,LOT_L01,RDS(on),96,stable,False,True,False,,,independent_nominal,96
LOT_L01_C009,LOT_L01,RDS(on),168,stable,False,True,False,,,independent_nominal,168
LOT_L01_C009,LOT_L01,IGSS,0,stable,False,True,False,,,independent_nominal,0
LOT_L01_C009,LOT_L01,IGSS,24,stable,False,True,False,,,independent_nominal,24
LOT_L01_C009,LOT_L01,IGSS,96,stable,False,True,False,,,independent_nominal,96
LOT_L01_C009,LOT_L01,IGSS,168,stable,False,True,False,,,independent_nominal,168
LOT_L01_C010,LOT_L01,IDSS,0,stable,False,True,False,,,independent_nominal,0
LOT_L01_C010,LOT_L01,IDSS,24,stable,False,True,False,,,independent_nominal,24
LOT_L01_C010,LOT_L01,IDSS,96,stable,False,True,False,,,independent_nominal,96
LOT_L01_C010,LOT_L01,IDSS,168,stable,False,True,False,,,independent_nominal,168
LOT_L01_C010,LOT_L01,VGS(th),0,high_but_stable,False,True,False,,,lot_level_process_variation,0
LOT_L01_C010,LOT_L01,VGS(th),24,high_but_stable,False,True,False,,,lot_level_process_variation,24
LOT_L01_C010,LOT_L01,VGS(th),96,high_but_stable,False,True,False,,,lot_level_process_variation,96
LOT_L01_C010,LOT_L01,VGS(th),168,high_but_stable,False,True,False,,,lot_level_process_variation,168
LOT_L01_C010,LOT_L01,RDS(on),0,stable,False,True,False,,,independent_nominal,0
LOT_L01_C010,LOT_L01,RDS(on),24,stable,False,True,False,,,independent_nominal,24
LOT_L01_C010,LOT_L01,RDS(on),96,stable,False,True,False,,,independent_nominal,96
LOT_L01_C010,LOT_L01,RDS(on),168,stable,False,True,False,,,independent_nominal,168
LOT_L01_C010,LOT_L01,IGSS,0,stable,False,True,False,,,independent_nominal,0
LOT_L01_C010,LOT_L01,IGSS,24,stable,False,True,False,,,independent_nominal,24
LOT_L01_C010,LOT_L01,IGSS,96,stable,False,True,False,,,independent_nominal,96
LOT_L01_C010,LOT_L01,IGSS,168,stable,False,True,False,,,independent_nominal,168
LOT_L01_C011,LOT_L01,IDSS,0,stable,False,True,False,,,independent_nominal,0
LOT_L01_C011,LOT_L01,IDSS,24,stable,False,True,False,,,independent_nominal,24
LOT_L01_C011,LOT_L01,IDSS,96,stable,False,True,False,,,independent_nominal,96
LOT_L01_C011,LOT_L01,IDSS,168,stable,False,True,False,,,independent_nominal,168
LOT_L01_C011,LOT_L01,VGS(th),0,stable,False,True,False,,,independent_nominal,0
LOT_L01_C011,LOT_L01,VGS(th),24,stable,False,True,False,,,independent_nominal,24
LOT_L01_C011,LOT_L01,VGS(th),96,stable,False,True,False,,,independent_nominal,96
LOT_L01_C011,LOT_L01,VGS(th),168,stable,False,True,False,,,independent_nominal,168
LOT_L01_C011,LOT_L01,RDS(on),0,stable,False,True,False,,,independent_nominal,0
LOT_L01_C011,LOT_L01,RDS(on),24,stable,False,True,False,,,independent_nominal,24
LOT_L01_C011,LOT_L01,RDS(on),96,stable,False,True,False,,,independent_nominal,96
LOT_L01_C011,LOT_L01,RDS(on),168,stable,False,True,False,,,independent_nominal,168
LOT_L01_C011,LOT_L01,IGSS,0,stable,False,True,False,,,independent_nominal,0
LOT_L01_C011,LOT_L01,IGSS,24,stable,False,True,False,,,independent_nominal,24
LOT_L01_C011,LOT_L01,IGSS,96,stable,False,True,False,,,independent_nominal,96
LOT_L01_C011,LOT_L01,IGSS,168,stable,False,True,False,,,independent_nominal,168
LOT_L01_C012,LOT_L01,IDSS,0,stable,False,True,False,,,independent_nominal,0
LOT_L01_C012,LOT_L01,IDSS,24,stable,False,True,False,,,independent_nominal,24
LOT_L01_C012,LOT_L01,IDSS,96,stable,False,True,False,,,independent_nominal,96
LOT_L01_C012,LOT_L01,IDSS,168,stable,False,True,False,,,independent_nominal,168
LOT_L01_C012,LOT_L01,VGS(th),0,stable,False,True,False,,,independent_nominal,0
LOT_L01_C012,LOT_L01,VGS(th),24,stable,False,True,False,,,independent_nominal,24
LOT_L01_C012,LOT_L01,VGS(th),96,stable,False,True,False,,,independent_nominal,96
LOT_L01_C012,LOT_L01,VGS(th),168,stable,False,True,False,,,independent_nominal,168
LOT_L01_C012,LOT_L01,RDS(on),0,high_but_stable,False,True,False,,,lot_level_process_variation,0
LOT_L01_C012,LOT_L01,RDS(on),24,high_but_stable,False,True,False,,,lot_level_process_variation,24
LOT_L01_C012,LOT_L01,RDS(on),96,high_but_stable,False,True,False,,,lot_level_process_variation,96
LOT_L01_C012,LOT_L01,RDS(on),168,high_but_stable,False,True,False,,,lot_level_process_variation,168
LOT_L01_C012,LOT_L01,IGSS,0,stable,False,True,False,,,independent_nominal,0
LOT_L01_C012,LOT_L01,IGSS,24,stable,False,True,False,,,independent_nominal,24
LOT_L01_C012,LOT_L01,IGSS,96,stable,False,True,False,,,independent_nominal,96
LOT_L01_C012,LOT_L01,IGSS,168,stable,False,True,False,,,independent_nominal,168
LOT_L01_C013,LOT_L01,IDSS,0,stable,False,True,False,,,independent_nominal,0
LOT_L01_C013,LOT_L01,IDSS,24,stable,False,True,False,,,independent_nominal,24
LOT_L01_C013,LOT_L01,IDSS,96,stable,False,True,False,,,independent_nominal,96
LOT_L01_C013,LOT_L01,IDSS,168,stable,False,True,False,,,independent_nominal,168
LOT_L01_C013,LOT_L01,VGS(th),0,stable,False,True,False,,,independent_nominal,0
LOT_L01_C013,LOT_L01,VGS(th),24,stable,False,True,False,,,independent_nominal,24
LOT_L01_C013,LOT_L01,VGS(th),96,stable,False,True,False,,,independent_nominal,96
LOT_L01_C013,LOT_L01,VGS(th),168,stable,False,True,False,,,independent_nominal,168
LOT_L01_C013,LOT_L01,RDS(on),0,stable,False,True,False,,,independent_nominal,0
LOT_L01_C013,LOT_L01,RDS(on),24,stable,False,True,False,,,independent_nominal,24
LOT_L01_C013,LOT_L01,RDS(on),96,stable,False,True,False,,,independent_nominal,96
LOT_L01_C013,LOT_L01,RDS(on),168,stable,False,True,False,,,independent_nominal,168
LOT_L01_C013,LOT_L01,IGSS,0,stable,False,True,False,,,independent_nominal,0
LOT_L01_C013,LOT_L01,IGSS,24,stable,False,True,False,,,independent_nominal,24
LOT_L01_C013,LOT_L01,IGSS,96,stable,False,True,False,,,independent_nominal,96
LOT_L01_C013,LOT_L01,IGSS,168,stable,False,True,False,,,independent_nominal,168
LOT_L01_C014,LOT_L01,IDSS,0,high_but_stable,False,True,False,,,lot_level_process_variation,0
LOT_L01_C014,LOT_L01,IDSS,24,high_but_stable,False,True,False,,,lot_level_process_variation,24
LOT_L01_C014,LOT_L01,IDSS,96,high_but_stable,False,True,False,,,lot_level_process_variation,96
LOT_L01_C014,LOT_L01,IDSS,168,high_but_stable,False,True,False,,,lot_level_process_variation,168
LOT_L01_C014,LOT_L01,VGS(th),0,stable,False,True,False,,,independent_nominal,0
LOT_L01_C014,LOT_L01,VGS(th),24,stable,False,True,False,,,independent_nominal,24
LOT_L01_C014,LOT_L01,VGS(th),96,stable,False,True,False,,,independent_nominal,96
LOT_L01_C014,LOT_L01,VGS(th),168,stable,False,True,False,,,independent_nominal,168
LOT_L01_C014,LOT_L01,RDS(on),0,stable,False,True,False,,,independent_nominal,0
LOT_L01_C014,LOT_L01,RDS(on),24,stable,False,True,False,,,independent_nominal,24
LOT_L01_C014,LOT_L01,RDS(on),96,stable,False,True,False,,,independent_nominal,96
LOT_L01_C014,LOT_L01,RDS(on),168,stable,False,True,False,,,independent_nominal,168
LOT_L01_C014,LOT_L01,IGSS,0,stable,False,True,False,,,independent_nominal,0
LOT_L01_C014,LOT_L01,IGSS,24,stable,False,True,False,,,independent_nominal,24
LOT_L01_C014,LOT_L01,IGSS,96,stable,False,True,False,,,independent_nominal,96
LOT_L01_C014,LOT_L01,IGSS,168,stable,False,True,False,,,independent_nominal,168
LOT_L01_C015,LOT_L01,IDSS,0,stable,False,True,False,,,independent_nominal,0
LOT_L01_C015,LOT_L01,IDSS,24,stable,False,True,False,,,independent_nominal,24
LOT_L01_C015,LOT_L01,IDSS,96,stable,False,True,False,,,independent_nominal,96
LOT_L01_C015,LOT_L01,IDSS,168,stable,False,True,False,,,independent_nominal,168
LOT_L01_C015,LOT_L01,VGS(th),0,stable,False,True,False,,,independent_nominal,0
LOT_L01_C015,LOT_L01,VGS(th),24,stable,False,True,False,,,independent_nominal,24
LOT_L01_C015,LOT_L01,VGS(th),96,stable,False,True,False,,,independent_nominal,96
LOT_L01_C015,LOT_L01,VGS(th),168,stable,False,True,False,,,independent_nominal,168
LOT_L01_C015,LOT_L01,RDS(on),0,stable,False,True,False,,,independent_nominal,0
LOT_L01_C015,LOT_L01,RDS(on),24,stable,False,True,False,,,independent_nominal,24
LOT_L01_C015,LOT_L01,RDS(on),96,stable,False,True,False,,,independent_nominal,96
LOT_L01_C015,LOT_L01,RDS(on),168,stable,False,True,False,,,independent_nominal,168
LOT_L01_C015,LOT_L01,IGSS,0,stable,False,True,False,,,independent_nominal,0
LOT_L01_C015,LOT_L01,IGSS,24,stable,False,True,False,,,independent_nominal,24
LOT_L01_C015,LOT_L01,IGSS,96,stable,False,True,False,,,independent_nominal,96
LOT_L01_C015,LOT_L01,IGSS,168,stable,False,True,False,,,independent_nominal,168
LOT_L01_C016,LOT_L01,IDSS,0,stable,False,True,False,,,independent_nominal,0
LOT_L01_C016,LOT_L01,IDSS,24,stable,False,True,False,,,independent_nominal,24
LOT_L01_C016,LOT_L01,IDSS,96,stable,False,True,False,,,independent_nominal,96
LOT_L01_C016,LOT_L01,IDSS,168,stable,False,True,False,,,independent_nominal,168
LOT_L01_C016,LOT_L01,VGS(th),0,high_but_stable,False,True,False,,,lot_level_process_variation,0
LOT_L01_C016,LOT_L01,VGS(th),24,high_but_stable,False,True,False,,,lot_level_process_variation,24
LOT_L01_C016,LOT_L01,VGS(th),96,high_but_stable,False,True,False,,,lot_level_process_variation,96
LOT_L01_C016,LOT_L01,VGS(th),168,high_but_stable,False,True,False,,,lot_level_process_variation,168
LOT_L01_C016,LOT_L01,RDS(on),0,stable,False,True,False,,,independent_nominal,0
LOT_L01_C016,LOT_L01,RDS(on),24,stable,False,True,False,,,independent_nominal,24
LOT_L01_C016,LOT_L01,RDS(on),96,stable,False,True,False,,,independent_nominal,96
LOT_L01_C016,LOT_L01,RDS(on),168,stable,False,True,False,,,independent_nominal,168
LOT_L01_C016,LOT_L01,IGSS,0,stable,False,True,False,,,independent_nominal,0
LOT_L01_C016,LOT_L01,IGSS,24,stable,False,True,False,,,independent_nominal,24
LOT_L01_C016,LOT_L01,IGSS,96,stable,False,True,False,,,independent_nominal,96
LOT_L01_C016,LOT_L01,IGSS,168,stable,False,True,False,,,independent_nominal,168
LOT_L01_C017,LOT_L01,IDSS,0,stable,False,True,False,,,independent_nominal,0
LOT_L01_C017,LOT_L01,IDSS,24,stable,False,True,False,,,independent_nominal,24
LOT_L01_C017,LOT_L01,IDSS,96,stable,False,True,False,,,independent_nominal,96
LOT_L01_C017,LOT_L01,IDSS,168,stable,False,True,False,,,independent_nominal,168
LOT_L01_C017,LOT_L01,VGS(th),0,stable,False,True,False,,,independent_nominal,0
LOT_L01_C017,LOT_L01,VGS(th),24,stable,False,True,False,,,independent_nominal,24
LOT_L01_C017,LOT_L01,VGS(th),96,stable,False,True,False,,,independent_nominal,96
LOT_L01_C017,LOT_L01,VGS(th),168,stable,False,True,False,,,independent_nominal,168
LOT_L01_C017,LOT_L01,RDS(on),0,stable,False,True,False,,,independent_nominal,0
LOT_L01_C017,LOT_L01,RDS(on),24,stable,False,True,False,,,independent_nominal,24
LOT_L01_C017,LOT_L01,RDS(on),96,stable,False,True,False,,,independent_nominal,96
LOT_L01_C017,LOT_L01,RDS(on),168,stable,False,True,False,,,independent_nominal,168
LOT_L01_C017,LOT_L01,IGSS,0,stable,False,True,False,,,independent_nominal,0
LOT_L01_C017,LOT_L01,IGSS,24,stable,False,True,False,,,independent_nominal,24
LOT_L01_C017,LOT_L01,IGSS,96,stable,False,True,False,,,independent_nominal,96
LOT_L01_C017,LOT_L01,IGSS,168,stable,False,True,False,,,independent_nominal,168
LOT_L01_C018,LOT_L01,IDSS,0,stable,False,True,False,,,independent_nominal,0
LOT_L01_C018,LOT_L01,IDSS,24,stable,False,True,False,,,independent_nominal,24
LOT_L01_C018,LOT_L01,IDSS,96,stable,False,True,False,,,independent_nominal,96
LOT_L01_C018,LOT_L01,IDSS,168,stable,False,True,False,,,independent_nominal,168
LOT_L01_C018,LOT_L01,VGS(th),0,stable,False,True,False,,,independent_nominal,0
LOT_L01_C018,LOT_L01,VGS(th),24,stable,False,True,False,,,independent_nominal,24
LOT_L01_C018,LOT_L01,VGS(th),96,stable,False,True,False,,,independent_nominal,96
LOT_L01_C018,LOT_L01,VGS(th),168,stable,False,True,False,,,independent_nominal,168
LOT_L01_C018,LOT_L01,RDS(on),0,high_but_stable,False,True,False,,,lot_level_process_variation,0
LOT_L01_C018,LOT_L01,RDS(on),24,high_but_stable,False,True,False,,,lot_level_process_variation,24
LOT_L01_C018,LOT_L01,RDS(on),96,high_but_stable,False,True,False,,,lot_level_process_variation,96
LOT_L01_C018,LOT_L01,RDS(on),168,high_but_stable,False,True,False,,,lot_level_process_variation,168
LOT_L01_C018,LOT_L01,IGSS,0,stable,False,True,False,,,independent_nominal,0
LOT_L01_C018,LOT_L01,IGSS,24,stable,False,True,False,,,independent_nominal,24
LOT_L01_C018,LOT_L01,IGSS,96,stable,False,True,False,,,independent_nominal,96
LOT_L01_C018,LOT_L01,IGSS,168,stable,False,True,False,,,independent_nominal,168
LOT_L01_C019,LOT_L01,IDSS,0,stable,False,True,False,,,independent_nominal,0
LOT_L01_C019,LOT_L01,IDSS,24,stable,False,True,False,,,independent_nominal,24
LOT_L01_C019,LOT_L01,IDSS,96,stable,False,True,False,,,independent_nominal,96
LOT_L01_C019,LOT_L01,IDSS,168,stable,False,True,False,,,independent_nominal,168
LOT_L01_C019,LOT_L01,VGS(th),0,stable,False,True,False,,,independent_nominal,0
LOT_L01_C019,LOT_L01,VGS(th),24,stable,False,True,False,,,independent_nominal,24
LOT_L01_C019,LOT_L01,VGS(th),96,stable,False,True,False,,,independent_nominal,96
LOT_L01_C019,LOT_L01,VGS(th),168,stable,False,True,False,,,independent_nominal,168
LOT_L01_C019,LOT_L01,RDS(on),0,stable,False,True,False,,,independent_nominal,0
LOT_L01_C019,LOT_L01,RDS(on),24,stable,False,True,False,,,independent_nominal,24
LOT_L01_C019,LOT_L01,RDS(on),96,stable,False,True,False,,,independent_nominal,96
LOT_L01_C019,LOT_L01,RDS(on),168,stable,False,True,False,,,independent_nominal,168
LOT_L01_C019,LOT_L01,IGSS,0,stable,False,True,False,,,independent_nominal,0
LOT_L01_C019,LOT_L01,IGSS,24,stable,False,True,False,,,independent_nominal,24
LOT_L01_C019,LOT_L01,IGSS,96,stable,False,True,False,,,independent_nominal,96
LOT_L01_C019,LOT_L01,IGSS,168,stable,False,True,False,,,independent_nominal,168
LOT_L01_C020,LOT_L01,IDSS,0,high_but_stable,False,True,False,,,lot_level_process_variation,0
LOT_L01_C020,LOT_L01,IDSS,24,high_but_stable,False,True,False,,,lot_level_process_variation,24
LOT_L01_C020,LOT_L01,IDSS,96,high_but_stable,False,True,False,,,lot_level_process_variation,96
LOT_L01_C020,LOT_L01,IDSS,168,high_but_stable,False,True,False,,,lot_level_process_variation,168
LOT_L01_C020,LOT_L01,VGS(th),0,stable,False,True,False,,,independent_nominal,0
LOT_L01_C020,LOT_L01,VGS(th),24,stable,False,True,False,,,independent_nominal,24
LOT_L01_C020,LOT_L01,VGS(th),96,stable,False,True,False,,,independent_nominal,96
LOT_L01_C020,LOT_L01,VGS(th),168,stable,False,True,False,,,independent_nominal,168
LOT_L01_C020,LOT_L01,RDS(on),0,stable,False,True,False,,,independent_nominal,0
LOT_L01_C020,LOT_L01,RDS(on),24,stable,False,True,False,,,independent_nominal,24
LOT_L01_C020,LOT_L01,RDS(on),96,stable,False,True,False,,,independent_nominal,96
LOT_L01_C020,LOT_L01,RDS(on),168,stable,False,True,False,,,independent_nominal,168
LOT_L01_C020,LOT_L01,IGSS,0,stable,False,True,False,,,independent_nominal,0
LOT_L01_C020,LOT_L01,IGSS,24,stable,False,True,False,,,independent_nominal,24
LOT_L01_C020,LOT_L01,IGSS,96,stable,False,True,False,,,independent_nominal,96
LOT_L01_C020,LOT_L01,IGSS,168,stable,False,True,False,,,independent_nominal,168
LOT_L01_C021,LOT_L01,IDSS,0,stable,False,True,False,,,independent_nominal,0
LOT_L01_C021,LOT_L01,IDSS,24,stable,False,True,False,,,independent_nominal,24
LOT_L01_C021,LOT_L01,IDSS,96,stable,False,True,False,,,independent_nominal,96
LOT_L01_C021,LOT_L01,IDSS,168,stable,False,True,False,,,independent_nominal,168
LOT_L01_C021,LOT_L01,VGS(th),0,stable,False,True,False,,,independent_nominal,0
LOT_L01_C021,LOT_L01,VGS(th),24,stable,False,True,False,,,independent_nominal,24
LOT_L01_C021,LOT_L01,VGS(th),96,stable,False,True,False,,,independent_nominal,96
LOT_L01_C021,LOT_L01,VGS(th),168,stable,False,True,False,,,independent_nominal,168
LOT_L01_C021,LOT_L01,RDS(on),0,stable,False,True,False,,,independent_nominal,0
LOT_L01_C021,LOT_L01,RDS(on),24,stable,False,True,False,,,independent_nominal,24
LOT_L01_C021,LOT_L01,RDS(on),96,stable,False,True,False,,,independent_nominal,96
LOT_L01_C021,LOT_L01,RDS(on),168,stable,False,True,False,,,independent_nominal,168
LOT_L01_C021,LOT_L01,IGSS,0,stable,False,True,False,,,independent_nominal,0
LOT_L01_C021,LOT_L01,IGSS,24,stable,False,True,False,,,independent_nominal,24
LOT_L01_C021,LOT_L01,IGSS,96,stable,False,True,False,,,independent_nominal,96
LOT_L01_C021,LOT_L01,IGSS,168,stable,False,True,False,,,independent_nominal,168
LOT_L01_C022,LOT_L01,IDSS,0,stable,False,True,False,,,independent_nominal,0
LOT_L01_C022,LOT_L01,IDSS,24,stable,False,True,False,,,independent_nominal,24
LOT_L01_C022,LOT_L01,IDSS,96,stable,False,True,False,,,independent_nominal,96
LOT_L01_C022,LOT_L01,IDSS,168,stable,False,True,False,,,independent_nominal,168
LOT_L01_C022,LOT_L01,VGS(th),0,high_but_stable,False,True,False,,,lot_level_process_variation,0
LOT_L01_C022,LOT_L01,VGS(th),24,high_but_stable,False,True,False,,,lot_level_process_variation,24
LOT_L01_C022,LOT_L01,VGS(th),96,high_but_stable,False,True,False,,,lot_level_process_variation,96
LOT_L01_C022,LOT_L01,VGS(th),168,high_but_stable,False,True,False,,,lot_level_process_variation,168
LOT_L01_C022,LOT_L01,RDS(on),0,stable,False,True,False,,,independent_nominal,0
LOT_L01_C022,LOT_L01,RDS(on),24,stable,False,True,False,,,independent_nominal,24
LOT_L01_C022,LOT_L01,RDS(on),96,stable,False,True,False,,,independent_nominal,96
LOT_L01_C022,LOT_L01,RDS(on),168,stable,False,True,False,,,independent_nominal,168
LOT_L01_C022,LOT_L01,IGSS,0,stable,False,True,False,,,independent_nominal,0
LOT_L01_C022,LOT_L01,IGSS,24,stable,False,True,False,,,independent_nominal,24
LOT_L01_C022,LOT_L01,IGSS,96,stable,False,True,False,,,independent_nominal,96
LOT_L01_C022,LOT_L01,IGSS,168,stable,False,True,False,,,independent_nominal,168
LOT_L01_C023,LOT_L01,IDSS,0,stable,False,True,False,,,independent_nominal,0
LOT_L01_C023,LOT_L01,IDSS,24,stable,False,True,False,,,independent_nominal,24
LOT_L01_C023,LOT_L01,IDSS,96,stable,False,True,False,,,independent_nominal,96
LOT_L01_C023,LOT_L01,IDSS,168,stable,False,True,False,,,independent_nominal,168
LOT_L01_C023,LOT_L01,VGS(th),0,stable,False,True,False,,,independent_nominal,0
LOT_L01_C023,LOT_L01,VGS(th),24,stable,False,True,False,,,independent_nominal,24
LOT_L01_C023,LOT_L01,VGS(th),96,stable,False,True,False,,,independent_nominal,96
LOT_L01_C023,LOT_L01,VGS(th),168,stable,False,True,False,,,independent_nominal,168
LOT_L01_C023,LOT_L01,RDS(on),0,stable,False,True,False,,,independent_nominal,0
LOT_L01_C023,LOT_L01,RDS(on),24,stable,False,True,False,,,independent_nominal,24
LOT_L01_C023,LOT_L01,RDS(on),96,stable,False,True,False,,,independent_nominal,96
LOT_L01_C023,LOT_L01,RDS(on),168,stable,False,True,False,,,independent_nominal,168
LOT_L01_C023,LOT_L01,IGSS,0,stable,False,True,False,,,independent_nominal,0
LOT_L01_C023,LOT_L01,IGSS,24,stable,False,True,False,,,independent_nominal,24
LOT_L01_C023,LOT_L01,IGSS,96,stable,False,True,False,,,independent_nominal,96
LOT_L01_C023,LOT_L01,IGSS,168,stable,False,True,False,,,independent_nominal,168
LOT_L01_C024,LOT_L01,IDSS,0,stable,False,True,False,,,independent_nominal,0
LOT_L01_C024,LOT_L01,IDSS,24,stable,False,True,False,,,independent_nominal,24
LOT_L01_C024,LOT_L01,IDSS,96,stable,False,True,False,,,independent_nominal,96
LOT_L01_C024,LOT_L01,IDSS,168,stable,False,True,False,,,independent_nominal,168
LOT_L01_C024,LOT_L01,VGS(th),0,stable,False,True,False,,,independent_nominal,0
LOT_L01_C024,LOT_L01,VGS(th),24,stable,False,True,False,,,independent_nominal,24
LOT_L01_C024,LOT_L01,VGS(th),96,stable,False,True,False,,,independent_nominal,96
LOT_L01_C024,LOT_L01,VGS(th),168,stable,False,True,False,,,independent_nominal,168
LOT_L01_C024,LOT_L01,RDS(on),0,high_but_stable,False,True,False,,,lot_level_process_variation,0
LOT_L01_C024,LOT_L01,RDS(on),24,high_but_stable,False,True,False,,,lot_level_process_variation,24
LOT_L01_C024,LOT_L01,RDS(on),96,high_but_stable,False,True,False,,,lot_level_process_variation,96
LOT_L01_C024,LOT_L01,RDS(on),168,high_but_stable,False,True,False,,,lot_level_process_variation,168
LOT_L01_C024,LOT_L01,IGSS,0,stable,False,True,False,,,independent_nominal,0
LOT_L01_C024,LOT_L01,IGSS,24,stable,False,True,False,,,independent_nominal,24
LOT_L01_C024,LOT_L01,IGSS,96,stable,False,True,False,,,independent_nominal,96
LOT_L01_C024,LOT_L01,IGSS,168,stable,False,True,False,,,independent_nominal,168
LOT_L01_C025,LOT_L01,IDSS,0,stable,False,True,False,,,independent_nominal,0
LOT_L01_C025,LOT_L01,IDSS,24,stable,False,True,False,,,independent_nominal,24
LOT_L01_C025,LOT_L01,IDSS,96,stable,False,True,False,,,independent_nominal,96
LOT_L01_C025,LOT_L01,IDSS,168,stable,False,True,False,,,independent_nominal,168
LOT_L01_C025,LOT_L01,VGS(th),0,stable,False,True,False,,,independent_nominal,0
LOT_L01_C025,LOT_L01,VGS(th),24,stable,False,True,False,,,independent_nominal,24
LOT_L01_C025,LOT_L01,VGS(th),96,stable,False,True,False,,,independent_nominal,96
LOT_L01_C025,LOT_L01,VGS(th),168,stable,False,True,False,,,independent_nominal,168
LOT_L01_C025,LOT_L01,RDS(on),0,stable,False,True,False,,,independent_nominal,0
LOT_L01_C025,LOT_L01,RDS(on),24,stable,False,True,False,,,independent_nominal,24
LOT_L01_C025,LOT_L01,RDS(on),96,stable,False,True,False,,,independent_nominal,96
LOT_L01_C025,LOT_L01,RDS(on),168,stable,False,True,False,,,independent_nominal,168
LOT_L01_C025,LOT_L01,IGSS,0,stable,False,True,False,,,independent_nominal,0
LOT_L01_C025,LOT_L01,IGSS,24,stable,False,True,False,,,independent_nominal,24
LOT_L01_C025,LOT_L01,IGSS,96,stable,False,True,False,,,independent_nominal,96
LOT_L01_C025,LOT_L01,IGSS,168,stable,False,True,False,,,independent_nominal,168
LOT_L01_C026,LOT_L01,IDSS,0,high_but_stable,False,True,False,,,lot_level_process_variation,0
LOT_L01_C026,LOT_L01,IDSS,24,high_but_stable,False,True,False,,,lot_level_process_variation,24
LOT_L01_C026,LOT_L01,IDSS,96,high_but_stable,False,True,False,,,lot_level_process_variation,96
LOT_L01_C026,LOT_L01,IDSS,168,high_but_stable,False,True,False,,,lot_level_process_variation,168
LOT_L01_C026,LOT_L01,VGS(th),0,stable,False,True,False,,,independent_nominal,0
LOT_L01_C026,LOT_L01,VGS(th),24,stable,False,True,False,,,independent_nominal,24
LOT_L01_C026,LOT_L01,VGS(th),96,stable,False,True,False,,,independent_nominal,96
LOT_L01_C026,LOT_L01,VGS(th),168,stable,False,True,False,,,independent_nominal,168
LOT_L01_C026,LOT_L01,RDS(on),0,stable,False,True,False,,,independent_nominal,0
LOT_L01_C026,LOT_L01,RDS(on),24,stable,False,True,False,,,independent_nominal,24
LOT_L01_C026,LOT_L01,RDS(on),96,stable,False,True,False,,,independent_nominal,96
LOT_L01_C026,LOT_L01,RDS(on),168,stable,False,True,False,,,independent_nominal,168
LOT_L01_C026,LOT_L01,IGSS,0,stable,False,True,False,,,independent_nominal,0
LOT_L01_C026,LOT_L01,IGSS,24,stable,False,True,False,,,independent_nominal,24
LOT_L01_C026,LOT_L01,IGSS,96,stable,False,True,False,,,independent_nominal,96
LOT_L01_C026,LOT_L01,IGSS,168,stable,False,True,False,,,independent_nominal,168
LOT_L01_C027,LOT_L01,IDSS,0,stable,False,True,False,,,independent_nominal,0
LOT_L01_C027,LOT_L01,IDSS,24,stable,False,True,False,,,independent_nominal,24
LOT_L01_C027,LOT_L01,IDSS,96,stable,False,True,False,,,independent_nominal,96
LOT_L01_C027,LOT_L01,IDSS,168,stable,False,True,False,,,independent_nominal,168
LOT_L01_C027,LOT_L01,VGS(th),0,stable,False,True,False,,,independent_nominal,0
LOT_L01_C027,LOT_L01,VGS(th),24,stable,False,True,False,,,independent_nominal,24
LOT_L01_C027,LOT_L01,VGS(th),96,stable,False,True,False,,,independent_nominal,96
LOT_L01_C027,LOT_L01,VGS(th),168,stable,False,True,False,,,independent_nominal,168
LOT_L01_C027,LOT_L01,RDS(on),0,stable,False,True,False,,,independent_nominal,0
LOT_L01_C027,LOT_L01,RDS(on),24,stable,False,True,False,,,independent_nominal,24
LOT_L01_C027,LOT_L01,RDS(on),96,stable,False,True,False,,,independent_nominal,96
LOT_L01_C027,LOT_L01,RDS(on),168,stable,False,True,False,,,independent_nominal,168
LOT_L01_C027,LOT_L01,IGSS,0,stable,False,True,False,,,independent_nominal,0
LOT_L01_C027,LOT_L01,IGSS,24,stable,False,True,False,,,independent_nominal,24
LOT_L01_C027,LOT_L01,IGSS,96,stable,False,True,False,,,independent_nominal,96
LOT_L01_C027,LOT_L01,IGSS,168,stable,False,True,False,,,independent_nominal,168
LOT_L01_C028,LOT_L01,IDSS,0,stable,False,True,False,,,independent_nominal,0
LOT_L01_C028,LOT_L01,IDSS,24,stable,False,True,False,,,independent_nominal,24
LOT_L01_C028,LOT_L01,IDSS,96,stable,False,True,False,,,independent_nominal,96
LOT_L01_C028,LOT_L01,IDSS,168,stable,False,True,False,,,independent_nominal,168
LOT_L01_C028,LOT_L01,VGS(th),0,high_but_stable,False,True,False,,,lot_level_process_variation,0
LOT_L01_C028,LOT_L01,VGS(th),24,high_but_stable,False,True,False,,,lot_level_process_variation,24
LOT_L01_C028,LOT_L01,VGS(th),96,high_but_stable,False,True,False,,,lot_level_process_variation,96
LOT_L01_C028,LOT_L01,VGS(th),168,high_but_stable,False,True,False,,,lot_level_process_variation,168
LOT_L01_C028,LOT_L01,RDS(on),0,stable,False,True,False,,,independent_nominal,0
LOT_L01_C028,LOT_L01,RDS(on),24,stable,False,True,False,,,independent_nominal,24
LOT_L01_C028,LOT_L01,RDS(on),96,stable,False,True,False,,,independent_nominal,96
LOT_L01_C028,LOT_L01,RDS(on),168,stable,False,True,False,,,independent_nominal,168
LOT_L01_C028,LOT_L01,IGSS,0,stable,False,True,False,,,independent_nominal,0
LOT_L01_C028,LOT_L01,IGSS,24,stable,False,True,False,,,independent_nominal,24
LOT_L01_C028,LOT_L01,IGSS,96,stable,False,True,False,,,independent_nominal,96
LOT_L01_C028,LOT_L01,IGSS,168,stable,False,True,False,,,independent_nominal,168
LOT_L01_C029,LOT_L01,IDSS,0,stable,False,True,False,,,independent_nominal,0
LOT_L01_C029,LOT_L01,IDSS,24,stable,False,True,False,,,independent_nominal,24
LOT_L01_C029,LOT_L01,IDSS,96,stable,False,True,False,,,independent_nominal,96
LOT_L01_C029,LOT_L01,IDSS,168,stable,False,True,False,,,independent_nominal,168
LOT_L01_C029,LOT_L01,VGS(th),0,stable,False,True,False,,,independent_nominal,0
LOT_L01_C029,LOT_L01,VGS(th),24,stable,False,True,False,,,independent_nominal,24
LOT_L01_C029,LOT_L01,VGS(th),96,stable,False,True,False,,,independent_nominal,96
LOT_L01_C029,LOT_L01,VGS(th),168,stable,False,True,False,,,independent_nominal,168
LOT_L01_C029,LOT_L01,RDS(on),0,stable,False,True,False,,,independent_nominal,0
LOT_L01_C029,LOT_L01,RDS(on),24,stable,False,True,False,,,independent_nominal,24
LOT_L01_C029,LOT_L01,RDS(on),96,stable,False,True,False,,,independent_nominal,96
LOT_L01_C029,LOT_L01,RDS(on),168,stable,False,True,False,,,independent_nominal,168
LOT_L01_C029,LOT_L01,IGSS,0,stable,False,True,False,,,independent_nominal,0
LOT_L01_C029,LOT_L01,IGSS,24,stable,False,True,False,,,independent_nominal,24
LOT_L01_C029,LOT_L01,IGSS,96,stable,False,True,False,,,independent_nominal,96
LOT_L01_C029,LOT_L01,IGSS,168,stable,False,True,False,,,independent_nominal,168
LOT_L01_C030,LOT_L01,IDSS,0,stable,False,True,False,,,independent_nominal,0
LOT_L01_C030,LOT_L01,IDSS,24,stable,False,True,False,,,independent_nominal,24
LOT_L01_C030,LOT_L01,IDSS,96,stable,False,True,False,,,independent_nominal,96
LOT_L01_C030,LOT_L01,IDSS,168,stable,False,True,False,,,independent_nominal,168
LOT_L01_C030,LOT_L01,VGS(th),0,stable,False,True,False,,,independent_nominal,0
LOT_L01_C030,LOT_L01,VGS(th),24,stable,False,True,False,,,independent_nominal,24
LOT_L01_C030,LOT_L01,VGS(th),96,stable,False,True,False,,,independent_nominal,96
LOT_L01_C030,LOT_L01,VGS(th),168,stable,False,True,False,,,independent_nominal,168
LOT_L01_C030,LOT_L01,RDS(on),0,high_but_stable,False,True,False,,,lot_level_process_variation,0
LOT_L01_C030,LOT_L01,RDS(on),24,high_but_stable,False,True,False,,,lot_level_process_variation,24
LOT_L01_C030,LOT_L01,RDS(on),96,high_but_stable,False,True,False,,,lot_level_process_variation,96
LOT_L01_C030,LOT_L01,RDS(on),168,high_but_stable,False,True,False,,,lot_level_process_variation,168
LOT_L01_C030,LOT_L01,IGSS,0,stable,False,True,False,,,independent_nominal,0
LOT_L01_C030,LOT_L01,IGSS,24,stable,False,True,False,,,independent_nominal,24
LOT_L01_C030,LOT_L01,IGSS,96,stable,False,True,False,,,independent_nominal,96
LOT_L01_C030,LOT_L01,IGSS,168,stable,False,True,False,,,independent_nominal,168
LOT_E01_C001,LOT_E01,IDSS,0,equipment_common_mode,False,True,False,,,chamber_common_mode_effect,0
LOT_E01_C001,LOT_E01,IDSS,24,equipment_common_mode,False,True,False,,,chamber_common_mode_effect,24
LOT_E01_C001,LOT_E01,IDSS,96,equipment_common_mode,False,True,True,96.0,,chamber_common_mode_effect,96
LOT_E01_C001,LOT_E01,IDSS,168,equipment_common_mode,False,True,False,,,chamber_common_mode_effect,168
LOT_E01_C001,LOT_E01,VGS(th),0,equipment_common_mode,False,True,False,,,chamber_common_mode_effect,0
LOT_E01_C001,LOT_E01,VGS(th),24,equipment_common_mode,False,True,False,,,chamber_common_mode_effect,24
LOT_E01_C001,LOT_E01,VGS(th),96,equipment_common_mode,False,True,True,96.0,,chamber_common_mode_effect,96
LOT_E01_C001,LOT_E01,VGS(th),168,equipment_common_mode,False,True,False,,,chamber_common_mode_effect,168
LOT_E01_C001,LOT_E01,RDS(on),0,equipment_common_mode,False,True,False,,,chamber_common_mode_effect,0
LOT_E01_C001,LOT_E01,RDS(on),24,equipment_common_mode,False,True,False,,,chamber_common_mode_effect,24
LOT_E01_C001,LOT_E01,RDS(on),96,equipment_common_mode,False,True,True,96.0,,chamber_common_mode_effect,96
LOT_E01_C001,LOT_E01,RDS(on),168,equipment_common_mode,False,True,False,,,chamber_common_mode_effect,168
LOT_E01_C001,LOT_E01,IGSS,0,stable,False,True,False,,,independent_nominal,0
LOT_E01_C001,LOT_E01,IGSS,24,stable,False,True,False,,,independent_nominal,24
LOT_E01_C001,LOT_E01,IGSS,96,stable,False,True,False,,,independent_nominal,96
LOT_E01_C001,LOT_E01,IGSS,168,stable,False,True,False,,,independent_nominal,168
LOT_E01_C002,LOT_E01,IDSS,0,equipment_common_mode,False,True,False,,,chamber_common_mode_effect,0
LOT_E01_C002,LOT_E01,IDSS,24,equipment_common_mode,False,True,False,,,chamber_common_mode_effect,24
LOT_E01_C002,LOT_E01,IDSS,96,equipment_common_mode,False,True,True,96.0,,chamber_common_mode_effect,96
LOT_E01_C002,LOT_E01,IDSS,168,equipment_common_mode,False,True,False,,,chamber_common_mode_effect,168
LOT_E01_C002,LOT_E01,VGS(th),0,equipment_common_mode,False,True,False,,,chamber_common_mode_effect,0
LOT_E01_C002,LOT_E01,VGS(th),24,equipment_common_mode,False,True,False,,,chamber_common_mode_effect,24
LOT_E01_C002,LOT_E01,VGS(th),96,equipment_common_mode,False,True,True,96.0,,chamber_common_mode_effect,96
LOT_E01_C002,LOT_E01,VGS(th),168,equipment_common_mode,False,True,False,,,chamber_common_mode_effect,168
LOT_E01_C002,LOT_E01,RDS(on),0,equipment_common_mode,False,True,False,,,chamber_common_mode_effect,0
LOT_E01_C002,LOT_E01,RDS(on),24,equipment_common_mode,False,True,False,,,chamber_common_mode_effect,24
LOT_E01_C002,LOT_E01,RDS(on),96,equipment_common_mode,False,True,True,96.0,,chamber_common_mode_effect,96
LOT_E01_C002,LOT_E01,RDS(on),168,equipment_common_mode,False,True,False,,,chamber_common_mode_effect,168
LOT_E01_C002,LOT_E01,IGSS,0,stable,False,True,False,,,independent_nominal,0
LOT_E01_C002,LOT_E01,IGSS,24,stable,False,True,False,,,independent_nominal,24
LOT_E01_C002,LOT_E01,IGSS,96,stable,False,True,False,,,independent_nominal,96
LOT_E01_C002,LOT_E01,IGSS,168,stable,False,True,False,,,independent_nominal,168
LOT_E01_C003,LOT_E01,IDSS,0,equipment_common_mode,False,True,False,,,chamber_common_mode_effect,0
LOT_E01_C003,LOT_E01,IDSS,24,equipment_common_mode,False,True,False,,,chamber_common_mode_effect,24
LOT_E01_C003,LOT_E01,IDSS,96,equipment_common_mode,False,True,True,96.0,,chamber_common_mode_effect,96
LOT_E01_C003,LOT_E01,IDSS,168,equipment_common_mode,False,True,False,,,chamber_common_mode_effect,168
LOT_E01_C003,LOT_E01,VGS(th),0,equipment_common_mode,False,True,False,,,chamber_common_mode_effect,0
LOT_E01_C003,LOT_E01,VGS(th),24,equipment_common_mode,False,True,False,,,chamber_common_mode_effect,24
LOT_E01_C003,LOT_E01,VGS(th),96,equipment_common_mode,False,True,True,96.0,,chamber_common_mode_effect,96
LOT_E01_C003,LOT_E01,VGS(th),168,equipment_common_mode,False,True,False,,,chamber_common_mode_effect,168
LOT_E01_C003,LOT_E01,RDS(on),0,equipment_common_mode,False,True,False,,,chamber_common_mode_effect,0
LOT_E01_C003,LOT_E01,RDS(on),24,equipment_common_mode,False,True,False,,,chamber_common_mode_effect,24
LOT_E01_C003,LOT_E01,RDS(on),96,equipment_common_mode,False,True,True,96.0,,chamber_common_mode_effect,96
LOT_E01_C003,LOT_E01,RDS(on),168,equipment_common_mode,False,True,False,,,chamber_common_mode_effect,168
LOT_E01_C003,LOT_E01,IGSS,0,stable,False,True,False,,,independent_nominal,0
LOT_E01_C003,LOT_E01,IGSS,24,stable,False,True,False,,,independent_nominal,24
LOT_E01_C003,LOT_E01,IGSS,96,stable,False,True,False,,,independent_nominal,96
LOT_E01_C003,LOT_E01,IGSS,168,stable,False,True,False,,,independent_nominal,168
LOT_E01_C004,LOT_E01,IDSS,0,equipment_common_mode,False,True,False,,,chamber_common_mode_effect,0
LOT_E01_C004,LOT_E01,IDSS,24,equipment_common_mode,False,True,False,,,chamber_common_mode_effect,24
LOT_E01_C004,LOT_E01,IDSS,96,equipment_common_mode,False,True,True,96.0,,chamber_common_mode_effect,96
LOT_E01_C004,LOT_E01,IDSS,168,equipment_common_mode,False,True,False,,,chamber_common_mode_effect,168
LOT_E01_C004,LOT_E01,VGS(th),0,equipment_common_mode,False,True,False,,,chamber_common_mode_effect,0
LOT_E01_C004,LOT_E01,VGS(th),24,equipment_common_mode,False,True,False,,,chamber_common_mode_effect,24
LOT_E01_C004,LOT_E01,VGS(th),96,equipment_common_mode,False,True,True,96.0,,chamber_common_mode_effect,96
LOT_E01_C004,LOT_E01,VGS(th),168,equipment_common_mode,False,True,False,,,chamber_common_mode_effect,168
LOT_E01_C004,LOT_E01,RDS(on),0,equipment_common_mode,False,True,False,,,chamber_common_mode_effect,0
LOT_E01_C004,LOT_E01,RDS(on),24,equipment_common_mode,False,True,False,,,chamber_common_mode_effect,24
LOT_E01_C004,LOT_E01,RDS(on),96,equipment_common_mode,False,True,True,96.0,,chamber_common_mode_effect,96
LOT_E01_C004,LOT_E01,RDS(on),168,equipment_common_mode,False,True,False,,,chamber_common_mode_effect,168
LOT_E01_C004,LOT_E01,IGSS,0,stable,False,True,False,,,independent_nominal,0
LOT_E01_C004,LOT_E01,IGSS,24,stable,False,True,False,,,independent_nominal,24
LOT_E01_C004,LOT_E01,IGSS,96,stable,False,True,False,,,independent_nominal,96
LOT_E01_C004,LOT_E01,IGSS,168,stable,False,True,False,,,independent_nominal,168
LOT_E01_C005,LOT_E01,IDSS,0,equipment_common_mode,False,True,False,,,chamber_common_mode_effect,0
LOT_E01_C005,LOT_E01,IDSS,24,equipment_common_mode,False,True,False,,,chamber_common_mode_effect,24
LOT_E01_C005,LOT_E01,IDSS,96,equipment_common_mode,False,True,True,96.0,,chamber_common_mode_effect,96
LOT_E01_C005,LOT_E01,IDSS,168,equipment_common_mode,False,True,False,,,chamber_common_mode_effect,168
LOT_E01_C005,LOT_E01,VGS(th),0,equipment_common_mode,False,True,False,,,chamber_common_mode_effect,0
LOT_E01_C005,LOT_E01,VGS(th),24,equipment_common_mode,False,True,False,,,chamber_common_mode_effect,24
LOT_E01_C005,LOT_E01,VGS(th),96,equipment_common_mode,False,True,True,96.0,,chamber_common_mode_effect,96
LOT_E01_C005,LOT_E01,VGS(th),168,equipment_common_mode,False,True,False,,,chamber_common_mode_effect,168
LOT_E01_C005,LOT_E01,RDS(on),0,equipment_common_mode,False,True,False,,,chamber_common_mode_effect,0
LOT_E01_C005,LOT_E01,RDS(on),24,equipment_common_mode,False,True,False,,,chamber_common_mode_effect,24
LOT_E01_C005,LOT_E01,RDS(on),96,equipment_common_mode,False,True,True,96.0,,chamber_common_mode_effect,96
LOT_E01_C005,LOT_E01,RDS(on),168,equipment_common_mode,False,True,False,,,chamber_common_mode_effect,168
LOT_E01_C005,LOT_E01,IGSS,0,stable,False,True,False,,,independent_nominal,0
LOT_E01_C005,LOT_E01,IGSS,24,stable,False,True,False,,,independent_nominal,24
LOT_E01_C005,LOT_E01,IGSS,96,stable,False,True,False,,,independent_nominal,96
LOT_E01_C005,LOT_E01,IGSS,168,stable,False,True,False,,,independent_nominal,168
LOT_E01_C006,LOT_E01,IDSS,0,equipment_common_mode,False,True,False,,,chamber_common_mode_effect,0
LOT_E01_C006,LOT_E01,IDSS,24,equipment_common_mode,False,True,False,,,chamber_common_mode_effect,24
LOT_E01_C006,LOT_E01,IDSS,96,equipment_common_mode,False,True,True,96.0,,chamber_common_mode_effect,96
LOT_E01_C006,LOT_E01,IDSS,168,equipment_common_mode,False,True,False,,,chamber_common_mode_effect,168
LOT_E01_C006,LOT_E01,VGS(th),0,equipment_common_mode,False,True,False,,,chamber_common_mode_effect,0
LOT_E01_C006,LOT_E01,VGS(th),24,equipment_common_mode,False,True,False,,,chamber_common_mode_effect,24
LOT_E01_C006,LOT_E01,VGS(th),96,equipment_common_mode,False,True,True,96.0,,chamber_common_mode_effect,96
LOT_E01_C006,LOT_E01,VGS(th),168,equipment_common_mode,False,True,False,,,chamber_common_mode_effect,168
LOT_E01_C006,LOT_E01,RDS(on),0,equipment_common_mode,False,True,False,,,chamber_common_mode_effect,0
LOT_E01_C006,LOT_E01,RDS(on),24,equipment_common_mode,False,True,False,,,chamber_common_mode_effect,24
LOT_E01_C006,LOT_E01,RDS(on),96,equipment_common_mode,False,True,True,96.0,,chamber_common_mode_effect,96
LOT_E01_C006,LOT_E01,RDS(on),168,equipment_common_mode,False,True,False,,,chamber_common_mode_effect,168
LOT_E01_C006,LOT_E01,IGSS,0,stable,False,True,False,,,independent_nominal,0
LOT_E01_C006,LOT_E01,IGSS,24,stable,False,True,False,,,independent_nominal,24
LOT_E01_C006,LOT_E01,IGSS,96,stable,False,True,False,,,independent_nominal,96
LOT_E01_C006,LOT_E01,IGSS,168,stable,False,True,False,,,independent_nominal,168
LOT_E01_C007,LOT_E01,IDSS,0,equipment_common_mode,False,True,False,,,chamber_common_mode_effect,0
LOT_E01_C007,LOT_E01,IDSS,24,equipment_common_mode,False,True,False,,,chamber_common_mode_effect,24
LOT_E01_C007,LOT_E01,IDSS,96,equipment_common_mode,False,True,True,96.0,,chamber_common_mode_effect,96
LOT_E01_C007,LOT_E01,IDSS,168,equipment_common_mode,False,True,False,,,chamber_common_mode_effect,168
LOT_E01_C007,LOT_E01,VGS(th),0,equipment_common_mode,False,True,False,,,chamber_common_mode_effect,0
LOT_E01_C007,LOT_E01,VGS(th),24,equipment_common_mode,False,True,False,,,chamber_common_mode_effect,24
LOT_E01_C007,LOT_E01,VGS(th),96,equipment_common_mode,False,True,True,96.0,,chamber_common_mode_effect,96
LOT_E01_C007,LOT_E01,VGS(th),168,equipment_common_mode,False,True,False,,,chamber_common_mode_effect,168
LOT_E01_C007,LOT_E01,RDS(on),0,equipment_common_mode,False,True,False,,,chamber_common_mode_effect,0
LOT_E01_C007,LOT_E01,RDS(on),24,equipment_common_mode,False,True,False,,,chamber_common_mode_effect,24
LOT_E01_C007,LOT_E01,RDS(on),96,equipment_common_mode,False,True,True,96.0,,chamber_common_mode_effect,96
LOT_E01_C007,LOT_E01,RDS(on),168,equipment_common_mode,False,True,False,,,chamber_common_mode_effect,168
LOT_E01_C007,LOT_E01,IGSS,0,stable,False,True,False,,,independent_nominal,0
LOT_E01_C007,LOT_E01,IGSS,24,stable,False,True,False,,,independent_nominal,24
LOT_E01_C007,LOT_E01,IGSS,96,stable,False,True,False,,,independent_nominal,96
LOT_E01_C007,LOT_E01,IGSS,168,stable,False,True,False,,,independent_nominal,168
LOT_E01_C008,LOT_E01,IDSS,0,equipment_common_mode,False,True,False,,,chamber_common_mode_effect,0
LOT_E01_C008,LOT_E01,IDSS,24,equipment_common_mode,False,True,False,,,chamber_common_mode_effect,24
LOT_E01_C008,LOT_E01,IDSS,96,equipment_common_mode,False,True,True,96.0,,chamber_common_mode_effect,96
LOT_E01_C008,LOT_E01,IDSS,168,equipment_common_mode,False,True,False,,,chamber_common_mode_effect,168
LOT_E01_C008,LOT_E01,VGS(th),0,equipment_common_mode,False,True,False,,,chamber_common_mode_effect,0
LOT_E01_C008,LOT_E01,VGS(th),24,equipment_common_mode,False,True,False,,,chamber_common_mode_effect,24
LOT_E01_C008,LOT_E01,VGS(th),96,equipment_common_mode,False,True,True,96.0,,chamber_common_mode_effect,96
LOT_E01_C008,LOT_E01,VGS(th),168,equipment_common_mode,False,True,False,,,chamber_common_mode_effect,168
LOT_E01_C008,LOT_E01,RDS(on),0,equipment_common_mode,False,True,False,,,chamber_common_mode_effect,0
LOT_E01_C008,LOT_E01,RDS(on),24,equipment_common_mode,False,True,False,,,chamber_common_mode_effect,24
LOT_E01_C008,LOT_E01,RDS(on),96,equipment_common_mode,False,True,True,96.0,,chamber_common_mode_effect,96
LOT_E01_C008,LOT_E01,RDS(on),168,equipment_common_mode,False,True,False,,,chamber_common_mode_effect,168
LOT_E01_C008,LOT_E01,IGSS,0,stable,False,True,False,,,independent_nominal,0
LOT_E01_C008,LOT_E01,IGSS,24,stable,False,True,False,,,independent_nominal,24
LOT_E01_C008,LOT_E01,IGSS,96,stable,False,True,False,,,independent_nominal,96
LOT_E01_C008,LOT_E01,IGSS,168,stable,False,True,False,,,independent_nominal,168
LOT_E01_C009,LOT_E01,IDSS,0,equipment_common_mode,False,True,False,,,chamber_common_mode_effect,0
LOT_E01_C009,LOT_E01,IDSS,24,equipment_common_mode,False,True,False,,,chamber_common_mode_effect,24
LOT_E01_C009,LOT_E01,IDSS,96,equipment_common_mode,False,True,True,96.0,,chamber_common_mode_effect,96
LOT_E01_C009,LOT_E01,IDSS,168,equipment_common_mode,False,True,False,,,chamber_common_mode_effect,168
LOT_E01_C009,LOT_E01,VGS(th),0,equipment_common_mode,False,True,False,,,chamber_common_mode_effect,0
LOT_E01_C009,LOT_E01,VGS(th),24,equipment_common_mode,False,True,False,,,chamber_common_mode_effect,24
LOT_E01_C009,LOT_E01,VGS(th),96,equipment_common_mode,False,True,True,96.0,,chamber_common_mode_effect,96
LOT_E01_C009,LOT_E01,VGS(th),168,equipment_common_mode,False,True,False,,,chamber_common_mode_effect,168
LOT_E01_C009,LOT_E01,RDS(on),0,equipment_common_mode,False,True,False,,,chamber_common_mode_effect,0
LOT_E01_C009,LOT_E01,RDS(on),24,equipment_common_mode,False,True,False,,,chamber_common_mode_effect,24
LOT_E01_C009,LOT_E01,RDS(on),96,equipment_common_mode,False,True,True,96.0,,chamber_common_mode_effect,96
LOT_E01_C009,LOT_E01,RDS(on),168,equipment_common_mode,False,True,False,,,chamber_common_mode_effect,168
LOT_E01_C009,LOT_E01,IGSS,0,stable,False,True,False,,,independent_nominal,0
LOT_E01_C009,LOT_E01,IGSS,24,stable,False,True,False,,,independent_nominal,24
LOT_E01_C009,LOT_E01,IGSS,96,stable,False,True,False,,,independent_nominal,96
LOT_E01_C009,LOT_E01,IGSS,168,stable,False,True,False,,,independent_nominal,168
LOT_E01_C010,LOT_E01,IDSS,0,equipment_common_mode,False,True,False,,,chamber_common_mode_effect,0
LOT_E01_C010,LOT_E01,IDSS,24,equipment_common_mode,False,True,False,,,chamber_common_mode_effect,24
LOT_E01_C010,LOT_E01,IDSS,96,equipment_common_mode,False,True,True,96.0,,chamber_common_mode_effect,96
LOT_E01_C010,LOT_E01,IDSS,168,equipment_common_mode,False,True,False,,,chamber_common_mode_effect,168
LOT_E01_C010,LOT_E01,VGS(th),0,equipment_common_mode,False,True,False,,,chamber_common_mode_effect,0
LOT_E01_C010,LOT_E01,VGS(th),24,equipment_common_mode,False,True,False,,,chamber_common_mode_effect,24
LOT_E01_C010,LOT_E01,VGS(th),96,equipment_common_mode,False,True,True,96.0,,chamber_common_mode_effect,96
LOT_E01_C010,LOT_E01,VGS(th),168,equipment_common_mode,False,True,False,,,chamber_common_mode_effect,168
LOT_E01_C010,LOT_E01,RDS(on),0,equipment_common_mode,False,True,False,,,chamber_common_mode_effect,0
LOT_E01_C010,LOT_E01,RDS(on),24,equipment_common_mode,False,True,False,,,chamber_common_mode_effect,24
LOT_E01_C010,LOT_E01,RDS(on),96,equipment_common_mode,False,True,True,96.0,,chamber_common_mode_effect,96
LOT_E01_C010,LOT_E01,RDS(on),168,equipment_common_mode,False,True,False,,,chamber_common_mode_effect,168
LOT_E01_C010,LOT_E01,IGSS,0,stable,False,True,False,,,independent_nominal,0
LOT_E01_C010,LOT_E01,IGSS,24,stable,False,True,False,,,independent_nominal,24
LOT_E01_C010,LOT_E01,IGSS,96,stable,False,True,False,,,independent_nominal,96
LOT_E01_C010,LOT_E01,IGSS,168,stable,False,True,False,,,independent_nominal,168
LOT_E01_C011,LOT_E01,IDSS,0,equipment_common_mode,False,True,False,,,chamber_common_mode_effect,0
LOT_E01_C011,LOT_E01,IDSS,24,equipment_common_mode,False,True,False,,,chamber_common_mode_effect,24
LOT_E01_C011,LOT_E01,IDSS,96,equipment_common_mode,False,True,True,96.0,,chamber_common_mode_effect,96
LOT_E01_C011,LOT_E01,IDSS,168,equipment_common_mode,False,True,False,,,chamber_common_mode_effect,168
LOT_E01_C011,LOT_E01,VGS(th),0,equipment_common_mode,False,True,False,,,chamber_common_mode_effect,0
LOT_E01_C011,LOT_E01,VGS(th),24,equipment_common_mode,False,True,False,,,chamber_common_mode_effect,24
LOT_E01_C011,LOT_E01,VGS(th),96,equipment_common_mode,False,True,True,96.0,,chamber_common_mode_effect,96
LOT_E01_C011,LOT_E01,VGS(th),168,equipment_common_mode,False,True,False,,,chamber_common_mode_effect,168
LOT_E01_C011,LOT_E01,RDS(on),0,equipment_common_mode,False,True,False,,,chamber_common_mode_effect,0
LOT_E01_C011,LOT_E01,RDS(on),24,equipment_common_mode,False,True,False,,,chamber_common_mode_effect,24
LOT_E01_C011,LOT_E01,RDS(on),96,equipment_common_mode,False,True,True,96.0,,chamber_common_mode_effect,96
LOT_E01_C011,LOT_E01,RDS(on),168,equipment_common_mode,False,True,False,,,chamber_common_mode_effect,168
LOT_E01_C011,LOT_E01,IGSS,0,stable,False,True,False,,,independent_nominal,0
LOT_E01_C011,LOT_E01,IGSS,24,stable,False,True,False,,,independent_nominal,24
LOT_E01_C011,LOT_E01,IGSS,96,stable,False,True,False,,,independent_nominal,96
LOT_E01_C011,LOT_E01,IGSS,168,stable,False,True,False,,,independent_nominal,168
LOT_E01_C012,LOT_E01,IDSS,0,equipment_common_mode,False,True,False,,,chamber_common_mode_effect,0
LOT_E01_C012,LOT_E01,IDSS,24,equipment_common_mode,False,True,False,,,chamber_common_mode_effect,24
LOT_E01_C012,LOT_E01,IDSS,96,equipment_common_mode,False,True,True,96.0,,chamber_common_mode_effect,96
LOT_E01_C012,LOT_E01,IDSS,168,equipment_common_mode,False,True,False,,,chamber_common_mode_effect,168
LOT_E01_C012,LOT_E01,VGS(th),0,equipment_common_mode,False,True,False,,,chamber_common_mode_effect,0
LOT_E01_C012,LOT_E01,VGS(th),24,equipment_common_mode,False,True,False,,,chamber_common_mode_effect,24
LOT_E01_C012,LOT_E01,VGS(th),96,equipment_common_mode,False,True,True,96.0,,chamber_common_mode_effect,96
LOT_E01_C012,LOT_E01,VGS(th),168,equipment_common_mode,False,True,False,,,chamber_common_mode_effect,168
LOT_E01_C012,LOT_E01,RDS(on),0,equipment_common_mode,False,True,False,,,chamber_common_mode_effect,0
LOT_E01_C012,LOT_E01,RDS(on),24,equipment_common_mode,False,True,False,,,chamber_common_mode_effect,24
LOT_E01_C012,LOT_E01,RDS(on),96,equipment_common_mode,False,True,True,96.0,,chamber_common_mode_effect,96
LOT_E01_C012,LOT_E01,RDS(on),168,equipment_common_mode,False,True,False,,,chamber_common_mode_effect,168
LOT_E01_C012,LOT_E01,IGSS,0,stable,False,True,False,,,independent_nominal,0
LOT_E01_C012,LOT_E01,IGSS,24,stable,False,True,False,,,independent_nominal,24
LOT_E01_C012,LOT_E01,IGSS,96,stable,False,True,False,,,independent_nominal,96
LOT_E01_C012,LOT_E01,IGSS,168,stable,False,True,False,,,independent_nominal,168
LOT_E01_C013,LOT_E01,IDSS,0,equipment_common_mode,False,True,False,,,chamber_common_mode_effect,0
LOT_E01_C013,LOT_E01,IDSS,24,equipment_common_mode,False,True,False,,,chamber_common_mode_effect,24
LOT_E01_C013,LOT_E01,IDSS,96,equipment_common_mode,False,True,True,96.0,,chamber_common_mode_effect,96
LOT_E01_C013,LOT_E01,IDSS,168,equipment_common_mode,False,True,False,,,chamber_common_mode_effect,168
LOT_E01_C013,LOT_E01,VGS(th),0,equipment_common_mode,False,True,False,,,chamber_common_mode_effect,0
LOT_E01_C013,LOT_E01,VGS(th),24,equipment_common_mode,False,True,False,,,chamber_common_mode_effect,24
LOT_E01_C013,LOT_E01,VGS(th),96,equipment_common_mode,False,True,True,96.0,,chamber_common_mode_effect,96
LOT_E01_C013,LOT_E01,VGS(th),168,equipment_common_mode,False,True,False,,,chamber_common_mode_effect,168
LOT_E01_C013,LOT_E01,RDS(on),0,equipment_common_mode,False,True,False,,,chamber_common_mode_effect,0
LOT_E01_C013,LOT_E01,RDS(on),24,equipment_common_mode,False,True,False,,,chamber_common_mode_effect,24
LOT_E01_C013,LOT_E01,RDS(on),96,equipment_common_mode,False,True,True,96.0,,chamber_common_mode_effect,96
LOT_E01_C013,LOT_E01,RDS(on),168,equipment_common_mode,False,True,False,,,chamber_common_mode_effect,168
LOT_E01_C013,LOT_E01,IGSS,0,stable,False,True,False,,,independent_nominal,0
LOT_E01_C013,LOT_E01,IGSS,24,stable,False,True,False,,,independent_nominal,24
LOT_E01_C013,LOT_E01,IGSS,96,stable,False,True,False,,,independent_nominal,96
LOT_E01_C013,LOT_E01,IGSS,168,stable,False,True,False,,,independent_nominal,168
LOT_E01_C014,LOT_E01,IDSS,0,equipment_common_mode,False,True,False,,,chamber_common_mode_effect,0
LOT_E01_C014,LOT_E01,IDSS,24,equipment_common_mode,False,True,False,,,chamber_common_mode_effect,24
LOT_E01_C014,LOT_E01,IDSS,96,equipment_common_mode,False,True,True,96.0,,chamber_common_mode_effect,96
LOT_E01_C014,LOT_E01,IDSS,168,equipment_common_mode,False,True,False,,,chamber_common_mode_effect,168
LOT_E01_C014,LOT_E01,VGS(th),0,equipment_common_mode,False,True,False,,,chamber_common_mode_effect,0
LOT_E01_C014,LOT_E01,VGS(th),24,equipment_common_mode,False,True,False,,,chamber_common_mode_effect,24
LOT_E01_C014,LOT_E01,VGS(th),96,equipment_common_mode,False,True,True,96.0,,chamber_common_mode_effect,96
LOT_E01_C014,LOT_E01,VGS(th),168,equipment_common_mode,False,True,False,,,chamber_common_mode_effect,168
LOT_E01_C014,LOT_E01,RDS(on),0,equipment_common_mode,False,True,False,,,chamber_common_mode_effect,0
LOT_E01_C014,LOT_E01,RDS(on),24,equipment_common_mode,False,True,False,,,chamber_common_mode_effect,24
LOT_E01_C014,LOT_E01,RDS(on),96,equipment_common_mode,False,True,True,96.0,,chamber_common_mode_effect,96
LOT_E01_C014,LOT_E01,RDS(on),168,equipment_common_mode,False,True,False,,,chamber_common_mode_effect,168
LOT_E01_C014,LOT_E01,IGSS,0,stable,False,True,False,,,independent_nominal,0
LOT_E01_C014,LOT_E01,IGSS,24,stable,False,True,False,,,independent_nominal,24
LOT_E01_C014,LOT_E01,IGSS,96,stable,False,True,False,,,independent_nominal,96
LOT_E01_C014,LOT_E01,IGSS,168,stable,False,True,False,,,independent_nominal,168
LOT_E01_C015,LOT_E01,IDSS,0,equipment_common_mode,False,True,False,,,chamber_common_mode_effect,0
LOT_E01_C015,LOT_E01,IDSS,24,equipment_common_mode,False,True,False,,,chamber_common_mode_effect,24
LOT_E01_C015,LOT_E01,IDSS,96,equipment_common_mode,False,True,True,96.0,,chamber_common_mode_effect,96
LOT_E01_C015,LOT_E01,IDSS,168,equipment_common_mode,False,True,False,,,chamber_common_mode_effect,168
LOT_E01_C015,LOT_E01,VGS(th),0,equipment_common_mode,False,True,False,,,chamber_common_mode_effect,0
LOT_E01_C015,LOT_E01,VGS(th),24,equipment_common_mode,False,True,False,,,chamber_common_mode_effect,24
LOT_E01_C015,LOT_E01,VGS(th),96,equipment_common_mode,False,True,True,96.0,,chamber_common_mode_effect,96
LOT_E01_C015,LOT_E01,VGS(th),168,equipment_common_mode,False,True,False,,,chamber_common_mode_effect,168
LOT_E01_C015,LOT_E01,RDS(on),0,equipment_common_mode,False,True,False,,,chamber_common_mode_effect,0
LOT_E01_C015,LOT_E01,RDS(on),24,equipment_common_mode,False,True,False,,,chamber_common_mode_effect,24
LOT_E01_C015,LOT_E01,RDS(on),96,equipment_common_mode,False,True,True,96.0,,chamber_common_mode_effect,96
LOT_E01_C015,LOT_E01,RDS(on),168,equipment_common_mode,False,True,False,,,chamber_common_mode_effect,168
LOT_E01_C015,LOT_E01,IGSS,0,stable,False,True,False,,,independent_nominal,0
LOT_E01_C015,LOT_E01,IGSS,24,stable,False,True,False,,,independent_nominal,24
LOT_E01_C015,LOT_E01,IGSS,96,stable,False,True,False,,,independent_nominal,96
LOT_E01_C015,LOT_E01,IGSS,168,stable,False,True,False,,,independent_nominal,168
LOT_E01_C016,LOT_E01,IDSS,0,equipment_common_mode,False,True,False,,,chamber_common_mode_effect,0
LOT_E01_C016,LOT_E01,IDSS,24,equipment_common_mode,False,True,False,,,chamber_common_mode_effect,24
LOT_E01_C016,LOT_E01,IDSS,96,equipment_common_mode,False,True,True,96.0,,chamber_common_mode_effect,96
LOT_E01_C016,LOT_E01,IDSS,168,equipment_common_mode,False,True,False,,,chamber_common_mode_effect,168
LOT_E01_C016,LOT_E01,VGS(th),0,equipment_common_mode,False,True,False,,,chamber_common_mode_effect,0
LOT_E01_C016,LOT_E01,VGS(th),24,equipment_common_mode,False,True,False,,,chamber_common_mode_effect,24
LOT_E01_C016,LOT_E01,VGS(th),96,equipment_common_mode,False,True,True,96.0,,chamber_common_mode_effect,96
LOT_E01_C016,LOT_E01,VGS(th),168,equipment_common_mode,False,True,False,,,chamber_common_mode_effect,168
LOT_E01_C016,LOT_E01,RDS(on),0,equipment_common_mode,False,True,False,,,chamber_common_mode_effect,0
LOT_E01_C016,LOT_E01,RDS(on),24,equipment_common_mode,False,True,False,,,chamber_common_mode_effect,24
LOT_E01_C016,LOT_E01,RDS(on),96,equipment_common_mode,False,True,True,96.0,,chamber_common_mode_effect,96
LOT_E01_C016,LOT_E01,RDS(on),168,equipment_common_mode,False,True,False,,,chamber_common_mode_effect,168
LOT_E01_C016,LOT_E01,IGSS,0,stable,False,True,False,,,independent_nominal,0
LOT_E01_C016,LOT_E01,IGSS,24,stable,False,True,False,,,independent_nominal,24
LOT_E01_C016,LOT_E01,IGSS,96,stable,False,True,False,,,independent_nominal,96
LOT_E01_C016,LOT_E01,IGSS,168,stable,False,True,False,,,independent_nominal,168
LOT_E01_C017,LOT_E01,IDSS,0,equipment_common_mode,False,True,False,,,chamber_common_mode_effect,0
LOT_E01_C017,LOT_E01,IDSS,24,equipment_common_mode,False,True,False,,,chamber_common_mode_effect,24
LOT_E01_C017,LOT_E01,IDSS,96,equipment_common_mode,False,True,True,96.0,,chamber_common_mode_effect,96
LOT_E01_C017,LOT_E01,IDSS,168,equipment_common_mode,False,True,False,,,chamber_common_mode_effect,168
LOT_E01_C017,LOT_E01,VGS(th),0,equipment_common_mode,False,True,False,,,chamber_common_mode_effect,0
LOT_E01_C017,LOT_E01,VGS(th),24,equipment_common_mode,False,True,False,,,chamber_common_mode_effect,24
LOT_E01_C017,LOT_E01,VGS(th),96,equipment_common_mode,False,True,True,96.0,,chamber_common_mode_effect,96
LOT_E01_C017,LOT_E01,VGS(th),168,equipment_common_mode,False,True,False,,,chamber_common_mode_effect,168
LOT_E01_C017,LOT_E01,RDS(on),0,equipment_common_mode,False,True,False,,,chamber_common_mode_effect,0
LOT_E01_C017,LOT_E01,RDS(on),24,equipment_common_mode,False,True,False,,,chamber_common_mode_effect,24
LOT_E01_C017,LOT_E01,RDS(on),96,equipment_common_mode,False,True,True,96.0,,chamber_common_mode_effect,96
LOT_E01_C017,LOT_E01,RDS(on),168,equipment_common_mode,False,True,False,,,chamber_common_mode_effect,168
LOT_E01_C017,LOT_E01,IGSS,0,stable,False,True,False,,,independent_nominal,0
LOT_E01_C017,LOT_E01,IGSS,24,stable,False,True,False,,,independent_nominal,24
LOT_E01_C017,LOT_E01,IGSS,96,stable,False,True,False,,,independent_nominal,96
LOT_E01_C017,LOT_E01,IGSS,168,stable,False,True,False,,,independent_nominal,168
LOT_E01_C018,LOT_E01,IDSS,0,equipment_common_mode,False,True,False,,,chamber_common_mode_effect,0
LOT_E01_C018,LOT_E01,IDSS,24,equipment_common_mode,False,True,False,,,chamber_common_mode_effect,24
LOT_E01_C018,LOT_E01,IDSS,96,equipment_common_mode,False,True,True,96.0,,chamber_common_mode_effect,96
LOT_E01_C018,LOT_E01,IDSS,168,equipment_common_mode,False,True,False,,,chamber_common_mode_effect,168
LOT_E01_C018,LOT_E01,VGS(th),0,equipment_common_mode,False,True,False,,,chamber_common_mode_effect,0
LOT_E01_C018,LOT_E01,VGS(th),24,equipment_common_mode,False,True,False,,,chamber_common_mode_effect,24
LOT_E01_C018,LOT_E01,VGS(th),96,equipment_common_mode,False,True,True,96.0,,chamber_common_mode_effect,96
LOT_E01_C018,LOT_E01,VGS(th),168,equipment_common_mode,False,True,False,,,chamber_common_mode_effect,168
LOT_E01_C018,LOT_E01,RDS(on),0,equipment_common_mode,False,True,False,,,chamber_common_mode_effect,0
LOT_E01_C018,LOT_E01,RDS(on),24,equipment_common_mode,False,True,False,,,chamber_common_mode_effect,24
LOT_E01_C018,LOT_E01,RDS(on),96,equipment_common_mode,False,True,True,96.0,,chamber_common_mode_effect,96
LOT_E01_C018,LOT_E01,RDS(on),168,equipment_common_mode,False,True,False,,,chamber_common_mode_effect,168
LOT_E01_C018,LOT_E01,IGSS,0,stable,False,True,False,,,independent_nominal,0
LOT_E01_C018,LOT_E01,IGSS,24,stable,False,True,False,,,independent_nominal,24
LOT_E01_C018,LOT_E01,IGSS,96,stable,False,True,False,,,independent_nominal,96
LOT_E01_C018,LOT_E01,IGSS,168,stable,False,True,False,,,independent_nominal,168
LOT_E01_C019,LOT_E01,IDSS,0,equipment_common_mode,False,True,False,,,chamber_common_mode_effect,0
LOT_E01_C019,LOT_E01,IDSS,24,equipment_common_mode,False,True,False,,,chamber_common_mode_effect,24
LOT_E01_C019,LOT_E01,IDSS,96,equipment_common_mode,False,True,True,96.0,,chamber_common_mode_effect,96
LOT_E01_C019,LOT_E01,IDSS,168,equipment_common_mode,False,True,False,,,chamber_common_mode_effect,168
LOT_E01_C019,LOT_E01,VGS(th),0,equipment_common_mode,False,True,False,,,chamber_common_mode_effect,0
LOT_E01_C019,LOT_E01,VGS(th),24,equipment_common_mode,False,True,False,,,chamber_common_mode_effect,24
LOT_E01_C019,LOT_E01,VGS(th),96,equipment_common_mode,False,True,True,96.0,,chamber_common_mode_effect,96
LOT_E01_C019,LOT_E01,VGS(th),168,equipment_common_mode,False,True,False,,,chamber_common_mode_effect,168
LOT_E01_C019,LOT_E01,RDS(on),0,equipment_common_mode,False,True,False,,,chamber_common_mode_effect,0
LOT_E01_C019,LOT_E01,RDS(on),24,equipment_common_mode,False,True,False,,,chamber_common_mode_effect,24
LOT_E01_C019,LOT_E01,RDS(on),96,equipment_common_mode,False,True,True,96.0,,chamber_common_mode_effect,96
LOT_E01_C019,LOT_E01,RDS(on),168,equipment_common_mode,False,True,False,,,chamber_common_mode_effect,168
LOT_E01_C019,LOT_E01,IGSS,0,stable,False,True,False,,,independent_nominal,0
LOT_E01_C019,LOT_E01,IGSS,24,stable,False,True,False,,,independent_nominal,24
LOT_E01_C019,LOT_E01,IGSS,96,stable,False,True,False,,,independent_nominal,96
LOT_E01_C019,LOT_E01,IGSS,168,stable,False,True,False,,,independent_nominal,168
LOT_E01_C020,LOT_E01,IDSS,0,equipment_common_mode,False,True,False,,,chamber_common_mode_effect,0
LOT_E01_C020,LOT_E01,IDSS,24,equipment_common_mode,False,True,False,,,chamber_common_mode_effect,24
LOT_E01_C020,LOT_E01,IDSS,96,equipment_common_mode,False,True,True,96.0,,chamber_common_mode_effect,96
LOT_E01_C020,LOT_E01,IDSS,168,equipment_common_mode,False,True,False,,,chamber_common_mode_effect,168
LOT_E01_C020,LOT_E01,VGS(th),0,equipment_common_mode,False,True,False,,,chamber_common_mode_effect,0
LOT_E01_C020,LOT_E01,VGS(th),24,equipment_common_mode,False,True,False,,,chamber_common_mode_effect,24
LOT_E01_C020,LOT_E01,VGS(th),96,equipment_common_mode,False,True,True,96.0,,chamber_common_mode_effect,96
LOT_E01_C020,LOT_E01,VGS(th),168,equipment_common_mode,False,True,False,,,chamber_common_mode_effect,168
LOT_E01_C020,LOT_E01,RDS(on),0,equipment_common_mode,False,True,False,,,chamber_common_mode_effect,0
LOT_E01_C020,LOT_E01,RDS(on),24,equipment_common_mode,False,True,False,,,chamber_common_mode_effect,24
LOT_E01_C020,LOT_E01,RDS(on),96,equipment_common_mode,False,True,True,96.0,,chamber_common_mode_effect,96
LOT_E01_C020,LOT_E01,RDS(on),168,equipment_common_mode,False,True,False,,,chamber_common_mode_effect,168
LOT_E01_C020,LOT_E01,IGSS,0,stable,False,True,False,,,independent_nominal,0
LOT_E01_C020,LOT_E01,IGSS,24,stable,False,True,False,,,independent_nominal,24
LOT_E01_C020,LOT_E01,IGSS,96,stable,False,True,False,,,independent_nominal,96
LOT_E01_C020,LOT_E01,IGSS,168,stable,False,True,False,,,independent_nominal,168
LOT_E01_C021,LOT_E01,IDSS,0,equipment_common_mode,False,True,False,,,chamber_common_mode_effect,0
LOT_E01_C021,LOT_E01,IDSS,24,equipment_common_mode,False,True,False,,,chamber_common_mode_effect,24
LOT_E01_C021,LOT_E01,IDSS,96,equipment_common_mode,False,True,True,96.0,,chamber_common_mode_effect,96
LOT_E01_C021,LOT_E01,IDSS,168,equipment_common_mode,False,True,False,,,chamber_common_mode_effect,168
LOT_E01_C021,LOT_E01,VGS(th),0,equipment_common_mode,False,True,False,,,chamber_common_mode_effect,0
LOT_E01_C021,LOT_E01,VGS(th),24,equipment_common_mode,False,True,False,,,chamber_common_mode_effect,24
LOT_E01_C021,LOT_E01,VGS(th),96,equipment_common_mode,False,True,True,96.0,,chamber_common_mode_effect,96
LOT_E01_C021,LOT_E01,VGS(th),168,equipment_common_mode,False,True,False,,,chamber_common_mode_effect,168
LOT_E01_C021,LOT_E01,RDS(on),0,equipment_common_mode,False,True,False,,,chamber_common_mode_effect,0
LOT_E01_C021,LOT_E01,RDS(on),24,equipment_common_mode,False,True,False,,,chamber_common_mode_effect,24
LOT_E01_C021,LOT_E01,RDS(on),96,equipment_common_mode,False,True,True,96.0,,chamber_common_mode_effect,96
LOT_E01_C021,LOT_E01,RDS(on),168,equipment_common_mode,False,True,False,,,chamber_common_mode_effect,168
LOT_E01_C021,LOT_E01,IGSS,0,stable,False,True,False,,,independent_nominal,0
LOT_E01_C021,LOT_E01,IGSS,24,stable,False,True,False,,,independent_nominal,24
LOT_E01_C021,LOT_E01,IGSS,96,stable,False,True,False,,,independent_nominal,96
LOT_E01_C021,LOT_E01,IGSS,168,stable,False,True,False,,,independent_nominal,168
LOT_E01_C022,LOT_E01,IDSS,0,equipment_common_mode,False,True,False,,,chamber_common_mode_effect,0
LOT_E01_C022,LOT_E01,IDSS,24,equipment_common_mode,False,True,False,,,chamber_common_mode_effect,24
LOT_E01_C022,LOT_E01,IDSS,96,equipment_common_mode,False,True,True,96.0,,chamber_common_mode_effect,96
LOT_E01_C022,LOT_E01,IDSS,168,equipment_common_mode,False,True,False,,,chamber_common_mode_effect,168
LOT_E01_C022,LOT_E01,VGS(th),0,equipment_common_mode,False,True,False,,,chamber_common_mode_effect,0
LOT_E01_C022,LOT_E01,VGS(th),24,equipment_common_mode,False,True,False,,,chamber_common_mode_effect,24
LOT_E01_C022,LOT_E01,VGS(th),96,equipment_common_mode,False,True,True,96.0,,chamber_common_mode_effect,96
LOT_E01_C022,LOT_E01,VGS(th),168,equipment_common_mode,False,True,False,,,chamber_common_mode_effect,168
LOT_E01_C022,LOT_E01,RDS(on),0,equipment_common_mode,False,True,False,,,chamber_common_mode_effect,0
LOT_E01_C022,LOT_E01,RDS(on),24,equipment_common_mode,False,True,False,,,chamber_common_mode_effect,24
LOT_E01_C022,LOT_E01,RDS(on),96,equipment_common_mode,False,True,True,96.0,,chamber_common_mode_effect,96
LOT_E01_C022,LOT_E01,RDS(on),168,equipment_common_mode,False,True,False,,,chamber_common_mode_effect,168
LOT_E01_C022,LOT_E01,IGSS,0,stable,False,True,False,,,independent_nominal,0
LOT_E01_C022,LOT_E01,IGSS,24,stable,False,True,False,,,independent_nominal,24
LOT_E01_C022,LOT_E01,IGSS,96,stable,False,True,False,,,independent_nominal,96
LOT_E01_C022,LOT_E01,IGSS,168,stable,False,True,False,,,independent_nominal,168
LOT_E01_C023,LOT_E01,IDSS,0,equipment_common_mode,False,True,False,,,chamber_common_mode_effect,0
LOT_E01_C023,LOT_E01,IDSS,24,equipment_common_mode,False,True,False,,,chamber_common_mode_effect,24
LOT_E01_C023,LOT_E01,IDSS,96,equipment_common_mode,False,True,True,96.0,,chamber_common_mode_effect,96
LOT_E01_C023,LOT_E01,IDSS,168,equipment_common_mode,False,True,False,,,chamber_common_mode_effect,168
LOT_E01_C023,LOT_E01,VGS(th),0,equipment_common_mode,False,True,False,,,chamber_common_mode_effect,0
LOT_E01_C023,LOT_E01,VGS(th),24,equipment_common_mode,False,True,False,,,chamber_common_mode_effect,24
LOT_E01_C023,LOT_E01,VGS(th),96,equipment_common_mode,False,True,True,96.0,,chamber_common_mode_effect,96
LOT_E01_C023,LOT_E01,VGS(th),168,equipment_common_mode,False,True,False,,,chamber_common_mode_effect,168
LOT_E01_C023,LOT_E01,RDS(on),0,equipment_common_mode,False,True,False,,,chamber_common_mode_effect,0
LOT_E01_C023,LOT_E01,RDS(on),24,equipment_common_mode,False,True,False,,,chamber_common_mode_effect,24
LOT_E01_C023,LOT_E01,RDS(on),96,equipment_common_mode,False,True,True,96.0,,chamber_common_mode_effect,96
LOT_E01_C023,LOT_E01,RDS(on),168,equipment_common_mode,False,True,False,,,chamber_common_mode_effect,168
LOT_E01_C023,LOT_E01,IGSS,0,stable,False,True,False,,,independent_nominal,0
LOT_E01_C023,LOT_E01,IGSS,24,stable,False,True,False,,,independent_nominal,24
LOT_E01_C023,LOT_E01,IGSS,96,stable,False,True,False,,,independent_nominal,96
LOT_E01_C023,LOT_E01,IGSS,168,stable,False,True,False,,,independent_nominal,168
LOT_E01_C024,LOT_E01,IDSS,0,equipment_common_mode,False,True,False,,,chamber_common_mode_effect,0
LOT_E01_C024,LOT_E01,IDSS,24,equipment_common_mode,False,True,False,,,chamber_common_mode_effect,24
LOT_E01_C024,LOT_E01,IDSS,96,equipment_common_mode,False,True,True,96.0,,chamber_common_mode_effect,96
LOT_E01_C024,LOT_E01,IDSS,168,equipment_common_mode,False,True,False,,,chamber_common_mode_effect,168
LOT_E01_C024,LOT_E01,VGS(th),0,equipment_common_mode,False,True,False,,,chamber_common_mode_effect,0
LOT_E01_C024,LOT_E01,VGS(th),24,equipment_common_mode,False,True,False,,,chamber_common_mode_effect,24
LOT_E01_C024,LOT_E01,VGS(th),96,equipment_common_mode,False,True,True,96.0,,chamber_common_mode_effect,96
LOT_E01_C024,LOT_E01,VGS(th),168,equipment_common_mode,False,True,False,,,chamber_common_mode_effect,168
LOT_E01_C024,LOT_E01,RDS(on),0,equipment_common_mode,False,True,False,,,chamber_common_mode_effect,0
LOT_E01_C024,LOT_E01,RDS(on),24,equipment_common_mode,False,True,False,,,chamber_common_mode_effect,24
LOT_E01_C024,LOT_E01,RDS(on),96,equipment_common_mode,False,True,True,96.0,,chamber_common_mode_effect,96
LOT_E01_C024,LOT_E01,RDS(on),168,equipment_common_mode,False,True,False,,,chamber_common_mode_effect,168
LOT_E01_C024,LOT_E01,IGSS,0,stable,False,True,False,,,independent_nominal,0
LOT_E01_C024,LOT_E01,IGSS,24,stable,False,True,False,,,independent_nominal,24
LOT_E01_C024,LOT_E01,IGSS,96,stable,False,True,False,,,independent_nominal,96
LOT_E01_C024,LOT_E01,IGSS,168,stable,False,True,False,,,independent_nominal,168
LOT_E01_C025,LOT_E01,IDSS,0,equipment_common_mode,False,True,False,,,chamber_common_mode_effect,0
LOT_E01_C025,LOT_E01,IDSS,24,equipment_common_mode,False,True,False,,,chamber_common_mode_effect,24
LOT_E01_C025,LOT_E01,IDSS,96,equipment_common_mode,False,True,True,96.0,,chamber_common_mode_effect,96
LOT_E01_C025,LOT_E01,IDSS,168,equipment_common_mode,False,True,False,,,chamber_common_mode_effect,168
LOT_E01_C025,LOT_E01,VGS(th),0,equipment_common_mode,False,True,False,,,chamber_common_mode_effect,0
LOT_E01_C025,LOT_E01,VGS(th),24,equipment_common_mode,False,True,False,,,chamber_common_mode_effect,24
LOT_E01_C025,LOT_E01,VGS(th),96,equipment_common_mode,False,True,True,96.0,,chamber_common_mode_effect,96
LOT_E01_C025,LOT_E01,VGS(th),168,equipment_common_mode,False,True,False,,,chamber_common_mode_effect,168
LOT_E01_C025,LOT_E01,RDS(on),0,equipment_common_mode,False,True,False,,,chamber_common_mode_effect,0
LOT_E01_C025,LOT_E01,RDS(on),24,equipment_common_mode,False,True,False,,,chamber_common_mode_effect,24
LOT_E01_C025,LOT_E01,RDS(on),96,equipment_common_mode,False,True,True,96.0,,chamber_common_mode_effect,96
LOT_E01_C025,LOT_E01,RDS(on),168,equipment_common_mode,False,True,False,,,chamber_common_mode_effect,168
LOT_E01_C025,LOT_E01,IGSS,0,stable,False,True,False,,,independent_nominal,0
LOT_E01_C025,LOT_E01,IGSS,24,stable,False,True,False,,,independent_nominal,24
LOT_E01_C025,LOT_E01,IGSS,96,stable,False,True,False,,,independent_nominal,96
LOT_E01_C025,LOT_E01,IGSS,168,stable,False,True,False,,,independent_nominal,168
LOT_E01_C026,LOT_E01,IDSS,0,equipment_common_mode,False,True,False,,,chamber_common_mode_effect,0
LOT_E01_C026,LOT_E01,IDSS,24,equipment_common_mode,False,True,False,,,chamber_common_mode_effect,24
LOT_E01_C026,LOT_E01,IDSS,96,equipment_common_mode,False,True,True,96.0,,chamber_common_mode_effect,96
LOT_E01_C026,LOT_E01,IDSS,168,equipment_common_mode,False,True,False,,,chamber_common_mode_effect,168
LOT_E01_C026,LOT_E01,VGS(th),0,equipment_common_mode,False,True,False,,,chamber_common_mode_effect,0
LOT_E01_C026,LOT_E01,VGS(th),24,equipment_common_mode,False,True,False,,,chamber_common_mode_effect,24
LOT_E01_C026,LOT_E01,VGS(th),96,equipment_common_mode,False,True,True,96.0,,chamber_common_mode_effect,96
LOT_E01_C026,LOT_E01,VGS(th),168,equipment_common_mode,False,True,False,,,chamber_common_mode_effect,168
LOT_E01_C026,LOT_E01,RDS(on),0,equipment_common_mode,False,True,False,,,chamber_common_mode_effect,0
LOT_E01_C026,LOT_E01,RDS(on),24,equipment_common_mode,False,True,False,,,chamber_common_mode_effect,24
LOT_E01_C026,LOT_E01,RDS(on),96,equipment_common_mode,False,True,True,96.0,,chamber_common_mode_effect,96
LOT_E01_C026,LOT_E01,RDS(on),168,equipment_common_mode,False,True,False,,,chamber_common_mode_effect,168
LOT_E01_C026,LOT_E01,IGSS,0,stable,False,True,False,,,independent_nominal,0
LOT_E01_C026,LOT_E01,IGSS,24,stable,False,True,False,,,independent_nominal,24
LOT_E01_C026,LOT_E01,IGSS,96,stable,False,True,False,,,independent_nominal,96
LOT_E01_C026,LOT_E01,IGSS,168,stable,False,True,False,,,independent_nominal,168
LOT_E01_C027,LOT_E01,IDSS,0,equipment_common_mode,False,True,False,,,chamber_common_mode_effect,0
LOT_E01_C027,LOT_E01,IDSS,24,equipment_common_mode,False,True,False,,,chamber_common_mode_effect,24
LOT_E01_C027,LOT_E01,IDSS,96,equipment_common_mode,False,True,True,96.0,,chamber_common_mode_effect,96
LOT_E01_C027,LOT_E01,IDSS,168,equipment_common_mode,False,True,False,,,chamber_common_mode_effect,168
LOT_E01_C027,LOT_E01,VGS(th),0,equipment_common_mode,False,True,False,,,chamber_common_mode_effect,0
LOT_E01_C027,LOT_E01,VGS(th),24,equipment_common_mode,False,True,False,,,chamber_common_mode_effect,24
LOT_E01_C027,LOT_E01,VGS(th),96,equipment_common_mode,False,True,True,96.0,,chamber_common_mode_effect,96
LOT_E01_C027,LOT_E01,VGS(th),168,equipment_common_mode,False,True,False,,,chamber_common_mode_effect,168
LOT_E01_C027,LOT_E01,RDS(on),0,equipment_common_mode,False,True,False,,,chamber_common_mode_effect,0
LOT_E01_C027,LOT_E01,RDS(on),24,equipment_common_mode,False,True,False,,,chamber_common_mode_effect,24
LOT_E01_C027,LOT_E01,RDS(on),96,equipment_common_mode,False,True,True,96.0,,chamber_common_mode_effect,96
LOT_E01_C027,LOT_E01,RDS(on),168,equipment_common_mode,False,True,False,,,chamber_common_mode_effect,168
LOT_E01_C027,LOT_E01,IGSS,0,stable,False,True,False,,,independent_nominal,0
LOT_E01_C027,LOT_E01,IGSS,24,stable,False,True,False,,,independent_nominal,24
LOT_E01_C027,LOT_E01,IGSS,96,stable,False,True,False,,,independent_nominal,96
LOT_E01_C027,LOT_E01,IGSS,168,stable,False,True,False,,,independent_nominal,168
LOT_E01_C028,LOT_E01,IDSS,0,equipment_common_mode,False,True,False,,,chamber_common_mode_effect,0
LOT_E01_C028,LOT_E01,IDSS,24,equipment_common_mode,False,True,False,,,chamber_common_mode_effect,24
LOT_E01_C028,LOT_E01,IDSS,96,equipment_common_mode,False,True,True,96.0,,chamber_common_mode_effect,96
LOT_E01_C028,LOT_E01,IDSS,168,equipment_common_mode,False,True,False,,,chamber_common_mode_effect,168
LOT_E01_C028,LOT_E01,VGS(th),0,equipment_common_mode,False,True,False,,,chamber_common_mode_effect,0
LOT_E01_C028,LOT_E01,VGS(th),24,equipment_common_mode,False,True,False,,,chamber_common_mode_effect,24
LOT_E01_C028,LOT_E01,VGS(th),96,equipment_common_mode,False,True,True,96.0,,chamber_common_mode_effect,96
LOT_E01_C028,LOT_E01,VGS(th),168,equipment_common_mode,False,True,False,,,chamber_common_mode_effect,168
LOT_E01_C028,LOT_E01,RDS(on),0,equipment_common_mode,False,True,False,,,chamber_common_mode_effect,0
LOT_E01_C028,LOT_E01,RDS(on),24,equipment_common_mode,False,True,False,,,chamber_common_mode_effect,24
LOT_E01_C028,LOT_E01,RDS(on),96,equipment_common_mode,False,True,True,96.0,,chamber_common_mode_effect,96
LOT_E01_C028,LOT_E01,RDS(on),168,equipment_common_mode,False,True,False,,,chamber_common_mode_effect,168
LOT_E01_C028,LOT_E01,IGSS,0,stable,False,True,False,,,independent_nominal,0
LOT_E01_C028,LOT_E01,IGSS,24,stable,False,True,False,,,independent_nominal,24
LOT_E01_C028,LOT_E01,IGSS,96,stable,False,True,False,,,independent_nominal,96
LOT_E01_C028,LOT_E01,IGSS,168,stable,False,True,False,,,independent_nominal,168
LOT_E01_C029,LOT_E01,IDSS,0,equipment_common_mode,False,True,False,,,chamber_common_mode_effect,0
LOT_E01_C029,LOT_E01,IDSS,24,equipment_common_mode,False,True,False,,,chamber_common_mode_effect,24
LOT_E01_C029,LOT_E01,IDSS,96,equipment_common_mode,False,True,True,96.0,,chamber_common_mode_effect,96
LOT_E01_C029,LOT_E01,IDSS,168,equipment_common_mode,False,True,False,,,chamber_common_mode_effect,168
LOT_E01_C029,LOT_E01,VGS(th),0,equipment_common_mode,False,True,False,,,chamber_common_mode_effect,0
LOT_E01_C029,LOT_E01,VGS(th),24,equipment_common_mode,False,True,False,,,chamber_common_mode_effect,24
LOT_E01_C029,LOT_E01,VGS(th),96,equipment_common_mode,False,True,True,96.0,,chamber_common_mode_effect,96
LOT_E01_C029,LOT_E01,VGS(th),168,equipment_common_mode,False,True,False,,,chamber_common_mode_effect,168
LOT_E01_C029,LOT_E01,RDS(on),0,equipment_common_mode,False,True,False,,,chamber_common_mode_effect,0
LOT_E01_C029,LOT_E01,RDS(on),24,equipment_common_mode,False,True,False,,,chamber_common_mode_effect,24
LOT_E01_C029,LOT_E01,RDS(on),96,equipment_common_mode,False,True,True,96.0,,chamber_common_mode_effect,96
LOT_E01_C029,LOT_E01,RDS(on),168,equipment_common_mode,False,True,False,,,chamber_common_mode_effect,168
LOT_E01_C029,LOT_E01,IGSS,0,stable,False,True,False,,,independent_nominal,0
LOT_E01_C029,LOT_E01,IGSS,24,stable,False,True,False,,,independent_nominal,24
LOT_E01_C029,LOT_E01,IGSS,96,stable,False,True,False,,,independent_nominal,96
LOT_E01_C029,LOT_E01,IGSS,168,stable,False,True,False,,,independent_nominal,168
LOT_E01_C030,LOT_E01,IDSS,0,equipment_common_mode,False,True,False,,,chamber_common_mode_effect,0
LOT_E01_C030,LOT_E01,IDSS,24,equipment_common_mode,False,True,False,,,chamber_common_mode_effect,24
LOT_E01_C030,LOT_E01,IDSS,96,equipment_common_mode,False,True,True,96.0,,chamber_common_mode_effect,96
LOT_E01_C030,LOT_E01,IDSS,168,equipment_common_mode,False,True,False,,,chamber_common_mode_effect,168
LOT_E01_C030,LOT_E01,VGS(th),0,equipment_common_mode,False,True,False,,,chamber_common_mode_effect,0
LOT_E01_C030,LOT_E01,VGS(th),24,equipment_common_mode,False,True,False,,,chamber_common_mode_effect,24
LOT_E01_C030,LOT_E01,VGS(th),96,equipment_common_mode,False,True,True,96.0,,chamber_common_mode_effect,96
LOT_E01_C030,LOT_E01,VGS(th),168,equipment_common_mode,False,True,False,,,chamber_common_mode_effect,168
LOT_E01_C030,LOT_E01,RDS(on),0,equipment_common_mode,False,True,False,,,chamber_common_mode_effect,0
LOT_E01_C030,LOT_E01,RDS(on),24,equipment_common_mode,False,True,False,,,chamber_common_mode_effect,24
LOT_E01_C030,LOT_E01,RDS(on),96,equipment_common_mode,False,True,True,96.0,,chamber_common_mode_effect,96
LOT_E01_C030,LOT_E01,RDS(on),168,equipment_common_mode,False,True,False,,,chamber_common_mode_effect,168
LOT_E01_C030,LOT_E01,IGSS,0,stable,False,True,False,,,independent_nominal,0
LOT_E01_C030,LOT_E01,IGSS,24,stable,False,True,False,,,independent_nominal,24
LOT_E01_C030,LOT_E01,IGSS,96,stable,False,True,False,,,independent_nominal,96
LOT_E01_C030,LOT_E01,IGSS,168,stable,False,True,False,,,independent_nominal,168
LOT_E02_C001,LOT_E02,IDSS,0,stable,False,True,False,,,independent_nominal,0
LOT_E02_C001,LOT_E02,IDSS,24,stable,False,True,False,,,independent_nominal,24
LOT_E02_C001,LOT_E02,IDSS,96,stable,False,True,False,,,independent_nominal,96
LOT_E02_C001,LOT_E02,IDSS,168,stable,False,True,False,,,independent_nominal,168
LOT_E02_C001,LOT_E02,VGS(th),0,stable,False,True,False,,,independent_nominal,0
LOT_E02_C001,LOT_E02,VGS(th),24,stable,False,True,False,,,independent_nominal,24
LOT_E02_C001,LOT_E02,VGS(th),96,stable,False,True,False,,,independent_nominal,96
LOT_E02_C001,LOT_E02,VGS(th),168,stable,False,True,False,,,independent_nominal,168
LOT_E02_C001,LOT_E02,RDS(on),0,stable,False,True,False,,,independent_nominal,0
LOT_E02_C001,LOT_E02,RDS(on),24,stable,False,True,False,,,independent_nominal,24
LOT_E02_C001,LOT_E02,RDS(on),96,stable,False,True,False,,,independent_nominal,96
LOT_E02_C001,LOT_E02,RDS(on),168,stable,False,True,False,,,independent_nominal,168
LOT_E02_C001,LOT_E02,IGSS,0,stable,False,True,False,,,independent_nominal,0
LOT_E02_C001,LOT_E02,IGSS,24,stable,False,True,False,,,independent_nominal,24
LOT_E02_C001,LOT_E02,IGSS,96,stable,False,True,False,,,independent_nominal,96
LOT_E02_C001,LOT_E02,IGSS,168,stable,False,True,False,,,independent_nominal,168
LOT_E02_C002,LOT_E02,IDSS,0,equipment_common_mode,False,True,False,,,ate_channel_bias,0
LOT_E02_C002,LOT_E02,IDSS,24,equipment_common_mode,False,True,False,,,ate_channel_bias,24
LOT_E02_C002,LOT_E02,IDSS,96,equipment_common_mode,False,True,True,96.0,,ate_channel_bias,96
LOT_E02_C002,LOT_E02,IDSS,168,equipment_common_mode,False,True,False,,,ate_channel_bias,168
LOT_E02_C002,LOT_E02,VGS(th),0,stable,False,True,False,,,independent_nominal,0
LOT_E02_C002,LOT_E02,VGS(th),24,stable,False,True,False,,,independent_nominal,24
LOT_E02_C002,LOT_E02,VGS(th),96,stable,False,True,False,,,independent_nominal,96
LOT_E02_C002,LOT_E02,VGS(th),168,stable,False,True,False,,,independent_nominal,168
LOT_E02_C002,LOT_E02,RDS(on),0,stable,False,True,False,,,independent_nominal,0
LOT_E02_C002,LOT_E02,RDS(on),24,stable,False,True,False,,,independent_nominal,24
LOT_E02_C002,LOT_E02,RDS(on),96,stable,False,True,False,,,independent_nominal,96
LOT_E02_C002,LOT_E02,RDS(on),168,stable,False,True,False,,,independent_nominal,168
LOT_E02_C002,LOT_E02,IGSS,0,stable,False,True,False,,,independent_nominal,0
LOT_E02_C002,LOT_E02,IGSS,24,stable,False,True,False,,,independent_nominal,24
LOT_E02_C002,LOT_E02,IGSS,96,stable,False,True,False,,,independent_nominal,96
LOT_E02_C002,LOT_E02,IGSS,168,stable,False,True,False,,,independent_nominal,168
LOT_E02_C003,LOT_E02,IDSS,0,stable,False,True,False,,,independent_nominal,0
LOT_E02_C003,LOT_E02,IDSS,24,stable,False,True,False,,,independent_nominal,24
LOT_E02_C003,LOT_E02,IDSS,96,stable,False,True,False,,,independent_nominal,96
LOT_E02_C003,LOT_E02,IDSS,168,stable,False,True,False,,,independent_nominal,168
LOT_E02_C003,LOT_E02,VGS(th),0,stable,False,True,False,,,independent_nominal,0
LOT_E02_C003,LOT_E02,VGS(th),24,stable,False,True,False,,,independent_nominal,24
LOT_E02_C003,LOT_E02,VGS(th),96,stable,False,True,False,,,independent_nominal,96
LOT_E02_C003,LOT_E02,VGS(th),168,stable,False,True,False,,,independent_nominal,168
LOT_E02_C003,LOT_E02,RDS(on),0,stable,False,True,False,,,independent_nominal,0
LOT_E02_C003,LOT_E02,RDS(on),24,stable,False,True,False,,,independent_nominal,24
LOT_E02_C003,LOT_E02,RDS(on),96,stable,False,True,False,,,independent_nominal,96
LOT_E02_C003,LOT_E02,RDS(on),168,stable,False,True,False,,,independent_nominal,168
LOT_E02_C003,LOT_E02,IGSS,0,stable,False,True,False,,,independent_nominal,0
LOT_E02_C003,LOT_E02,IGSS,24,stable,False,True,False,,,independent_nominal,24
LOT_E02_C003,LOT_E02,IGSS,96,stable,False,True,False,,,independent_nominal,96
LOT_E02_C003,LOT_E02,IGSS,168,stable,False,True,False,,,independent_nominal,168
LOT_E02_C004,LOT_E02,IDSS,0,stable,False,True,False,,,independent_nominal,0
LOT_E02_C004,LOT_E02,IDSS,24,stable,False,True,False,,,independent_nominal,24
LOT_E02_C004,LOT_E02,IDSS,96,stable,False,True,False,,,independent_nominal,96
LOT_E02_C004,LOT_E02,IDSS,168,stable,False,True,False,,,independent_nominal,168
LOT_E02_C004,LOT_E02,VGS(th),0,high_but_stable,False,True,False,,,lot_level_process_variation,0
LOT_E02_C004,LOT_E02,VGS(th),24,high_but_stable,False,True,False,,,lot_level_process_variation,24
LOT_E02_C004,LOT_E02,VGS(th),96,high_but_stable,False,True,False,,,lot_level_process_variation,96
LOT_E02_C004,LOT_E02,VGS(th),168,high_but_stable,False,True,False,,,lot_level_process_variation,168
LOT_E02_C004,LOT_E02,RDS(on),0,stable,False,True,False,,,independent_nominal,0
LOT_E02_C004,LOT_E02,RDS(on),24,stable,False,True,False,,,independent_nominal,24
LOT_E02_C004,LOT_E02,RDS(on),96,stable,False,True,False,,,independent_nominal,96
LOT_E02_C004,LOT_E02,RDS(on),168,stable,False,True,False,,,independent_nominal,168
LOT_E02_C004,LOT_E02,IGSS,0,stable,False,True,False,,,independent_nominal,0
LOT_E02_C004,LOT_E02,IGSS,24,stable,False,True,False,,,independent_nominal,24
LOT_E02_C004,LOT_E02,IGSS,96,stable,False,True,False,,,independent_nominal,96
LOT_E02_C004,LOT_E02,IGSS,168,stable,False,True,False,,,independent_nominal,168
LOT_E02_C005,LOT_E02,IDSS,0,stable,False,True,False,,,independent_nominal,0
LOT_E02_C005,LOT_E02,IDSS,24,stable,False,True,False,,,independent_nominal,24
LOT_E02_C005,LOT_E02,IDSS,96,stable,False,True,False,,,independent_nominal,96
LOT_E02_C005,LOT_E02,IDSS,168,stable,False,True,False,,,independent_nominal,168
LOT_E02_C005,LOT_E02,VGS(th),0,stable,False,True,False,,,independent_nominal,0
LOT_E02_C005,LOT_E02,VGS(th),24,stable,False,True,False,,,independent_nominal,24
LOT_E02_C005,LOT_E02,VGS(th),96,stable,False,True,False,,,independent_nominal,96
LOT_E02_C005,LOT_E02,VGS(th),168,stable,False,True,False,,,independent_nominal,168
LOT_E02_C005,LOT_E02,RDS(on),0,stable,False,True,False,,,independent_nominal,0
LOT_E02_C005,LOT_E02,RDS(on),24,stable,False,True,False,,,independent_nominal,24
LOT_E02_C005,LOT_E02,RDS(on),96,stable,False,True,False,,,independent_nominal,96
LOT_E02_C005,LOT_E02,RDS(on),168,stable,False,True,False,,,independent_nominal,168
LOT_E02_C005,LOT_E02,IGSS,0,stable,False,True,False,,,independent_nominal,0
LOT_E02_C005,LOT_E02,IGSS,24,stable,False,True,False,,,independent_nominal,24
LOT_E02_C005,LOT_E02,IGSS,96,stable,False,True,False,,,independent_nominal,96
LOT_E02_C005,LOT_E02,IGSS,168,stable,False,True,False,,,independent_nominal,168
LOT_E02_C006,LOT_E02,IDSS,0,stable,False,True,False,,,independent_nominal,0
LOT_E02_C006,LOT_E02,IDSS,24,stable,False,True,False,,,independent_nominal,24
LOT_E02_C006,LOT_E02,IDSS,96,stable,False,True,False,,,independent_nominal,96
LOT_E02_C006,LOT_E02,IDSS,168,stable,False,True,False,,,independent_nominal,168
LOT_E02_C006,LOT_E02,VGS(th),0,stable,False,True,False,,,independent_nominal,0
LOT_E02_C006,LOT_E02,VGS(th),24,stable,False,True,False,,,independent_nominal,24
LOT_E02_C006,LOT_E02,VGS(th),96,stable,False,True,False,,,independent_nominal,96
LOT_E02_C006,LOT_E02,VGS(th),168,stable,False,True,False,,,independent_nominal,168
LOT_E02_C006,LOT_E02,RDS(on),0,high_but_stable,False,True,False,,,lot_level_process_variation,0
LOT_E02_C006,LOT_E02,RDS(on),24,high_but_stable,False,True,False,,,lot_level_process_variation,24
LOT_E02_C006,LOT_E02,RDS(on),96,high_but_stable,False,True,False,,,lot_level_process_variation,96
LOT_E02_C006,LOT_E02,RDS(on),168,high_but_stable,False,True,False,,,lot_level_process_variation,168
LOT_E02_C006,LOT_E02,IGSS,0,stable,False,True,False,,,independent_nominal,0
LOT_E02_C006,LOT_E02,IGSS,24,stable,False,True,False,,,independent_nominal,24
LOT_E02_C006,LOT_E02,IGSS,96,stable,False,True,False,,,independent_nominal,96
LOT_E02_C006,LOT_E02,IGSS,168,stable,False,True,False,,,independent_nominal,168
LOT_E02_C007,LOT_E02,IDSS,0,stable,False,True,False,,,independent_nominal,0
LOT_E02_C007,LOT_E02,IDSS,24,stable,False,True,False,,,independent_nominal,24
LOT_E02_C007,LOT_E02,IDSS,96,stable,False,True,False,,,independent_nominal,96
LOT_E02_C007,LOT_E02,IDSS,168,stable,False,True,False,,,independent_nominal,168
LOT_E02_C007,LOT_E02,VGS(th),0,stable,False,True,False,,,independent_nominal,0
LOT_E02_C007,LOT_E02,VGS(th),24,stable,False,True,False,,,independent_nominal,24
LOT_E02_C007,LOT_E02,VGS(th),96,stable,False,True,False,,,independent_nominal,96
LOT_E02_C007,LOT_E02,VGS(th),168,stable,False,True,False,,,independent_nominal,168
LOT_E02_C007,LOT_E02,RDS(on),0,stable,False,True,False,,,independent_nominal,0
LOT_E02_C007,LOT_E02,RDS(on),24,stable,False,True,False,,,independent_nominal,24
LOT_E02_C007,LOT_E02,RDS(on),96,stable,False,True,False,,,independent_nominal,96
LOT_E02_C007,LOT_E02,RDS(on),168,stable,False,True,False,,,independent_nominal,168
LOT_E02_C007,LOT_E02,IGSS,0,stable,False,True,False,,,independent_nominal,0
LOT_E02_C007,LOT_E02,IGSS,24,stable,False,True,False,,,independent_nominal,24
LOT_E02_C007,LOT_E02,IGSS,96,stable,False,True,False,,,independent_nominal,96
LOT_E02_C007,LOT_E02,IGSS,168,stable,False,True,False,,,independent_nominal,168
LOT_E02_C008,LOT_E02,IDSS,0,high_but_stable,False,True,False,,,lot_level_process_variation,0
LOT_E02_C008,LOT_E02,IDSS,24,high_but_stable,False,True,False,,,lot_level_process_variation,24
LOT_E02_C008,LOT_E02,IDSS,96,high_but_stable,False,True,False,,,lot_level_process_variation,96
LOT_E02_C008,LOT_E02,IDSS,168,high_but_stable,False,True,False,,,lot_level_process_variation,168
LOT_E02_C008,LOT_E02,VGS(th),0,stable,False,True,False,,,independent_nominal,0
LOT_E02_C008,LOT_E02,VGS(th),24,stable,False,True,False,,,independent_nominal,24
LOT_E02_C008,LOT_E02,VGS(th),96,stable,False,True,False,,,independent_nominal,96
LOT_E02_C008,LOT_E02,VGS(th),168,stable,False,True,False,,,independent_nominal,168
LOT_E02_C008,LOT_E02,RDS(on),0,stable,False,True,False,,,independent_nominal,0
LOT_E02_C008,LOT_E02,RDS(on),24,stable,False,True,False,,,independent_nominal,24
LOT_E02_C008,LOT_E02,RDS(on),96,stable,False,True,False,,,independent_nominal,96
LOT_E02_C008,LOT_E02,RDS(on),168,stable,False,True,False,,,independent_nominal,168
LOT_E02_C008,LOT_E02,IGSS,0,stable,False,True,False,,,independent_nominal,0
LOT_E02_C008,LOT_E02,IGSS,24,stable,False,True,False,,,independent_nominal,24
LOT_E02_C008,LOT_E02,IGSS,96,stable,False,True,False,,,independent_nominal,96
LOT_E02_C008,LOT_E02,IGSS,168,stable,False,True,False,,,independent_nominal,168
LOT_E02_C009,LOT_E02,IDSS,0,stable,False,True,False,,,independent_nominal,0
LOT_E02_C009,LOT_E02,IDSS,24,stable,False,True,False,,,independent_nominal,24
LOT_E02_C009,LOT_E02,IDSS,96,stable,False,True,False,,,independent_nominal,96
LOT_E02_C009,LOT_E02,IDSS,168,stable,False,True,False,,,independent_nominal,168
LOT_E02_C009,LOT_E02,VGS(th),0,stable,False,True,False,,,independent_nominal,0
LOT_E02_C009,LOT_E02,VGS(th),24,stable,False,True,False,,,independent_nominal,24
LOT_E02_C009,LOT_E02,VGS(th),96,stable,False,True,False,,,independent_nominal,96
LOT_E02_C009,LOT_E02,VGS(th),168,stable,False,True,False,,,independent_nominal,168
LOT_E02_C009,LOT_E02,RDS(on),0,stable,False,True,False,,,independent_nominal,0
LOT_E02_C009,LOT_E02,RDS(on),24,stable,False,True,False,,,independent_nominal,24
LOT_E02_C009,LOT_E02,RDS(on),96,stable,False,True,False,,,independent_nominal,96
LOT_E02_C009,LOT_E02,RDS(on),168,stable,False,True,False,,,independent_nominal,168
LOT_E02_C009,LOT_E02,IGSS,0,stable,False,True,False,,,independent_nominal,0
LOT_E02_C009,LOT_E02,IGSS,24,stable,False,True,False,,,independent_nominal,24
LOT_E02_C009,LOT_E02,IGSS,96,stable,False,True,False,,,independent_nominal,96
LOT_E02_C009,LOT_E02,IGSS,168,stable,False,True,False,,,independent_nominal,168
LOT_E02_C010,LOT_E02,IDSS,0,stable,False,True,False,,,independent_nominal,0
LOT_E02_C010,LOT_E02,IDSS,24,stable,False,True,False,,,independent_nominal,24
LOT_E02_C010,LOT_E02,IDSS,96,stable,False,True,False,,,independent_nominal,96
LOT_E02_C010,LOT_E02,IDSS,168,stable,False,True,False,,,independent_nominal,168
LOT_E02_C010,LOT_E02,VGS(th),0,high_but_stable,False,True,False,,,lot_level_process_variation,0
LOT_E02_C010,LOT_E02,VGS(th),24,high_but_stable,False,True,False,,,lot_level_process_variation,24
LOT_E02_C010,LOT_E02,VGS(th),96,high_but_stable,False,True,False,,,lot_level_process_variation,96
LOT_E02_C010,LOT_E02,VGS(th),168,high_but_stable,False,True,False,,,lot_level_process_variation,168
LOT_E02_C010,LOT_E02,RDS(on),0,stable,False,True,False,,,independent_nominal,0
LOT_E02_C010,LOT_E02,RDS(on),24,stable,False,True,False,,,independent_nominal,24
LOT_E02_C010,LOT_E02,RDS(on),96,stable,False,True,False,,,independent_nominal,96
LOT_E02_C010,LOT_E02,RDS(on),168,stable,False,True,False,,,independent_nominal,168
LOT_E02_C010,LOT_E02,IGSS,0,stable,False,True,False,,,independent_nominal,0
LOT_E02_C010,LOT_E02,IGSS,24,stable,False,True,False,,,independent_nominal,24
LOT_E02_C010,LOT_E02,IGSS,96,stable,False,True,False,,,independent_nominal,96
LOT_E02_C010,LOT_E02,IGSS,168,stable,False,True,False,,,independent_nominal,168
LOT_E02_C011,LOT_E02,IDSS,0,stable,False,True,False,,,independent_nominal,0
LOT_E02_C011,LOT_E02,IDSS,24,stable,False,True,False,,,independent_nominal,24
LOT_E02_C011,LOT_E02,IDSS,96,stable,False,True,False,,,independent_nominal,96
LOT_E02_C011,LOT_E02,IDSS,168,stable,False,True,False,,,independent_nominal,168
LOT_E02_C011,LOT_E02,VGS(th),0,stable,False,True,False,,,independent_nominal,0
LOT_E02_C011,LOT_E02,VGS(th),24,stable,False,True,False,,,independent_nominal,24
LOT_E02_C011,LOT_E02,VGS(th),96,stable,False,True,False,,,independent_nominal,96
LOT_E02_C011,LOT_E02,VGS(th),168,stable,False,True,False,,,independent_nominal,168
LOT_E02_C011,LOT_E02,RDS(on),0,stable,False,True,False,,,independent_nominal,0
LOT_E02_C011,LOT_E02,RDS(on),24,stable,False,True,False,,,independent_nominal,24
LOT_E02_C011,LOT_E02,RDS(on),96,stable,False,True,False,,,independent_nominal,96
LOT_E02_C011,LOT_E02,RDS(on),168,stable,False,True,False,,,independent_nominal,168
LOT_E02_C011,LOT_E02,IGSS,0,stable,False,True,False,,,independent_nominal,0
LOT_E02_C011,LOT_E02,IGSS,24,stable,False,True,False,,,independent_nominal,24
LOT_E02_C011,LOT_E02,IGSS,96,stable,False,True,False,,,independent_nominal,96
LOT_E02_C011,LOT_E02,IGSS,168,stable,False,True,False,,,independent_nominal,168
LOT_E02_C012,LOT_E02,IDSS,0,stable,False,True,False,,,independent_nominal,0
LOT_E02_C012,LOT_E02,IDSS,24,stable,False,True,False,,,independent_nominal,24
LOT_E02_C012,LOT_E02,IDSS,96,stable,False,True,False,,,independent_nominal,96
LOT_E02_C012,LOT_E02,IDSS,168,stable,False,True,False,,,independent_nominal,168
LOT_E02_C012,LOT_E02,VGS(th),0,stable,False,True,False,,,independent_nominal,0
LOT_E02_C012,LOT_E02,VGS(th),24,stable,False,True,False,,,independent_nominal,24
LOT_E02_C012,LOT_E02,VGS(th),96,stable,False,True,False,,,independent_nominal,96
LOT_E02_C012,LOT_E02,VGS(th),168,stable,False,True,False,,,independent_nominal,168
LOT_E02_C012,LOT_E02,RDS(on),0,high_but_stable,False,True,False,,,lot_level_process_variation,0
LOT_E02_C012,LOT_E02,RDS(on),24,high_but_stable,False,True,False,,,lot_level_process_variation,24
LOT_E02_C012,LOT_E02,RDS(on),96,high_but_stable,False,True,False,,,lot_level_process_variation,96
LOT_E02_C012,LOT_E02,RDS(on),168,high_but_stable,False,True,False,,,lot_level_process_variation,168
LOT_E02_C012,LOT_E02,IGSS,0,stable,False,True,False,,,independent_nominal,0
LOT_E02_C012,LOT_E02,IGSS,24,stable,False,True,False,,,independent_nominal,24
LOT_E02_C012,LOT_E02,IGSS,96,stable,False,True,False,,,independent_nominal,96
LOT_E02_C012,LOT_E02,IGSS,168,stable,False,True,False,,,independent_nominal,168
LOT_E02_C013,LOT_E02,IDSS,0,stable,False,True,False,,,independent_nominal,0
LOT_E02_C013,LOT_E02,IDSS,24,stable,False,True,False,,,independent_nominal,24
LOT_E02_C013,LOT_E02,IDSS,96,stable,False,True,False,,,independent_nominal,96
LOT_E02_C013,LOT_E02,IDSS,168,stable,False,True,False,,,independent_nominal,168
LOT_E02_C013,LOT_E02,VGS(th),0,stable,False,True,False,,,independent_nominal,0
LOT_E02_C013,LOT_E02,VGS(th),24,stable,False,True,False,,,independent_nominal,24
LOT_E02_C013,LOT_E02,VGS(th),96,stable,False,True,False,,,independent_nominal,96
LOT_E02_C013,LOT_E02,VGS(th),168,stable,False,True,False,,,independent_nominal,168
LOT_E02_C013,LOT_E02,RDS(on),0,stable,False,True,False,,,independent_nominal,0
LOT_E02_C013,LOT_E02,RDS(on),24,stable,False,True,False,,,independent_nominal,24
LOT_E02_C013,LOT_E02,RDS(on),96,stable,False,True,False,,,independent_nominal,96
LOT_E02_C013,LOT_E02,RDS(on),168,stable,False,True,False,,,independent_nominal,168
LOT_E02_C013,LOT_E02,IGSS,0,stable,False,True,False,,,independent_nominal,0
LOT_E02_C013,LOT_E02,IGSS,24,stable,False,True,False,,,independent_nominal,24
LOT_E02_C013,LOT_E02,IGSS,96,stable,False,True,False,,,independent_nominal,96
LOT_E02_C013,LOT_E02,IGSS,168,stable,False,True,False,,,independent_nominal,168
LOT_E02_C014,LOT_E02,IDSS,0,high_but_stable,False,True,False,,,lot_level_process_variation,0
LOT_E02_C014,LOT_E02,IDSS,24,high_but_stable,False,True,False,,,lot_level_process_variation,24
LOT_E02_C014,LOT_E02,IDSS,96,high_but_stable,False,True,False,,,lot_level_process_variation,96
LOT_E02_C014,LOT_E02,IDSS,168,high_but_stable,False,True,False,,,lot_level_process_variation,168
LOT_E02_C014,LOT_E02,VGS(th),0,stable,False,True,False,,,independent_nominal,0
LOT_E02_C014,LOT_E02,VGS(th),24,stable,False,True,False,,,independent_nominal,24
LOT_E02_C014,LOT_E02,VGS(th),96,stable,False,True,False,,,independent_nominal,96
LOT_E02_C014,LOT_E02,VGS(th),168,stable,False,True,False,,,independent_nominal,168
LOT_E02_C014,LOT_E02,RDS(on),0,stable,False,True,False,,,independent_nominal,0
LOT_E02_C014,LOT_E02,RDS(on),24,stable,False,True,False,,,independent_nominal,24
LOT_E02_C014,LOT_E02,RDS(on),96,stable,False,True,False,,,independent_nominal,96
LOT_E02_C014,LOT_E02,RDS(on),168,stable,False,True,False,,,independent_nominal,168
LOT_E02_C014,LOT_E02,IGSS,0,stable,False,True,False,,,independent_nominal,0
LOT_E02_C014,LOT_E02,IGSS,24,stable,False,True,False,,,independent_nominal,24
LOT_E02_C014,LOT_E02,IGSS,96,stable,False,True,False,,,independent_nominal,96
LOT_E02_C014,LOT_E02,IGSS,168,stable,False,True,False,,,independent_nominal,168
LOT_E02_C015,LOT_E02,IDSS,0,stable,False,True,False,,,independent_nominal,0
LOT_E02_C015,LOT_E02,IDSS,24,stable,False,True,False,,,independent_nominal,24
LOT_E02_C015,LOT_E02,IDSS,96,stable,False,True,False,,,independent_nominal,96
LOT_E02_C015,LOT_E02,IDSS,168,stable,False,True,False,,,independent_nominal,168
LOT_E02_C015,LOT_E02,VGS(th),0,stable,False,True,False,,,independent_nominal,0
LOT_E02_C015,LOT_E02,VGS(th),24,stable,False,True,False,,,independent_nominal,24
LOT_E02_C015,LOT_E02,VGS(th),96,stable,False,True,False,,,independent_nominal,96
LOT_E02_C015,LOT_E02,VGS(th),168,stable,False,True,False,,,independent_nominal,168
LOT_E02_C015,LOT_E02,RDS(on),0,stable,False,True,False,,,independent_nominal,0
LOT_E02_C015,LOT_E02,RDS(on),24,stable,False,True,False,,,independent_nominal,24
LOT_E02_C015,LOT_E02,RDS(on),96,stable,False,True,False,,,independent_nominal,96
LOT_E02_C015,LOT_E02,RDS(on),168,stable,False,True,False,,,independent_nominal,168
LOT_E02_C015,LOT_E02,IGSS,0,stable,False,True,False,,,independent_nominal,0
LOT_E02_C015,LOT_E02,IGSS,24,stable,False,True,False,,,independent_nominal,24
LOT_E02_C015,LOT_E02,IGSS,96,stable,False,True,False,,,independent_nominal,96
LOT_E02_C015,LOT_E02,IGSS,168,stable,False,True,False,,,independent_nominal,168
LOT_E02_C016,LOT_E02,IDSS,0,stable,False,True,False,,,independent_nominal,0
LOT_E02_C016,LOT_E02,IDSS,24,stable,False,True,False,,,independent_nominal,24
LOT_E02_C016,LOT_E02,IDSS,96,stable,False,True,False,,,independent_nominal,96
LOT_E02_C016,LOT_E02,IDSS,168,stable,False,True,False,,,independent_nominal,168
LOT_E02_C016,LOT_E02,VGS(th),0,high_but_stable,False,True,False,,,lot_level_process_variation,0
LOT_E02_C016,LOT_E02,VGS(th),24,high_but_stable,False,True,False,,,lot_level_process_variation,24
LOT_E02_C016,LOT_E02,VGS(th),96,high_but_stable,False,True,False,,,lot_level_process_variation,96
LOT_E02_C016,LOT_E02,VGS(th),168,high_but_stable,False,True,False,,,lot_level_process_variation,168
LOT_E02_C016,LOT_E02,RDS(on),0,stable,False,True,False,,,independent_nominal,0
LOT_E02_C016,LOT_E02,RDS(on),24,stable,False,True,False,,,independent_nominal,24
LOT_E02_C016,LOT_E02,RDS(on),96,stable,False,True,False,,,independent_nominal,96
LOT_E02_C016,LOT_E02,RDS(on),168,stable,False,True,False,,,independent_nominal,168
LOT_E02_C016,LOT_E02,IGSS,0,stable,False,True,False,,,independent_nominal,0
LOT_E02_C016,LOT_E02,IGSS,24,stable,False,True,False,,,independent_nominal,24
LOT_E02_C016,LOT_E02,IGSS,96,stable,False,True,False,,,independent_nominal,96
LOT_E02_C016,LOT_E02,IGSS,168,stable,False,True,False,,,independent_nominal,168
LOT_E02_C017,LOT_E02,IDSS,0,stable,False,True,False,,,independent_nominal,0
LOT_E02_C017,LOT_E02,IDSS,24,stable,False,True,False,,,independent_nominal,24
LOT_E02_C017,LOT_E02,IDSS,96,stable,False,True,False,,,independent_nominal,96
LOT_E02_C017,LOT_E02,IDSS,168,stable,False,True,False,,,independent_nominal,168
LOT_E02_C017,LOT_E02,VGS(th),0,stable,False,True,False,,,independent_nominal,0
LOT_E02_C017,LOT_E02,VGS(th),24,stable,False,True,False,,,independent_nominal,24
LOT_E02_C017,LOT_E02,VGS(th),96,stable,False,True,False,,,independent_nominal,96
LOT_E02_C017,LOT_E02,VGS(th),168,stable,False,True,False,,,independent_nominal,168
LOT_E02_C017,LOT_E02,RDS(on),0,stable,False,True,False,,,independent_nominal,0
LOT_E02_C017,LOT_E02,RDS(on),24,stable,False,True,False,,,independent_nominal,24
LOT_E02_C017,LOT_E02,RDS(on),96,stable,False,True,False,,,independent_nominal,96
LOT_E02_C017,LOT_E02,RDS(on),168,stable,False,True,False,,,independent_nominal,168
LOT_E02_C017,LOT_E02,IGSS,0,stable,False,True,False,,,independent_nominal,0
LOT_E02_C017,LOT_E02,IGSS,24,stable,False,True,False,,,independent_nominal,24
LOT_E02_C017,LOT_E02,IGSS,96,stable,False,True,False,,,independent_nominal,96
LOT_E02_C017,LOT_E02,IGSS,168,stable,False,True,False,,,independent_nominal,168
LOT_E02_C018,LOT_E02,IDSS,0,equipment_common_mode,False,True,False,,,ate_channel_bias,0
LOT_E02_C018,LOT_E02,IDSS,24,equipment_common_mode,False,True,False,,,ate_channel_bias,24
LOT_E02_C018,LOT_E02,IDSS,96,equipment_common_mode,False,True,True,96.0,,ate_channel_bias,96
LOT_E02_C018,LOT_E02,IDSS,168,equipment_common_mode,False,True,False,,,ate_channel_bias,168
LOT_E02_C018,LOT_E02,VGS(th),0,stable,False,True,False,,,independent_nominal,0
LOT_E02_C018,LOT_E02,VGS(th),24,stable,False,True,False,,,independent_nominal,24
LOT_E02_C018,LOT_E02,VGS(th),96,stable,False,True,False,,,independent_nominal,96
LOT_E02_C018,LOT_E02,VGS(th),168,stable,False,True,False,,,independent_nominal,168
LOT_E02_C018,LOT_E02,RDS(on),0,stable,False,True,False,,,lot_level_process_variation,0
LOT_E02_C018,LOT_E02,RDS(on),24,stable,False,True,False,,,lot_level_process_variation,24
LOT_E02_C018,LOT_E02,RDS(on),96,stable,False,True,False,,,lot_level_process_variation,96
LOT_E02_C018,LOT_E02,RDS(on),168,stable,False,True,False,,,lot_level_process_variation,168
LOT_E02_C018,LOT_E02,IGSS,0,stable,False,True,False,,,independent_nominal,0
LOT_E02_C018,LOT_E02,IGSS,24,stable,False,True,False,,,independent_nominal,24
LOT_E02_C018,LOT_E02,IGSS,96,stable,False,True,False,,,independent_nominal,96
LOT_E02_C018,LOT_E02,IGSS,168,stable,False,True,False,,,independent_nominal,168
LOT_E02_C019,LOT_E02,IDSS,0,stable,False,True,False,,,independent_nominal,0
LOT_E02_C019,LOT_E02,IDSS,24,stable,False,True,False,,,independent_nominal,24
LOT_E02_C019,LOT_E02,IDSS,96,stable,False,True,False,,,independent_nominal,96
LOT_E02_C019,LOT_E02,IDSS,168,stable,False,True,False,,,independent_nominal,168
LOT_E02_C019,LOT_E02,VGS(th),0,stable,False,True,False,,,independent_nominal,0
LOT_E02_C019,LOT_E02,VGS(th),24,stable,False,True,False,,,independent_nominal,24
LOT_E02_C019,LOT_E02,VGS(th),96,stable,False,True,False,,,independent_nominal,96
LOT_E02_C019,LOT_E02,VGS(th),168,stable,False,True,False,,,independent_nominal,168
LOT_E02_C019,LOT_E02,RDS(on),0,stable,False,True,False,,,independent_nominal,0
LOT_E02_C019,LOT_E02,RDS(on),24,stable,False,True,False,,,independent_nominal,24
LOT_E02_C019,LOT_E02,RDS(on),96,stable,False,True,False,,,independent_nominal,96
LOT_E02_C019,LOT_E02,RDS(on),168,stable,False,True,False,,,independent_nominal,168
LOT_E02_C019,LOT_E02,IGSS,0,stable,False,True,False,,,independent_nominal,0
LOT_E02_C019,LOT_E02,IGSS,24,stable,False,True,False,,,independent_nominal,24
LOT_E02_C019,LOT_E02,IGSS,96,stable,False,True,False,,,independent_nominal,96
LOT_E02_C019,LOT_E02,IGSS,168,stable,False,True,False,,,independent_nominal,168
LOT_E02_C020,LOT_E02,IDSS,0,high_but_stable,False,True,False,,,lot_level_process_variation,0
LOT_E02_C020,LOT_E02,IDSS,24,high_but_stable,False,True,False,,,lot_level_process_variation,24
LOT_E02_C020,LOT_E02,IDSS,96,high_but_stable,False,True,False,,,lot_level_process_variation,96
LOT_E02_C020,LOT_E02,IDSS,168,high_but_stable,False,True,False,,,lot_level_process_variation,168
LOT_E02_C020,LOT_E02,VGS(th),0,stable,False,True,False,,,independent_nominal,0
LOT_E02_C020,LOT_E02,VGS(th),24,stable,False,True,False,,,independent_nominal,24
LOT_E02_C020,LOT_E02,VGS(th),96,stable,False,True,False,,,independent_nominal,96
LOT_E02_C020,LOT_E02,VGS(th),168,stable,False,True,False,,,independent_nominal,168
LOT_E02_C020,LOT_E02,RDS(on),0,stable,False,True,False,,,independent_nominal,0
LOT_E02_C020,LOT_E02,RDS(on),24,stable,False,True,False,,,independent_nominal,24
LOT_E02_C020,LOT_E02,RDS(on),96,stable,False,True,False,,,independent_nominal,96
LOT_E02_C020,LOT_E02,RDS(on),168,stable,False,True,False,,,independent_nominal,168
LOT_E02_C020,LOT_E02,IGSS,0,stable,False,True,False,,,independent_nominal,0
LOT_E02_C020,LOT_E02,IGSS,24,stable,False,True,False,,,independent_nominal,24
LOT_E02_C020,LOT_E02,IGSS,96,stable,False,True,False,,,independent_nominal,96
LOT_E02_C020,LOT_E02,IGSS,168,stable,False,True,False,,,independent_nominal,168
LOT_E02_C021,LOT_E02,IDSS,0,stable,False,True,False,,,independent_nominal,0
LOT_E02_C021,LOT_E02,IDSS,24,stable,False,True,False,,,independent_nominal,24
LOT_E02_C021,LOT_E02,IDSS,96,stable,False,True,False,,,independent_nominal,96
LOT_E02_C021,LOT_E02,IDSS,168,stable,False,True,False,,,independent_nominal,168
LOT_E02_C021,LOT_E02,VGS(th),0,stable,False,True,False,,,independent_nominal,0
LOT_E02_C021,LOT_E02,VGS(th),24,stable,False,True,False,,,independent_nominal,24
LOT_E02_C021,LOT_E02,VGS(th),96,stable,False,True,False,,,independent_nominal,96
LOT_E02_C021,LOT_E02,VGS(th),168,stable,False,True,False,,,independent_nominal,168
LOT_E02_C021,LOT_E02,RDS(on),0,stable,False,True,False,,,independent_nominal,0
LOT_E02_C021,LOT_E02,RDS(on),24,stable,False,True,False,,,independent_nominal,24
LOT_E02_C021,LOT_E02,RDS(on),96,stable,False,True,False,,,independent_nominal,96
LOT_E02_C021,LOT_E02,RDS(on),168,stable,False,True,False,,,independent_nominal,168
LOT_E02_C021,LOT_E02,IGSS,0,stable,False,True,False,,,independent_nominal,0
LOT_E02_C021,LOT_E02,IGSS,24,stable,False,True,False,,,independent_nominal,24
LOT_E02_C021,LOT_E02,IGSS,96,stable,False,True,False,,,independent_nominal,96
LOT_E02_C021,LOT_E02,IGSS,168,stable,False,True,False,,,independent_nominal,168
LOT_E02_C022,LOT_E02,IDSS,0,stable,False,True,False,,,independent_nominal,0
LOT_E02_C022,LOT_E02,IDSS,24,stable,False,True,False,,,independent_nominal,24
LOT_E02_C022,LOT_E02,IDSS,96,stable,False,True,False,,,independent_nominal,96
LOT_E02_C022,LOT_E02,IDSS,168,stable,False,True,False,,,independent_nominal,168
LOT_E02_C022,LOT_E02,VGS(th),0,high_but_stable,False,True,False,,,lot_level_process_variation,0
LOT_E02_C022,LOT_E02,VGS(th),24,high_but_stable,False,True,False,,,lot_level_process_variation,24
LOT_E02_C022,LOT_E02,VGS(th),96,high_but_stable,False,True,False,,,lot_level_process_variation,96
LOT_E02_C022,LOT_E02,VGS(th),168,high_but_stable,False,True,False,,,lot_level_process_variation,168
LOT_E02_C022,LOT_E02,RDS(on),0,stable,False,True,False,,,independent_nominal,0
LOT_E02_C022,LOT_E02,RDS(on),24,stable,False,True,False,,,independent_nominal,24
LOT_E02_C022,LOT_E02,RDS(on),96,stable,False,True,False,,,independent_nominal,96
LOT_E02_C022,LOT_E02,RDS(on),168,stable,False,True,False,,,independent_nominal,168
LOT_E02_C022,LOT_E02,IGSS,0,stable,False,True,False,,,independent_nominal,0
LOT_E02_C022,LOT_E02,IGSS,24,stable,False,True,False,,,independent_nominal,24
LOT_E02_C022,LOT_E02,IGSS,96,stable,False,True,False,,,independent_nominal,96
LOT_E02_C022,LOT_E02,IGSS,168,stable,False,True,False,,,independent_nominal,168
LOT_E02_C023,LOT_E02,IDSS,0,stable,False,True,False,,,independent_nominal,0
LOT_E02_C023,LOT_E02,IDSS,24,stable,False,True,False,,,independent_nominal,24
LOT_E02_C023,LOT_E02,IDSS,96,stable,False,True,False,,,independent_nominal,96
LOT_E02_C023,LOT_E02,IDSS,168,stable,False,True,False,,,independent_nominal,168
LOT_E02_C023,LOT_E02,VGS(th),0,stable,False,True,False,,,independent_nominal,0
LOT_E02_C023,LOT_E02,VGS(th),24,stable,False,True,False,,,independent_nominal,24
LOT_E02_C023,LOT_E02,VGS(th),96,stable,False,True,False,,,independent_nominal,96
LOT_E02_C023,LOT_E02,VGS(th),168,stable,False,True,False,,,independent_nominal,168
LOT_E02_C023,LOT_E02,RDS(on),0,stable,False,True,False,,,independent_nominal,0
LOT_E02_C023,LOT_E02,RDS(on),24,stable,False,True,False,,,independent_nominal,24
LOT_E02_C023,LOT_E02,RDS(on),96,stable,False,True,False,,,independent_nominal,96
LOT_E02_C023,LOT_E02,RDS(on),168,stable,False,True,False,,,independent_nominal,168
LOT_E02_C023,LOT_E02,IGSS,0,stable,False,True,False,,,independent_nominal,0
LOT_E02_C023,LOT_E02,IGSS,24,stable,False,True,False,,,independent_nominal,24
LOT_E02_C023,LOT_E02,IGSS,96,stable,False,True,False,,,independent_nominal,96
LOT_E02_C023,LOT_E02,IGSS,168,stable,False,True,False,,,independent_nominal,168
LOT_E02_C024,LOT_E02,IDSS,0,stable,False,True,False,,,independent_nominal,0
LOT_E02_C024,LOT_E02,IDSS,24,stable,False,True,False,,,independent_nominal,24
LOT_E02_C024,LOT_E02,IDSS,96,stable,False,True,False,,,independent_nominal,96
LOT_E02_C024,LOT_E02,IDSS,168,stable,False,True,False,,,independent_nominal,168
LOT_E02_C024,LOT_E02,VGS(th),0,stable,False,True,False,,,independent_nominal,0
LOT_E02_C024,LOT_E02,VGS(th),24,stable,False,True,False,,,independent_nominal,24
LOT_E02_C024,LOT_E02,VGS(th),96,stable,False,True,False,,,independent_nominal,96
LOT_E02_C024,LOT_E02,VGS(th),168,stable,False,True,False,,,independent_nominal,168
LOT_E02_C024,LOT_E02,RDS(on),0,high_but_stable,False,True,False,,,lot_level_process_variation,0
LOT_E02_C024,LOT_E02,RDS(on),24,high_but_stable,False,True,False,,,lot_level_process_variation,24
LOT_E02_C024,LOT_E02,RDS(on),96,high_but_stable,False,True,False,,,lot_level_process_variation,96
LOT_E02_C024,LOT_E02,RDS(on),168,high_but_stable,False,True,False,,,lot_level_process_variation,168
LOT_E02_C024,LOT_E02,IGSS,0,stable,False,True,False,,,independent_nominal,0
LOT_E02_C024,LOT_E02,IGSS,24,stable,False,True,False,,,independent_nominal,24
LOT_E02_C024,LOT_E02,IGSS,96,stable,False,True,False,,,independent_nominal,96
LOT_E02_C024,LOT_E02,IGSS,168,stable,False,True,False,,,independent_nominal,168
LOT_E02_C025,LOT_E02,IDSS,0,stable,False,True,False,,,independent_nominal,0
LOT_E02_C025,LOT_E02,IDSS,24,stable,False,True,False,,,independent_nominal,24
LOT_E02_C025,LOT_E02,IDSS,96,stable,False,True,False,,,independent_nominal,96
LOT_E02_C025,LOT_E02,IDSS,168,stable,False,True,False,,,independent_nominal,168
LOT_E02_C025,LOT_E02,VGS(th),0,stable,False,True,False,,,independent_nominal,0
LOT_E02_C025,LOT_E02,VGS(th),24,stable,False,True,False,,,independent_nominal,24
LOT_E02_C025,LOT_E02,VGS(th),96,stable,False,True,False,,,independent_nominal,96
LOT_E02_C025,LOT_E02,VGS(th),168,stable,False,True,False,,,independent_nominal,168
LOT_E02_C025,LOT_E02,RDS(on),0,stable,False,True,False,,,independent_nominal,0
LOT_E02_C025,LOT_E02,RDS(on),24,stable,False,True,False,,,independent_nominal,24
LOT_E02_C025,LOT_E02,RDS(on),96,stable,False,True,False,,,independent_nominal,96
LOT_E02_C025,LOT_E02,RDS(on),168,stable,False,True,False,,,independent_nominal,168
LOT_E02_C025,LOT_E02,IGSS,0,stable,False,True,False,,,independent_nominal,0
LOT_E02_C025,LOT_E02,IGSS,24,stable,False,True,False,,,independent_nominal,24
LOT_E02_C025,LOT_E02,IGSS,96,stable,False,True,False,,,independent_nominal,96
LOT_E02_C025,LOT_E02,IGSS,168,stable,False,True,False,,,independent_nominal,168
LOT_E02_C026,LOT_E02,IDSS,0,high_but_stable,False,True,False,,,lot_level_process_variation,0
LOT_E02_C026,LOT_E02,IDSS,24,high_but_stable,False,True,False,,,lot_level_process_variation,24
LOT_E02_C026,LOT_E02,IDSS,96,high_but_stable,False,True,False,,,lot_level_process_variation,96
LOT_E02_C026,LOT_E02,IDSS,168,high_but_stable,False,True,False,,,lot_level_process_variation,168
LOT_E02_C026,LOT_E02,VGS(th),0,stable,False,True,False,,,independent_nominal,0
LOT_E02_C026,LOT_E02,VGS(th),24,stable,False,True,False,,,independent_nominal,24
LOT_E02_C026,LOT_E02,VGS(th),96,stable,False,True,False,,,independent_nominal,96
LOT_E02_C026,LOT_E02,VGS(th),168,stable,False,True,False,,,independent_nominal,168
LOT_E02_C026,LOT_E02,RDS(on),0,stable,False,True,False,,,independent_nominal,0
LOT_E02_C026,LOT_E02,RDS(on),24,stable,False,True,False,,,independent_nominal,24
LOT_E02_C026,LOT_E02,RDS(on),96,stable,False,True,False,,,independent_nominal,96
LOT_E02_C026,LOT_E02,RDS(on),168,stable,False,True,False,,,independent_nominal,168
LOT_E02_C026,LOT_E02,IGSS,0,stable,False,True,False,,,independent_nominal,0
LOT_E02_C026,LOT_E02,IGSS,24,stable,False,True,False,,,independent_nominal,24
LOT_E02_C026,LOT_E02,IGSS,96,stable,False,True,False,,,independent_nominal,96
LOT_E02_C026,LOT_E02,IGSS,168,stable,False,True,False,,,independent_nominal,168
LOT_E02_C027,LOT_E02,IDSS,0,stable,False,True,False,,,independent_nominal,0
LOT_E02_C027,LOT_E02,IDSS,24,stable,False,True,False,,,independent_nominal,24
LOT_E02_C027,LOT_E02,IDSS,96,stable,False,True,False,,,independent_nominal,96
LOT_E02_C027,LOT_E02,IDSS,168,stable,False,True,False,,,independent_nominal,168
LOT_E02_C027,LOT_E02,VGS(th),0,stable,False,True,False,,,independent_nominal,0
LOT_E02_C027,LOT_E02,VGS(th),24,stable,False,True,False,,,independent_nominal,24
LOT_E02_C027,LOT_E02,VGS(th),96,stable,False,True,False,,,independent_nominal,96
LOT_E02_C027,LOT_E02,VGS(th),168,stable,False,True,False,,,independent_nominal,168
LOT_E02_C027,LOT_E02,RDS(on),0,stable,False,True,False,,,independent_nominal,0
LOT_E02_C027,LOT_E02,RDS(on),24,stable,False,True,False,,,independent_nominal,24
LOT_E02_C027,LOT_E02,RDS(on),96,stable,False,True,False,,,independent_nominal,96
LOT_E02_C027,LOT_E02,RDS(on),168,stable,False,True,False,,,independent_nominal,168
LOT_E02_C027,LOT_E02,IGSS,0,stable,False,True,False,,,independent_nominal,0
LOT_E02_C027,LOT_E02,IGSS,24,stable,False,True,False,,,independent_nominal,24
LOT_E02_C027,LOT_E02,IGSS,96,stable,False,True,False,,,independent_nominal,96
LOT_E02_C027,LOT_E02,IGSS,168,stable,False,True,False,,,independent_nominal,168
LOT_E02_C028,LOT_E02,IDSS,0,stable,False,True,False,,,independent_nominal,0
LOT_E02_C028,LOT_E02,IDSS,24,stable,False,True,False,,,independent_nominal,24
LOT_E02_C028,LOT_E02,IDSS,96,stable,False,True,False,,,independent_nominal,96
LOT_E02_C028,LOT_E02,IDSS,168,stable,False,True,False,,,independent_nominal,168
LOT_E02_C028,LOT_E02,VGS(th),0,high_but_stable,False,True,False,,,lot_level_process_variation,0
LOT_E02_C028,LOT_E02,VGS(th),24,high_but_stable,False,True,False,,,lot_level_process_variation,24
LOT_E02_C028,LOT_E02,VGS(th),96,high_but_stable,False,True,False,,,lot_level_process_variation,96
LOT_E02_C028,LOT_E02,VGS(th),168,high_but_stable,False,True,False,,,lot_level_process_variation,168
LOT_E02_C028,LOT_E02,RDS(on),0,stable,False,True,False,,,independent_nominal,0
LOT_E02_C028,LOT_E02,RDS(on),24,stable,False,True,False,,,independent_nominal,24
LOT_E02_C028,LOT_E02,RDS(on),96,stable,False,True,False,,,independent_nominal,96
LOT_E02_C028,LOT_E02,RDS(on),168,stable,False,True,False,,,independent_nominal,168
LOT_E02_C028,LOT_E02,IGSS,0,stable,False,True,False,,,independent_nominal,0
LOT_E02_C028,LOT_E02,IGSS,24,stable,False,True,False,,,independent_nominal,24
LOT_E02_C028,LOT_E02,IGSS,96,stable,False,True,False,,,independent_nominal,96
LOT_E02_C028,LOT_E02,IGSS,168,stable,False,True,False,,,independent_nominal,168
LOT_E02_C029,LOT_E02,IDSS,0,stable,False,True,False,,,independent_nominal,0
LOT_E02_C029,LOT_E02,IDSS,24,stable,False,True,False,,,independent_nominal,24
LOT_E02_C029,LOT_E02,IDSS,96,stable,False,True,False,,,independent_nominal,96
LOT_E02_C029,LOT_E02,IDSS,168,stable,False,True,False,,,independent_nominal,168
LOT_E02_C029,LOT_E02,VGS(th),0,stable,False,True,False,,,independent_nominal,0
LOT_E02_C029,LOT_E02,VGS(th),24,stable,False,True,False,,,independent_nominal,24
LOT_E02_C029,LOT_E02,VGS(th),96,stable,False,True,False,,,independent_nominal,96
LOT_E02_C029,LOT_E02,VGS(th),168,stable,False,True,False,,,independent_nominal,168
LOT_E02_C029,LOT_E02,RDS(on),0,stable,False,True,False,,,independent_nominal,0
LOT_E02_C029,LOT_E02,RDS(on),24,stable,False,True,False,,,independent_nominal,24
LOT_E02_C029,LOT_E02,RDS(on),96,stable,False,True,False,,,independent_nominal,96
LOT_E02_C029,LOT_E02,RDS(on),168,stable,False,True,False,,,independent_nominal,168
LOT_E02_C029,LOT_E02,IGSS,0,stable,False,True,False,,,independent_nominal,0
LOT_E02_C029,LOT_E02,IGSS,24,stable,False,True,False,,,independent_nominal,24
LOT_E02_C029,LOT_E02,IGSS,96,stable,False,True,False,,,independent_nominal,96
LOT_E02_C029,LOT_E02,IGSS,168,stable,False,True,False,,,independent_nominal,168
LOT_E02_C030,LOT_E02,IDSS,0,stable,False,True,False,,,independent_nominal,0
LOT_E02_C030,LOT_E02,IDSS,24,stable,False,True,False,,,independent_nominal,24
LOT_E02_C030,LOT_E02,IDSS,96,stable,False,True,False,,,independent_nominal,96
LOT_E02_C030,LOT_E02,IDSS,168,stable,False,True,False,,,independent_nominal,168
LOT_E02_C030,LOT_E02,VGS(th),0,stable,False,True,False,,,independent_nominal,0
LOT_E02_C030,LOT_E02,VGS(th),24,stable,False,True,False,,,independent_nominal,24
LOT_E02_C030,LOT_E02,VGS(th),96,stable,False,True,False,,,independent_nominal,96
LOT_E02_C030,LOT_E02,VGS(th),168,stable,False,True,False,,,independent_nominal,168
LOT_E02_C030,LOT_E02,RDS(on),0,high_but_stable,False,True,False,,,lot_level_process_variation,0
LOT_E02_C030,LOT_E02,RDS(on),24,high_but_stable,False,True,False,,,lot_level_process_variation,24
LOT_E02_C030,LOT_E02,RDS(on),96,high_but_stable,False,True,False,,,lot_level_process_variation,96
LOT_E02_C030,LOT_E02,RDS(on),168,high_but_stable,False,True,False,,,lot_level_process_variation,168
LOT_E02_C030,LOT_E02,IGSS,0,stable,False,True,False,,,independent_nominal,0
LOT_E02_C030,LOT_E02,IGSS,24,stable,False,True,False,,,independent_nominal,24
LOT_E02_C030,LOT_E02,IGSS,96,stable,False,True,False,,,independent_nominal,96
LOT_E02_C030,LOT_E02,IGSS,168,stable,False,True,False,,,independent_nominal,168
LOT_M01_C001,LOT_M01,IDSS,0,linear_drift,True,True,False,,15.059309913596442,shared_latent_degradation,0
LOT_M01_C001,LOT_M01,IDSS,24,linear_drift,True,True,True,24.0,15.059309913596442,shared_latent_degradation,24
LOT_M01_C001,LOT_M01,IDSS,96,linear_drift,True,True,True,24.0,15.059309913596442,shared_latent_degradation,96
LOT_M01_C001,LOT_M01,IDSS,168,linear_drift,True,True,True,24.0,15.059309913596442,shared_latent_degradation,168
LOT_M01_C001,LOT_M01,VGS(th),0,subtle_abrupt_change,True,True,False,,70.58784956302313,shared_latent_degradation,0
LOT_M01_C001,LOT_M01,VGS(th),24,subtle_abrupt_change,True,True,False,,70.58784956302313,shared_latent_degradation,24
LOT_M01_C001,LOT_M01,VGS(th),96,subtle_abrupt_change,True,False,True,96.0,70.58784956302313,shared_latent_degradation,96
LOT_M01_C001,LOT_M01,VGS(th),168,subtle_abrupt_change,True,False,True,96.0,70.58784956302313,shared_latent_degradation,168
LOT_M01_C001,LOT_M01,RDS(on),0,stable,False,True,False,,,independent_nominal,0
LOT_M01_C001,LOT_M01,RDS(on),24,stable,False,True,False,,,independent_nominal,24
LOT_M01_C001,LOT_M01,RDS(on),96,stable,False,True,False,,,independent_nominal,96
LOT_M01_C001,LOT_M01,RDS(on),168,stable,False,True,False,,,independent_nominal,168
LOT_M01_C001,LOT_M01,IGSS,0,stable,False,True,False,,,independent_nominal,0
LOT_M01_C001,LOT_M01,IGSS,24,stable,False,True,False,,,independent_nominal,24
LOT_M01_C001,LOT_M01,IGSS,96,stable,False,True,False,,,independent_nominal,96
LOT_M01_C001,LOT_M01,IGSS,168,stable,False,True,False,,,independent_nominal,168
LOT_M01_C002,LOT_M01,IDSS,0,high_but_stable,False,True,False,,,lot_level_process_variation,0
LOT_M01_C002,LOT_M01,IDSS,24,high_but_stable,False,True,False,,,lot_level_process_variation,24
LOT_M01_C002,LOT_M01,IDSS,96,high_but_stable,False,True,False,,,lot_level_process_variation,96
LOT_M01_C002,LOT_M01,IDSS,168,high_but_stable,False,True,False,,,lot_level_process_variation,168
LOT_M01_C002,LOT_M01,VGS(th),0,stable,False,True,False,,,independent_nominal,0
LOT_M01_C002,LOT_M01,VGS(th),24,stable,False,True,False,,,independent_nominal,24
LOT_M01_C002,LOT_M01,VGS(th),96,stable,False,True,False,,,independent_nominal,96
LOT_M01_C002,LOT_M01,VGS(th),168,stable,False,True,False,,,independent_nominal,168
LOT_M01_C002,LOT_M01,RDS(on),0,accelerating_drift,True,True,False,,46.10903458641683,parameter_specific_degradation,0
LOT_M01_C002,LOT_M01,RDS(on),24,accelerating_drift,True,True,True,24.0,46.10903458641683,parameter_specific_degradation,24
LOT_M01_C002,LOT_M01,RDS(on),96,accelerating_drift,True,True,True,24.0,46.10903458641683,parameter_specific_degradation,96
LOT_M01_C002,LOT_M01,RDS(on),168,accelerating_drift,True,False,True,24.0,46.10903458641683,parameter_specific_degradation,168
LOT_M01_C002,LOT_M01,IGSS,0,stable,False,True,False,,,independent_nominal,0
LOT_M01_C002,LOT_M01,IGSS,24,stable,False,True,False,,,independent_nominal,24
LOT_M01_C002,LOT_M01,IGSS,96,stable,False,True,False,,,independent_nominal,96
LOT_M01_C002,LOT_M01,IGSS,168,stable,False,True,False,,,independent_nominal,168
LOT_M01_C003,LOT_M01,IDSS,0,stable,False,True,False,,,independent_nominal,0
LOT_M01_C003,LOT_M01,IDSS,24,stable,False,True,False,,,independent_nominal,24
LOT_M01_C003,LOT_M01,IDSS,96,stable,False,True,False,,,independent_nominal,96
LOT_M01_C003,LOT_M01,IDSS,168,stable,False,True,False,,,independent_nominal,168
LOT_M01_C003,LOT_M01,VGS(th),0,stable,False,True,False,,,independent_nominal,0
LOT_M01_C003,LOT_M01,VGS(th),24,stable,False,True,False,,,independent_nominal,24
LOT_M01_C003,LOT_M01,VGS(th),96,stable,False,True,False,,,independent_nominal,96
LOT_M01_C003,LOT_M01,VGS(th),168,stable,False,True,False,,,independent_nominal,168
LOT_M01_C003,LOT_M01,RDS(on),0,stable,False,True,False,,,independent_nominal,0
LOT_M01_C003,LOT_M01,RDS(on),24,stable,False,True,False,,,independent_nominal,24
LOT_M01_C003,LOT_M01,RDS(on),96,stable,False,True,False,,,independent_nominal,96
LOT_M01_C003,LOT_M01,RDS(on),168,stable,False,True,False,,,independent_nominal,168
LOT_M01_C003,LOT_M01,IGSS,0,subtle_abrupt_change,True,True,False,,26.638488648734743,parameter_specific_degradation,0
LOT_M01_C003,LOT_M01,IGSS,24,subtle_abrupt_change,True,True,False,,26.638488648734743,parameter_specific_degradation,24
LOT_M01_C003,LOT_M01,IGSS,96,subtle_abrupt_change,True,True,True,96.0,26.638488648734743,parameter_specific_degradation,96
LOT_M01_C003,LOT_M01,IGSS,168,subtle_abrupt_change,True,True,True,96.0,26.638488648734743,parameter_specific_degradation,168
LOT_M01_C004,LOT_M01,IDSS,0,stable,False,True,False,,,independent_nominal,0
LOT_M01_C004,LOT_M01,IDSS,24,stable,False,True,False,,,independent_nominal,24
LOT_M01_C004,LOT_M01,IDSS,96,stable,False,True,False,,,independent_nominal,96
LOT_M01_C004,LOT_M01,IDSS,168,stable,False,True,False,,,independent_nominal,168
LOT_M01_C004,LOT_M01,VGS(th),0,high_but_stable,False,True,False,,,lot_level_process_variation,0
LOT_M01_C004,LOT_M01,VGS(th),24,high_but_stable,False,True,False,,,lot_level_process_variation,24
LOT_M01_C004,LOT_M01,VGS(th),96,high_but_stable,False,True,False,,,lot_level_process_variation,96
LOT_M01_C004,LOT_M01,VGS(th),168,high_but_stable,False,True,False,,,lot_level_process_variation,168
LOT_M01_C004,LOT_M01,RDS(on),0,stable,False,True,False,,,independent_nominal,0
LOT_M01_C004,LOT_M01,RDS(on),24,stable,False,True,False,,,independent_nominal,24
LOT_M01_C004,LOT_M01,RDS(on),96,stable,False,True,False,,,independent_nominal,96
LOT_M01_C004,LOT_M01,RDS(on),168,stable,False,True,False,,,independent_nominal,168
LOT_M01_C004,LOT_M01,IGSS,0,stable,False,True,False,,,independent_nominal,0
LOT_M01_C004,LOT_M01,IGSS,24,stable,False,True,False,,,independent_nominal,24
LOT_M01_C004,LOT_M01,IGSS,96,stable,False,True,False,,,independent_nominal,96
LOT_M01_C004,LOT_M01,IGSS,168,stable,False,True,False,,,independent_nominal,168
LOT_M01_C005,LOT_M01,IDSS,0,stable,False,True,False,,,independent_nominal,0
LOT_M01_C005,LOT_M01,IDSS,24,stable,False,True,False,,,independent_nominal,24
LOT_M01_C005,LOT_M01,IDSS,96,stable,False,True,False,,,independent_nominal,96
LOT_M01_C005,LOT_M01,IDSS,168,stable,False,True,False,,,independent_nominal,168
LOT_M01_C005,LOT_M01,VGS(th),0,stable,False,True,False,,,independent_nominal,0
LOT_M01_C005,LOT_M01,VGS(th),24,stable,False,True,False,,,independent_nominal,24
LOT_M01_C005,LOT_M01,VGS(th),96,stable,False,True,False,,,independent_nominal,96
LOT_M01_C005,LOT_M01,VGS(th),168,stable,False,True,False,,,independent_nominal,168
LOT_M01_C005,LOT_M01,RDS(on),0,stable,False,True,False,,,independent_nominal,0
LOT_M01_C005,LOT_M01,RDS(on),24,stable,False,True,False,,,independent_nominal,24
LOT_M01_C005,LOT_M01,RDS(on),96,stable,False,True,False,,,independent_nominal,96
LOT_M01_C005,LOT_M01,RDS(on),168,stable,False,True,False,,,independent_nominal,168
LOT_M01_C005,LOT_M01,IGSS,0,stable,False,True,False,,,independent_nominal,0
LOT_M01_C005,LOT_M01,IGSS,24,stable,False,True,False,,,independent_nominal,24
LOT_M01_C005,LOT_M01,IGSS,96,stable,False,True,False,,,independent_nominal,96
LOT_M01_C005,LOT_M01,IGSS,168,stable,False,True,False,,,independent_nominal,168
LOT_M01_C006,LOT_M01,IDSS,0,stable,False,True,False,,,independent_nominal,0
LOT_M01_C006,LOT_M01,IDSS,24,stable,False,True,False,,,independent_nominal,24
LOT_M01_C006,LOT_M01,IDSS,96,stable,False,True,False,,,independent_nominal,96
LOT_M01_C006,LOT_M01,IDSS,168,stable,False,True,False,,,independent_nominal,168
LOT_M01_C006,LOT_M01,VGS(th),0,stable,False,True,False,,,independent_nominal,0
LOT_M01_C006,LOT_M01,VGS(th),24,stable,False,True,False,,,independent_nominal,24
LOT_M01_C006,LOT_M01,VGS(th),96,stable,False,True,False,,,independent_nominal,96
LOT_M01_C006,LOT_M01,VGS(th),168,stable,False,True,False,,,independent_nominal,168
LOT_M01_C006,LOT_M01,RDS(on),0,high_but_stable,False,True,False,,,lot_level_process_variation,0
LOT_M01_C006,LOT_M01,RDS(on),24,high_but_stable,False,True,False,,,lot_level_process_variation,24
LOT_M01_C006,LOT_M01,RDS(on),96,high_but_stable,False,True,False,,,lot_level_process_variation,96
LOT_M01_C006,LOT_M01,RDS(on),168,high_but_stable,False,True,False,,,lot_level_process_variation,168
LOT_M01_C006,LOT_M01,IGSS,0,stable,False,True,False,,,independent_nominal,0
LOT_M01_C006,LOT_M01,IGSS,24,stable,False,True,False,,,independent_nominal,24
LOT_M01_C006,LOT_M01,IGSS,96,stable,False,True,False,,,independent_nominal,96
LOT_M01_C006,LOT_M01,IGSS,168,stable,False,True,False,,,independent_nominal,168
LOT_M01_C007,LOT_M01,IDSS,0,stable,False,True,False,,,independent_nominal,0
LOT_M01_C007,LOT_M01,IDSS,24,stable,False,True,False,,,independent_nominal,24
LOT_M01_C007,LOT_M01,IDSS,96,stable,False,True,False,,,independent_nominal,96
LOT_M01_C007,LOT_M01,IDSS,168,stable,False,True,False,,,independent_nominal,168
LOT_M01_C007,LOT_M01,VGS(th),0,stable,False,True,False,,,independent_nominal,0
LOT_M01_C007,LOT_M01,VGS(th),24,stable,False,True,False,,,independent_nominal,24
LOT_M01_C007,LOT_M01,VGS(th),96,stable,False,True,False,,,independent_nominal,96
LOT_M01_C007,LOT_M01,VGS(th),168,stable,False,True,False,,,independent_nominal,168
LOT_M01_C007,LOT_M01,RDS(on),0,stable,False,True,False,,,independent_nominal,0
LOT_M01_C007,LOT_M01,RDS(on),24,stable,False,True,False,,,independent_nominal,24
LOT_M01_C007,LOT_M01,RDS(on),96,stable,False,True,False,,,independent_nominal,96
LOT_M01_C007,LOT_M01,RDS(on),168,stable,False,True,False,,,independent_nominal,168
LOT_M01_C007,LOT_M01,IGSS,0,stable,False,True,False,,,independent_nominal,0
LOT_M01_C007,LOT_M01,IGSS,24,stable,False,True,False,,,independent_nominal,24
LOT_M01_C007,LOT_M01,IGSS,96,stable,False,True,False,,,independent_nominal,96
LOT_M01_C007,LOT_M01,IGSS,168,stable,False,True,False,,,independent_nominal,168
LOT_M01_C008,LOT_M01,IDSS,0,high_but_stable,False,True,False,,,lot_level_process_variation,0
LOT_M01_C008,LOT_M01,IDSS,24,high_but_stable,False,True,False,,,lot_level_process_variation,24
LOT_M01_C008,LOT_M01,IDSS,96,high_but_stable,False,True,False,,,lot_level_process_variation,96
LOT_M01_C008,LOT_M01,IDSS,168,high_but_stable,False,True,False,,,lot_level_process_variation,168
LOT_M01_C008,LOT_M01,VGS(th),0,stable,False,True,False,,,independent_nominal,0
LOT_M01_C008,LOT_M01,VGS(th),24,stable,False,True,False,,,independent_nominal,24
LOT_M01_C008,LOT_M01,VGS(th),96,stable,False,True,False,,,independent_nominal,96
LOT_M01_C008,LOT_M01,VGS(th),168,stable,False,True,False,,,independent_nominal,168
LOT_M01_C008,LOT_M01,RDS(on),0,stable,False,True,False,,,independent_nominal,0
LOT_M01_C008,LOT_M01,RDS(on),24,stable,False,True,False,,,independent_nominal,24
LOT_M01_C008,LOT_M01,RDS(on),96,stable,False,True,False,,,independent_nominal,96
LOT_M01_C008,LOT_M01,RDS(on),168,stable,False,True,False,,,independent_nominal,168
LOT_M01_C008,LOT_M01,IGSS,0,stable,False,True,False,,,independent_nominal,0
LOT_M01_C008,LOT_M01,IGSS,24,stable,False,True,False,,,independent_nominal,24
LOT_M01_C008,LOT_M01,IGSS,96,stable,False,True,False,,,independent_nominal,96
LOT_M01_C008,LOT_M01,IGSS,168,stable,False,True,False,,,independent_nominal,168
LOT_M01_C009,LOT_M01,IDSS,0,stable,False,True,False,,,independent_nominal,0
LOT_M01_C009,LOT_M01,IDSS,24,stable,False,True,False,,,independent_nominal,24
LOT_M01_C009,LOT_M01,IDSS,96,stable,False,True,False,,,independent_nominal,96
LOT_M01_C009,LOT_M01,IDSS,168,stable,False,True,False,,,independent_nominal,168
LOT_M01_C009,LOT_M01,VGS(th),0,stable,False,True,False,,,independent_nominal,0
LOT_M01_C009,LOT_M01,VGS(th),24,stable,False,True,False,,,independent_nominal,24
LOT_M01_C009,LOT_M01,VGS(th),96,stable,False,True,False,,,independent_nominal,96
LOT_M01_C009,LOT_M01,VGS(th),168,stable,False,True,False,,,independent_nominal,168
LOT_M01_C009,LOT_M01,RDS(on),0,stable,False,True,False,,,independent_nominal,0
LOT_M01_C009,LOT_M01,RDS(on),24,stable,False,True,False,,,independent_nominal,24
LOT_M01_C009,LOT_M01,RDS(on),96,stable,False,True,False,,,independent_nominal,96
LOT_M01_C009,LOT_M01,RDS(on),168,stable,False,True,False,,,independent_nominal,168
LOT_M01_C009,LOT_M01,IGSS,0,stable,False,True,False,,,independent_nominal,0
LOT_M01_C009,LOT_M01,IGSS,24,stable,False,True,False,,,independent_nominal,24
LOT_M01_C009,LOT_M01,IGSS,96,stable,False,True,False,,,independent_nominal,96
LOT_M01_C009,LOT_M01,IGSS,168,stable,False,True,False,,,independent_nominal,168
LOT_M01_C010,LOT_M01,IDSS,0,stable,False,True,False,,,independent_nominal,0
LOT_M01_C010,LOT_M01,IDSS,24,stable,False,True,False,,,independent_nominal,24
LOT_M01_C010,LOT_M01,IDSS,96,stable,False,True,False,,,independent_nominal,96
LOT_M01_C010,LOT_M01,IDSS,168,stable,False,True,False,,,independent_nominal,168
LOT_M01_C010,LOT_M01,VGS(th),0,high_but_stable,False,True,False,,,lot_level_process_variation,0
LOT_M01_C010,LOT_M01,VGS(th),24,high_but_stable,False,True,False,,,lot_level_process_variation,24
LOT_M01_C010,LOT_M01,VGS(th),96,high_but_stable,False,True,False,,,lot_level_process_variation,96
LOT_M01_C010,LOT_M01,VGS(th),168,high_but_stable,False,True,False,,,lot_level_process_variation,168
LOT_M01_C010,LOT_M01,RDS(on),0,stable,False,True,False,,,independent_nominal,0
LOT_M01_C010,LOT_M01,RDS(on),24,stable,False,True,False,,,independent_nominal,24
LOT_M01_C010,LOT_M01,RDS(on),96,stable,False,True,False,,,independent_nominal,96
LOT_M01_C010,LOT_M01,RDS(on),168,stable,False,True,False,,,independent_nominal,168
LOT_M01_C010,LOT_M01,IGSS,0,stable,False,True,False,,,independent_nominal,0
LOT_M01_C010,LOT_M01,IGSS,24,stable,False,True,False,,,independent_nominal,24
LOT_M01_C010,LOT_M01,IGSS,96,stable,False,True,False,,,independent_nominal,96
LOT_M01_C010,LOT_M01,IGSS,168,stable,False,True,False,,,independent_nominal,168
LOT_M01_C011,LOT_M01,IDSS,0,stable,False,True,False,,,independent_nominal,0
LOT_M01_C011,LOT_M01,IDSS,24,stable,False,True,False,,,independent_nominal,24
LOT_M01_C011,LOT_M01,IDSS,96,stable,False,True,False,,,independent_nominal,96
LOT_M01_C011,LOT_M01,IDSS,168,stable,False,True,False,,,independent_nominal,168
LOT_M01_C011,LOT_M01,VGS(th),0,stable,False,True,False,,,independent_nominal,0
LOT_M01_C011,LOT_M01,VGS(th),24,stable,False,True,False,,,independent_nominal,24
LOT_M01_C011,LOT_M01,VGS(th),96,stable,False,True,False,,,independent_nominal,96
LOT_M01_C011,LOT_M01,VGS(th),168,stable,False,True,False,,,independent_nominal,168
LOT_M01_C011,LOT_M01,RDS(on),0,stable,False,True,False,,,independent_nominal,0
LOT_M01_C011,LOT_M01,RDS(on),24,stable,False,True,False,,,independent_nominal,24
LOT_M01_C011,LOT_M01,RDS(on),96,stable,False,True,False,,,independent_nominal,96
LOT_M01_C011,LOT_M01,RDS(on),168,stable,False,True,False,,,independent_nominal,168
LOT_M01_C011,LOT_M01,IGSS,0,stable,False,True,False,,,independent_nominal,0
LOT_M01_C011,LOT_M01,IGSS,24,stable,False,True,False,,,independent_nominal,24
LOT_M01_C011,LOT_M01,IGSS,96,stable,False,True,False,,,independent_nominal,96
LOT_M01_C011,LOT_M01,IGSS,168,stable,False,True,False,,,independent_nominal,168
LOT_M01_C012,LOT_M01,IDSS,0,stable,False,True,False,,,independent_nominal,0
LOT_M01_C012,LOT_M01,IDSS,24,stable,False,True,False,,,independent_nominal,24
LOT_M01_C012,LOT_M01,IDSS,96,stable,False,True,False,,,independent_nominal,96
LOT_M01_C012,LOT_M01,IDSS,168,stable,False,True,False,,,independent_nominal,168
LOT_M01_C012,LOT_M01,VGS(th),0,stable,False,True,False,,,independent_nominal,0
LOT_M01_C012,LOT_M01,VGS(th),24,stable,False,True,False,,,independent_nominal,24
LOT_M01_C012,LOT_M01,VGS(th),96,stable,False,True,False,,,independent_nominal,96
LOT_M01_C012,LOT_M01,VGS(th),168,stable,False,True,False,,,independent_nominal,168
LOT_M01_C012,LOT_M01,RDS(on),0,high_but_stable,False,True,False,,,lot_level_process_variation,0
LOT_M01_C012,LOT_M01,RDS(on),24,high_but_stable,False,True,False,,,lot_level_process_variation,24
LOT_M01_C012,LOT_M01,RDS(on),96,high_but_stable,False,True,False,,,lot_level_process_variation,96
LOT_M01_C012,LOT_M01,RDS(on),168,high_but_stable,False,True,False,,,lot_level_process_variation,168
LOT_M01_C012,LOT_M01,IGSS,0,stable,False,True,False,,,independent_nominal,0
LOT_M01_C012,LOT_M01,IGSS,24,stable,False,True,False,,,independent_nominal,24
LOT_M01_C012,LOT_M01,IGSS,96,stable,False,True,False,,,independent_nominal,96
LOT_M01_C012,LOT_M01,IGSS,168,stable,False,True,False,,,independent_nominal,168
LOT_M01_C013,LOT_M01,IDSS,0,stable,False,True,False,,,independent_nominal,0
LOT_M01_C013,LOT_M01,IDSS,24,stable,False,True,False,,,independent_nominal,24
LOT_M01_C013,LOT_M01,IDSS,96,stable,False,True,False,,,independent_nominal,96
LOT_M01_C013,LOT_M01,IDSS,168,stable,False,True,False,,,independent_nominal,168
LOT_M01_C013,LOT_M01,VGS(th),0,stable,False,True,False,,,independent_nominal,0
LOT_M01_C013,LOT_M01,VGS(th),24,stable,False,True,False,,,independent_nominal,24
LOT_M01_C013,LOT_M01,VGS(th),96,stable,False,True,False,,,independent_nominal,96
LOT_M01_C013,LOT_M01,VGS(th),168,stable,False,True,False,,,independent_nominal,168
LOT_M01_C013,LOT_M01,RDS(on),0,stable,False,True,False,,,independent_nominal,0
LOT_M01_C013,LOT_M01,RDS(on),24,stable,False,True,False,,,independent_nominal,24
LOT_M01_C013,LOT_M01,RDS(on),96,stable,False,True,False,,,independent_nominal,96
LOT_M01_C013,LOT_M01,RDS(on),168,stable,False,True,False,,,independent_nominal,168
LOT_M01_C013,LOT_M01,IGSS,0,stable,False,True,False,,,independent_nominal,0
LOT_M01_C013,LOT_M01,IGSS,24,stable,False,True,False,,,independent_nominal,24
LOT_M01_C013,LOT_M01,IGSS,96,stable,False,True,False,,,independent_nominal,96
LOT_M01_C013,LOT_M01,IGSS,168,stable,False,True,False,,,independent_nominal,168
LOT_M01_C014,LOT_M01,IDSS,0,high_but_stable,False,True,False,,,lot_level_process_variation,0
LOT_M01_C014,LOT_M01,IDSS,24,high_but_stable,False,True,False,,,lot_level_process_variation,24
LOT_M01_C014,LOT_M01,IDSS,96,high_but_stable,False,True,False,,,lot_level_process_variation,96
LOT_M01_C014,LOT_M01,IDSS,168,high_but_stable,False,True,False,,,lot_level_process_variation,168
LOT_M01_C014,LOT_M01,VGS(th),0,stable,False,True,False,,,independent_nominal,0
LOT_M01_C014,LOT_M01,VGS(th),24,stable,False,True,False,,,independent_nominal,24
LOT_M01_C014,LOT_M01,VGS(th),96,stable,False,True,False,,,independent_nominal,96
LOT_M01_C014,LOT_M01,VGS(th),168,stable,False,True,False,,,independent_nominal,168
LOT_M01_C014,LOT_M01,RDS(on),0,stable,False,True,False,,,independent_nominal,0
LOT_M01_C014,LOT_M01,RDS(on),24,stable,False,True,False,,,independent_nominal,24
LOT_M01_C014,LOT_M01,RDS(on),96,stable,False,True,False,,,independent_nominal,96
LOT_M01_C014,LOT_M01,RDS(on),168,stable,False,True,False,,,independent_nominal,168
LOT_M01_C014,LOT_M01,IGSS,0,stable,False,True,False,,,independent_nominal,0
LOT_M01_C014,LOT_M01,IGSS,24,stable,False,True,False,,,independent_nominal,24
LOT_M01_C014,LOT_M01,IGSS,96,stable,False,True,False,,,independent_nominal,96
LOT_M01_C014,LOT_M01,IGSS,168,stable,False,True,False,,,independent_nominal,168
LOT_M01_C015,LOT_M01,IDSS,0,stable,False,True,False,,,independent_nominal,0
LOT_M01_C015,LOT_M01,IDSS,24,stable,False,True,False,,,independent_nominal,24
LOT_M01_C015,LOT_M01,IDSS,96,stable,False,True,False,,,independent_nominal,96
LOT_M01_C015,LOT_M01,IDSS,168,stable,False,True,False,,,independent_nominal,168
LOT_M01_C015,LOT_M01,VGS(th),0,stable,False,True,False,,,independent_nominal,0
LOT_M01_C015,LOT_M01,VGS(th),24,stable,False,True,False,,,independent_nominal,24
LOT_M01_C015,LOT_M01,VGS(th),96,stable,False,True,False,,,independent_nominal,96
LOT_M01_C015,LOT_M01,VGS(th),168,stable,False,True,False,,,independent_nominal,168
LOT_M01_C015,LOT_M01,RDS(on),0,stable,False,True,False,,,independent_nominal,0
LOT_M01_C015,LOT_M01,RDS(on),24,stable,False,True,False,,,independent_nominal,24
LOT_M01_C015,LOT_M01,RDS(on),96,stable,False,True,False,,,independent_nominal,96
LOT_M01_C015,LOT_M01,RDS(on),168,stable,False,True,False,,,independent_nominal,168
LOT_M01_C015,LOT_M01,IGSS,0,stable,False,True,False,,,independent_nominal,0
LOT_M01_C015,LOT_M01,IGSS,24,stable,False,True,False,,,independent_nominal,24
LOT_M01_C015,LOT_M01,IGSS,96,stable,False,True,False,,,independent_nominal,96
LOT_M01_C015,LOT_M01,IGSS,168,stable,False,True,False,,,independent_nominal,168
LOT_M01_C016,LOT_M01,IDSS,0,stable,False,True,False,,,independent_nominal,0
LOT_M01_C016,LOT_M01,IDSS,24,stable,False,True,False,,,independent_nominal,24
LOT_M01_C016,LOT_M01,IDSS,96,stable,False,True,False,,,independent_nominal,96
LOT_M01_C016,LOT_M01,IDSS,168,stable,False,True,False,,,independent_nominal,168
LOT_M01_C016,LOT_M01,VGS(th),0,high_but_stable,False,True,False,,,lot_level_process_variation,0
LOT_M01_C016,LOT_M01,VGS(th),24,high_but_stable,False,True,False,,,lot_level_process_variation,24
LOT_M01_C016,LOT_M01,VGS(th),96,high_but_stable,False,True,False,,,lot_level_process_variation,96
LOT_M01_C016,LOT_M01,VGS(th),168,high_but_stable,False,True,False,,,lot_level_process_variation,168
LOT_M01_C016,LOT_M01,RDS(on),0,stable,False,True,False,,,independent_nominal,0
LOT_M01_C016,LOT_M01,RDS(on),24,stable,False,True,False,,,independent_nominal,24
LOT_M01_C016,LOT_M01,RDS(on),96,stable,False,True,False,,,independent_nominal,96
LOT_M01_C016,LOT_M01,RDS(on),168,stable,False,True,False,,,independent_nominal,168
LOT_M01_C016,LOT_M01,IGSS,0,stable,False,True,False,,,independent_nominal,0
LOT_M01_C016,LOT_M01,IGSS,24,stable,False,True,False,,,independent_nominal,24
LOT_M01_C016,LOT_M01,IGSS,96,stable,False,True,False,,,independent_nominal,96
LOT_M01_C016,LOT_M01,IGSS,168,stable,False,True,False,,,independent_nominal,168
LOT_M01_C017,LOT_M01,IDSS,0,stable,False,True,False,,,independent_nominal,0
LOT_M01_C017,LOT_M01,IDSS,24,stable,False,True,False,,,independent_nominal,24
LOT_M01_C017,LOT_M01,IDSS,96,stable,False,True,False,,,independent_nominal,96
LOT_M01_C017,LOT_M01,IDSS,168,stable,False,True,False,,,independent_nominal,168
LOT_M01_C017,LOT_M01,VGS(th),0,stable,False,True,False,,,independent_nominal,0
LOT_M01_C017,LOT_M01,VGS(th),24,stable,False,True,False,,,independent_nominal,24
LOT_M01_C017,LOT_M01,VGS(th),96,stable,False,True,False,,,independent_nominal,96
LOT_M01_C017,LOT_M01,VGS(th),168,stable,False,True,False,,,independent_nominal,168
LOT_M01_C017,LOT_M01,RDS(on),0,stable,False,True,False,,,independent_nominal,0
LOT_M01_C017,LOT_M01,RDS(on),24,stable,False,True,False,,,independent_nominal,24
LOT_M01_C017,LOT_M01,RDS(on),96,stable,False,True,False,,,independent_nominal,96
LOT_M01_C017,LOT_M01,RDS(on),168,stable,False,True,False,,,independent_nominal,168
LOT_M01_C017,LOT_M01,IGSS,0,stable,False,True,False,,,independent_nominal,0
LOT_M01_C017,LOT_M01,IGSS,24,stable,False,True,False,,,independent_nominal,24
LOT_M01_C017,LOT_M01,IGSS,96,stable,False,True,False,,,independent_nominal,96
LOT_M01_C017,LOT_M01,IGSS,168,stable,False,True,False,,,independent_nominal,168
LOT_M01_C018,LOT_M01,IDSS,0,stable,False,True,False,,,independent_nominal,0
LOT_M01_C018,LOT_M01,IDSS,24,stable,False,True,False,,,independent_nominal,24
LOT_M01_C018,LOT_M01,IDSS,96,stable,False,True,False,,,independent_nominal,96
LOT_M01_C018,LOT_M01,IDSS,168,stable,False,True,False,,,independent_nominal,168
LOT_M01_C018,LOT_M01,VGS(th),0,stable,False,True,False,,,independent_nominal,0
LOT_M01_C018,LOT_M01,VGS(th),24,stable,False,True,False,,,independent_nominal,24
LOT_M01_C018,LOT_M01,VGS(th),96,stable,False,True,False,,,independent_nominal,96
LOT_M01_C018,LOT_M01,VGS(th),168,stable,False,True,False,,,independent_nominal,168
LOT_M01_C018,LOT_M01,RDS(on),0,high_but_stable,False,True,False,,,lot_level_process_variation,0
LOT_M01_C018,LOT_M01,RDS(on),24,high_but_stable,False,True,False,,,lot_level_process_variation,24
LOT_M01_C018,LOT_M01,RDS(on),96,high_but_stable,False,True,False,,,lot_level_process_variation,96
LOT_M01_C018,LOT_M01,RDS(on),168,high_but_stable,False,True,False,,,lot_level_process_variation,168
LOT_M01_C018,LOT_M01,IGSS,0,stable,False,True,False,,,independent_nominal,0
LOT_M01_C018,LOT_M01,IGSS,24,stable,False,True,False,,,independent_nominal,24
LOT_M01_C018,LOT_M01,IGSS,96,stable,False,True,False,,,independent_nominal,96
LOT_M01_C018,LOT_M01,IGSS,168,stable,False,True,False,,,independent_nominal,168
LOT_M01_C019,LOT_M01,IDSS,0,stable,False,True,False,,,independent_nominal,0
LOT_M01_C019,LOT_M01,IDSS,24,stable,False,True,False,,,independent_nominal,24
LOT_M01_C019,LOT_M01,IDSS,96,stable,False,True,False,,,independent_nominal,96
LOT_M01_C019,LOT_M01,IDSS,168,stable,False,True,False,,,independent_nominal,168
LOT_M01_C019,LOT_M01,VGS(th),0,stable,False,True,False,,,independent_nominal,0
LOT_M01_C019,LOT_M01,VGS(th),24,stable,False,True,False,,,independent_nominal,24
LOT_M01_C019,LOT_M01,VGS(th),96,stable,False,True,False,,,independent_nominal,96
LOT_M01_C019,LOT_M01,VGS(th),168,stable,False,True,False,,,independent_nominal,168
LOT_M01_C019,LOT_M01,RDS(on),0,stable,False,True,False,,,independent_nominal,0
LOT_M01_C019,LOT_M01,RDS(on),24,stable,False,True,False,,,independent_nominal,24
LOT_M01_C019,LOT_M01,RDS(on),96,stable,False,True,False,,,independent_nominal,96
LOT_M01_C019,LOT_M01,RDS(on),168,stable,False,True,False,,,independent_nominal,168
LOT_M01_C019,LOT_M01,IGSS,0,stable,False,True,False,,,independent_nominal,0
LOT_M01_C019,LOT_M01,IGSS,24,stable,False,True,False,,,independent_nominal,24
LOT_M01_C019,LOT_M01,IGSS,96,stable,False,True,False,,,independent_nominal,96
LOT_M01_C019,LOT_M01,IGSS,168,stable,False,True,False,,,independent_nominal,168
LOT_M01_C020,LOT_M01,IDSS,0,high_but_stable,False,True,False,,,lot_level_process_variation,0
LOT_M01_C020,LOT_M01,IDSS,24,high_but_stable,False,True,False,,,lot_level_process_variation,24
LOT_M01_C020,LOT_M01,IDSS,96,high_but_stable,False,True,False,,,lot_level_process_variation,96
LOT_M01_C020,LOT_M01,IDSS,168,high_but_stable,False,True,False,,,lot_level_process_variation,168
LOT_M01_C020,LOT_M01,VGS(th),0,stable,False,True,False,,,independent_nominal,0
LOT_M01_C020,LOT_M01,VGS(th),24,stable,False,True,False,,,independent_nominal,24
LOT_M01_C020,LOT_M01,VGS(th),96,stable,False,True,False,,,independent_nominal,96
LOT_M01_C020,LOT_M01,VGS(th),168,stable,False,True,False,,,independent_nominal,168
LOT_M01_C020,LOT_M01,RDS(on),0,stable,False,True,False,,,independent_nominal,0
LOT_M01_C020,LOT_M01,RDS(on),24,stable,False,True,False,,,independent_nominal,24
LOT_M01_C020,LOT_M01,RDS(on),96,stable,False,True,False,,,independent_nominal,96
LOT_M01_C020,LOT_M01,RDS(on),168,stable,False,True,False,,,independent_nominal,168
LOT_M01_C020,LOT_M01,IGSS,0,stable,False,True,False,,,independent_nominal,0
LOT_M01_C020,LOT_M01,IGSS,24,stable,False,True,False,,,independent_nominal,24
LOT_M01_C020,LOT_M01,IGSS,96,stable,False,True,False,,,independent_nominal,96
LOT_M01_C020,LOT_M01,IGSS,168,stable,False,True,False,,,independent_nominal,168
LOT_M01_C021,LOT_M01,IDSS,0,stable,False,True,False,,,independent_nominal,0
LOT_M01_C021,LOT_M01,IDSS,24,stable,False,True,False,,,independent_nominal,24
LOT_M01_C021,LOT_M01,IDSS,96,stable,False,True,False,,,independent_nominal,96
LOT_M01_C021,LOT_M01,IDSS,168,stable,False,True,False,,,independent_nominal,168
LOT_M01_C021,LOT_M01,VGS(th),0,stable,False,True,False,,,independent_nominal,0
LOT_M01_C021,LOT_M01,VGS(th),24,stable,False,True,False,,,independent_nominal,24
LOT_M01_C021,LOT_M01,VGS(th),96,stable,False,True,False,,,independent_nominal,96
LOT_M01_C021,LOT_M01,VGS(th),168,stable,False,True,False,,,independent_nominal,168
LOT_M01_C021,LOT_M01,RDS(on),0,stable,False,True,False,,,independent_nominal,0
LOT_M01_C021,LOT_M01,RDS(on),24,stable,False,True,False,,,independent_nominal,24
LOT_M01_C021,LOT_M01,RDS(on),96,stable,False,True,False,,,independent_nominal,96
LOT_M01_C021,LOT_M01,RDS(on),168,stable,False,True,False,,,independent_nominal,168
LOT_M01_C021,LOT_M01,IGSS,0,stable,False,True,False,,,independent_nominal,0
LOT_M01_C021,LOT_M01,IGSS,24,stable,False,True,False,,,independent_nominal,24
LOT_M01_C021,LOT_M01,IGSS,96,stable,False,True,False,,,independent_nominal,96
LOT_M01_C021,LOT_M01,IGSS,168,stable,False,True,False,,,independent_nominal,168
LOT_M01_C022,LOT_M01,IDSS,0,stable,False,True,False,,,independent_nominal,0
LOT_M01_C022,LOT_M01,IDSS,24,stable,False,True,False,,,independent_nominal,24
LOT_M01_C022,LOT_M01,IDSS,96,stable,False,True,False,,,independent_nominal,96
LOT_M01_C022,LOT_M01,IDSS,168,stable,False,True,False,,,independent_nominal,168
LOT_M01_C022,LOT_M01,VGS(th),0,high_but_stable,False,True,False,,,lot_level_process_variation,0
LOT_M01_C022,LOT_M01,VGS(th),24,high_but_stable,False,True,False,,,lot_level_process_variation,24
LOT_M01_C022,LOT_M01,VGS(th),96,high_but_stable,False,True,False,,,lot_level_process_variation,96
LOT_M01_C022,LOT_M01,VGS(th),168,high_but_stable,False,True,False,,,lot_level_process_variation,168
LOT_M01_C022,LOT_M01,RDS(on),0,stable,False,True,False,,,independent_nominal,0
LOT_M01_C022,LOT_M01,RDS(on),24,stable,False,True,False,,,independent_nominal,24
LOT_M01_C022,LOT_M01,RDS(on),96,stable,False,True,False,,,independent_nominal,96
LOT_M01_C022,LOT_M01,RDS(on),168,stable,False,True,False,,,independent_nominal,168
LOT_M01_C022,LOT_M01,IGSS,0,stable,False,True,False,,,independent_nominal,0
LOT_M01_C022,LOT_M01,IGSS,24,stable,False,True,False,,,independent_nominal,24
LOT_M01_C022,LOT_M01,IGSS,96,stable,False,True,False,,,independent_nominal,96
LOT_M01_C022,LOT_M01,IGSS,168,stable,False,True,False,,,independent_nominal,168
LOT_M01_C023,LOT_M01,IDSS,0,stable,False,True,False,,,independent_nominal,0
LOT_M01_C023,LOT_M01,IDSS,24,stable,False,True,False,,,independent_nominal,24
LOT_M01_C023,LOT_M01,IDSS,96,stable,False,True,False,,,independent_nominal,96
LOT_M01_C023,LOT_M01,IDSS,168,stable,False,True,False,,,independent_nominal,168
LOT_M01_C023,LOT_M01,VGS(th),0,stable,False,True,False,,,independent_nominal,0
LOT_M01_C023,LOT_M01,VGS(th),24,stable,False,True,False,,,independent_nominal,24
LOT_M01_C023,LOT_M01,VGS(th),96,stable,False,True,False,,,independent_nominal,96
LOT_M01_C023,LOT_M01,VGS(th),168,stable,False,True,False,,,independent_nominal,168
LOT_M01_C023,LOT_M01,RDS(on),0,stable,False,True,False,,,independent_nominal,0
LOT_M01_C023,LOT_M01,RDS(on),24,stable,False,True,False,,,independent_nominal,24
LOT_M01_C023,LOT_M01,RDS(on),96,stable,False,True,False,,,independent_nominal,96
LOT_M01_C023,LOT_M01,RDS(on),168,stable,False,True,False,,,independent_nominal,168
LOT_M01_C023,LOT_M01,IGSS,0,stable,False,True,False,,,independent_nominal,0
LOT_M01_C023,LOT_M01,IGSS,24,stable,False,True,False,,,independent_nominal,24
LOT_M01_C023,LOT_M01,IGSS,96,stable,False,True,False,,,independent_nominal,96
LOT_M01_C023,LOT_M01,IGSS,168,stable,False,True,False,,,independent_nominal,168
LOT_M01_C024,LOT_M01,IDSS,0,stable,False,True,False,,,independent_nominal,0
LOT_M01_C024,LOT_M01,IDSS,24,stable,False,True,False,,,independent_nominal,24
LOT_M01_C024,LOT_M01,IDSS,96,stable,False,True,False,,,independent_nominal,96
LOT_M01_C024,LOT_M01,IDSS,168,stable,False,True,False,,,independent_nominal,168
LOT_M01_C024,LOT_M01,VGS(th),0,stable,False,True,False,,,independent_nominal,0
LOT_M01_C024,LOT_M01,VGS(th),24,stable,False,True,False,,,independent_nominal,24
LOT_M01_C024,LOT_M01,VGS(th),96,stable,False,True,False,,,independent_nominal,96
LOT_M01_C024,LOT_M01,VGS(th),168,stable,False,True,False,,,independent_nominal,168
LOT_M01_C024,LOT_M01,RDS(on),0,high_but_stable,False,True,False,,,lot_level_process_variation,0
LOT_M01_C024,LOT_M01,RDS(on),24,high_but_stable,False,True,False,,,lot_level_process_variation,24
LOT_M01_C024,LOT_M01,RDS(on),96,high_but_stable,False,True,False,,,lot_level_process_variation,96
LOT_M01_C024,LOT_M01,RDS(on),168,high_but_stable,False,True,False,,,lot_level_process_variation,168
LOT_M01_C024,LOT_M01,IGSS,0,stable,False,True,False,,,independent_nominal,0
LOT_M01_C024,LOT_M01,IGSS,24,stable,False,True,False,,,independent_nominal,24
LOT_M01_C024,LOT_M01,IGSS,96,stable,False,True,False,,,independent_nominal,96
LOT_M01_C024,LOT_M01,IGSS,168,stable,False,True,False,,,independent_nominal,168
LOT_M01_C025,LOT_M01,IDSS,0,stable,False,True,False,,,independent_nominal,0
LOT_M01_C025,LOT_M01,IDSS,24,stable,False,True,False,,,independent_nominal,24
LOT_M01_C025,LOT_M01,IDSS,96,stable,False,True,False,,,independent_nominal,96
LOT_M01_C025,LOT_M01,IDSS,168,stable,False,True,False,,,independent_nominal,168
LOT_M01_C025,LOT_M01,VGS(th),0,stable,False,True,False,,,independent_nominal,0
LOT_M01_C025,LOT_M01,VGS(th),24,stable,False,True,False,,,independent_nominal,24
LOT_M01_C025,LOT_M01,VGS(th),96,stable,False,True,False,,,independent_nominal,96
LOT_M01_C025,LOT_M01,VGS(th),168,stable,False,True,False,,,independent_nominal,168
LOT_M01_C025,LOT_M01,RDS(on),0,stable,False,True,False,,,independent_nominal,0
LOT_M01_C025,LOT_M01,RDS(on),24,stable,False,True,False,,,independent_nominal,24
LOT_M01_C025,LOT_M01,RDS(on),96,stable,False,True,False,,,independent_nominal,96
LOT_M01_C025,LOT_M01,RDS(on),168,stable,False,True,False,,,independent_nominal,168
LOT_M01_C025,LOT_M01,IGSS,0,stable,False,True,False,,,independent_nominal,0
LOT_M01_C025,LOT_M01,IGSS,24,stable,False,True,False,,,independent_nominal,24
LOT_M01_C025,LOT_M01,IGSS,96,stable,False,True,False,,,independent_nominal,96
LOT_M01_C025,LOT_M01,IGSS,168,stable,False,True,False,,,independent_nominal,168
LOT_M01_C026,LOT_M01,IDSS,0,high_but_stable,False,True,False,,,lot_level_process_variation,0
LOT_M01_C026,LOT_M01,IDSS,24,high_but_stable,False,True,False,,,lot_level_process_variation,24
LOT_M01_C026,LOT_M01,IDSS,96,high_but_stable,False,True,False,,,lot_level_process_variation,96
LOT_M01_C026,LOT_M01,IDSS,168,high_but_stable,False,True,False,,,lot_level_process_variation,168
LOT_M01_C026,LOT_M01,VGS(th),0,stable,False,True,False,,,independent_nominal,0
LOT_M01_C026,LOT_M01,VGS(th),24,stable,False,True,False,,,independent_nominal,24
LOT_M01_C026,LOT_M01,VGS(th),96,stable,False,True,False,,,independent_nominal,96
LOT_M01_C026,LOT_M01,VGS(th),168,stable,False,True,False,,,independent_nominal,168
LOT_M01_C026,LOT_M01,RDS(on),0,stable,False,True,False,,,independent_nominal,0
LOT_M01_C026,LOT_M01,RDS(on),24,stable,False,True,False,,,independent_nominal,24
LOT_M01_C026,LOT_M01,RDS(on),96,stable,False,True,False,,,independent_nominal,96
LOT_M01_C026,LOT_M01,RDS(on),168,stable,False,True,False,,,independent_nominal,168
LOT_M01_C026,LOT_M01,IGSS,0,stable,False,True,False,,,independent_nominal,0
LOT_M01_C026,LOT_M01,IGSS,24,stable,False,True,False,,,independent_nominal,24
LOT_M01_C026,LOT_M01,IGSS,96,stable,False,True,False,,,independent_nominal,96
LOT_M01_C026,LOT_M01,IGSS,168,stable,False,True,False,,,independent_nominal,168
LOT_M01_C027,LOT_M01,IDSS,0,stable,False,True,False,,,independent_nominal,0
LOT_M01_C027,LOT_M01,IDSS,24,stable,False,True,False,,,independent_nominal,24
LOT_M01_C027,LOT_M01,IDSS,96,stable,False,True,False,,,independent_nominal,96
LOT_M01_C027,LOT_M01,IDSS,168,stable,False,True,False,,,independent_nominal,168
LOT_M01_C027,LOT_M01,VGS(th),0,stable,False,True,False,,,independent_nominal,0
LOT_M01_C027,LOT_M01,VGS(th),24,stable,False,True,False,,,independent_nominal,24
LOT_M01_C027,LOT_M01,VGS(th),96,stable,False,True,False,,,independent_nominal,96
LOT_M01_C027,LOT_M01,VGS(th),168,stable,False,True,False,,,independent_nominal,168
LOT_M01_C027,LOT_M01,RDS(on),0,stable,False,True,False,,,independent_nominal,0
LOT_M01_C027,LOT_M01,RDS(on),24,stable,False,True,False,,,independent_nominal,24
LOT_M01_C027,LOT_M01,RDS(on),96,stable,False,True,False,,,independent_nominal,96
LOT_M01_C027,LOT_M01,RDS(on),168,stable,False,True,False,,,independent_nominal,168
LOT_M01_C027,LOT_M01,IGSS,0,stable,False,True,False,,,independent_nominal,0
LOT_M01_C027,LOT_M01,IGSS,24,stable,False,True,False,,,independent_nominal,24
LOT_M01_C027,LOT_M01,IGSS,96,stable,False,True,False,,,independent_nominal,96
LOT_M01_C027,LOT_M01,IGSS,168,stable,False,True,False,,,independent_nominal,168
LOT_M01_C028,LOT_M01,IDSS,0,stable,False,True,False,,,independent_nominal,0
LOT_M01_C028,LOT_M01,IDSS,24,stable,False,True,False,,,independent_nominal,24
LOT_M01_C028,LOT_M01,IDSS,96,stable,False,True,False,,,independent_nominal,96
LOT_M01_C028,LOT_M01,IDSS,168,stable,False,True,False,,,independent_nominal,168
LOT_M01_C028,LOT_M01,VGS(th),0,high_but_stable,False,True,False,,,lot_level_process_variation,0
LOT_M01_C028,LOT_M01,VGS(th),24,high_but_stable,False,True,False,,,lot_level_process_variation,24
LOT_M01_C028,LOT_M01,VGS(th),96,high_but_stable,False,True,False,,,lot_level_process_variation,96
LOT_M01_C028,LOT_M01,VGS(th),168,high_but_stable,False,True,False,,,lot_level_process_variation,168
LOT_M01_C028,LOT_M01,RDS(on),0,stable,False,True,False,,,independent_nominal,0
LOT_M01_C028,LOT_M01,RDS(on),24,stable,False,True,False,,,independent_nominal,24
LOT_M01_C028,LOT_M01,RDS(on),96,stable,False,True,False,,,independent_nominal,96
LOT_M01_C028,LOT_M01,RDS(on),168,stable,False,True,False,,,independent_nominal,168
LOT_M01_C028,LOT_M01,IGSS,0,stable,False,True,False,,,independent_nominal,0
LOT_M01_C028,LOT_M01,IGSS,24,stable,False,True,False,,,independent_nominal,24
LOT_M01_C028,LOT_M01,IGSS,96,stable,False,True,False,,,independent_nominal,96
LOT_M01_C028,LOT_M01,IGSS,168,stable,False,True,False,,,independent_nominal,168
LOT_M01_C029,LOT_M01,IDSS,0,stable,False,True,False,,,independent_nominal,0
LOT_M01_C029,LOT_M01,IDSS,24,stable,False,True,False,,,independent_nominal,24
LOT_M01_C029,LOT_M01,IDSS,96,stable,False,True,False,,,independent_nominal,96
LOT_M01_C029,LOT_M01,IDSS,168,stable,False,True,False,,,independent_nominal,168
LOT_M01_C029,LOT_M01,VGS(th),0,stable,False,True,False,,,independent_nominal,0
LOT_M01_C029,LOT_M01,VGS(th),24,stable,False,True,False,,,independent_nominal,24
LOT_M01_C029,LOT_M01,VGS(th),96,stable,False,True,False,,,independent_nominal,96
LOT_M01_C029,LOT_M01,VGS(th),168,stable,False,True,False,,,independent_nominal,168
LOT_M01_C029,LOT_M01,RDS(on),0,stable,False,True,False,,,independent_nominal,0
LOT_M01_C029,LOT_M01,RDS(on),24,stable,False,True,False,,,independent_nominal,24
LOT_M01_C029,LOT_M01,RDS(on),96,stable,False,True,False,,,independent_nominal,96
LOT_M01_C029,LOT_M01,RDS(on),168,stable,False,True,False,,,independent_nominal,168
LOT_M01_C029,LOT_M01,IGSS,0,stable,False,True,False,,,independent_nominal,0
LOT_M01_C029,LOT_M01,IGSS,24,stable,False,True,False,,,independent_nominal,24
LOT_M01_C029,LOT_M01,IGSS,96,stable,False,True,False,,,independent_nominal,96
LOT_M01_C029,LOT_M01,IGSS,168,stable,False,True,False,,,independent_nominal,168
LOT_M01_C030,LOT_M01,IDSS,0,stable,False,True,False,,,independent_nominal,0
LOT_M01_C030,LOT_M01,IDSS,24,stable,False,True,False,,,independent_nominal,24
LOT_M01_C030,LOT_M01,IDSS,96,stable,False,True,False,,,independent_nominal,96
LOT_M01_C030,LOT_M01,IDSS,168,stable,False,True,False,,,independent_nominal,168
LOT_M01_C030,LOT_M01,VGS(th),0,stable,False,True,False,,,independent_nominal,0
LOT_M01_C030,LOT_M01,VGS(th),24,stable,False,True,False,,,independent_nominal,24
LOT_M01_C030,LOT_M01,VGS(th),96,stable,False,True,False,,,independent_nominal,96
LOT_M01_C030,LOT_M01,VGS(th),168,stable,False,True,False,,,independent_nominal,168
LOT_M01_C030,LOT_M01,RDS(on),0,high_but_stable,False,True,False,,,lot_level_process_variation,0
LOT_M01_C030,LOT_M01,RDS(on),24,high_but_stable,False,True,False,,,lot_level_process_variation,24
LOT_M01_C030,LOT_M01,RDS(on),96,high_but_stable,False,True,False,,,lot_level_process_variation,96
LOT_M01_C030,LOT_M01,RDS(on),168,high_but_stable,False,True,False,,,lot_level_process_variation,168
LOT_M01_C030,LOT_M01,IGSS,0,stable,False,True,False,,,independent_nominal,0
LOT_M01_C030,LOT_M01,IGSS,24,stable,False,True,False,,,independent_nominal,24
LOT_M01_C030,LOT_M01,IGSS,96,stable,False,True,False,,,independent_nominal,96
LOT_M01_C030,LOT_M01,IGSS,168,stable,False,True,False,,,independent_nominal,168
LOT_W01_C001,LOT_W01,IDSS,0,high_but_stable,False,True,False,,,independent_nominal,0
LOT_W01_C001,LOT_W01,IDSS,24,high_but_stable,False,True,False,,,independent_nominal,24
LOT_W01_C001,LOT_W01,IDSS,96,high_but_stable,False,True,False,,,independent_nominal,96
LOT_W01_C001,LOT_W01,IDSS,168,high_but_stable,False,True,False,,,independent_nominal,168
LOT_W01_C001,LOT_W01,VGS(th),0,stable,False,True,False,,,independent_nominal,0
LOT_W01_C001,LOT_W01,VGS(th),24,stable,False,True,False,,,independent_nominal,24
LOT_W01_C001,LOT_W01,VGS(th),96,stable,False,True,False,,,independent_nominal,96
LOT_W01_C001,LOT_W01,VGS(th),168,stable,False,True,False,,,independent_nominal,168
LOT_W01_C001,LOT_W01,RDS(on),0,stable,False,True,False,,,independent_nominal,0
LOT_W01_C001,LOT_W01,RDS(on),24,stable,False,True,False,,,independent_nominal,24
LOT_W01_C001,LOT_W01,RDS(on),96,stable,False,True,False,,,independent_nominal,96
LOT_W01_C001,LOT_W01,RDS(on),168,stable,False,True,False,,,independent_nominal,168
LOT_W01_C001,LOT_W01,IGSS,0,stable,False,True,False,,,independent_nominal,0
LOT_W01_C001,LOT_W01,IGSS,24,stable,False,True,False,,,independent_nominal,24
LOT_W01_C001,LOT_W01,IGSS,96,stable,False,True,False,,,independent_nominal,96
LOT_W01_C001,LOT_W01,IGSS,168,stable,False,True,False,,,independent_nominal,168
LOT_W01_C002,LOT_W01,IDSS,0,linear_drift,True,True,False,,92.94839595481916,lot_level_process_variation,0
LOT_W01_C002,LOT_W01,IDSS,24,linear_drift,True,True,True,24.0,92.94839595481916,lot_level_process_variation,24
LOT_W01_C002,LOT_W01,IDSS,96,linear_drift,True,True,True,24.0,92.94839595481916,lot_level_process_variation,96
LOT_W01_C002,LOT_W01,IDSS,168,linear_drift,True,True,True,24.0,92.94839595481916,lot_level_process_variation,168
LOT_W01_C002,LOT_W01,VGS(th),0,stable,False,True,False,,,independent_nominal,0
LOT_W01_C002,LOT_W01,VGS(th),24,stable,False,True,False,,,independent_nominal,24
LOT_W01_C002,LOT_W01,VGS(th),96,stable,False,True,False,,,independent_nominal,96
LOT_W01_C002,LOT_W01,VGS(th),168,stable,False,True,False,,,independent_nominal,168
LOT_W01_C002,LOT_W01,RDS(on),0,stable,False,True,False,,,independent_nominal,0
LOT_W01_C002,LOT_W01,RDS(on),24,stable,False,True,False,,,independent_nominal,24
LOT_W01_C002,LOT_W01,RDS(on),96,stable,False,True,False,,,independent_nominal,96
LOT_W01_C002,LOT_W01,RDS(on),168,stable,False,True,False,,,independent_nominal,168
LOT_W01_C002,LOT_W01,IGSS,0,stable,False,True,False,,,independent_nominal,0
LOT_W01_C002,LOT_W01,IGSS,24,stable,False,True,False,,,independent_nominal,24
LOT_W01_C002,LOT_W01,IGSS,96,stable,False,True,False,,,independent_nominal,96
LOT_W01_C002,LOT_W01,IGSS,168,stable,False,True,False,,,independent_nominal,168
LOT_W01_C003,LOT_W01,IDSS,0,stable,False,True,False,,,independent_nominal,0
LOT_W01_C003,LOT_W01,IDSS,24,stable,False,True,False,,,independent_nominal,24
LOT_W01_C003,LOT_W01,IDSS,96,stable,False,True,False,,,independent_nominal,96
LOT_W01_C003,LOT_W01,IDSS,168,stable,False,True,False,,,independent_nominal,168
LOT_W01_C003,LOT_W01,VGS(th),0,lot_outlier,False,True,True,0.0,,independent_nominal,0
LOT_W01_C003,LOT_W01,VGS(th),24,lot_outlier,False,True,True,0.0,,independent_nominal,24
LOT_W01_C003,LOT_W01,VGS(th),96,lot_outlier,False,True,True,0.0,,independent_nominal,96
LOT_W01_C003,LOT_W01,VGS(th),168,lot_outlier,False,True,True,0.0,,independent_nominal,168
LOT_W01_C003,LOT_W01,RDS(on),0,stable,False,True,False,,,independent_nominal,0
LOT_W01_C003,LOT_W01,RDS(on),24,stable,False,True,False,,,independent_nominal,24
LOT_W01_C003,LOT_W01,RDS(on),96,stable,False,True,False,,,independent_nominal,96
LOT_W01_C003,LOT_W01,RDS(on),168,stable,False,True,False,,,independent_nominal,168
LOT_W01_C003,LOT_W01,IGSS,0,stable,False,True,False,,,independent_nominal,0
LOT_W01_C003,LOT_W01,IGSS,24,stable,False,True,False,,,independent_nominal,24
LOT_W01_C003,LOT_W01,IGSS,96,stable,False,True,False,,,independent_nominal,96
LOT_W01_C003,LOT_W01,IGSS,168,stable,False,True,False,,,independent_nominal,168
LOT_W01_C004,LOT_W01,IDSS,0,stable,False,True,False,,,independent_nominal,0
LOT_W01_C004,LOT_W01,IDSS,24,stable,False,True,False,,,independent_nominal,24
LOT_W01_C004,LOT_W01,IDSS,96,stable,False,True,False,,,independent_nominal,96
LOT_W01_C004,LOT_W01,IDSS,168,stable,False,True,False,,,independent_nominal,168
LOT_W01_C004,LOT_W01,VGS(th),0,high_but_stable,False,True,False,,,lot_level_process_variation,0
LOT_W01_C004,LOT_W01,VGS(th),24,high_but_stable,False,True,False,,,lot_level_process_variation,24
LOT_W01_C004,LOT_W01,VGS(th),96,high_but_stable,False,True,False,,,lot_level_process_variation,96
LOT_W01_C004,LOT_W01,VGS(th),168,high_but_stable,False,True,False,,,lot_level_process_variation,168
LOT_W01_C004,LOT_W01,RDS(on),0,stable,False,True,False,,,independent_nominal,0
LOT_W01_C004,LOT_W01,RDS(on),24,stable,False,True,False,,,independent_nominal,24
LOT_W01_C004,LOT_W01,RDS(on),96,stable,False,True,False,,,independent_nominal,96
LOT_W01_C004,LOT_W01,RDS(on),168,stable,False,True,False,,,independent_nominal,168
LOT_W01_C004,LOT_W01,IGSS,0,stable,False,True,False,,,independent_nominal,0
LOT_W01_C004,LOT_W01,IGSS,24,stable,False,True,False,,,independent_nominal,24
LOT_W01_C004,LOT_W01,IGSS,96,stable,False,True,False,,,independent_nominal,96
LOT_W01_C004,LOT_W01,IGSS,168,stable,False,True,False,,,independent_nominal,168
LOT_W01_C005,LOT_W01,IDSS,0,stable,False,True,False,,,independent_nominal,0
LOT_W01_C005,LOT_W01,IDSS,24,stable,False,True,False,,,independent_nominal,24
LOT_W01_C005,LOT_W01,IDSS,96,stable,False,True,False,,,independent_nominal,96
LOT_W01_C005,LOT_W01,IDSS,168,stable,False,True,False,,,independent_nominal,168
LOT_W01_C005,LOT_W01,VGS(th),0,stable,False,True,False,,,independent_nominal,0
LOT_W01_C005,LOT_W01,VGS(th),24,stable,False,True,False,,,independent_nominal,24
LOT_W01_C005,LOT_W01,VGS(th),96,stable,False,True,False,,,independent_nominal,96
LOT_W01_C005,LOT_W01,VGS(th),168,stable,False,True,False,,,independent_nominal,168
LOT_W01_C005,LOT_W01,RDS(on),0,stable,False,True,False,,,independent_nominal,0
LOT_W01_C005,LOT_W01,RDS(on),24,stable,False,True,False,,,independent_nominal,24
LOT_W01_C005,LOT_W01,RDS(on),96,stable,False,True,False,,,independent_nominal,96
LOT_W01_C005,LOT_W01,RDS(on),168,stable,False,True,False,,,independent_nominal,168
LOT_W01_C005,LOT_W01,IGSS,0,stable,False,True,False,,,independent_nominal,0
LOT_W01_C005,LOT_W01,IGSS,24,stable,False,True,False,,,independent_nominal,24
LOT_W01_C005,LOT_W01,IGSS,96,stable,False,True,False,,,independent_nominal,96
LOT_W01_C005,LOT_W01,IGSS,168,stable,False,True,False,,,independent_nominal,168
LOT_W01_C006,LOT_W01,IDSS,0,stable,False,True,False,,,independent_nominal,0
LOT_W01_C006,LOT_W01,IDSS,24,stable,False,True,False,,,independent_nominal,24
LOT_W01_C006,LOT_W01,IDSS,96,stable,False,True,False,,,independent_nominal,96
LOT_W01_C006,LOT_W01,IDSS,168,stable,False,True,False,,,independent_nominal,168
LOT_W01_C006,LOT_W01,VGS(th),0,stable,False,True,False,,,independent_nominal,0
LOT_W01_C006,LOT_W01,VGS(th),24,stable,False,True,False,,,independent_nominal,24
LOT_W01_C006,LOT_W01,VGS(th),96,stable,False,True,False,,,independent_nominal,96
LOT_W01_C006,LOT_W01,VGS(th),168,stable,False,True,False,,,independent_nominal,168
LOT_W01_C006,LOT_W01,RDS(on),0,high_but_stable,False,True,False,,,lot_level_process_variation,0
LOT_W01_C006,LOT_W01,RDS(on),24,high_but_stable,False,True,False,,,lot_level_process_variation,24
LOT_W01_C006,LOT_W01,RDS(on),96,high_but_stable,False,True,False,,,lot_level_process_variation,96
LOT_W01_C006,LOT_W01,RDS(on),168,high_but_stable,False,True,False,,,lot_level_process_variation,168
LOT_W01_C006,LOT_W01,IGSS,0,stable,False,True,False,,,independent_nominal,0
LOT_W01_C006,LOT_W01,IGSS,24,stable,False,True,False,,,independent_nominal,24
LOT_W01_C006,LOT_W01,IGSS,96,stable,False,True,False,,,independent_nominal,96
LOT_W01_C006,LOT_W01,IGSS,168,stable,False,True,False,,,independent_nominal,168
LOT_W01_C007,LOT_W01,IDSS,0,stable,False,True,False,,,independent_nominal,0
LOT_W01_C007,LOT_W01,IDSS,24,stable,False,True,False,,,independent_nominal,24
LOT_W01_C007,LOT_W01,IDSS,96,stable,False,True,False,,,independent_nominal,96
LOT_W01_C007,LOT_W01,IDSS,168,stable,False,True,False,,,independent_nominal,168
LOT_W01_C007,LOT_W01,VGS(th),0,stable,False,True,False,,,independent_nominal,0
LOT_W01_C007,LOT_W01,VGS(th),24,stable,False,True,False,,,independent_nominal,24
LOT_W01_C007,LOT_W01,VGS(th),96,stable,False,True,False,,,independent_nominal,96
LOT_W01_C007,LOT_W01,VGS(th),168,stable,False,True,False,,,independent_nominal,168
LOT_W01_C007,LOT_W01,RDS(on),0,stable,False,True,False,,,independent_nominal,0
LOT_W01_C007,LOT_W01,RDS(on),24,stable,False,True,False,,,independent_nominal,24
LOT_W01_C007,LOT_W01,RDS(on),96,stable,False,True,False,,,independent_nominal,96
LOT_W01_C007,LOT_W01,RDS(on),168,stable,False,True,False,,,independent_nominal,168
LOT_W01_C007,LOT_W01,IGSS,0,stable,False,True,False,,,independent_nominal,0
LOT_W01_C007,LOT_W01,IGSS,24,stable,False,True,False,,,independent_nominal,24
LOT_W01_C007,LOT_W01,IGSS,96,stable,False,True,False,,,independent_nominal,96
LOT_W01_C007,LOT_W01,IGSS,168,stable,False,True,False,,,independent_nominal,168
LOT_W01_C008,LOT_W01,IDSS,0,high_but_stable,False,True,False,,,lot_level_process_variation,0
LOT_W01_C008,LOT_W01,IDSS,24,high_but_stable,False,True,False,,,lot_level_process_variation,24
LOT_W01_C008,LOT_W01,IDSS,96,high_but_stable,False,True,False,,,lot_level_process_variation,96
LOT_W01_C008,LOT_W01,IDSS,168,high_but_stable,False,True,False,,,lot_level_process_variation,168
LOT_W01_C008,LOT_W01,VGS(th),0,stable,False,True,False,,,independent_nominal,0
LOT_W01_C008,LOT_W01,VGS(th),24,stable,False,True,False,,,independent_nominal,24
LOT_W01_C008,LOT_W01,VGS(th),96,stable,False,True,False,,,independent_nominal,96
LOT_W01_C008,LOT_W01,VGS(th),168,stable,False,True,False,,,independent_nominal,168
LOT_W01_C008,LOT_W01,RDS(on),0,stable,False,True,False,,,independent_nominal,0
LOT_W01_C008,LOT_W01,RDS(on),24,stable,False,True,False,,,independent_nominal,24
LOT_W01_C008,LOT_W01,RDS(on),96,stable,False,True,False,,,independent_nominal,96
LOT_W01_C008,LOT_W01,RDS(on),168,stable,False,True,False,,,independent_nominal,168
LOT_W01_C008,LOT_W01,IGSS,0,stable,False,True,False,,,independent_nominal,0
LOT_W01_C008,LOT_W01,IGSS,24,stable,False,True,False,,,independent_nominal,24
LOT_W01_C008,LOT_W01,IGSS,96,stable,False,True,False,,,independent_nominal,96
LOT_W01_C008,LOT_W01,IGSS,168,stable,False,True,False,,,independent_nominal,168
LOT_W01_C009,LOT_W01,IDSS,0,stable,False,True,False,,,independent_nominal,0
LOT_W01_C009,LOT_W01,IDSS,24,stable,False,True,False,,,independent_nominal,24
LOT_W01_C009,LOT_W01,IDSS,96,stable,False,True,False,,,independent_nominal,96
LOT_W01_C009,LOT_W01,IDSS,168,stable,False,True,False,,,independent_nominal,168
LOT_W01_C009,LOT_W01,VGS(th),0,stable,False,True,False,,,independent_nominal,0
LOT_W01_C009,LOT_W01,VGS(th),24,stable,False,True,False,,,independent_nominal,24
LOT_W01_C009,LOT_W01,VGS(th),96,stable,False,True,False,,,independent_nominal,96
LOT_W01_C009,LOT_W01,VGS(th),168,stable,False,True,False,,,independent_nominal,168
LOT_W01_C009,LOT_W01,RDS(on),0,stable,False,True,False,,,independent_nominal,0
LOT_W01_C009,LOT_W01,RDS(on),24,stable,False,True,False,,,independent_nominal,24
LOT_W01_C009,LOT_W01,RDS(on),96,stable,False,True,False,,,independent_nominal,96
LOT_W01_C009,LOT_W01,RDS(on),168,stable,False,True,False,,,independent_nominal,168
LOT_W01_C009,LOT_W01,IGSS,0,stable,False,True,False,,,independent_nominal,0
LOT_W01_C009,LOT_W01,IGSS,24,stable,False,True,False,,,independent_nominal,24
LOT_W01_C009,LOT_W01,IGSS,96,stable,False,True,False,,,independent_nominal,96
LOT_W01_C009,LOT_W01,IGSS,168,stable,False,True,False,,,independent_nominal,168
LOT_W01_C010,LOT_W01,IDSS,0,stable,False,True,False,,,independent_nominal,0
LOT_W01_C010,LOT_W01,IDSS,24,stable,False,True,False,,,independent_nominal,24
LOT_W01_C010,LOT_W01,IDSS,96,stable,False,True,False,,,independent_nominal,96
LOT_W01_C010,LOT_W01,IDSS,168,stable,False,True,False,,,independent_nominal,168
LOT_W01_C010,LOT_W01,VGS(th),0,high_but_stable,False,True,False,,,lot_level_process_variation,0
LOT_W01_C010,LOT_W01,VGS(th),24,high_but_stable,False,True,False,,,lot_level_process_variation,24
LOT_W01_C010,LOT_W01,VGS(th),96,high_but_stable,False,True,False,,,lot_level_process_variation,96
LOT_W01_C010,LOT_W01,VGS(th),168,high_but_stable,False,True,False,,,lot_level_process_variation,168
LOT_W01_C010,LOT_W01,RDS(on),0,stable,False,True,False,,,independent_nominal,0
LOT_W01_C010,LOT_W01,RDS(on),24,stable,False,True,False,,,independent_nominal,24
LOT_W01_C010,LOT_W01,RDS(on),96,stable,False,True,False,,,independent_nominal,96
LOT_W01_C010,LOT_W01,RDS(on),168,stable,False,True,False,,,independent_nominal,168
LOT_W01_C010,LOT_W01,IGSS,0,stable,False,True,False,,,independent_nominal,0
LOT_W01_C010,LOT_W01,IGSS,24,stable,False,True,False,,,independent_nominal,24
LOT_W01_C010,LOT_W01,IGSS,96,stable,False,True,False,,,independent_nominal,96
LOT_W01_C010,LOT_W01,IGSS,168,stable,False,True,False,,,independent_nominal,168
LOT_W01_C011,LOT_W01,IDSS,0,stable,False,True,False,,,independent_nominal,0
LOT_W01_C011,LOT_W01,IDSS,24,stable,False,True,False,,,independent_nominal,24
LOT_W01_C011,LOT_W01,IDSS,96,stable,False,True,False,,,independent_nominal,96
LOT_W01_C011,LOT_W01,IDSS,168,stable,False,True,False,,,independent_nominal,168
LOT_W01_C011,LOT_W01,VGS(th),0,stable,False,True,False,,,independent_nominal,0
LOT_W01_C011,LOT_W01,VGS(th),24,stable,False,True,False,,,independent_nominal,24
LOT_W01_C011,LOT_W01,VGS(th),96,stable,False,True,False,,,independent_nominal,96
LOT_W01_C011,LOT_W01,VGS(th),168,stable,False,True,False,,,independent_nominal,168
LOT_W01_C011,LOT_W01,RDS(on),0,stable,False,True,False,,,independent_nominal,0
LOT_W01_C011,LOT_W01,RDS(on),24,stable,False,True,False,,,independent_nominal,24
LOT_W01_C011,LOT_W01,RDS(on),96,stable,False,True,False,,,independent_nominal,96
LOT_W01_C011,LOT_W01,RDS(on),168,stable,False,True,False,,,independent_nominal,168
LOT_W01_C011,LOT_W01,IGSS,0,stable,False,True,False,,,independent_nominal,0
LOT_W01_C011,LOT_W01,IGSS,24,stable,False,True,False,,,independent_nominal,24
LOT_W01_C011,LOT_W01,IGSS,96,stable,False,True,False,,,independent_nominal,96
LOT_W01_C011,LOT_W01,IGSS,168,stable,False,True,False,,,independent_nominal,168
LOT_W01_C012,LOT_W01,IDSS,0,stable,False,True,False,,,independent_nominal,0
LOT_W01_C012,LOT_W01,IDSS,24,stable,False,True,False,,,independent_nominal,24
LOT_W01_C012,LOT_W01,IDSS,96,stable,False,True,False,,,independent_nominal,96
LOT_W01_C012,LOT_W01,IDSS,168,stable,False,True,False,,,independent_nominal,168
LOT_W01_C012,LOT_W01,VGS(th),0,stable,False,True,False,,,independent_nominal,0
LOT_W01_C012,LOT_W01,VGS(th),24,stable,False,True,False,,,independent_nominal,24
LOT_W01_C012,LOT_W01,VGS(th),96,stable,False,True,False,,,independent_nominal,96
LOT_W01_C012,LOT_W01,VGS(th),168,stable,False,True,False,,,independent_nominal,168
LOT_W01_C012,LOT_W01,RDS(on),0,high_but_stable,False,True,False,,,lot_level_process_variation,0
LOT_W01_C012,LOT_W01,RDS(on),24,high_but_stable,False,True,False,,,lot_level_process_variation,24
LOT_W01_C012,LOT_W01,RDS(on),96,high_but_stable,False,True,False,,,lot_level_process_variation,96
LOT_W01_C012,LOT_W01,RDS(on),168,high_but_stable,False,True,False,,,lot_level_process_variation,168
LOT_W01_C012,LOT_W01,IGSS,0,stable,False,True,False,,,independent_nominal,0
LOT_W01_C012,LOT_W01,IGSS,24,stable,False,True,False,,,independent_nominal,24
LOT_W01_C012,LOT_W01,IGSS,96,stable,False,True,False,,,independent_nominal,96
LOT_W01_C012,LOT_W01,IGSS,168,stable,False,True,False,,,independent_nominal,168
LOT_W01_C013,LOT_W01,IDSS,0,stable,False,True,False,,,independent_nominal,0
LOT_W01_C013,LOT_W01,IDSS,24,stable,False,True,False,,,independent_nominal,24
LOT_W01_C013,LOT_W01,IDSS,96,stable,False,True,False,,,independent_nominal,96
LOT_W01_C013,LOT_W01,IDSS,168,stable,False,True,False,,,independent_nominal,168
LOT_W01_C013,LOT_W01,VGS(th),0,stable,False,True,False,,,independent_nominal,0
LOT_W01_C013,LOT_W01,VGS(th),24,stable,False,True,False,,,independent_nominal,24
LOT_W01_C013,LOT_W01,VGS(th),96,stable,False,True,False,,,independent_nominal,96
LOT_W01_C013,LOT_W01,VGS(th),168,stable,False,True,False,,,independent_nominal,168
LOT_W01_C013,LOT_W01,RDS(on),0,stable,False,True,False,,,independent_nominal,0
LOT_W01_C013,LOT_W01,RDS(on),24,stable,False,True,False,,,independent_nominal,24
LOT_W01_C013,LOT_W01,RDS(on),96,stable,False,True,False,,,independent_nominal,96
LOT_W01_C013,LOT_W01,RDS(on),168,stable,False,True,False,,,independent_nominal,168
LOT_W01_C013,LOT_W01,IGSS,0,stable,False,True,False,,,independent_nominal,0
LOT_W01_C013,LOT_W01,IGSS,24,stable,False,True,False,,,independent_nominal,24
LOT_W01_C013,LOT_W01,IGSS,96,stable,False,True,False,,,independent_nominal,96
LOT_W01_C013,LOT_W01,IGSS,168,stable,False,True,False,,,independent_nominal,168
LOT_W01_C014,LOT_W01,IDSS,0,high_but_stable,False,True,False,,,lot_level_process_variation,0
LOT_W01_C014,LOT_W01,IDSS,24,high_but_stable,False,True,False,,,lot_level_process_variation,24
LOT_W01_C014,LOT_W01,IDSS,96,high_but_stable,False,True,False,,,lot_level_process_variation,96
LOT_W01_C014,LOT_W01,IDSS,168,high_but_stable,False,True,False,,,lot_level_process_variation,168
LOT_W01_C014,LOT_W01,VGS(th),0,stable,False,True,False,,,independent_nominal,0
LOT_W01_C014,LOT_W01,VGS(th),24,stable,False,True,False,,,independent_nominal,24
LOT_W01_C014,LOT_W01,VGS(th),96,stable,False,True,False,,,independent_nominal,96
LOT_W01_C014,LOT_W01,VGS(th),168,stable,False,True,False,,,independent_nominal,168
LOT_W01_C014,LOT_W01,RDS(on),0,stable,False,True,False,,,independent_nominal,0
LOT_W01_C014,LOT_W01,RDS(on),24,stable,False,True,False,,,independent_nominal,24
LOT_W01_C014,LOT_W01,RDS(on),96,stable,False,True,False,,,independent_nominal,96
LOT_W01_C014,LOT_W01,RDS(on),168,stable,False,True,False,,,independent_nominal,168
LOT_W01_C014,LOT_W01,IGSS,0,stable,False,True,False,,,independent_nominal,0
LOT_W01_C014,LOT_W01,IGSS,24,stable,False,True,False,,,independent_nominal,24
LOT_W01_C014,LOT_W01,IGSS,96,stable,False,True,False,,,independent_nominal,96
LOT_W01_C014,LOT_W01,IGSS,168,stable,False,True,False,,,independent_nominal,168
LOT_W01_C015,LOT_W01,IDSS,0,stable,False,True,False,,,independent_nominal,0
LOT_W01_C015,LOT_W01,IDSS,24,stable,False,True,False,,,independent_nominal,24
LOT_W01_C015,LOT_W01,IDSS,96,stable,False,True,False,,,independent_nominal,96
LOT_W01_C015,LOT_W01,IDSS,168,stable,False,True,False,,,independent_nominal,168
LOT_W01_C015,LOT_W01,VGS(th),0,stable,False,True,False,,,independent_nominal,0
LOT_W01_C015,LOT_W01,VGS(th),24,stable,False,True,False,,,independent_nominal,24
LOT_W01_C015,LOT_W01,VGS(th),96,stable,False,True,False,,,independent_nominal,96
LOT_W01_C015,LOT_W01,VGS(th),168,stable,False,True,False,,,independent_nominal,168
LOT_W01_C015,LOT_W01,RDS(on),0,stable,False,True,False,,,independent_nominal,0
LOT_W01_C015,LOT_W01,RDS(on),24,stable,False,True,False,,,independent_nominal,24
LOT_W01_C015,LOT_W01,RDS(on),96,stable,False,True,False,,,independent_nominal,96
LOT_W01_C015,LOT_W01,RDS(on),168,stable,False,True,False,,,independent_nominal,168
LOT_W01_C015,LOT_W01,IGSS,0,stable,False,True,False,,,independent_nominal,0
LOT_W01_C015,LOT_W01,IGSS,24,stable,False,True,False,,,independent_nominal,24
LOT_W01_C015,LOT_W01,IGSS,96,stable,False,True,False,,,independent_nominal,96
LOT_W01_C015,LOT_W01,IGSS,168,stable,False,True,False,,,independent_nominal,168
LOT_W01_C016,LOT_W01,IDSS,0,stable,False,True,False,,,independent_nominal,0
LOT_W01_C016,LOT_W01,IDSS,24,stable,False,True,False,,,independent_nominal,24
LOT_W01_C016,LOT_W01,IDSS,96,stable,False,True,False,,,independent_nominal,96
LOT_W01_C016,LOT_W01,IDSS,168,stable,False,True,False,,,independent_nominal,168
LOT_W01_C016,LOT_W01,VGS(th),0,high_but_stable,False,True,False,,,lot_level_process_variation,0
LOT_W01_C016,LOT_W01,VGS(th),24,high_but_stable,False,True,False,,,lot_level_process_variation,24
LOT_W01_C016,LOT_W01,VGS(th),96,high_but_stable,False,True,False,,,lot_level_process_variation,96
LOT_W01_C016,LOT_W01,VGS(th),168,high_but_stable,False,True,False,,,lot_level_process_variation,168
LOT_W01_C016,LOT_W01,RDS(on),0,stable,False,True,False,,,independent_nominal,0
LOT_W01_C016,LOT_W01,RDS(on),24,stable,False,True,False,,,independent_nominal,24
LOT_W01_C016,LOT_W01,RDS(on),96,stable,False,True,False,,,independent_nominal,96
LOT_W01_C016,LOT_W01,RDS(on),168,stable,False,True,False,,,independent_nominal,168
LOT_W01_C016,LOT_W01,IGSS,0,stable,False,True,False,,,independent_nominal,0
LOT_W01_C016,LOT_W01,IGSS,24,stable,False,True,False,,,independent_nominal,24
LOT_W01_C016,LOT_W01,IGSS,96,stable,False,True,False,,,independent_nominal,96
LOT_W01_C016,LOT_W01,IGSS,168,stable,False,True,False,,,independent_nominal,168
LOT_W01_C017,LOT_W01,IDSS,0,stable,False,True,False,,,independent_nominal,0
LOT_W01_C017,LOT_W01,IDSS,24,stable,False,True,False,,,independent_nominal,24
LOT_W01_C017,LOT_W01,IDSS,96,stable,False,True,False,,,independent_nominal,96
LOT_W01_C017,LOT_W01,IDSS,168,stable,False,True,False,,,independent_nominal,168
LOT_W01_C017,LOT_W01,VGS(th),0,stable,False,True,False,,,independent_nominal,0
LOT_W01_C017,LOT_W01,VGS(th),24,stable,False,True,False,,,independent_nominal,24
LOT_W01_C017,LOT_W01,VGS(th),96,stable,False,True,False,,,independent_nominal,96
LOT_W01_C017,LOT_W01,VGS(th),168,stable,False,True,False,,,independent_nominal,168
LOT_W01_C017,LOT_W01,RDS(on),0,stable,False,True,False,,,independent_nominal,0
LOT_W01_C017,LOT_W01,RDS(on),24,stable,False,True,False,,,independent_nominal,24
LOT_W01_C017,LOT_W01,RDS(on),96,stable,False,True,False,,,independent_nominal,96
LOT_W01_C017,LOT_W01,RDS(on),168,stable,False,True,False,,,independent_nominal,168
LOT_W01_C017,LOT_W01,IGSS,0,stable,False,True,False,,,independent_nominal,0
LOT_W01_C017,LOT_W01,IGSS,24,stable,False,True,False,,,independent_nominal,24
LOT_W01_C017,LOT_W01,IGSS,96,stable,False,True,False,,,independent_nominal,96
LOT_W01_C017,LOT_W01,IGSS,168,stable,False,True,False,,,independent_nominal,168
LOT_W01_C018,LOT_W01,IDSS,0,stable,False,True,False,,,independent_nominal,0
LOT_W01_C018,LOT_W01,IDSS,24,stable,False,True,False,,,independent_nominal,24
LOT_W01_C018,LOT_W01,IDSS,96,stable,False,True,False,,,independent_nominal,96
LOT_W01_C018,LOT_W01,IDSS,168,stable,False,True,False,,,independent_nominal,168
LOT_W01_C018,LOT_W01,VGS(th),0,stable,False,True,False,,,independent_nominal,0
LOT_W01_C018,LOT_W01,VGS(th),24,stable,False,True,False,,,independent_nominal,24
LOT_W01_C018,LOT_W01,VGS(th),96,stable,False,True,False,,,independent_nominal,96
LOT_W01_C018,LOT_W01,VGS(th),168,stable,False,True,False,,,independent_nominal,168
LOT_W01_C018,LOT_W01,RDS(on),0,high_but_stable,False,True,False,,,lot_level_process_variation,0
LOT_W01_C018,LOT_W01,RDS(on),24,high_but_stable,False,True,False,,,lot_level_process_variation,24
LOT_W01_C018,LOT_W01,RDS(on),96,high_but_stable,False,True,False,,,lot_level_process_variation,96
LOT_W01_C018,LOT_W01,RDS(on),168,high_but_stable,False,True,False,,,lot_level_process_variation,168
LOT_W01_C018,LOT_W01,IGSS,0,stable,False,True,False,,,independent_nominal,0
LOT_W01_C018,LOT_W01,IGSS,24,stable,False,True,False,,,independent_nominal,24
LOT_W01_C018,LOT_W01,IGSS,96,stable,False,True,False,,,independent_nominal,96
LOT_W01_C018,LOT_W01,IGSS,168,stable,False,True,False,,,independent_nominal,168
LOT_W01_C019,LOT_W01,IDSS,0,stable,False,True,False,,,independent_nominal,0
LOT_W01_C019,LOT_W01,IDSS,24,stable,False,True,False,,,independent_nominal,24
LOT_W01_C019,LOT_W01,IDSS,96,stable,False,True,False,,,independent_nominal,96
LOT_W01_C019,LOT_W01,IDSS,168,stable,False,True,False,,,independent_nominal,168
LOT_W01_C019,LOT_W01,VGS(th),0,stable,False,True,False,,,independent_nominal,0
LOT_W01_C019,LOT_W01,VGS(th),24,stable,False,True,False,,,independent_nominal,24
LOT_W01_C019,LOT_W01,VGS(th),96,stable,False,True,False,,,independent_nominal,96
LOT_W01_C019,LOT_W01,VGS(th),168,stable,False,True,False,,,independent_nominal,168
LOT_W01_C019,LOT_W01,RDS(on),0,stable,False,True,False,,,independent_nominal,0
LOT_W01_C019,LOT_W01,RDS(on),24,stable,False,True,False,,,independent_nominal,24
LOT_W01_C019,LOT_W01,RDS(on),96,stable,False,True,False,,,independent_nominal,96
LOT_W01_C019,LOT_W01,RDS(on),168,stable,False,True,False,,,independent_nominal,168
LOT_W01_C019,LOT_W01,IGSS,0,stable,False,True,False,,,independent_nominal,0
LOT_W01_C019,LOT_W01,IGSS,24,stable,False,True,False,,,independent_nominal,24
LOT_W01_C019,LOT_W01,IGSS,96,stable,False,True,False,,,independent_nominal,96
LOT_W01_C019,LOT_W01,IGSS,168,stable,False,True,False,,,independent_nominal,168
LOT_W01_C020,LOT_W01,IDSS,0,high_but_stable,False,True,False,,,lot_level_process_variation,0
LOT_W01_C020,LOT_W01,IDSS,24,high_but_stable,False,True,False,,,lot_level_process_variation,24
LOT_W01_C020,LOT_W01,IDSS,96,high_but_stable,False,True,False,,,lot_level_process_variation,96
LOT_W01_C020,LOT_W01,IDSS,168,high_but_stable,False,True,False,,,lot_level_process_variation,168
LOT_W01_C020,LOT_W01,VGS(th),0,stable,False,True,False,,,independent_nominal,0
LOT_W01_C020,LOT_W01,VGS(th),24,stable,False,True,False,,,independent_nominal,24
LOT_W01_C020,LOT_W01,VGS(th),96,stable,False,True,False,,,independent_nominal,96
LOT_W01_C020,LOT_W01,VGS(th),168,stable,False,True,False,,,independent_nominal,168
LOT_W01_C020,LOT_W01,RDS(on),0,stable,False,True,False,,,independent_nominal,0
LOT_W01_C020,LOT_W01,RDS(on),24,stable,False,True,False,,,independent_nominal,24
LOT_W01_C020,LOT_W01,RDS(on),96,stable,False,True,False,,,independent_nominal,96
LOT_W01_C020,LOT_W01,RDS(on),168,stable,False,True,False,,,independent_nominal,168
LOT_W01_C020,LOT_W01,IGSS,0,stable,False,True,False,,,independent_nominal,0
LOT_W01_C020,LOT_W01,IGSS,24,stable,False,True,False,,,independent_nominal,24
LOT_W01_C020,LOT_W01,IGSS,96,stable,False,True,False,,,independent_nominal,96
LOT_W01_C020,LOT_W01,IGSS,168,stable,False,True,False,,,independent_nominal,168
LOT_W01_C021,LOT_W01,IDSS,0,stable,False,True,False,,,independent_nominal,0
LOT_W01_C021,LOT_W01,IDSS,24,stable,False,True,False,,,independent_nominal,24
LOT_W01_C021,LOT_W01,IDSS,96,stable,False,True,False,,,independent_nominal,96
LOT_W01_C021,LOT_W01,IDSS,168,stable,False,True,False,,,independent_nominal,168
LOT_W01_C021,LOT_W01,VGS(th),0,stable,False,True,False,,,independent_nominal,0
LOT_W01_C021,LOT_W01,VGS(th),24,stable,False,True,False,,,independent_nominal,24
LOT_W01_C021,LOT_W01,VGS(th),96,stable,False,True,False,,,independent_nominal,96
LOT_W01_C021,LOT_W01,VGS(th),168,stable,False,True,False,,,independent_nominal,168
LOT_W01_C021,LOT_W01,RDS(on),0,stable,False,True,False,,,independent_nominal,0
LOT_W01_C021,LOT_W01,RDS(on),24,stable,False,True,False,,,independent_nominal,24
LOT_W01_C021,LOT_W01,RDS(on),96,stable,False,True,False,,,independent_nominal,96
LOT_W01_C021,LOT_W01,RDS(on),168,stable,False,True,False,,,independent_nominal,168
LOT_W01_C021,LOT_W01,IGSS,0,stable,False,True,False,,,independent_nominal,0
LOT_W01_C021,LOT_W01,IGSS,24,stable,False,True,False,,,independent_nominal,24
LOT_W01_C021,LOT_W01,IGSS,96,stable,False,True,False,,,independent_nominal,96
LOT_W01_C021,LOT_W01,IGSS,168,stable,False,True,False,,,independent_nominal,168
LOT_W01_C022,LOT_W01,IDSS,0,stable,False,True,False,,,independent_nominal,0
LOT_W01_C022,LOT_W01,IDSS,24,stable,False,True,False,,,independent_nominal,24
LOT_W01_C022,LOT_W01,IDSS,96,stable,False,True,False,,,independent_nominal,96
LOT_W01_C022,LOT_W01,IDSS,168,stable,False,True,False,,,independent_nominal,168
LOT_W01_C022,LOT_W01,VGS(th),0,high_but_stable,False,True,False,,,lot_level_process_variation,0
LOT_W01_C022,LOT_W01,VGS(th),24,high_but_stable,False,True,False,,,lot_level_process_variation,24
LOT_W01_C022,LOT_W01,VGS(th),96,high_but_stable,False,True,False,,,lot_level_process_variation,96
LOT_W01_C022,LOT_W01,VGS(th),168,high_but_stable,False,True,False,,,lot_level_process_variation,168
LOT_W01_C022,LOT_W01,RDS(on),0,stable,False,True,False,,,independent_nominal,0
LOT_W01_C022,LOT_W01,RDS(on),24,stable,False,True,False,,,independent_nominal,24
LOT_W01_C022,LOT_W01,RDS(on),96,stable,False,True,False,,,independent_nominal,96
LOT_W01_C022,LOT_W01,RDS(on),168,stable,False,True,False,,,independent_nominal,168
LOT_W01_C022,LOT_W01,IGSS,0,stable,False,True,False,,,independent_nominal,0
LOT_W01_C022,LOT_W01,IGSS,24,stable,False,True,False,,,independent_nominal,24
LOT_W01_C022,LOT_W01,IGSS,96,stable,False,True,False,,,independent_nominal,96
LOT_W01_C022,LOT_W01,IGSS,168,stable,False,True,False,,,independent_nominal,168
LOT_W01_C023,LOT_W01,IDSS,0,stable,False,True,False,,,independent_nominal,0
LOT_W01_C023,LOT_W01,IDSS,24,stable,False,True,False,,,independent_nominal,24
LOT_W01_C023,LOT_W01,IDSS,96,stable,False,True,False,,,independent_nominal,96
LOT_W01_C023,LOT_W01,IDSS,168,stable,False,True,False,,,independent_nominal,168
LOT_W01_C023,LOT_W01,VGS(th),0,stable,False,True,False,,,independent_nominal,0
LOT_W01_C023,LOT_W01,VGS(th),24,stable,False,True,False,,,independent_nominal,24
LOT_W01_C023,LOT_W01,VGS(th),96,stable,False,True,False,,,independent_nominal,96
LOT_W01_C023,LOT_W01,VGS(th),168,stable,False,True,False,,,independent_nominal,168
LOT_W01_C023,LOT_W01,RDS(on),0,stable,False,True,False,,,independent_nominal,0
LOT_W01_C023,LOT_W01,RDS(on),24,stable,False,True,False,,,independent_nominal,24
LOT_W01_C023,LOT_W01,RDS(on),96,stable,False,True,False,,,independent_nominal,96
LOT_W01_C023,LOT_W01,RDS(on),168,stable,False,True,False,,,independent_nominal,168
LOT_W01_C023,LOT_W01,IGSS,0,stable,False,True,False,,,independent_nominal,0
LOT_W01_C023,LOT_W01,IGSS,24,stable,False,True,False,,,independent_nominal,24
LOT_W01_C023,LOT_W01,IGSS,96,stable,False,True,False,,,independent_nominal,96
LOT_W01_C023,LOT_W01,IGSS,168,stable,False,True,False,,,independent_nominal,168
LOT_W01_C024,LOT_W01,IDSS,0,stable,False,True,False,,,independent_nominal,0
LOT_W01_C024,LOT_W01,IDSS,24,stable,False,True,False,,,independent_nominal,24
LOT_W01_C024,LOT_W01,IDSS,96,stable,False,True,False,,,independent_nominal,96
LOT_W01_C024,LOT_W01,IDSS,168,stable,False,True,False,,,independent_nominal,168
LOT_W01_C024,LOT_W01,VGS(th),0,stable,False,True,False,,,independent_nominal,0
LOT_W01_C024,LOT_W01,VGS(th),24,stable,False,True,False,,,independent_nominal,24
LOT_W01_C024,LOT_W01,VGS(th),96,stable,False,True,False,,,independent_nominal,96
LOT_W01_C024,LOT_W01,VGS(th),168,stable,False,True,False,,,independent_nominal,168
LOT_W01_C024,LOT_W01,RDS(on),0,high_but_stable,False,True,False,,,lot_level_process_variation,0
LOT_W01_C024,LOT_W01,RDS(on),24,high_but_stable,False,True,False,,,lot_level_process_variation,24
LOT_W01_C024,LOT_W01,RDS(on),96,high_but_stable,False,True,False,,,lot_level_process_variation,96
LOT_W01_C024,LOT_W01,RDS(on),168,high_but_stable,False,True,False,,,lot_level_process_variation,168
LOT_W01_C024,LOT_W01,IGSS,0,stable,False,True,False,,,independent_nominal,0
LOT_W01_C024,LOT_W01,IGSS,24,stable,False,True,False,,,independent_nominal,24
LOT_W01_C024,LOT_W01,IGSS,96,stable,False,True,False,,,independent_nominal,96
LOT_W01_C024,LOT_W01,IGSS,168,stable,False,True,False,,,independent_nominal,168
LOT_W01_C025,LOT_W01,IDSS,0,stable,False,True,False,,,independent_nominal,0
LOT_W01_C025,LOT_W01,IDSS,24,stable,False,True,False,,,independent_nominal,24
LOT_W01_C025,LOT_W01,IDSS,96,stable,False,True,False,,,independent_nominal,96
LOT_W01_C025,LOT_W01,IDSS,168,stable,False,True,False,,,independent_nominal,168
LOT_W01_C025,LOT_W01,VGS(th),0,stable,False,True,False,,,independent_nominal,0
LOT_W01_C025,LOT_W01,VGS(th),24,stable,False,True,False,,,independent_nominal,24
LOT_W01_C025,LOT_W01,VGS(th),96,stable,False,True,False,,,independent_nominal,96
LOT_W01_C025,LOT_W01,VGS(th),168,stable,False,True,False,,,independent_nominal,168
LOT_W01_C025,LOT_W01,RDS(on),0,stable,False,True,False,,,independent_nominal,0
LOT_W01_C025,LOT_W01,RDS(on),24,stable,False,True,False,,,independent_nominal,24
LOT_W01_C025,LOT_W01,RDS(on),96,stable,False,True,False,,,independent_nominal,96
LOT_W01_C025,LOT_W01,RDS(on),168,stable,False,True,False,,,independent_nominal,168
LOT_W01_C025,LOT_W01,IGSS,0,stable,False,True,False,,,independent_nominal,0
LOT_W01_C025,LOT_W01,IGSS,24,stable,False,True,False,,,independent_nominal,24
LOT_W01_C025,LOT_W01,IGSS,96,stable,False,True,False,,,independent_nominal,96
LOT_W01_C025,LOT_W01,IGSS,168,stable,False,True,False,,,independent_nominal,168
LOT_W01_C026,LOT_W01,IDSS,0,high_but_stable,False,True,False,,,lot_level_process_variation,0
LOT_W01_C026,LOT_W01,IDSS,24,high_but_stable,False,True,False,,,lot_level_process_variation,24
LOT_W01_C026,LOT_W01,IDSS,96,high_but_stable,False,True,False,,,lot_level_process_variation,96
LOT_W01_C026,LOT_W01,IDSS,168,high_but_stable,False,True,False,,,lot_level_process_variation,168
LOT_W01_C026,LOT_W01,VGS(th),0,stable,False,True,False,,,independent_nominal,0
LOT_W01_C026,LOT_W01,VGS(th),24,stable,False,True,False,,,independent_nominal,24
LOT_W01_C026,LOT_W01,VGS(th),96,stable,False,True,False,,,independent_nominal,96
LOT_W01_C026,LOT_W01,VGS(th),168,stable,False,True,False,,,independent_nominal,168
LOT_W01_C026,LOT_W01,RDS(on),0,stable,False,True,False,,,independent_nominal,0
LOT_W01_C026,LOT_W01,RDS(on),24,stable,False,True,False,,,independent_nominal,24
LOT_W01_C026,LOT_W01,RDS(on),96,stable,False,True,False,,,independent_nominal,96
LOT_W01_C026,LOT_W01,RDS(on),168,stable,False,True,False,,,independent_nominal,168
LOT_W01_C026,LOT_W01,IGSS,0,stable,False,True,False,,,independent_nominal,0
LOT_W01_C026,LOT_W01,IGSS,24,stable,False,True,False,,,independent_nominal,24
LOT_W01_C026,LOT_W01,IGSS,96,stable,False,True,False,,,independent_nominal,96
LOT_W01_C026,LOT_W01,IGSS,168,stable,False,True,False,,,independent_nominal,168
LOT_W01_C027,LOT_W01,IDSS,0,stable,False,True,False,,,independent_nominal,0
LOT_W01_C027,LOT_W01,IDSS,24,stable,False,True,False,,,independent_nominal,24
LOT_W01_C027,LOT_W01,IDSS,96,stable,False,True,False,,,independent_nominal,96
LOT_W01_C027,LOT_W01,IDSS,168,stable,False,True,False,,,independent_nominal,168
LOT_W01_C027,LOT_W01,VGS(th),0,stable,False,True,False,,,independent_nominal,0
LOT_W01_C027,LOT_W01,VGS(th),24,stable,False,True,False,,,independent_nominal,24
LOT_W01_C027,LOT_W01,VGS(th),96,stable,False,True,False,,,independent_nominal,96
LOT_W01_C027,LOT_W01,VGS(th),168,stable,False,True,False,,,independent_nominal,168
LOT_W01_C027,LOT_W01,RDS(on),0,stable,False,True,False,,,independent_nominal,0
LOT_W01_C027,LOT_W01,RDS(on),24,stable,False,True,False,,,independent_nominal,24
LOT_W01_C027,LOT_W01,RDS(on),96,stable,False,True,False,,,independent_nominal,96
LOT_W01_C027,LOT_W01,RDS(on),168,stable,False,True,False,,,independent_nominal,168
LOT_W01_C027,LOT_W01,IGSS,0,stable,False,True,False,,,independent_nominal,0
LOT_W01_C027,LOT_W01,IGSS,24,stable,False,True,False,,,independent_nominal,24
LOT_W01_C027,LOT_W01,IGSS,96,stable,False,True,False,,,independent_nominal,96
LOT_W01_C027,LOT_W01,IGSS,168,stable,False,True,False,,,independent_nominal,168
LOT_W01_C028,LOT_W01,IDSS,0,stable,False,True,False,,,independent_nominal,0
LOT_W01_C028,LOT_W01,IDSS,24,stable,False,True,False,,,independent_nominal,24
LOT_W01_C028,LOT_W01,IDSS,96,stable,False,True,False,,,independent_nominal,96
LOT_W01_C028,LOT_W01,IDSS,168,stable,False,True,False,,,independent_nominal,168
LOT_W01_C028,LOT_W01,VGS(th),0,high_but_stable,False,True,False,,,lot_level_process_variation,0
LOT_W01_C028,LOT_W01,VGS(th),24,high_but_stable,False,True,False,,,lot_level_process_variation,24
LOT_W01_C028,LOT_W01,VGS(th),96,high_but_stable,False,True,False,,,lot_level_process_variation,96
LOT_W01_C028,LOT_W01,VGS(th),168,high_but_stable,False,True,False,,,lot_level_process_variation,168
LOT_W01_C028,LOT_W01,RDS(on),0,stable,False,True,False,,,independent_nominal,0
LOT_W01_C028,LOT_W01,RDS(on),24,stable,False,True,False,,,independent_nominal,24
LOT_W01_C028,LOT_W01,RDS(on),96,stable,False,True,False,,,independent_nominal,96
LOT_W01_C028,LOT_W01,RDS(on),168,stable,False,True,False,,,independent_nominal,168
LOT_W01_C028,LOT_W01,IGSS,0,stable,False,True,False,,,independent_nominal,0
LOT_W01_C028,LOT_W01,IGSS,24,stable,False,True,False,,,independent_nominal,24
LOT_W01_C028,LOT_W01,IGSS,96,stable,False,True,False,,,independent_nominal,96
LOT_W01_C028,LOT_W01,IGSS,168,stable,False,True,False,,,independent_nominal,168
LOT_W01_C029,LOT_W01,IDSS,0,stable,False,True,False,,,independent_nominal,0
LOT_W01_C029,LOT_W01,IDSS,24,stable,False,True,False,,,independent_nominal,24
LOT_W01_C029,LOT_W01,IDSS,96,stable,False,True,False,,,independent_nominal,96
LOT_W01_C029,LOT_W01,IDSS,168,stable,False,True,False,,,independent_nominal,168
LOT_W01_C029,LOT_W01,VGS(th),0,stable,False,True,False,,,independent_nominal,0
LOT_W01_C029,LOT_W01,VGS(th),24,stable,False,True,False,,,independent_nominal,24
LOT_W01_C029,LOT_W01,VGS(th),96,stable,False,True,False,,,independent_nominal,96
LOT_W01_C029,LOT_W01,VGS(th),168,stable,False,True,False,,,independent_nominal,168
LOT_W01_C029,LOT_W01,RDS(on),0,stable,False,True,False,,,independent_nominal,0
LOT_W01_C029,LOT_W01,RDS(on),24,stable,False,True,False,,,independent_nominal,24
LOT_W01_C029,LOT_W01,RDS(on),96,stable,False,True,False,,,independent_nominal,96
LOT_W01_C029,LOT_W01,RDS(on),168,stable,False,True,False,,,independent_nominal,168
LOT_W01_C029,LOT_W01,IGSS,0,stable,False,True,False,,,independent_nominal,0
LOT_W01_C029,LOT_W01,IGSS,24,stable,False,True,False,,,independent_nominal,24
LOT_W01_C029,LOT_W01,IGSS,96,stable,False,True,False,,,independent_nominal,96
LOT_W01_C029,LOT_W01,IGSS,168,stable,False,True,False,,,independent_nominal,168
LOT_W01_C030,LOT_W01,IDSS,0,stable,False,True,False,,,independent_nominal,0
LOT_W01_C030,LOT_W01,IDSS,24,stable,False,True,False,,,independent_nominal,24
LOT_W01_C030,LOT_W01,IDSS,96,stable,False,True,False,,,independent_nominal,96
LOT_W01_C030,LOT_W01,IDSS,168,stable,False,True,False,,,independent_nominal,168
LOT_W01_C030,LOT_W01,VGS(th),0,stable,False,True,False,,,independent_nominal,0
LOT_W01_C030,LOT_W01,VGS(th),24,stable,False,True,False,,,independent_nominal,24
LOT_W01_C030,LOT_W01,VGS(th),96,stable,False,True,False,,,independent_nominal,96
LOT_W01_C030,LOT_W01,VGS(th),168,stable,False,True,False,,,independent_nominal,168
LOT_W01_C030,LOT_W01,RDS(on),0,high_but_stable,False,True,False,,,lot_level_process_variation,0
LOT_W01_C030,LOT_W01,RDS(on),24,high_but_stable,False,True,False,,,lot_level_process_variation,24
LOT_W01_C030,LOT_W01,RDS(on),96,high_but_stable,False,True,False,,,lot_level_process_variation,96
LOT_W01_C030,LOT_W01,RDS(on),168,high_but_stable,False,True,False,,,lot_level_process_variation,168
LOT_W01_C030,LOT_W01,IGSS,0,stable,False,True,False,,,independent_nominal,0
LOT_W01_C030,LOT_W01,IGSS,24,stable,False,True,False,,,independent_nominal,24
LOT_W01_C030,LOT_W01,IGSS,96,stable,False,True,False,,,independent_nominal,96
LOT_W01_C030,LOT_W01,IGSS,168,stable,False,True,False,,,independent_nominal,168
LOT_W01_C031,LOT_W01,IDSS,0,stable,False,True,False,,,independent_nominal,0
LOT_W01_C031,LOT_W01,IDSS,24,stable,False,True,False,,,independent_nominal,24
LOT_W01_C031,LOT_W01,IDSS,96,stable,False,True,False,,,independent_nominal,96
LOT_W01_C031,LOT_W01,IDSS,168,stable,False,True,False,,,independent_nominal,168
LOT_W01_C031,LOT_W01,VGS(th),0,stable,False,True,False,,,independent_nominal,0
LOT_W01_C031,LOT_W01,VGS(th),24,stable,False,True,False,,,independent_nominal,24
LOT_W01_C031,LOT_W01,VGS(th),96,stable,False,True,False,,,independent_nominal,96
LOT_W01_C031,LOT_W01,VGS(th),168,stable,False,True,False,,,independent_nominal,168
LOT_W01_C031,LOT_W01,RDS(on),0,stable,False,True,False,,,independent_nominal,0
LOT_W01_C031,LOT_W01,RDS(on),24,stable,False,True,False,,,independent_nominal,24
LOT_W01_C031,LOT_W01,RDS(on),96,stable,False,True,False,,,independent_nominal,96
LOT_W01_C031,LOT_W01,RDS(on),168,stable,False,True,False,,,independent_nominal,168
LOT_W01_C031,LOT_W01,IGSS,0,stable,False,True,False,,,independent_nominal,0
LOT_W01_C031,LOT_W01,IGSS,24,stable,False,True,False,,,independent_nominal,24
LOT_W01_C031,LOT_W01,IGSS,96,stable,False,True,False,,,independent_nominal,96
LOT_W01_C031,LOT_W01,IGSS,168,stable,False,True,False,,,independent_nominal,168
LOT_W01_C032,LOT_W01,IDSS,0,high_but_stable,False,True,False,,,lot_level_process_variation,0
LOT_W01_C032,LOT_W01,IDSS,24,high_but_stable,False,True,False,,,lot_level_process_variation,24
LOT_W01_C032,LOT_W01,IDSS,96,high_but_stable,False,True,False,,,lot_level_process_variation,96
LOT_W01_C032,LOT_W01,IDSS,168,high_but_stable,False,True,False,,,lot_level_process_variation,168
LOT_W01_C032,LOT_W01,VGS(th),0,stable,False,True,False,,,independent_nominal,0
LOT_W01_C032,LOT_W01,VGS(th),24,stable,False,True,False,,,independent_nominal,24
LOT_W01_C032,LOT_W01,VGS(th),96,stable,False,True,False,,,independent_nominal,96
LOT_W01_C032,LOT_W01,VGS(th),168,stable,False,True,False,,,independent_nominal,168
LOT_W01_C032,LOT_W01,RDS(on),0,stable,False,True,False,,,independent_nominal,0
LOT_W01_C032,LOT_W01,RDS(on),24,stable,False,True,False,,,independent_nominal,24
LOT_W01_C032,LOT_W01,RDS(on),96,stable,False,True,False,,,independent_nominal,96
LOT_W01_C032,LOT_W01,RDS(on),168,stable,False,True,False,,,independent_nominal,168
LOT_W01_C032,LOT_W01,IGSS,0,stable,False,True,False,,,independent_nominal,0
LOT_W01_C032,LOT_W01,IGSS,24,stable,False,True,False,,,independent_nominal,24
LOT_W01_C032,LOT_W01,IGSS,96,stable,False,True,False,,,independent_nominal,96
LOT_W01_C032,LOT_W01,IGSS,168,stable,False,True,False,,,independent_nominal,168
LOT_W01_C033,LOT_W01,IDSS,0,stable,False,True,False,,,independent_nominal,0
LOT_W01_C033,LOT_W01,IDSS,24,stable,False,True,False,,,independent_nominal,24
LOT_W01_C033,LOT_W01,IDSS,96,stable,False,True,False,,,independent_nominal,96
LOT_W01_C033,LOT_W01,IDSS,168,stable,False,True,False,,,independent_nominal,168
LOT_W01_C033,LOT_W01,VGS(th),0,stable,False,True,False,,,independent_nominal,0
LOT_W01_C033,LOT_W01,VGS(th),24,stable,False,True,False,,,independent_nominal,24
LOT_W01_C033,LOT_W01,VGS(th),96,stable,False,True,False,,,independent_nominal,96
LOT_W01_C033,LOT_W01,VGS(th),168,stable,False,True,False,,,independent_nominal,168
LOT_W01_C033,LOT_W01,RDS(on),0,stable,False,True,False,,,independent_nominal,0
LOT_W01_C033,LOT_W01,RDS(on),24,stable,False,True,False,,,independent_nominal,24
LOT_W01_C033,LOT_W01,RDS(on),96,stable,False,True,False,,,independent_nominal,96
LOT_W01_C033,LOT_W01,RDS(on),168,stable,False,True,False,,,independent_nominal,168
LOT_W01_C033,LOT_W01,IGSS,0,stable,False,True,False,,,independent_nominal,0
LOT_W01_C033,LOT_W01,IGSS,24,stable,False,True,False,,,independent_nominal,24
LOT_W01_C033,LOT_W01,IGSS,96,stable,False,True,False,,,independent_nominal,96
LOT_W01_C033,LOT_W01,IGSS,168,stable,False,True,False,,,independent_nominal,168
LOT_W01_C034,LOT_W01,IDSS,0,stable,False,True,False,,,independent_nominal,0
LOT_W01_C034,LOT_W01,IDSS,24,stable,False,True,False,,,independent_nominal,24
LOT_W01_C034,LOT_W01,IDSS,96,stable,False,True,False,,,independent_nominal,96
LOT_W01_C034,LOT_W01,IDSS,168,stable,False,True,False,,,independent_nominal,168
LOT_W01_C034,LOT_W01,VGS(th),0,high_but_stable,False,True,False,,,lot_level_process_variation,0
LOT_W01_C034,LOT_W01,VGS(th),24,high_but_stable,False,True,False,,,lot_level_process_variation,24
LOT_W01_C034,LOT_W01,VGS(th),96,high_but_stable,False,True,False,,,lot_level_process_variation,96
LOT_W01_C034,LOT_W01,VGS(th),168,high_but_stable,False,True,False,,,lot_level_process_variation,168
LOT_W01_C034,LOT_W01,RDS(on),0,stable,False,True,False,,,independent_nominal,0
LOT_W01_C034,LOT_W01,RDS(on),24,stable,False,True,False,,,independent_nominal,24
LOT_W01_C034,LOT_W01,RDS(on),96,stable,False,True,False,,,independent_nominal,96
LOT_W01_C034,LOT_W01,RDS(on),168,stable,False,True,False,,,independent_nominal,168
LOT_W01_C034,LOT_W01,IGSS,0,stable,False,True,False,,,independent_nominal,0
LOT_W01_C034,LOT_W01,IGSS,24,stable,False,True,False,,,independent_nominal,24
LOT_W01_C034,LOT_W01,IGSS,96,stable,False,True,False,,,independent_nominal,96
LOT_W01_C034,LOT_W01,IGSS,168,stable,False,True,False,,,independent_nominal,168
LOT_W01_C035,LOT_W01,IDSS,0,stable,False,True,False,,,independent_nominal,0
LOT_W01_C035,LOT_W01,IDSS,24,stable,False,True,False,,,independent_nominal,24
LOT_W01_C035,LOT_W01,IDSS,96,stable,False,True,False,,,independent_nominal,96
LOT_W01_C035,LOT_W01,IDSS,168,stable,False,True,False,,,independent_nominal,168
LOT_W01_C035,LOT_W01,VGS(th),0,stable,False,True,False,,,independent_nominal,0
LOT_W01_C035,LOT_W01,VGS(th),24,stable,False,True,False,,,independent_nominal,24
LOT_W01_C035,LOT_W01,VGS(th),96,stable,False,True,False,,,independent_nominal,96
LOT_W01_C035,LOT_W01,VGS(th),168,stable,False,True,False,,,independent_nominal,168
LOT_W01_C035,LOT_W01,RDS(on),0,stable,False,True,False,,,independent_nominal,0
LOT_W01_C035,LOT_W01,RDS(on),24,stable,False,True,False,,,independent_nominal,24
LOT_W01_C035,LOT_W01,RDS(on),96,stable,False,True,False,,,independent_nominal,96
LOT_W01_C035,LOT_W01,RDS(on),168,stable,False,True,False,,,independent_nominal,168
LOT_W01_C035,LOT_W01,IGSS,0,stable,False,True,False,,,independent_nominal,0
LOT_W01_C035,LOT_W01,IGSS,24,stable,False,True,False,,,independent_nominal,24
LOT_W01_C035,LOT_W01,IGSS,96,stable,False,True,False,,,independent_nominal,96
LOT_W01_C035,LOT_W01,IGSS,168,stable,False,True,False,,,independent_nominal,168
LOT_W01_C036,LOT_W01,IDSS,0,stable,False,True,False,,,independent_nominal,0
LOT_W01_C036,LOT_W01,IDSS,24,stable,False,True,False,,,independent_nominal,24
LOT_W01_C036,LOT_W01,IDSS,96,stable,False,True,False,,,independent_nominal,96
LOT_W01_C036,LOT_W01,IDSS,168,stable,False,True,False,,,independent_nominal,168
LOT_W01_C036,LOT_W01,VGS(th),0,stable,False,True,False,,,independent_nominal,0
LOT_W01_C036,LOT_W01,VGS(th),24,stable,False,True,False,,,independent_nominal,24
LOT_W01_C036,LOT_W01,VGS(th),96,stable,False,True,False,,,independent_nominal,96
LOT_W01_C036,LOT_W01,VGS(th),168,stable,False,True,False,,,independent_nominal,168
LOT_W01_C036,LOT_W01,RDS(on),0,high_but_stable,False,True,False,,,lot_level_process_variation,0
LOT_W01_C036,LOT_W01,RDS(on),24,high_but_stable,False,True,False,,,lot_level_process_variation,24
LOT_W01_C036,LOT_W01,RDS(on),96,high_but_stable,False,True,False,,,lot_level_process_variation,96
LOT_W01_C036,LOT_W01,RDS(on),168,high_but_stable,False,True,False,,,lot_level_process_variation,168
LOT_W01_C036,LOT_W01,IGSS,0,stable,False,True,False,,,independent_nominal,0
LOT_W01_C036,LOT_W01,IGSS,24,stable,False,True,False,,,independent_nominal,24
LOT_W01_C036,LOT_W01,IGSS,96,stable,False,True,False,,,independent_nominal,96
LOT_W01_C036,LOT_W01,IGSS,168,stable,False,True,False,,,independent_nominal,168
LOT_W01_C037,LOT_W01,IDSS,0,stable,False,True,False,,,independent_nominal,0
LOT_W01_C037,LOT_W01,IDSS,24,stable,False,True,False,,,independent_nominal,24
LOT_W01_C037,LOT_W01,IDSS,96,stable,False,True,False,,,independent_nominal,96
LOT_W01_C037,LOT_W01,IDSS,168,stable,False,True,False,,,independent_nominal,168
LOT_W01_C037,LOT_W01,VGS(th),0,stable,False,True,False,,,independent_nominal,0
LOT_W01_C037,LOT_W01,VGS(th),24,stable,False,True,False,,,independent_nominal,24
LOT_W01_C037,LOT_W01,VGS(th),96,stable,False,True,False,,,independent_nominal,96
LOT_W01_C037,LOT_W01,VGS(th),168,stable,False,True,False,,,independent_nominal,168
LOT_W01_C037,LOT_W01,RDS(on),0,stable,False,True,False,,,independent_nominal,0
LOT_W01_C037,LOT_W01,RDS(on),24,stable,False,True,False,,,independent_nominal,24
LOT_W01_C037,LOT_W01,RDS(on),96,stable,False,True,False,,,independent_nominal,96
LOT_W01_C037,LOT_W01,RDS(on),168,stable,False,True,False,,,independent_nominal,168
LOT_W01_C037,LOT_W01,IGSS,0,stable,False,True,False,,,independent_nominal,0
LOT_W01_C037,LOT_W01,IGSS,24,stable,False,True,False,,,independent_nominal,24
LOT_W01_C037,LOT_W01,IGSS,96,stable,False,True,False,,,independent_nominal,96
LOT_W01_C037,LOT_W01,IGSS,168,stable,False,True,False,,,independent_nominal,168
LOT_W01_C038,LOT_W01,IDSS,0,high_but_stable,False,True,False,,,lot_level_process_variation,0
LOT_W01_C038,LOT_W01,IDSS,24,high_but_stable,False,True,False,,,lot_level_process_variation,24
LOT_W01_C038,LOT_W01,IDSS,96,high_but_stable,False,True,False,,,lot_level_process_variation,96
LOT_W01_C038,LOT_W01,IDSS,168,high_but_stable,False,True,False,,,lot_level_process_variation,168
LOT_W01_C038,LOT_W01,VGS(th),0,stable,False,True,False,,,independent_nominal,0
LOT_W01_C038,LOT_W01,VGS(th),24,stable,False,True,False,,,independent_nominal,24
LOT_W01_C038,LOT_W01,VGS(th),96,stable,False,True,False,,,independent_nominal,96
LOT_W01_C038,LOT_W01,VGS(th),168,stable,False,True,False,,,independent_nominal,168
LOT_W01_C038,LOT_W01,RDS(on),0,stable,False,True,False,,,independent_nominal,0
LOT_W01_C038,LOT_W01,RDS(on),24,stable,False,True,False,,,independent_nominal,24
LOT_W01_C038,LOT_W01,RDS(on),96,stable,False,True,False,,,independent_nominal,96
LOT_W01_C038,LOT_W01,RDS(on),168,stable,False,True,False,,,independent_nominal,168
LOT_W01_C038,LOT_W01,IGSS,0,stable,False,True,False,,,independent_nominal,0
LOT_W01_C038,LOT_W01,IGSS,24,stable,False,True,False,,,independent_nominal,24
LOT_W01_C038,LOT_W01,IGSS,96,stable,False,True,False,,,independent_nominal,96
LOT_W01_C038,LOT_W01,IGSS,168,stable,False,True,False,,,independent_nominal,168
LOT_W01_C039,LOT_W01,IDSS,0,stable,False,True,False,,,independent_nominal,0
LOT_W01_C039,LOT_W01,IDSS,24,stable,False,True,False,,,independent_nominal,24
LOT_W01_C039,LOT_W01,IDSS,96,stable,False,True,False,,,independent_nominal,96
LOT_W01_C039,LOT_W01,IDSS,168,stable,False,True,False,,,independent_nominal,168
LOT_W01_C039,LOT_W01,VGS(th),0,stable,False,True,False,,,independent_nominal,0
LOT_W01_C039,LOT_W01,VGS(th),24,stable,False,True,False,,,independent_nominal,24
LOT_W01_C039,LOT_W01,VGS(th),96,stable,False,True,False,,,independent_nominal,96
LOT_W01_C039,LOT_W01,VGS(th),168,stable,False,True,False,,,independent_nominal,168
LOT_W01_C039,LOT_W01,RDS(on),0,stable,False,True,False,,,independent_nominal,0
LOT_W01_C039,LOT_W01,RDS(on),24,stable,False,True,False,,,independent_nominal,24
LOT_W01_C039,LOT_W01,RDS(on),96,stable,False,True,False,,,independent_nominal,96
LOT_W01_C039,LOT_W01,RDS(on),168,stable,False,True,False,,,independent_nominal,168
LOT_W01_C039,LOT_W01,IGSS,0,stable,False,True,False,,,independent_nominal,0
LOT_W01_C039,LOT_W01,IGSS,24,stable,False,True,False,,,independent_nominal,24
LOT_W01_C039,LOT_W01,IGSS,96,stable,False,True,False,,,independent_nominal,96
LOT_W01_C039,LOT_W01,IGSS,168,stable,False,True,False,,,independent_nominal,168
LOT_W01_C040,LOT_W01,IDSS,0,stable,False,True,False,,,independent_nominal,0
LOT_W01_C040,LOT_W01,IDSS,24,stable,False,True,False,,,independent_nominal,24
LOT_W01_C040,LOT_W01,IDSS,96,stable,False,True,False,,,independent_nominal,96
LOT_W01_C040,LOT_W01,IDSS,168,stable,False,True,False,,,independent_nominal,168
LOT_W01_C040,LOT_W01,VGS(th),0,high_but_stable,False,True,False,,,lot_level_process_variation,0
LOT_W01_C040,LOT_W01,VGS(th),24,high_but_stable,False,True,False,,,lot_level_process_variation,24
LOT_W01_C040,LOT_W01,VGS(th),96,high_but_stable,False,True,False,,,lot_level_process_variation,96
LOT_W01_C040,LOT_W01,VGS(th),168,high_but_stable,False,True,False,,,lot_level_process_variation,168
LOT_W01_C040,LOT_W01,RDS(on),0,stable,False,True,False,,,independent_nominal,0
LOT_W01_C040,LOT_W01,RDS(on),24,stable,False,True,False,,,independent_nominal,24
LOT_W01_C040,LOT_W01,RDS(on),96,stable,False,True,False,,,independent_nominal,96
LOT_W01_C040,LOT_W01,RDS(on),168,stable,False,True,False,,,independent_nominal,168
LOT_W01_C040,LOT_W01,IGSS,0,stable,False,True,False,,,independent_nominal,0
LOT_W01_C040,LOT_W01,IGSS,24,stable,False,True,False,,,independent_nominal,24
LOT_W01_C040,LOT_W01,IGSS,96,stable,False,True,False,,,independent_nominal,96
LOT_W01_C040,LOT_W01,IGSS,168,stable,False,True,False,,,independent_nominal,168
LOT_W01_C041,LOT_W01,IDSS,0,stable,False,True,False,,,independent_nominal,0
LOT_W01_C041,LOT_W01,IDSS,24,stable,False,True,False,,,independent_nominal,24
LOT_W01_C041,LOT_W01,IDSS,96,stable,False,True,False,,,independent_nominal,96
LOT_W01_C041,LOT_W01,IDSS,168,stable,False,True,False,,,independent_nominal,168
LOT_W01_C041,LOT_W01,VGS(th),0,stable,False,True,False,,,independent_nominal,0
LOT_W01_C041,LOT_W01,VGS(th),24,stable,False,True,False,,,independent_nominal,24
LOT_W01_C041,LOT_W01,VGS(th),96,stable,False,True,False,,,independent_nominal,96
LOT_W01_C041,LOT_W01,VGS(th),168,stable,False,True,False,,,independent_nominal,168
LOT_W01_C041,LOT_W01,RDS(on),0,stable,False,True,False,,,independent_nominal,0
LOT_W01_C041,LOT_W01,RDS(on),24,stable,False,True,False,,,independent_nominal,24
LOT_W01_C041,LOT_W01,RDS(on),96,stable,False,True,False,,,independent_nominal,96
LOT_W01_C041,LOT_W01,RDS(on),168,stable,False,True,False,,,independent_nominal,168
LOT_W01_C041,LOT_W01,IGSS,0,stable,False,True,False,,,independent_nominal,0
LOT_W01_C041,LOT_W01,IGSS,24,stable,False,True,False,,,independent_nominal,24
LOT_W01_C041,LOT_W01,IGSS,96,stable,False,True,False,,,independent_nominal,96
LOT_W01_C041,LOT_W01,IGSS,168,stable,False,True,False,,,independent_nominal,168
LOT_W01_C042,LOT_W01,IDSS,0,stable,False,True,False,,,independent_nominal,0
LOT_W01_C042,LOT_W01,IDSS,24,stable,False,True,False,,,independent_nominal,24
LOT_W01_C042,LOT_W01,IDSS,96,stable,False,True,False,,,independent_nominal,96
LOT_W01_C042,LOT_W01,IDSS,168,stable,False,True,False,,,independent_nominal,168
LOT_W01_C042,LOT_W01,VGS(th),0,stable,False,True,False,,,independent_nominal,0
LOT_W01_C042,LOT_W01,VGS(th),24,stable,False,True,False,,,independent_nominal,24
LOT_W01_C042,LOT_W01,VGS(th),96,stable,False,True,False,,,independent_nominal,96
LOT_W01_C042,LOT_W01,VGS(th),168,stable,False,True,False,,,independent_nominal,168
LOT_W01_C042,LOT_W01,RDS(on),0,high_but_stable,False,True,False,,,lot_level_process_variation,0
LOT_W01_C042,LOT_W01,RDS(on),24,high_but_stable,False,True,False,,,lot_level_process_variation,24
LOT_W01_C042,LOT_W01,RDS(on),96,high_but_stable,False,True,False,,,lot_level_process_variation,96
LOT_W01_C042,LOT_W01,RDS(on),168,high_but_stable,False,True,False,,,lot_level_process_variation,168
LOT_W01_C042,LOT_W01,IGSS,0,stable,False,True,False,,,independent_nominal,0
LOT_W01_C042,LOT_W01,IGSS,24,stable,False,True,False,,,independent_nominal,24
LOT_W01_C042,LOT_W01,IGSS,96,stable,False,True,False,,,independent_nominal,96
LOT_W01_C042,LOT_W01,IGSS,168,stable,False,True,False,,,independent_nominal,168
LOT_W01_C043,LOT_W01,IDSS,0,stable,False,True,False,,,independent_nominal,0
LOT_W01_C043,LOT_W01,IDSS,24,stable,False,True,False,,,independent_nominal,24
LOT_W01_C043,LOT_W01,IDSS,96,stable,False,True,False,,,independent_nominal,96
LOT_W01_C043,LOT_W01,IDSS,168,stable,False,True,False,,,independent_nominal,168
LOT_W01_C043,LOT_W01,VGS(th),0,stable,False,True,False,,,independent_nominal,0
LOT_W01_C043,LOT_W01,VGS(th),24,stable,False,True,False,,,independent_nominal,24
LOT_W01_C043,LOT_W01,VGS(th),96,stable,False,True,False,,,independent_nominal,96
LOT_W01_C043,LOT_W01,VGS(th),168,stable,False,True,False,,,independent_nominal,168
LOT_W01_C043,LOT_W01,RDS(on),0,stable,False,True,False,,,independent_nominal,0
LOT_W01_C043,LOT_W01,RDS(on),24,stable,False,True,False,,,independent_nominal,24
LOT_W01_C043,LOT_W01,RDS(on),96,stable,False,True,False,,,independent_nominal,96
LOT_W01_C043,LOT_W01,RDS(on),168,stable,False,True,False,,,independent_nominal,168
LOT_W01_C043,LOT_W01,IGSS,0,stable,False,True,False,,,independent_nominal,0
LOT_W01_C043,LOT_W01,IGSS,24,stable,False,True,False,,,independent_nominal,24
LOT_W01_C043,LOT_W01,IGSS,96,stable,False,True,False,,,independent_nominal,96
LOT_W01_C043,LOT_W01,IGSS,168,stable,False,True,False,,,independent_nominal,168
LOT_W01_C044,LOT_W01,IDSS,0,high_but_stable,False,True,False,,,lot_level_process_variation,0
LOT_W01_C044,LOT_W01,IDSS,24,high_but_stable,False,True,False,,,lot_level_process_variation,24
LOT_W01_C044,LOT_W01,IDSS,96,high_but_stable,False,True,False,,,lot_level_process_variation,96
LOT_W01_C044,LOT_W01,IDSS,168,high_but_stable,False,True,False,,,lot_level_process_variation,168
LOT_W01_C044,LOT_W01,VGS(th),0,stable,False,True,False,,,independent_nominal,0
LOT_W01_C044,LOT_W01,VGS(th),24,stable,False,True,False,,,independent_nominal,24
LOT_W01_C044,LOT_W01,VGS(th),96,stable,False,True,False,,,independent_nominal,96
LOT_W01_C044,LOT_W01,VGS(th),168,stable,False,True,False,,,independent_nominal,168
LOT_W01_C044,LOT_W01,RDS(on),0,stable,False,True,False,,,independent_nominal,0
LOT_W01_C044,LOT_W01,RDS(on),24,stable,False,True,False,,,independent_nominal,24
LOT_W01_C044,LOT_W01,RDS(on),96,stable,False,True,False,,,independent_nominal,96
LOT_W01_C044,LOT_W01,RDS(on),168,stable,False,True,False,,,independent_nominal,168
LOT_W01_C044,LOT_W01,IGSS,0,stable,False,True,False,,,independent_nominal,0
LOT_W01_C044,LOT_W01,IGSS,24,stable,False,True,False,,,independent_nominal,24
LOT_W01_C044,LOT_W01,IGSS,96,stable,False,True,False,,,independent_nominal,96
LOT_W01_C044,LOT_W01,IGSS,168,stable,False,True,False,,,independent_nominal,168
LOT_W01_C045,LOT_W01,IDSS,0,stable,False,True,False,,,independent_nominal,0
LOT_W01_C045,LOT_W01,IDSS,24,stable,False,True,False,,,independent_nominal,24
LOT_W01_C045,LOT_W01,IDSS,96,stable,False,True,False,,,independent_nominal,96
LOT_W01_C045,LOT_W01,IDSS,168,stable,False,True,False,,,independent_nominal,168
LOT_W01_C045,LOT_W01,VGS(th),0,stable,False,True,False,,,independent_nominal,0
LOT_W01_C045,LOT_W01,VGS(th),24,stable,False,True,False,,,independent_nominal,24
LOT_W01_C045,LOT_W01,VGS(th),96,stable,False,True,False,,,independent_nominal,96
LOT_W01_C045,LOT_W01,VGS(th),168,stable,False,True,False,,,independent_nominal,168
LOT_W01_C045,LOT_W01,RDS(on),0,stable,False,True,False,,,independent_nominal,0
LOT_W01_C045,LOT_W01,RDS(on),24,stable,False,True,False,,,independent_nominal,24
LOT_W01_C045,LOT_W01,RDS(on),96,stable,False,True,False,,,independent_nominal,96
LOT_W01_C045,LOT_W01,RDS(on),168,stable,False,True,False,,,independent_nominal,168
LOT_W01_C045,LOT_W01,IGSS,0,stable,False,True,False,,,independent_nominal,0
LOT_W01_C045,LOT_W01,IGSS,24,stable,False,True,False,,,independent_nominal,24
LOT_W01_C045,LOT_W01,IGSS,96,stable,False,True,False,,,independent_nominal,96
LOT_W01_C045,LOT_W01,IGSS,168,stable,False,True,False,,,independent_nominal,168
LOT_W01_C046,LOT_W01,IDSS,0,stable,False,True,False,,,independent_nominal,0
LOT_W01_C046,LOT_W01,IDSS,24,stable,False,True,False,,,independent_nominal,24
LOT_W01_C046,LOT_W01,IDSS,96,stable,False,True,False,,,independent_nominal,96
LOT_W01_C046,LOT_W01,IDSS,168,stable,False,True,False,,,independent_nominal,168
LOT_W01_C046,LOT_W01,VGS(th),0,high_but_stable,False,True,False,,,lot_level_process_variation,0
LOT_W01_C046,LOT_W01,VGS(th),24,high_but_stable,False,True,False,,,lot_level_process_variation,24
LOT_W01_C046,LOT_W01,VGS(th),96,high_but_stable,False,True,False,,,lot_level_process_variation,96
LOT_W01_C046,LOT_W01,VGS(th),168,high_but_stable,False,True,False,,,lot_level_process_variation,168
LOT_W01_C046,LOT_W01,RDS(on),0,stable,False,True,False,,,independent_nominal,0
LOT_W01_C046,LOT_W01,RDS(on),24,stable,False,True,False,,,independent_nominal,24
LOT_W01_C046,LOT_W01,RDS(on),96,stable,False,True,False,,,independent_nominal,96
LOT_W01_C046,LOT_W01,RDS(on),168,stable,False,True,False,,,independent_nominal,168
LOT_W01_C046,LOT_W01,IGSS,0,stable,False,True,False,,,independent_nominal,0
LOT_W01_C046,LOT_W01,IGSS,24,stable,False,True,False,,,independent_nominal,24
LOT_W01_C046,LOT_W01,IGSS,96,stable,False,True,False,,,independent_nominal,96
LOT_W01_C046,LOT_W01,IGSS,168,stable,False,True,False,,,independent_nominal,168
LOT_W01_C047,LOT_W01,IDSS,0,stable,False,True,False,,,independent_nominal,0
LOT_W01_C047,LOT_W01,IDSS,24,stable,False,True,False,,,independent_nominal,24
LOT_W01_C047,LOT_W01,IDSS,96,stable,False,True,False,,,independent_nominal,96
LOT_W01_C047,LOT_W01,IDSS,168,stable,False,True,False,,,independent_nominal,168
LOT_W01_C047,LOT_W01,VGS(th),0,stable,False,True,False,,,independent_nominal,0
LOT_W01_C047,LOT_W01,VGS(th),24,stable,False,True,False,,,independent_nominal,24
LOT_W01_C047,LOT_W01,VGS(th),96,stable,False,True,False,,,independent_nominal,96
LOT_W01_C047,LOT_W01,VGS(th),168,stable,False,True,False,,,independent_nominal,168
LOT_W01_C047,LOT_W01,RDS(on),0,stable,False,True,False,,,independent_nominal,0
LOT_W01_C047,LOT_W01,RDS(on),24,stable,False,True,False,,,independent_nominal,24
LOT_W01_C047,LOT_W01,RDS(on),96,stable,False,True,False,,,independent_nominal,96
LOT_W01_C047,LOT_W01,RDS(on),168,stable,False,True,False,,,independent_nominal,168
LOT_W01_C047,LOT_W01,IGSS,0,stable,False,True,False,,,independent_nominal,0
LOT_W01_C047,LOT_W01,IGSS,24,stable,False,True,False,,,independent_nominal,24
LOT_W01_C047,LOT_W01,IGSS,96,stable,False,True,False,,,independent_nominal,96
LOT_W01_C047,LOT_W01,IGSS,168,stable,False,True,False,,,independent_nominal,168
LOT_W01_C048,LOT_W01,IDSS,0,stable,False,True,False,,,independent_nominal,0
LOT_W01_C048,LOT_W01,IDSS,24,stable,False,True,False,,,independent_nominal,24
LOT_W01_C048,LOT_W01,IDSS,96,stable,False,True,False,,,independent_nominal,96
LOT_W01_C048,LOT_W01,IDSS,168,stable,False,True,False,,,independent_nominal,168
LOT_W01_C048,LOT_W01,VGS(th),0,stable,False,True,False,,,independent_nominal,0
LOT_W01_C048,LOT_W01,VGS(th),24,stable,False,True,False,,,independent_nominal,24
LOT_W01_C048,LOT_W01,VGS(th),96,stable,False,True,False,,,independent_nominal,96
LOT_W01_C048,LOT_W01,VGS(th),168,stable,False,True,False,,,independent_nominal,168
LOT_W01_C048,LOT_W01,RDS(on),0,high_but_stable,False,True,False,,,lot_level_process_variation,0
LOT_W01_C048,LOT_W01,RDS(on),24,high_but_stable,False,True,False,,,lot_level_process_variation,24
LOT_W01_C048,LOT_W01,RDS(on),96,high_but_stable,False,True,False,,,lot_level_process_variation,96
LOT_W01_C048,LOT_W01,RDS(on),168,high_but_stable,False,True,False,,,lot_level_process_variation,168
LOT_W01_C048,LOT_W01,IGSS,0,stable,False,True,False,,,independent_nominal,0
LOT_W01_C048,LOT_W01,IGSS,24,stable,False,True,False,,,independent_nominal,24
LOT_W01_C048,LOT_W01,IGSS,96,stable,False,True,False,,,independent_nominal,96
LOT_W01_C048,LOT_W01,IGSS,168,stable,False,True,False,,,independent_nominal,168
LOT_W01_C049,LOT_W01,IDSS,0,stable,False,True,False,,,independent_nominal,0
LOT_W01_C049,LOT_W01,IDSS,24,stable,False,True,False,,,independent_nominal,24
LOT_W01_C049,LOT_W01,IDSS,96,stable,False,True,False,,,independent_nominal,96
LOT_W01_C049,LOT_W01,IDSS,168,stable,False,True,False,,,independent_nominal,168
LOT_W01_C049,LOT_W01,VGS(th),0,stable,False,True,False,,,independent_nominal,0
LOT_W01_C049,LOT_W01,VGS(th),24,stable,False,True,False,,,independent_nominal,24
LOT_W01_C049,LOT_W01,VGS(th),96,stable,False,True,False,,,independent_nominal,96
LOT_W01_C049,LOT_W01,VGS(th),168,stable,False,True,False,,,independent_nominal,168
LOT_W01_C049,LOT_W01,RDS(on),0,stable,False,True,False,,,independent_nominal,0
LOT_W01_C049,LOT_W01,RDS(on),24,stable,False,True,False,,,independent_nominal,24
LOT_W01_C049,LOT_W01,RDS(on),96,stable,False,True,False,,,independent_nominal,96
LOT_W01_C049,LOT_W01,RDS(on),168,stable,False,True,False,,,independent_nominal,168
LOT_W01_C049,LOT_W01,IGSS,0,stable,False,True,False,,,independent_nominal,0
LOT_W01_C049,LOT_W01,IGSS,24,stable,False,True,False,,,independent_nominal,24
LOT_W01_C049,LOT_W01,IGSS,96,stable,False,True,False,,,independent_nominal,96
LOT_W01_C049,LOT_W01,IGSS,168,stable,False,True,False,,,independent_nominal,168
LOT_W01_C050,LOT_W01,IDSS,0,high_but_stable,False,True,False,,,lot_level_process_variation,0
LOT_W01_C050,LOT_W01,IDSS,24,high_but_stable,False,True,False,,,lot_level_process_variation,24
LOT_W01_C050,LOT_W01,IDSS,96,high_but_stable,False,True,False,,,lot_level_process_variation,96
LOT_W01_C050,LOT_W01,IDSS,168,high_but_stable,False,True,False,,,lot_level_process_variation,168
LOT_W01_C050,LOT_W01,VGS(th),0,stable,False,True,False,,,independent_nominal,0
LOT_W01_C050,LOT_W01,VGS(th),24,stable,False,True,False,,,independent_nominal,24
LOT_W01_C050,LOT_W01,VGS(th),96,stable,False,True,False,,,independent_nominal,96
LOT_W01_C050,LOT_W01,VGS(th),168,stable,False,True,False,,,independent_nominal,168
LOT_W01_C050,LOT_W01,RDS(on),0,stable,False,True,False,,,independent_nominal,0
LOT_W01_C050,LOT_W01,RDS(on),24,stable,False,True,False,,,independent_nominal,24
LOT_W01_C050,LOT_W01,RDS(on),96,stable,False,True,False,,,independent_nominal,96
LOT_W01_C050,LOT_W01,RDS(on),168,stable,False,True,False,,,independent_nominal,168
LOT_W01_C050,LOT_W01,IGSS,0,stable,False,True,False,,,independent_nominal,0
LOT_W01_C050,LOT_W01,IGSS,24,stable,False,True,False,,,independent_nominal,24
LOT_W01_C050,LOT_W01,IGSS,96,stable,False,True,False,,,independent_nominal,96
LOT_W01_C050,LOT_W01,IGSS,168,stable,False,True,False,,,independent_nominal,168
