component_id,lot_id,parameter_name,elapsed_hours,value,unit,temperature_C,test_condition,instrument_id,channel_id,measurement_quality,rework_count,absolute_limit_low,absolute_limit_high,source_type
LOT_S01_C001,LOT_S01,IDSS,0,0.5091420425368184,uA,150.0,"HTRB (150°C, 80V)",ATE_BENCH_01,CH_01,VALID,0,,10.0,synthetic
LOT_S01_C001,LOT_S01,IDSS,24,0.5055635450948431,uA,150.0,"HTRB (150°C, 80V)",ATE_BENCH_01,CH_01,VALID,0,,10.0,synthetic
LOT_S01_C001,LOT_S01,IDSS,96,0.4536317039874181,uA,150.0,"HTRB (150°C, 80V)",ATE_BENCH_01,CH_01,VALID,0,,10.0,synthetic
LOT_S01_C001,LOT_S01,IDSS,168,0.5471745757833837,uA,150.0,"HTRB (150°C, 80V)",ATE_BENCH_01,CH_01,VALID,0,,10.0,synthetic
LOT_S01_C001,LOT_S01,VGS(th),0,2.8634081822036705,V,150.0,"HTGB (150°C, 20V)",ATE_BENCH_01,CH_01,VALID,0,2.0,4.0,synthetic
LOT_S01_C001,LOT_S01,VGS(th),24,2.865701125373367,V,150.0,"HTGB (150°C, 20V)",ATE_BENCH_01,CH_01,VALID,0,2.0,4.0,synthetic
LOT_S01_C001,LOT_S01,VGS(th),96,2.8754885534323718,V,150.0,"HTGB (150°C, 20V)",ATE_BENCH_01,CH_01,VALID,0,2.0,4.0,synthetic
LOT_S01_C001,LOT_S01,VGS(th),168,2.8353644050695466,V,150.0,"HTGB (150°C, 20V)",ATE_BENCH_01,CH_01,VALID,0,2.0,4.0,synthetic
LOT_S01_C001,LOT_S01,RDS(on),0,44.5320841833787,mOhm,125.0,Operating Life / Power Conduction (TJ=125-150°C),ATE_BENCH_01,CH_01,VALID,0,,60.0,synthetic
LOT_S01_C001,LOT_S01,RDS(on),24,45.278089993737986,mOhm,125.0,Operating Life / Power Conduction (TJ=125-150°C),ATE_BENCH_01,CH_01,VALID,0,,60.0,synthetic
LOT_S01_C001,LOT_S01,RDS(on),96,44.151251406618634,mOhm,125.0,Operating Life / Power Conduction (TJ=125-150°C),ATE_BENCH_01,CH_01,VALID,0,,60.0,synthetic
LOT_S01_C001,LOT_S01,RDS(on),168,45.386585443527544,mOhm,125.0,Operating Life / Power Conduction (TJ=125-150°C),ATE_BENCH_01,CH_01,VALID,0,,60.0,synthetic
LOT_S01_C001,LOT_S01,IGSS,0,1.8727807159292489,nA,150.0,"HTGB (150°C, ±20V)",ATE_BENCH_01,CH_01,VALID,0,-100.0,100.0,synthetic
LOT_S01_C001,LOT_S01,IGSS,24,2.1805987551285373,nA,150.0,"HTGB (150°C, ±20V)",ATE_BENCH_01,CH_01,VALID,0,-100.0,100.0,synthetic
LOT_S01_C001,LOT_S01,IGSS,96,2.0039663194221187,nA,150.0,"HTGB (150°C, ±20V)",ATE_BENCH_01,CH_01,VALID,0,-100.0,100.0,synthetic
LOT_S01_C001,LOT_S01,IGSS,168,2.127982371821974,nA,150.0,"HTGB (150°C, ±20V)",ATE_BENCH_01,CH_01,VALID,0,-100.0,100.0,synthetic
LOT_S01_C002,LOT_S01,IDSS,0,2.4633289435148673,uA,150.0,"HTRB (150°C, 80V)",ATE_BENCH_01,CH_02,VALID,0,,10.0,synthetic
LOT_S01_C002,LOT_S01,IDSS,24,2.7881818691485156,uA,150.0,"HTRB (150°C, 80V)",ATE_BENCH_01,CH_02,VALID,0,,10.0,synthetic
LOT_S01_C002,LOT_S01,IDSS,96,2.874435215483088,uA,150.0,"HTRB (150°C, 80V)",ATE_BENCH_01,CH_02,VALID,0,,10.0,synthetic
LOT_S01_C002,LOT_S01,IDSS,168,2.7116719632952133,uA,150.0,"HTRB (150°C, 80V)",ATE_BENCH_01,CH_02,VALID,0,,10.0,synthetic
LOT_S01_C002,LOT_S01,VGS(th),0,2.9337521743721116,V,150.0,"HTGB (150°C, 20V)",ATE_BENCH_01,CH_02,VALID,0,2.0,4.0,synthetic
LOT_S01_C002,LOT_S01,VGS(th),24,2.9380433493137033,V,150.0,"HTGB (150°C, 20V)",ATE_BENCH_01,CH_02,VALID,0,2.0,4.0,synthetic
LOT_S01_C002,LOT_S01,VGS(th),96,2.9389770520422758,V,150.0,"HTGB (150°C, 20V)",ATE_BENCH_01,CH_02,VALID,0,2.0,4.0,synthetic
LOT_S01_C002,LOT_S01,VGS(th),168,2.9839792222097814,V,150.0,"HTGB (150°C, 20V)",ATE_BENCH_01,CH_02,VALID,0,2.0,4.0,synthetic
LOT_S01_C002,LOT_S01,RDS(on),0,45.354335443303846,mOhm,125.0,Operating Life / Power Conduction (TJ=125-150°C),ATE_BENCH_01,CH_02,VALID,0,,60.0,synthetic
LOT_S01_C002,LOT_S01,RDS(on),24,45.8778328499708,mOhm,125.0,Operating Life / Power Conduction (TJ=125-150°C),ATE_BENCH_01,CH_02,VALID,0,,60.0,synthetic
LOT_S01_C002,LOT_S01,RDS(on),96,45.88079321011586,mOhm,125.0,Operating Life / Power Conduction (TJ=125-150°C),ATE_BENCH_01,CH_02,VALID,0,,60.0,synthetic
LOT_S01_C002,LOT_S01,RDS(on),168,45.002940715080506,mOhm,125.0,Operating Life / Power Conduction (TJ=125-150°C),ATE_BENCH_01,CH_02,VALID,0,,60.0,synthetic
LOT_S01_C002,LOT_S01,IGSS,0,-1.8788459311494083,nA,150.0,"HTGB (150°C, ±20V)",ATE_BENCH_01,CH_02,VALID,0,-100.0,100.0,synthetic
LOT_S01_C002,LOT_S01,IGSS,24,-1.887578673513004,nA,150.0,"HTGB (150°C, ±20V)",ATE_BENCH_01,CH_02,VALID,0,-100.0,100.0,synthetic
LOT_S01_C002,LOT_S01,IGSS,96,-1.7570308134252148,nA,150.0,"HTGB (150°C, ±20V)",ATE_BENCH_01,CH_02,VALID,0,-100.0,100.0,synthetic
LOT_S01_C002,LOT_S01,IGSS,168,-2.4533288619166784,nA,150.0,"HTGB (150°C, ±20V)",ATE_BENCH_01,CH_02,VALID,0,-100.0,100.0,synthetic
LOT_S01_C003,LOT_S01,IDSS,0,0.48592319415303936,uA,150.0,"HTRB (150°C, 80V)",ATE_BENCH_01,CH_03,VALID,0,,10.0,synthetic
LOT_S01_C003,LOT_S01,IDSS,24,0.5307296609613057,uA,150.0,"HTRB (150°C, 80V)",ATE_BENCH_01,CH_03,VALID,0,,10.0,synthetic
LOT_S01_C003,LOT_S01,IDSS,96,0.4468471064902918,uA,150.0,"HTRB (150°C, 80V)",ATE_BENCH_01,CH_03,VALID,0,,10.0,synthetic
LOT_S01_C003,LOT_S01,IDSS,168,0.5060099525128887,uA,150.0,"HTRB (150°C, 80V)",ATE_BENCH_01,CH_03,VALID,0,,10.0,synthetic
LOT_S01_C003,LOT_S01,VGS(th),0,2.9665510947307605,V,150.0,"HTGB (150°C, 20V)",ATE_BENCH_01,CH_03,VALID,0,2.0,4.0,synthetic
LOT_S01_C003,LOT_S01,VGS(th),24,2.9621401248987302,V,150.0,"HTGB (150°C, 20V)",ATE_BENCH_01,CH_03,VALID,0,2.0,4.0,synthetic
LOT_S01_C003,LOT_S01,VGS(th),96,2.9416858619726187,V,150.0,"HTGB (150°C, 20V)",ATE_BENCH_01,CH_03,VALID,0,2.0,4.0,synthetic
LOT_S01_C003,LOT_S01,VGS(th),168,2.9655191395249503,V,150.0,"HTGB (150°C, 20V)",ATE_BENCH_01,CH_03,VALID,0,2.0,4.0,synthetic
LOT_S01_C003,LOT_S01,RDS(on),0,44.99530086076374,mOhm,125.0,Operating Life / Power Conduction (TJ=125-150°C),ATE_BENCH_01,CH_03,VALID,0,,60.0,synthetic
LOT_S01_C003,LOT_S01,RDS(on),24,45.0524950155548,mOhm,125.0,Operating Life / Power Conduction (TJ=125-150°C),ATE_BENCH_01,CH_03,VALID,0,,60.0,synthetic
LOT_S01_C003,LOT_S01,RDS(on),96,45.29878912574682,mOhm,125.0,Operating Life / Power Conduction (TJ=125-150°C),ATE_BENCH_01,CH_03,VALID,0,,60.0,synthetic
LOT_S01_C003,LOT_S01,RDS(on),168,45.294793789137096,mOhm,125.0,Operating Life / Power Conduction (TJ=125-150°C),ATE_BENCH_01,CH_03,VALID,0,,60.0,synthetic
LOT_S01_C003,LOT_S01,IGSS,0,1.4300232214021948,nA,150.0,"HTGB (150°C, ±20V)",ATE_BENCH_01,CH_03,VALID,0,-100.0,100.0,synthetic
LOT_S01_C003,LOT_S01,IGSS,24,1.870332233078953,nA,150.0,"HTGB (150°C, ±20V)",ATE_BENCH_01,CH_03,VALID,0,-100.0,100.0,synthetic
LOT_S01_C003,LOT_S01,IGSS,96,1.8834538341093106,nA,150.0,"HTGB (150°C, ±20V)",ATE_BENCH_01,CH_03,VALID,0,-100.0,100.0,synthetic
LOT_S01_C003,LOT_S01,IGSS,168,1.8168528941840671,nA,150.0,"HTGB (150°C, ±20V)",ATE_BENCH_01,CH_03,VALID,0,-100.0,100.0,synthetic
LOT_S02_C001,LOT_S02,IDSS,0,0.4275944034226429,uA,150.0,"HTRB (150°C, 80V)",ATE_BENCH_01,CH_01,VALID,0,,10.0,synthetic
LOT_S02_C001,LOT_S02,IDSS,24,0.3343291726832806,uA,150.0,"HTRB (150°C, 80V)",ATE_BENCH_01,CH_01,VALID,0,,10.0,synthetic
LOT_S02_C001,LOT_S02,IDSS,96,0.3671836655749694,uA,150.0,"HTRB (150°C, 80V)",ATE_BENCH_01,CH_01,VALID,0,,10.0,synthetic
LOT_S02_C001,LOT_S02,IDSS,168,0.3207451105310781,uA,150.0,"HTRB (150°C, 80V)",ATE_BENCH_01,CH_01,VALID,0,,10.0,synthetic
LOT_S02_C001,LOT_S02,VGS(th),0,2.923257801476533,V,150.0,"HTGB (150°C, 20V)",ATE_BENCH_01,CH_01,VALID,0,2.0,4.0,synthetic
LOT_S02_C001,LOT_S02,VGS(th),24,2.9821101553971596,V,150.0,"HTGB (150°C, 20V)",ATE_BENCH_01,CH_01,VALID,0,2.0,4.0,synthetic
LOT_S02_C001,LOT_S02,VGS(th),96,2.961801717813577,V,150.0,"HTGB (150°C, 20V)",ATE_BENCH_01,CH_01,VALID,0,2.0,4.0,synthetic
LOT_S02_C001,LOT_S02,VGS(th),168,2.927955588055535,V,150.0,"HTGB (150°C, 20V)",ATE_BENCH_01,CH_01,VALID,0,2.0,4.0,synthetic
LOT_S02_C001,LOT_S02,RDS(on),0,40.93899569785525,mOhm,125.0,Operating Life / Power Conduction (TJ=125-150°C),ATE_BENCH_01,CH_01,VALID,0,,60.0,synthetic
LOT_S02_C001,LOT_S02,RDS(on),24,42.70600142873707,mOhm,125.0,Operating Life / Power Conduction (TJ=125-150°C),ATE_BENCH_01,CH_01,VALID,0,,60.0,synthetic
LOT_S02_C001,LOT_S02,RDS(on),96,43.32074383658718,mOhm,125.0,Operating Life / Power Conduction (TJ=125-150°C),ATE_BENCH_01,CH_01,VALID,0,,60.0,synthetic
LOT_S02_C001,LOT_S02,RDS(on),168,42.417120418633004,mOhm,125.0,Operating Life / Power Conduction (TJ=125-150°C),ATE_BENCH_01,CH_01,VALID,0,,60.0,synthetic
LOT_S02_C001,LOT_S02,IGSS,0,1.7238105358966842,nA,150.0,"HTGB (150°C, ±20V)",ATE_BENCH_01,CH_01,VALID,0,-100.0,100.0,synthetic
LOT_S02_C001,LOT_S02,IGSS,24,1.6682881095269502,nA,150.0,"HTGB (150°C, ±20V)",ATE_BENCH_01,CH_01,VALID,0,-100.0,100.0,synthetic
LOT_S02_C001,LOT_S02,IGSS,96,1.5741808193992615,nA,150.0,"HTGB (150°C, ±20V)",ATE_BENCH_01,CH_01,VALID,0,-100.0,100.0,synthetic
LOT_S02_C001,LOT_S02,IGSS,168,1.2531229286738395,nA,150.0,"HTGB (150°C, ±20V)",ATE_BENCH_01,CH_01,VALID,0,-100.0,100.0,synthetic
LOT_S02_C002,LOT_S02,IDSS,0,2.7074178791471892,uA,150.0,"HTRB (150°C, 80V)",ATE_BENCH_01,CH_02,VALID,0,,10.0,synthetic
LOT_S02_C002,LOT_S02,IDSS,24,2.496843928047733,uA,150.0,"HTRB (150°C, 80V)",ATE_BENCH_01,CH_02,VALID,0,,10.0,synthetic
LOT_S02_C002,LOT_S02,IDSS,96,2.7905917199935946,uA,150.0,"HTRB (150°C, 80V)",ATE_BENCH_01,CH_02,VALID,0,,10.0,synthetic
LOT_S02_C002,LOT_S02,IDSS,168,2.607017067795217,uA,150.0,"HTRB (150°C, 80V)",ATE_BENCH_01,CH_02,VALID,0,,10.0,synthetic
LOT_S02_C002,LOT_S02,VGS(th),0,3.0405908781093487,V,150.0,"HTGB (150°C, 20V)",ATE_BENCH_01,CH_02,VALID,0,2.0,4.0,synthetic
LOT_S02_C002,LOT_S02,VGS(th),24,3.0630782403995003,V,150.0,"HTGB (150°C, 20V)",ATE_BENCH_01,CH_02,VALID,0,2.0,4.0,synthetic
LOT_S02_C002,LOT_S02,VGS(th),96,3.026040831808424,V,150.0,"HTGB (150°C, 20V)",ATE_BENCH_01,CH_02,VALID,0,2.0,4.0,synthetic
LOT_S02_C002,LOT_S02,VGS(th),168,3.0475785521028897,V,150.0,"HTGB (150°C, 20V)",ATE_BENCH_01,CH_02,VALID,0,2.0,4.0,synthetic
LOT_S02_C002,LOT_S02,RDS(on),0,51.15061673402876,mOhm,125.0,Operating Life / Power Conduction (TJ=125-150°C),ATE_BENCH_01,CH_02,VALID,0,,60.0,synthetic
LOT_S02_C002,LOT_S02,RDS(on),24,52.656230360752964,mOhm,125.0,Operating Life / Power Conduction (TJ=125-150°C),ATE_BENCH_01,CH_02,VALID,0,,60.0,synthetic
LOT_S02_C002,LOT_S02,RDS(on),96,51.97045319013411,mOhm,125.0,Operating Life / Power Conduction (TJ=125-150°C),ATE_BENCH_01,CH_02,VALID,0,,60.0,synthetic
LOT_S02_C002,LOT_S02,RDS(on),168,51.863041816524834,mOhm,125.0,Operating Life / Power Conduction (TJ=125-150°C),ATE_BENCH_01,CH_02,VALID,0,,60.0,synthetic
LOT_S02_C002,LOT_S02,IGSS,0,-1.2317056650764435,nA,150.0,"HTGB (150°C, ±20V)",ATE_BENCH_01,CH_02,VALID,0,-100.0,100.0,synthetic
LOT_S02_C002,LOT_S02,IGSS,24,-2.6309977259249524,nA,150.0,"HTGB (150°C, ±20V)",ATE_BENCH_01,CH_02,VALID,0,-100.0,100.0,synthetic
LOT_S02_C002,LOT_S02,IGSS,96,-1.115117764864962,nA,150.0,"HTGB (150°C, ±20V)",ATE_BENCH_01,CH_02,VALID,0,-100.0,100.0,synthetic
LOT_S02_C002,LOT_S02,IGSS,168,-2.1366212285771935,nA,150.0,"HTGB (150°C, ±20V)",ATE_BENCH_01,CH_02,VALID,0,-100.0,100.0,synthetic
LOT_S02_C003,LOT_S02,IDSS,0,0.5523571364025602,uA,150.0,"HTRB (150°C, 80V)",ATE_BENCH_01,CH_03,VALID,0,,10.0,synthetic
LOT_S02_C003,LOT_S02,IDSS,24,0.5837425668089903,uA,150.0,"HTRB (150°C, 80V)",ATE_BENCH_01,CH_03,VALID,0,,10.0,synthetic
LOT_S02_C003,LOT_S02,IDSS,96,0.6279690893303915,uA,150.0,"HTRB (150°C, 80V)",ATE_BENCH_01,CH_03,VALID,0,,10.0,synthetic
LOT_S02_C003,LOT_S02,IDSS,168,0.5365080834376356,uA,150.0,"HTRB (150°C, 80V)",ATE_BENCH_01,CH_03,VALID,0,,10.0,synthetic
LOT_S02_C003,LOT_S02,VGS(th),0,3.0074921545473217,V,150.0,"HTGB (150°C, 20V)",ATE_BENCH_01,CH_03,VALID,0,2.0,4.0,synthetic
LOT_S02_C003,LOT_S02,VGS(th),24,2.9933510517954,V,150.0,"HTGB (150°C, 20V)",ATE_BENCH_01,CH_03,VALID,0,2.0,4.0,synthetic
LOT_S02_C003,LOT_S02,VGS(th),96,2.9885549001995297,V,150.0,"HTGB (150°C, 20V)",ATE_BENCH_01,CH_03,VALID,0,2.0,4.0,synthetic
LOT_S02_C003,LOT_S02,VGS(th),168,3.0069505656090367,V,150.0,"HTGB (150°C, 20V)",ATE_BENCH_01,CH_03,VALID,0,2.0,4.0,synthetic
LOT_S02_C003,LOT_S02,RDS(on),0,39.70721902704623,mOhm,125.0,Operating Life / Power Conduction (TJ=125-150°C),ATE_BENCH_01,CH_03,VALID,0,,60.0,synthetic
LOT_S02_C003,LOT_S02,RDS(on),24,40.42386612712401,mOhm,125.0,Operating Life / Power Conduction (TJ=125-150°C),ATE_BENCH_01,CH_03,VALID,0,,60.0,synthetic
LOT_S02_C003,LOT_S02,RDS(on),96,39.87800631354006,mOhm,125.0,Operating Life / Power Conduction (TJ=125-150°C),ATE_BENCH_01,CH_03,VALID,0,,60.0,synthetic
LOT_S02_C003,LOT_S02,RDS(on),168,40.27186518339916,mOhm,125.0,Operating Life / Power Conduction (TJ=125-150°C),ATE_BENCH_01,CH_03,VALID,0,,60.0,synthetic
LOT_S02_C003,LOT_S02,IGSS,0,2.2384690941114216,nA,150.0,"HTGB (150°C, ±20V)",ATE_BENCH_01,CH_03,VALID,0,-100.0,100.0,synthetic
LOT_S02_C003,LOT_S02,IGSS,24,3.039072314997349,nA,150.0,"HTGB (150°C, ±20V)",ATE_BENCH_01,CH_03,VALID,0,-100.0,100.0,synthetic
LOT_S02_C003,LOT_S02,IGSS,96,2.9540609901756296,nA,150.0,"HTGB (150°C, ±20V)",ATE_BENCH_01,CH_03,VALID,0,-100.0,100.0,synthetic
LOT_S02_C003,LOT_S02,IGSS,168,3.2746160855777835,nA,150.0,"HTGB (150°C, ±20V)",ATE_BENCH_01,CH_03,VALID,0,-100.0,100.0,synthetic
LOT_S02_C004,LOT_S02,IDSS,0,0.4616261019473968,uA,150.0,"HTRB (150°C, 80V)",ATE_BENCH_01,CH_04,VALID,0,,10.0,synthetic
LOT_S02_C004,LOT_S02,IDSS,24,0.49140472112941297,uA,150.0,"HTRB (150°C, 80V)",ATE_BENCH_01,CH_04,VALID,0,,10.0,synthetic
LOT_S02_C004,LOT_S02,IDSS,96,0.5576908069081921,uA,150.0,"HTRB (150°C, 80V)",ATE_BENCH_01,CH_04,VALID,0,,10.0,synthetic
LOT_S02_C004,LOT_S02,IDSS,168,0.5210241971325199,uA,150.0,"HTRB (150°C, 80V)",ATE_BENCH_01,CH_04,VALID,0,,10.0,synthetic
LOT_S02_C004,LOT_S02,VGS(th),0,3.3407220561028397,V,150.0,"HTGB (150°C, 20V)",ATE_BENCH_01,CH_04,VALID,0,2.0,4.0,synthetic
LOT_S02_C004,LOT_S02,VGS(th),24,3.3847123822634377,V,150.0,"HTGB (150°C, 20V)",ATE_BENCH_01,CH_04,VALID,0,2.0,4.0,synthetic
LOT_S02_C004,LOT_S02,VGS(th),96,3.3916418934598296,V,150.0,"HTGB (150°C, 20V)",ATE_BENCH_01,CH_04,VALID,0,2.0,4.0,synthetic
LOT_S02_C004,LOT_S02,VGS(th),168,3.4205022103520726,V,150.0,"HTGB (150°C, 20V)",ATE_BENCH_01,CH_04,VALID,0,2.0,4.0,synthetic
LOT_S02_C004,LOT_S02,RDS(on),0,53.73459732804216,mOhm,125.0,Operating Life / Power Conduction (TJ=125-150°C),ATE_BENCH_01,CH_04,VALID,0,,60.0,synthetic
LOT_S02_C004,LOT_S02,RDS(on),24,52.70606940285961,mOhm,125.0,Operating Life / Power Conduction (TJ=125-150°C),ATE_BENCH_01,CH_04,VALID,0,,60.0,synthetic
LOT_S02_C004,LOT_S02,RDS(on),96,53.704239096405715,mOhm,125.0,Operating Life / Power Conduction (TJ=125-150°C),ATE_BENCH_01,CH_04,VALID,0,,60.0,synthetic
LOT_S02_C004,LOT_S02,RDS(on),168,54.01842521633625,mOhm,125.0,Operating Life / Power Conduction (TJ=125-150°C),ATE_BENCH_01,CH_04,VALID,0,,60.0,synthetic
LOT_S02_C004,LOT_S02,IGSS,0,-4.498218230068859,nA,150.0,"HTGB (150°C, ±20V)",ATE_BENCH_01,CH_04,VALID,0,-100.0,100.0,synthetic
LOT_S02_C004,LOT_S02,IGSS,24,-3.0381613636340163,nA,150.0,"HTGB (150°C, ±20V)",ATE_BENCH_01,CH_04,VALID,0,-100.0,100.0,synthetic
LOT_S02_C004,LOT_S02,IGSS,96,-4.19828740975774,nA,150.0,"HTGB (150°C, ±20V)",ATE_BENCH_01,CH_04,VALID,0,-100.0,100.0,synthetic
LOT_S02_C004,LOT_S02,IGSS,168,-2.5711061769781773,nA,150.0,"HTGB (150°C, ±20V)",ATE_BENCH_01,CH_04,VALID,0,-100.0,100.0,synthetic
LOT_S02_C005,LOT_S02,IDSS,0,0.4828843501186866,uA,150.0,"HTRB (150°C, 80V)",ATE_BENCH_01,CH_05,VALID,0,,10.0,synthetic
LOT_S02_C005,LOT_S02,IDSS,24,0.46331113245554756,uA,150.0,"HTRB (150°C, 80V)",ATE_BENCH_01,CH_05,VALID,0,,10.0,synthetic
LOT_S02_C005,LOT_S02,IDSS,96,0.47404387278264065,uA,150.0,"HTRB (150°C, 80V)",ATE_BENCH_01,CH_05,VALID,0,,10.0,synthetic
LOT_S02_C005,LOT_S02,IDSS,168,0.4778544221859239,uA,150.0,"HTRB (150°C, 80V)",ATE_BENCH_01,CH_05,VALID,0,,10.0,synthetic
LOT_S02_C005,LOT_S02,VGS(th),0,2.9537386042292875,V,150.0,"HTGB (150°C, 20V)",ATE_BENCH_01,CH_05,VALID,0,2.0,4.0,synthetic
LOT_S02_C005,LOT_S02,VGS(th),24,3.0161127025346937,V,150.0,"HTGB (150°C, 20V)",ATE_BENCH_01,CH_05,VALID,0,2.0,4.0,synthetic
LOT_S02_C005,LOT_S02,VGS(th),96,2.9827882099706953,V,150.0,"HTGB (150°C, 20V)",ATE_BENCH_01,CH_05,VALID,0,2.0,4.0,synthetic
LOT_S02_C005,LOT_S02,VGS(th),168,2.964742679806745,V,150.0,"HTGB (150°C, 20V)",ATE_BENCH_01,CH_05,VALID,0,2.0,4.0,synthetic
LOT_S02_C005,LOT_S02,RDS(on),0,42.56712649614509,mOhm,125.0,Operating Life / Power Conduction (TJ=125-150°C),ATE_BENCH_01,CH_05,VALID,0,,60.0,synthetic
LOT_S02_C005,LOT_S02,RDS(on),24,41.70592497666737,mOhm,125.0,Operating Life / Power Conduction (TJ=125-150°C),ATE_BENCH_01,CH_05,VALID,0,,60.0,synthetic
LOT_S02_C005,LOT_S02,RDS(on),96,42.46351905770487,mOhm,125.0,Operating Life / Power Conduction (TJ=125-150°C),ATE_BENCH_01,CH_05,VALID,0,,60.0,synthetic
LOT_S02_C005,LOT_S02,RDS(on),168,43.32295161636027,mOhm,125.0,Operating Life / Power Conduction (TJ=125-150°C),ATE_BENCH_01,CH_05,VALID,0,,60.0,synthetic
LOT_S02_C005,LOT_S02,IGSS,0,2.5127261205430056,nA,150.0,"HTGB (150°C, ±20V)",ATE_BENCH_01,CH_05,VALID,0,-100.0,100.0,synthetic
LOT_S02_C005,LOT_S02,IGSS,24,3.1331871657656225,nA,150.0,"HTGB (150°C, ±20V)",ATE_BENCH_01,CH_05,VALID,0,-100.0,100.0,synthetic
LOT_S02_C005,LOT_S02,IGSS,96,2.9037639406779143,nA,150.0,"HTGB (150°C, ±20V)",ATE_BENCH_01,CH_05,VALID,0,-100.0,100.0,synthetic
LOT_S02_C005,LOT_S02,IGSS,168,2.6582592466708737,nA,150.0,"HTGB (150°C, ±20V)",ATE_BENCH_01,CH_05,VALID,0,-100.0,100.0,synthetic
LOT_S03_C001,LOT_S03,IDSS,0,0.5963206956121018,uA,150.0,"HTRB (150°C, 80V)",ATE_BENCH_01,CH_01,VALID,0,,10.0,synthetic
LOT_S03_C001,LOT_S03,IDSS,24,0.540012845314191,uA,150.0,"HTRB (150°C, 80V)",ATE_BENCH_01,CH_01,VALID,0,,10.0,synthetic
LOT_S03_C001,LOT_S03,IDSS,96,0.5510620785402773,uA,150.0,"HTRB (150°C, 80V)",ATE_BENCH_01,CH_01,VALID,0,,10.0,synthetic
LOT_S03_C001,LOT_S03,IDSS,168,0.5467478307899396,uA,150.0,"HTRB (150°C, 80V)",ATE_BENCH_01,CH_01,VALID,0,,10.0,synthetic
LOT_S03_C001,LOT_S03,VGS(th),0,2.9596478126194046,V,150.0,"HTGB (150°C, 20V)",ATE_BENCH_01,CH_01,VALID,0,2.0,4.0,synthetic
LOT_S03_C001,LOT_S03,VGS(th),24,2.912640250769699,V,150.0,"HTGB (150°C, 20V)",ATE_BENCH_01,CH_01,VALID,0,2.0,4.0,synthetic
LOT_S03_C001,LOT_S03,VGS(th),96,2.9258718848557996,V,150.0,"HTGB (150°C, 20V)",ATE_BENCH_01,CH_01,VALID,0,2.0,4.0,synthetic
LOT_S03_C001,LOT_S03,VGS(th),168,2.953652201363156,V,150.0,"HTGB (150°C, 20V)",ATE_BENCH_01,CH_01,VALID,0,2.0,4.0,synthetic
LOT_S03_C001,LOT_S03,RDS(on),0,42.3806477251854,mOhm,125.0,Operating Life / Power Conduction (TJ=125-150°C),ATE_BENCH_01,CH_01,VALID,0,,60.0,synthetic
LOT_S03_C001,LOT_S03,RDS(on),24,41.747655085208464,mOhm,125.0,Operating Life / Power Conduction (TJ=125-150°C),ATE_BENCH_01,CH_01,VALID,0,,60.0,synthetic
LOT_S03_C001,LOT_S03,RDS(on),96,40.69070316490211,mOhm,125.0,Operating Life / Power Conduction (TJ=125-150°C),ATE_BENCH_01,CH_01,VALID,0,,60.0,synthetic
LOT_S03_C001,LOT_S03,RDS(on),168,40.452855780340954,mOhm,125.0,Operating Life / Power Conduction (TJ=125-150°C),ATE_BENCH_01,CH_01,VALID,0,,60.0,synthetic
LOT_S03_C001,LOT_S03,IGSS,0,2.4491052640610795,nA,150.0,"HTGB (150°C, ±20V)",ATE_BENCH_01,CH_01,VALID,0,-100.0,100.0,synthetic
LOT_S03_C001,LOT_S03,IGSS,24,2.038941683713753,nA,150.0,"HTGB (150°C, ±20V)",ATE_BENCH_01,CH_01,VALID,0,-100.0,100.0,synthetic
LOT_S03_C001,LOT_S03,IGSS,96,4.13249491076179,nA,150.0,"HTGB (150°C, ±20V)",ATE_BENCH_01,CH_01,VALID,0,-100.0,100.0,synthetic
LOT_S03_C001,LOT_S03,IGSS,168,2.0150068291238203,nA,150.0,"HTGB (150°C, ±20V)",ATE_BENCH_01,CH_01,VALID,0,-100.0,100.0,synthetic
LOT_S03_C002,LOT_S03,IDSS,0,1.681766014426208,uA,150.0,"HTRB (150°C, 80V)",ATE_BENCH_01,CH_02,VALID,0,,10.0,synthetic
LOT_S03_C002,LOT_S03,IDSS,24,1.8455053081083381,uA,150.0,"HTRB (150°C, 80V)",ATE_BENCH_01,CH_02,VALID,0,,10.0,synthetic
LOT_S03_C002,LOT_S03,IDSS,96,1.6065345664066955,uA,150.0,"HTRB (150°C, 80V)",ATE_BENCH_01,CH_02,VALID,0,,10.0,synthetic
LOT_S03_C002,LOT_S03,IDSS,168,2.0070229513349878,uA,150.0,"HTRB (150°C, 80V)",ATE_BENCH_01,CH_02,VALID,0,,10.0,synthetic
LOT_S03_C002,LOT_S03,VGS(th),0,3.0036653585210953,V,150.0,"HTGB (150°C, 20V)",ATE_BENCH_01,CH_02,VALID,0,2.0,4.0,synthetic
LOT_S03_C002,LOT_S03,VGS(th),24,3.0453197622690134,V,150.0,"HTGB (150°C, 20V)",ATE_BENCH_01,CH_02,VALID,0,2.0,4.0,synthetic
LOT_S03_C002,LOT_S03,VGS(th),96,2.9950728259349604,V,150.0,"HTGB (150°C, 20V)",ATE_BENCH_01,CH_02,VALID,0,2.0,4.0,synthetic
LOT_S03_C002,LOT_S03,VGS(th),168,3.0193777460481663,V,150.0,"HTGB (150°C, 20V)",ATE_BENCH_01,CH_02,VALID,0,2.0,4.0,synthetic
LOT_S03_C002,LOT_S03,RDS(on),0,47.78417059543368,mOhm,125.0,Operating Life / Power Conduction (TJ=125-150°C),ATE_BENCH_01,CH_02,VALID,0,,60.0,synthetic
LOT_S03_C002,LOT_S03,RDS(on),24,46.753185645006596,mOhm,125.0,Operating Life / Power Conduction (TJ=125-150°C),ATE_BENCH_01,CH_02,VALID,0,,60.0,synthetic
LOT_S03_C002,LOT_S03,RDS(on),96,48.3306131600234,mOhm,125.0,Operating Life / Power Conduction (TJ=125-150°C),ATE_BENCH_01,CH_02,VALID,0,,60.0,synthetic
LOT_S03_C002,LOT_S03,RDS(on),168,47.14870559802373,mOhm,125.0,Operating Life / Power Conduction (TJ=125-150°C),ATE_BENCH_01,CH_02,VALID,0,,60.0,synthetic
LOT_S03_C002,LOT_S03,IGSS,0,-3.7180066937627823,nA,150.0,"HTGB (150°C, ±20V)",ATE_BENCH_01,CH_02,VALID,0,-100.0,100.0,synthetic
LOT_S03_C002,LOT_S03,IGSS,24,-3.6704994240271427,nA,150.0,"HTGB (150°C, ±20V)",ATE_BENCH_01,CH_02,VALID,0,-100.0,100.0,synthetic
LOT_S03_C002,LOT_S03,IGSS,96,-4.764468922745604,nA,150.0,"HTGB (150°C, ±20V)",ATE_BENCH_01,CH_02,VALID,0,-100.0,100.0,synthetic
LOT_S03_C002,LOT_S03,IGSS,168,-5.748095835256672,nA,150.0,"HTGB (150°C, ±20V)",ATE_BENCH_01,CH_02,VALID,0,-100.0,100.0,synthetic
LOT_S03_C003,LOT_S03,IDSS,0,0.527809172411852,uA,150.0,"HTRB (150°C, 80V)",ATE_BENCH_01,CH_03,VALID,0,,10.0,synthetic
LOT_S03_C003,LOT_S03,IDSS,24,0.47897201170751036,uA,150.0,"HTRB (150°C, 80V)",ATE_BENCH_01,CH_03,VALID,0,,10.0,synthetic
LOT_S03_C003,LOT_S03,IDSS,96,0.507475157057682,uA,150.0,"HTRB (150°C, 80V)",ATE_BENCH_01,CH_03,VALID,0,,10.0,synthetic
LOT_S03_C003,LOT_S03,IDSS,168,0.5614439665327566,uA,150.0,"HTRB (150°C, 80V)",ATE_BENCH_01,CH_03,VALID,0,,10.0,synthetic
LOT_S03_C003,LOT_S03,VGS(th),0,2.934289978929401,V,150.0,"HTGB (150°C, 20V)",ATE_BENCH_01,CH_03,VALID,0,2.0,4.0,synthetic
LOT_S03_C003,LOT_S03,VGS(th),24,2.878563160144193,V,150.0,"HTGB (150°C, 20V)",ATE_BENCH_01,CH_03,VALID,0,2.0,4.0,synthetic
LOT_S03_C003,LOT_S03,VGS(th),96,2.89794658341051,V,150.0,"HTGB (150°C, 20V)",ATE_BENCH_01,CH_03,VALID,0,2.0,4.0,synthetic
LOT_S03_C003,LOT_S03,VGS(th),168,2.920490009804719,V,150.0,"HTGB (150°C, 20V)",ATE_BENCH_01,CH_03,VALID,0,2.0,4.0,synthetic
LOT_S03_C003,LOT_S03,RDS(on),0,39.71533544804111,mOhm,125.0,Operating Life / Power Conduction (TJ=125-150°C),ATE_BENCH_01,CH_03,VALID,0,,60.0,synthetic
LOT_S03_C003,LOT_S03,RDS(on),24,39.45930707357702,mOhm,125.0,Operating Life / Power Conduction (TJ=125-150°C),ATE_BENCH_01,CH_03,VALID,0,,60.0,synthetic
LOT_S03_C003,LOT_S03,RDS(on),96,38.83911113221593,mOhm,125.0,Operating Life / Power Conduction (TJ=125-150°C),ATE_BENCH_01,CH_03,VALID,0,,60.0,synthetic
LOT_S03_C003,LOT_S03,RDS(on),168,40.42589311371319,mOhm,125.0,Operating Life / Power Conduction (TJ=125-150°C),ATE_BENCH_01,CH_03,VALID,0,,60.0,synthetic
LOT_S03_C003,LOT_S03,IGSS,0,2.6928156447929816,nA,150.0,"HTGB (150°C, ±20V)",ATE_BENCH_01,CH_03,VALID,0,-100.0,100.0,synthetic
LOT_S03_C003,LOT_S03,IGSS,24,3.3445098629677297,nA,150.0,"HTGB (150°C, ±20V)",ATE_BENCH_01,CH_03,VALID,0,-100.0,100.0,synthetic
LOT_S03_C003,LOT_S03,IGSS,96,1.8138070451461978,nA,150.0,"HTGB (150°C, ±20V)",ATE_BENCH_01,CH_03,VALID,0,-100.0,100.0,synthetic
LOT_S03_C003,LOT_S03,IGSS,168,1.795344296714187,nA,150.0,"HTGB (150°C, ±20V)",ATE_BENCH_01,CH_03,VALID,0,-100.0,100.0,synthetic
LOT_S03_C004,LOT_S03,IDSS,0,0.6251949579657395,uA,150.0,"HTRB (150°C, 80V)",ATE_BENCH_01,CH_04,VALID,0,,10.0,synthetic
LOT_S03_C004,LOT_S03,IDSS,24,0.6009796316562848,uA,150.0,"HTRB (150°C, 80V)",ATE_BENCH_01,CH_04,VALID,0,,10.0,synthetic
LOT_S03_C004,LOT_S03,IDSS,96,0.5498408952148622,uA,150.0,"HTRB (150°C, 80V)",ATE_BENCH_01,CH_04,VALID,0,,10.0,synthetic
LOT_S03_C004,LOT_S03,IDSS,168,0.667625367513737,uA,150.0,"HTRB (150°C, 80V)",ATE_BENCH_01,CH_04,VALID,0,,10.0,synthetic
LOT_S03_C004,LOT_S03,VGS(th),0,3.3444952387730527,V,150.0,"HTGB (150°C, 20V)",ATE_BENCH_01,CH_04,VALID,0,2.0,4.0,synthetic
LOT_S03_C004,LOT_S03,VGS(th),24,3.3099675608021832,V,150.0,"HTGB (150°C, 20V)",ATE_BENCH_01,CH_04,VALID,0,2.0,4.0,synthetic
LOT_S03_C004,LOT_S03,VGS(th),96,3.3288565418546057,V,150.0,"HTGB (150°C, 20V)",ATE_BENCH_01,CH_04,VALID,0,2.0,4.0,synthetic
LOT_S03_C004,LOT_S03,VGS(th),168,3.3753037201614524,V,150.0,"HTGB (150°C, 20V)",ATE_BENCH_01,CH_04,VALID,0,2.0,4.0,synthetic
LOT_S03_C004,LOT_S03,RDS(on),0,45.342582049012584,mOhm,125.0,Operating Life / Power Conduction (TJ=125-150°C),ATE_BENCH_01,CH_04,VALID,0,,60.0,synthetic
LOT_S03_C004,LOT_S03,RDS(on),24,45.24387180288597,mOhm,125.0,Operating Life / Power Conduction (TJ=125-150°C),ATE_BENCH_01,CH_04,VALID,0,,60.0,synthetic
LOT_S03_C004,LOT_S03,RDS(on),96,44.83279693413935,mOhm,125.0,Operating Life / Power Conduction (TJ=125-150°C),ATE_BENCH_01,CH_04,VALID,0,,60.0,synthetic
LOT_S03_C004,LOT_S03,RDS(on),168,45.4415612380225,mOhm,125.0,Operating Life / Power Conduction (TJ=125-150°C),ATE_BENCH_01,CH_04,VALID,0,,60.0,synthetic
LOT_S03_C004,LOT_S03,IGSS,0,-3.2366481851676463,nA,150.0,"HTGB (150°C, ±20V)",ATE_BENCH_01,CH_04,VALID,0,-100.0,100.0,synthetic
LOT_S03_C004,LOT_S03,IGSS,24,-4.042963453319389,nA,150.0,"HTGB (150°C, ±20V)",ATE_BENCH_01,CH_04,VALID,0,-100.0,100.0,synthetic
LOT_S03_C004,LOT_S03,IGSS,96,-2.7065492003753087,nA,150.0,"HTGB (150°C, ±20V)",ATE_BENCH_01,CH_04,VALID,0,-100.0,100.0,synthetic
LOT_S03_C004,LOT_S03,IGSS,168,-2.433290117489946,nA,150.0,"HTGB (150°C, ±20V)",ATE_BENCH_01,CH_04,VALID,0,-100.0,100.0,synthetic
LOT_S03_C005,LOT_S03,IDSS,0,0.4341122526729991,uA,150.0,"HTRB (150°C, 80V)",ATE_BENCH_01,CH_05,VALID,0,,10.0,synthetic
LOT_S03_C005,LOT_S03,IDSS,24,0.4127967925492369,uA,150.0,"HTRB (150°C, 80V)",ATE_BENCH_01,CH_05,VALID,0,,10.0,synthetic
LOT_S03_C005,LOT_S03,IDSS,96,0.3930836647442568,uA,150.0,"HTRB (150°C, 80V)",ATE_BENCH_01,CH_05,VALID,0,,10.0,synthetic
LOT_S03_C005,LOT_S03,IDSS,168,0.3814130195387271,uA,150.0,"HTRB (150°C, 80V)",ATE_BENCH_01,CH_05,VALID,0,,10.0,synthetic
LOT_S03_C005,LOT_S03,VGS(th),0,2.8856700062145335,V,150.0,"HTGB (150°C, 20V)",ATE_BENCH_01,CH_05,VALID,0,2.0,4.0,synthetic
LOT_S03_C005,LOT_S03,VGS(th),24,2.845448626224958,V,150.0,"HTGB (150°C, 20V)",ATE_BENCH_01,CH_05,VALID,0,2.0,4.0,synthetic
LOT_S03_C005,LOT_S03,VGS(th),96,2.873962150383675,V,150.0,"HTGB (150°C, 20V)",ATE_BENCH_01,CH_05,VALID,0,2.0,4.0,synthetic
LOT_S03_C005,LOT_S03,VGS(th),168,2.8530809384247457,V,150.0,"HTGB (150°C, 20V)",ATE_BENCH_01,CH_05,VALID,0,2.0,4.0,synthetic
LOT_S03_C005,LOT_S03,RDS(on),0,40.46752013137897,mOhm,125.0,Operating Life / Power Conduction (TJ=125-150°C),ATE_BENCH_01,CH_05,VALID,0,,60.0,synthetic
LOT_S03_C005,LOT_S03,RDS(on),24,39.29894976146982,mOhm,125.0,Operating Life / Power Conduction (TJ=125-150°C),ATE_BENCH_01,CH_05,VALID,0,,60.0,synthetic
LOT_S03_C005,LOT_S03,RDS(on),96,39.75369653761528,mOhm,125.0,Operating Life / Power Conduction (TJ=125-150°C),ATE_BENCH_01,CH_05,VALID,0,,60.0,synthetic
LOT_S03_C005,LOT_S03,RDS(on),168,40.080581721164364,mOhm,125.0,Operating Life / Power Conduction (TJ=125-150°C),ATE_BENCH_01,CH_05,VALID,0,,60.0,synthetic
LOT_S03_C005,LOT_S03,IGSS,0,2.1322113554972977,nA,150.0,"HTGB (150°C, ±20V)",ATE_BENCH_01,CH_05,VALID,0,-100.0,100.0,synthetic
LOT_S03_C005,LOT_S03,IGSS,24,2.663820526026858,nA,150.0,"HTGB (150°C, ±20V)",ATE_BENCH_01,CH_05,VALID,0,-100.0,100.0,synthetic
LOT_S03_C005,LOT_S03,IGSS,96,1.6763284949686488,nA,150.0,"HTGB (150°C, ±20V)",ATE_BENCH_01,CH_05,VALID,0,-100.0,100.0,synthetic
LOT_S03_C005,LOT_S03,IGSS,168,1.5088512743929545,nA,150.0,"HTGB (150°C, ±20V)",ATE_BENCH_01,CH_05,VALID,0,-100.0,100.0,synthetic
LOT_S03_C006,LOT_S03,IDSS,0,0.5707749776479334,uA,150.0,"HTRB (150°C, 80V)",ATE_BENCH_01,CH_06,VALID,0,,10.0,synthetic
LOT_S03_C006,LOT_S03,IDSS,24,0.5694092909937466,uA,150.0,"HTRB (150°C, 80V)",ATE_BENCH_01,CH_06,VALID,0,,10.0,synthetic
LOT_S03_C006,LOT_S03,IDSS,96,0.610026642820032,uA,150.0,"HTRB (150°C, 80V)",ATE_BENCH_01,CH_06,VALID,0,,10.0,synthetic
LOT_S03_C006,LOT_S03,IDSS,168,0.6031944472861699,uA,150.0,"HTRB (150°C, 80V)",ATE_BENCH_01,CH_06,VALID,0,,10.0,synthetic
LOT_S03_C006,LOT_S03,VGS(th),0,2.955263314795724,V,150.0,"HTGB (150°C, 20V)",ATE_BENCH_01,CH_06,VALID,0,2.0,4.0,synthetic
LOT_S03_C006,LOT_S03,VGS(th),24,2.9585288108636205,V,150.0,"HTGB (150°C, 20V)",ATE_BENCH_01,CH_06,VALID,0,2.0,4.0,synthetic
LOT_S03_C006,LOT_S03,VGS(th),96,2.9704444293643575,V,150.0,"HTGB (150°C, 20V)",ATE_BENCH_01,CH_06,VALID,0,2.0,4.0,synthetic
LOT_S03_C006,LOT_S03,VGS(th),168,2.902769068880499,V,150.0,"HTGB (150°C, 20V)",ATE_BENCH_01,CH_06,VALID,0,2.0,4.0,synthetic
LOT_S03_C006,LOT_S03,RDS(on),0,54.38179831740086,mOhm,125.0,Operating Life / Power Conduction (TJ=125-150°C),ATE_BENCH_01,CH_06,VALID,0,,60.0,synthetic
LOT_S03_C006,LOT_S03,RDS(on),24,54.45481762278462,mOhm,125.0,Operating Life / Power Conduction (TJ=125-150°C),ATE_BENCH_01,CH_06,VALID,0,,60.0,synthetic
LOT_S03_C006,LOT_S03,RDS(on),96,56.95431129078108,mOhm,125.0,Operating Life / Power Conduction (TJ=125-150°C),ATE_BENCH_01,CH_06,VALID,0,,60.0,synthetic
LOT_S03_C006,LOT_S03,RDS(on),168,56.22069666748988,mOhm,125.0,Operating Life / Power Conduction (TJ=125-150°C),ATE_BENCH_01,CH_06,VALID,0,,60.0,synthetic
LOT_S03_C006,LOT_S03,IGSS,0,-2.7074034646681087,nA,150.0,"HTGB (150°C, ±20V)",ATE_BENCH_01,CH_06,VALID,0,-100.0,100.0,synthetic
LOT_S03_C006,LOT_S03,IGSS,24,-1.8587334329126086,nA,150.0,"HTGB (150°C, ±20V)",ATE_BENCH_01,CH_06,VALID,0,-100.0,100.0,synthetic
LOT_S03_C006,LOT_S03,IGSS,96,-2.463853735945689,nA,150.0,"HTGB (150°C, ±20V)",ATE_BENCH_01,CH_06,VALID,0,-100.0,100.0,synthetic
LOT_S03_C006,LOT_S03,IGSS,168,-2.1043430408052735,nA,150.0,"HTGB (150°C, ±20V)",ATE_BENCH_01,CH_06,VALID,0,-100.0,100.0,synthetic
LOT_S03_C007,LOT_S03,IDSS,0,0.7881158893266269,uA,150.0,"HTRB (150°C, 80V)",ATE_BENCH_01,CH_07,VALID,0,,10.0,synthetic
LOT_S03_C007,LOT_S03,IDSS,24,0.8232635403076324,uA,150.0,"HTRB (150°C, 80V)",ATE_BENCH_01,CH_07,VALID,0,,10.0,synthetic
LOT_S03_C007,LOT_S03,IDSS,96,0.7286418531079776,uA,150.0,"HTRB (150°C, 80V)",ATE_BENCH_01,CH_07,VALID,0,,10.0,synthetic
LOT_S03_C007,LOT_S03,IDSS,168,0.7581341312872607,uA,150.0,"HTRB (150°C, 80V)",ATE_BENCH_01,CH_07,VALID,0,,10.0,synthetic
LOT_S03_C007,LOT_S03,VGS(th),0,2.905301167099766,V,150.0,"HTGB (150°C, 20V)",ATE_BENCH_01,CH_07,VALID,0,2.0,4.0,synthetic
LOT_S03_C007,LOT_S03,VGS(th),24,2.9070940962192506,V,150.0,"HTGB (150°C, 20V)",ATE_BENCH_01,CH_07,VALID,0,2.0,4.0,synthetic
LOT_S03_C007,LOT_S03,VGS(th),96,2.8902970413713573,V,150.0,"HTGB (150°C, 20V)",ATE_BENCH_01,CH_07,VALID,0,2.0,4.0,synthetic
LOT_S03_C007,LOT_S03,VGS(th),168,2.929169687518721,V,150.0,"HTGB (150°C, 20V)",ATE_BENCH_01,CH_07,VALID,0,2.0,4.0,synthetic
LOT_S03_C007,LOT_S03,RDS(on),0,46.50101447947517,mOhm,125.0,Operating Life / Power Conduction (TJ=125-150°C),ATE_BENCH_01,CH_07,VALID,0,,60.0,synthetic
LOT_S03_C007,LOT_S03,RDS(on),24,47.19956040086319,mOhm,125.0,Operating Life / Power Conduction (TJ=125-150°C),ATE_BENCH_01,CH_07,VALID,0,,60.0,synthetic
LOT_S03_C007,LOT_S03,RDS(on),96,47.759013103340656,mOhm,125.0,Operating Life / Power Conduction (TJ=125-150°C),ATE_BENCH_01,CH_07,VALID,0,,60.0,synthetic
LOT_S03_C007,LOT_S03,RDS(on),168,46.807013971414555,mOhm,125.0,Operating Life / Power Conduction (TJ=125-150°C),ATE_BENCH_01,CH_07,VALID,0,,60.0,synthetic
LOT_S03_C007,LOT_S03,IGSS,0,2.8765102516763923,nA,150.0,"HTGB (150°C, ±20V)",ATE_BENCH_01,CH_07,VALID,0,-100.0,100.0,synthetic
LOT_S03_C007,LOT_S03,IGSS,24,1.6183360028049554,nA,150.0,"HTGB (150°C, ±20V)",ATE_BENCH_01,CH_07,VALID,0,-100.0,100.0,synthetic
LOT_S03_C007,LOT_S03,IGSS,96,3.233679433735845,nA,150.0,"HTGB (150°C, ±20V)",ATE_BENCH_01,CH_07,VALID,0,-100.0,100.0,synthetic
LOT_S03_C007,LOT_S03,IGSS,168,4.013661706054661,nA,150.0,"HTGB (150°C, ±20V)",ATE_BENCH_01,CH_07,VALID,0,-100.0,100.0,synthetic
LOT_S03_C008,LOT_S03,IDSS,0,2.71167943453401,uA,150.0,"HTRB (150°C, 80V)",ATE_BENCH_01,CH_08,VALID,0,,10.0,synthetic
LOT_S03_C008,LOT_S03,IDSS,24,3.1639981827142023,uA,150.0,"HTRB (150°C, 80V)",ATE_BENCH_01,CH_08,VALID,0,,10.0,synthetic
LOT_S03_C008,LOT_S03,IDSS,96,3.0061300505465165,uA,150.0,"HTRB (150°C, 80V)",ATE_BENCH_01,CH_08,VALID,0,,10.0,synthetic
LOT_S03_C008,LOT_S03,IDSS,168,2.94075672472936,uA,150.0,"HTRB (150°C, 80V)",ATE_BENCH_01,CH_08,VALID,0,,10.0,synthetic
LOT_S03_C008,LOT_S03,VGS(th),0,3.0533523187776246,V,150.0,"HTGB (150°C, 20V)",ATE_BENCH_01,CH_08,VALID,0,2.0,4.0,synthetic
LOT_S03_C008,LOT_S03,VGS(th),24,3.071695407322793,V,150.0,"HTGB (150°C, 20V)",ATE_BENCH_01,CH_08,VALID,0,2.0,4.0,synthetic
LOT_S03_C008,LOT_S03,VGS(th),96,3.0606428754423636,V,150.0,"HTGB (150°C, 20V)",ATE_BENCH_01,CH_08,VALID,0,2.0,4.0,synthetic
LOT_S03_C008,LOT_S03,VGS(th),168,3.080041276878625,V,150.0,"HTGB (150°C, 20V)",ATE_BENCH_01,CH_08,VALID,0,2.0,4.0,synthetic
LOT_S03_C008,LOT_S03,RDS(on),0,45.00900094994272,mOhm,125.0,Operating Life / Power Conduction (TJ=125-150°C),ATE_BENCH_01,CH_08,VALID,0,,60.0,synthetic
LOT_S03_C008,LOT_S03,RDS(on),24,44.88179623299527,mOhm,125.0,Operating Life / Power Conduction (TJ=125-150°C),ATE_BENCH_01,CH_08,VALID,0,,60.0,synthetic
LOT_S03_C008,LOT_S03,RDS(on),96,44.40801248621802,mOhm,125.0,Operating Life / Power Conduction (TJ=125-150°C),ATE_BENCH_01,CH_08,VALID,0,,60.0,synthetic
LOT_S03_C008,LOT_S03,RDS(on),168,45.06007262133862,mOhm,125.0,Operating Life / Power Conduction (TJ=125-150°C),ATE_BENCH_01,CH_08,VALID,0,,60.0,synthetic
LOT_S03_C008,LOT_S03,IGSS,0,-1.8387329525875227,nA,150.0,"HTGB (150°C, ±20V)",ATE_BENCH_01,CH_08,VALID,0,-100.0,100.0,synthetic
LOT_S03_C008,LOT_S03,IGSS,24,-1.5045771350826174,nA,150.0,"HTGB (150°C, ±20V)",ATE_BENCH_01,CH_08,VALID,0,-100.0,100.0,synthetic
LOT_S03_C008,LOT_S03,IGSS,96,-2.2608045775913297,nA,150.0,"HTGB (150°C, ±20V)",ATE_BENCH_01,CH_08,VALID,0,-100.0,100.0,synthetic
LOT_S03_C008,LOT_S03,IGSS,168,-1.7072856795062141,nA,150.0,"HTGB (150°C, ±20V)",ATE_BENCH_01,CH_08,VALID,0,-100.0,100.0,synthetic
LOT_S04_C001,LOT_S04,IDSS,0,0.43078438502533956,uA,150.0,"HTRB (150°C, 80V)",ATE_BENCH_01,CH_01,VALID,0,,10.0,synthetic
LOT_S04_C001,LOT_S04,IDSS,24,0.4670308338167637,uA,150.0,"HTRB (150°C, 80V)",ATE_BENCH_01,CH_01,VALID,0,,10.0,synthetic
LOT_S04_C001,LOT_S04,IDSS,96,0.414080961681275,uA,150.0,"HTRB (150°C, 80V)",ATE_BENCH_01,CH_01,VALID,0,,10.0,synthetic
LOT_S04_C001,LOT_S04,IDSS,168,0.40221083015960074,uA,150.0,"HTRB (150°C, 80V)",ATE_BENCH_01,CH_01,VALID,0,,10.0,synthetic
LOT_S04_C001,LOT_S04,VGS(th),0,3.2498097431200157,V,150.0,"HTGB (150°C, 20V)",ATE_BENCH_01,CH_01,VALID,0,2.0,4.0,synthetic
LOT_S04_C001,LOT_S04,VGS(th),24,3.252391441484544,V,150.0,"HTGB (150°C, 20V)",ATE_BENCH_01,CH_01,VALID,0,2.0,4.0,synthetic
LOT_S04_C001,LOT_S04,VGS(th),96,3.199487527903324,V,150.0,"HTGB (150°C, 20V)",ATE_BENCH_01,CH_01,VALID,0,2.0,4.0,synthetic
LOT_S04_C001,LOT_S04,VGS(th),168,3.214020250949606,V,150.0,"HTGB (150°C, 20V)",ATE_BENCH_01,CH_01,VALID,0,2.0,4.0,synthetic
LOT_S04_C001,LOT_S04,RDS(on),0,52.72547127280164,mOhm,125.0,Operating Life / Power Conduction (TJ=125-150°C),ATE_BENCH_01,CH_01,VALID,0,,60.0,synthetic
LOT_S04_C001,LOT_S04,RDS(on),24,54.07099025518795,mOhm,125.0,Operating Life / Power Conduction (TJ=125-150°C),ATE_BENCH_01,CH_01,VALID,0,,60.0,synthetic
LOT_S04_C001,LOT_S04,RDS(on),96,54.24388381123317,mOhm,125.0,Operating Life / Power Conduction (TJ=125-150°C),ATE_BENCH_01,CH_01,VALID,0,,60.0,synthetic
LOT_S04_C001,LOT_S04,RDS(on),168,53.50991394538747,mOhm,125.0,Operating Life / Power Conduction (TJ=125-150°C),ATE_BENCH_01,CH_01,VALID,0,,60.0,synthetic
LOT_S04_C001,LOT_S04,IGSS,0,0.9776875593831832,nA,150.0,"HTGB (150°C, ±20V)",ATE_BENCH_01,CH_01,VALID,0,-100.0,100.0,synthetic
LOT_S04_C001,LOT_S04,IGSS,24,2.5246295381481523,nA,150.0,"HTGB (150°C, ±20V)",ATE_BENCH_01,CH_01,VALID,0,-100.0,100.0,synthetic
LOT_S04_C001,LOT_S04,IGSS,96,1.5809508912074004,nA,150.0,"HTGB (150°C, ±20V)",ATE_BENCH_01,CH_01,VALID,0,-100.0,100.0,synthetic
LOT_S04_C001,LOT_S04,IGSS,168,1.2479566410374645,nA,150.0,"HTGB (150°C, ±20V)",ATE_BENCH_01,CH_01,VALID,0,-100.0,100.0,synthetic
LOT_S04_C002,LOT_S04,IDSS,0,2.0646410019853434,uA,150.0,"HTRB (150°C, 80V)",ATE_BENCH_01,CH_02,VALID,0,,10.0,synthetic
LOT_S04_C002,LOT_S04,IDSS,24,2.042180692009892,uA,150.0,"HTRB (150°C, 80V)",ATE_BENCH_01,CH_02,VALID,0,,10.0,synthetic
LOT_S04_C002,LOT_S04,IDSS,96,2.1194033592418404,uA,150.0,"HTRB (150°C, 80V)",ATE_BENCH_01,CH_02,VALID,0,,10.0,synthetic
LOT_S04_C002,LOT_S04,IDSS,168,2.3074859690997287,uA,150.0,"HTRB (150°C, 80V)",ATE_BENCH_01,CH_02,VALID,0,,10.0,synthetic
LOT_S04_C002,LOT_S04,VGS(th),0,3.2011313753712503,V,150.0,"HTGB (150°C, 20V)",ATE_BENCH_01,CH_02,VALID,0,2.0,4.0,synthetic
LOT_S04_C002,LOT_S04,VGS(th),24,3.220114111404923,V,150.0,"HTGB (150°C, 20V)",ATE_BENCH_01,CH_02,VALID,0,2.0,4.0,synthetic
LOT_S04_C002,LOT_S04,VGS(th),96,3.2160380031680886,V,150.0,"HTGB (150°C, 20V)",ATE_BENCH_01,CH_02,VALID,0,2.0,4.0,synthetic
LOT_S04_C002,LOT_S04,VGS(th),168,3.236334751426618,V,150.0,"HTGB (150°C, 20V)",ATE_BENCH_01,CH_02,VALID,0,2.0,4.0,synthetic
LOT_S04_C002,LOT_S04,RDS(on),0,50.151019821723445,mOhm,125.0,Operating Life / Power Conduction (TJ=125-150°C),ATE_BENCH_01,CH_02,VALID,0,,60.0,synthetic
LOT_S04_C002,LOT_S04,RDS(on),24,50.36102007902937,mOhm,125.0,Operating Life / Power Conduction (TJ=125-150°C),ATE_BENCH_01,CH_02,VALID,0,,60.0,synthetic
LOT_S04_C002,LOT_S04,RDS(on),96,49.454592534998405,mOhm,125.0,Operating Life / Power Conduction (TJ=125-150°C),ATE_BENCH_01,CH_02,VALID,0,,60.0,synthetic
LOT_S04_C002,LOT_S04,RDS(on),168,48.962306859261226,mOhm,125.0,Operating Life / Power Conduction (TJ=125-150°C),ATE_BENCH_01,CH_02,VALID,0,,60.0,synthetic
LOT_S04_C002,LOT_S04,IGSS,0,-2.2532229404218542,nA,150.0,"HTGB (150°C, ±20V)",ATE_BENCH_01,CH_02,VALID,0,-100.0,100.0,synthetic
LOT_S04_C002,LOT_S04,IGSS,24,-2.0479612011946178,nA,150.0,"HTGB (150°C, ±20V)",ATE_BENCH_01,CH_02,VALID,0,-100.0,100.0,synthetic
LOT_S04_C002,LOT_S04,IGSS,96,-1.3184024833580912,nA,150.0,"HTGB (150°C, ±20V)",ATE_BENCH_01,CH_02,VALID,0,-100.0,100.0,synthetic
LOT_S04_C002,LOT_S04,IGSS,168,-2.810363761908968,nA,150.0,"HTGB (150°C, ±20V)",ATE_BENCH_01,CH_02,VALID,0,-100.0,100.0,synthetic
LOT_S04_C003,LOT_S04,IDSS,0,0.46485572765685745,uA,150.0,"HTRB (150°C, 80V)",ATE_BENCH_01,CH_03,VALID,0,,10.0,synthetic
LOT_S04_C003,LOT_S04,IDSS,24,0.4594117930241063,uA,150.0,"HTRB (150°C, 80V)",ATE_BENCH_01,CH_03,VALID,0,,10.0,synthetic
LOT_S04_C003,LOT_S04,IDSS,96,0.4581996428513292,uA,150.0,"HTRB (150°C, 80V)",ATE_BENCH_01,CH_03,VALID,0,,10.0,synthetic
LOT_S04_C003,LOT_S04,IDSS,168,0.42263225238376395,uA,150.0,"HTRB (150°C, 80V)",ATE_BENCH_01,CH_03,VALID,0,,10.0,synthetic
LOT_S04_C003,LOT_S04,VGS(th),0,3.160585716953551,V,150.0,"HTGB (150°C, 20V)",ATE_BENCH_01,CH_03,VALID,0,2.0,4.0,synthetic
LOT_S04_C003,LOT_S04,VGS(th),24,3.113680047208587,V,150.0,"HTGB (150°C, 20V)",ATE_BENCH_01,CH_03,VALID,0,2.0,4.0,synthetic
LOT_S04_C003,LOT_S04,VGS(th),96,3.1199964475694983,V,150.0,"HTGB (150°C, 20V)",ATE_BENCH_01,CH_03,VALID,0,2.0,4.0,synthetic
LOT_S04_C003,LOT_S04,VGS(th),168,3.140447813057834,V,150.0,"HTGB (150°C, 20V)",ATE_BENCH_01,CH_03,VALID,0,2.0,4.0,synthetic
LOT_S04_C003,LOT_S04,RDS(on),0,59.49105268419083,mOhm,125.0,Operating Life / Power Conduction (TJ=125-150°C),ATE_BENCH_01,CH_03,VALID,0,,60.0,synthetic
LOT_S04_C003,LOT_S04,RDS(on),24,60.277507180825715,mOhm,125.0,Operating Life / Power Conduction (TJ=125-150°C),ATE_BENCH_01,CH_03,VALID,0,,60.0,synthetic
LOT_S04_C003,LOT_S04,RDS(on),96,60.66740871313795,mOhm,125.0,Operating Life / Power Conduction (TJ=125-150°C),ATE_BENCH_01,CH_03,VALID,0,,60.0,synthetic
LOT_S04_C003,LOT_S04,RDS(on),168,59.895334496319016,mOhm,125.0,Operating Life / Power Conduction (TJ=125-150°C),ATE_BENCH_01,CH_03,VALID,0,,60.0,synthetic
LOT_S04_C003,LOT_S04,IGSS,0,2.3569840663380055,nA,150.0,"HTGB (150°C, ±20V)",ATE_BENCH_01,CH_03,VALID,0,-100.0,100.0,synthetic
LOT_S04_C003,LOT_S04,IGSS,24,1.334278987284582,nA,150.0,"HTGB (150°C, ±20V)",ATE_BENCH_01,CH_03,VALID,0,-100.0,100.0,synthetic
LOT_S04_C003,LOT_S04,IGSS,96,5.557113685578772,nA,150.0,"HTGB (150°C, ±20V)",ATE_BENCH_01,CH_03,VALID,0,-100.0,100.0,synthetic
LOT_S04_C003,LOT_S04,IGSS,168,1.696635210014391,nA,150.0,"HTGB (150°C, ±20V)",ATE_BENCH_01,CH_03,VALID,0,-100.0,100.0,synthetic
LOT_S04_C004,LOT_S04,IDSS,0,0.5447104148771658,uA,150.0,"HTRB (150°C, 80V)",ATE_BENCH_01,CH_04,VALID,0,,10.0,synthetic
LOT_S04_C004,LOT_S04,IDSS,24,0.5973694863925141,uA,150.0,"HTRB (150°C, 80V)",ATE_BENCH_01,CH_04,VALID,0,,10.0,synthetic
LOT_S04_C004,LOT_S04,IDSS,96,0.6370637035958545,uA,150.0,"HTRB (150°C, 80V)",ATE_BENCH_01,CH_04,VALID,0,,10.0,synthetic
LOT_S04_C004,LOT_S04,IDSS,168,0.6339356370406751,uA,150.0,"HTRB (150°C, 80V)",ATE_BENCH_01,CH_04,VALID,0,,10.0,synthetic
LOT_S04_C004,LOT_S04,VGS(th),0,3.528755092055205,V,150.0,"HTGB (150°C, 20V)",ATE_BENCH_01,CH_04,VALID,0,2.0,4.0,synthetic
LOT_S04_C004,LOT_S04,VGS(th),24,3.5285191163457132,V,150.0,"HTGB (150°C, 20V)",ATE_BENCH_01,CH_04,VALID,0,2.0,4.0,synthetic
LOT_S04_C004,LOT_S04,VGS(th),96,3.507045585489177,V,150.0,"HTGB (150°C, 20V)",ATE_BENCH_01,CH_04,VALID,0,2.0,4.0,synthetic
LOT_S04_C004,LOT_S04,VGS(th),168,3.5179879275044024,V,150.0,"HTGB (150°C, 20V)",ATE_BENCH_01,CH_04,VALID,0,2.0,4.0,synthetic
LOT_S04_C004,LOT_S04,RDS(on),0,54.28285822598356,mOhm,125.0,Operating Life / Power Conduction (TJ=125-150°C),ATE_BENCH_01,CH_04,VALID,0,,60.0,synthetic
LOT_S04_C004,LOT_S04,RDS(on),24,55.38378633630923,mOhm,125.0,Operating Life / Power Conduction (TJ=125-150°C),ATE_BENCH_01,CH_04,VALID,0,,60.0,synthetic
LOT_S04_C004,LOT_S04,RDS(on),96,55.2697720674828,mOhm,125.0,Operating Life / Power Conduction (TJ=125-150°C),ATE_BENCH_01,CH_04,VALID,0,,60.0,synthetic
LOT_S04_C004,LOT_S04,RDS(on),168,55.51751275588226,mOhm,125.0,Operating Life / Power Conduction (TJ=125-150°C),ATE_BENCH_01,CH_04,VALID,0,,60.0,synthetic
LOT_S04_C004,LOT_S04,IGSS,0,-1.1970222915711306,nA,150.0,"HTGB (150°C, ±20V)",ATE_BENCH_01,CH_04,VALID,0,-100.0,100.0,synthetic
LOT_S04_C004,LOT_S04,IGSS,24,-1.0580965708734873,nA,150.0,"HTGB (150°C, ±20V)",ATE_BENCH_01,CH_04,VALID,0,-100.0,100.0,synthetic
LOT_S04_C004,LOT_S04,IGSS,96,-1.094657851234256,nA,150.0,"HTGB (150°C, ±20V)",ATE_BENCH_01,CH_04,VALID,0,-100.0,100.0,synthetic
LOT_S04_C004,LOT_S04,IGSS,168,-0.8561288970338594,nA,150.0,"HTGB (150°C, ±20V)",ATE_BENCH_01,CH_04,VALID,0,-100.0,100.0,synthetic
LOT_S04_C005,LOT_S04,IDSS,0,0.6365570073713218,uA,150.0,"HTRB (150°C, 80V)",ATE_BENCH_01,CH_05,VALID,0,,10.0,synthetic
LOT_S04_C005,LOT_S04,IDSS,24,0.5389238729671604,uA,150.0,"HTRB (150°C, 80V)",ATE_BENCH_01,CH_05,VALID,0,,10.0,synthetic
LOT_S04_C005,LOT_S04,IDSS,96,0.5425830170415122,uA,150.0,"HTRB (150°C, 80V)",ATE_BENCH_01,CH_05,VALID,0,,10.0,synthetic
LOT_S04_C005,LOT_S04,IDSS,168,0.5595084435115645,uA,150.0,"HTRB (150°C, 80V)",ATE_BENCH_01,CH_05,VALID,0,,10.0,synthetic
LOT_S04_C005,LOT_S04,VGS(th),0,3.05290470406778,V,150.0,"HTGB (150°C, 20V)",ATE_BENCH_01,CH_05,VALID,0,2.0,4.0,synthetic
LOT_S04_C005,LOT_S04,VGS(th),24,3.087279995204531,V,150.0,"HTGB (150°C, 20V)",ATE_BENCH_01,CH_05,VALID,0,2.0,4.0,synthetic
LOT_S04_C005,LOT_S04,VGS(th),96,3.0547115350247664,V,150.0,"HTGB (150°C, 20V)",ATE_BENCH_01,CH_05,VALID,0,2.0,4.0,synthetic
LOT_S04_C005,LOT_S04,VGS(th),168,3.082498336948119,V,150.0,"HTGB (150°C, 20V)",ATE_BENCH_01,CH_05,VALID,0,2.0,4.0,synthetic
LOT_S04_C005,LOT_S04,RDS(on),0,55.61726681118319,mOhm,125.0,Operating Life / Power Conduction (TJ=125-150°C),ATE_BENCH_01,CH_05,VALID,0,,60.0,synthetic
LOT_S04_C005,LOT_S04,RDS(on),24,54.45943378870345,mOhm,125.0,Operating Life / Power Conduction (TJ=125-150°C),ATE_BENCH_01,CH_05,VALID,0,,60.0,synthetic
LOT_S04_C005,LOT_S04,RDS(on),96,53.662961246403455,mOhm,125.0,Operating Life / Power Conduction (TJ=125-150°C),ATE_BENCH_01,CH_05,VALID,0,,60.0,synthetic
LOT_S04_C005,LOT_S04,RDS(on),168,53.57937114075544,mOhm,125.0,Operating Life / Power Conduction (TJ=125-150°C),ATE_BENCH_01,CH_05,VALID,0,,60.0,synthetic
LOT_S04_C005,LOT_S04,IGSS,0,2.7178738179178614,nA,150.0,"HTGB (150°C, ±20V)",ATE_BENCH_01,CH_05,VALID,0,-100.0,100.0,synthetic
LOT_S04_C005,LOT_S04,IGSS,24,1.680336901302146,nA,150.0,"HTGB (150°C, ±20V)",ATE_BENCH_01,CH_05,VALID,0,-100.0,100.0,synthetic
LOT_S04_C005,LOT_S04,IGSS,96,2.353075999876007,nA,150.0,"HTGB (150°C, ±20V)",ATE_BENCH_01,CH_05,VALID,0,-100.0,100.0,synthetic
LOT_S04_C005,LOT_S04,IGSS,168,1.3479830038175062,nA,150.0,"HTGB (150°C, ±20V)",ATE_BENCH_01,CH_05,VALID,0,-100.0,100.0,synthetic
LOT_S04_C006,LOT_S04,IDSS,0,0.6242514170234934,uA,150.0,"HTRB (150°C, 80V)",ATE_BENCH_01,CH_06,VALID,0,,10.0,synthetic
LOT_S04_C006,LOT_S04,IDSS,24,0.5998200768516901,uA,150.0,"HTRB (150°C, 80V)",ATE_BENCH_01,CH_06,VALID,0,,10.0,synthetic
LOT_S04_C006,LOT_S04,IDSS,96,0.6267084565781363,uA,150.0,"HTRB (150°C, 80V)",ATE_BENCH_01,CH_06,VALID,0,,10.0,synthetic
LOT_S04_C006,LOT_S04,IDSS,168,0.6908518904245025,uA,150.0,"HTRB (150°C, 80V)",ATE_BENCH_01,CH_06,VALID,0,,10.0,synthetic
LOT_S04_C006,LOT_S04,VGS(th),0,3.130313719659913,V,150.0,"HTGB (150°C, 20V)",ATE_BENCH_01,CH_06,VALID,0,2.0,4.0,synthetic
LOT_S04_C006,LOT_S04,VGS(th),24,3.1161510333349813,V,150.0,"HTGB (150°C, 20V)",ATE_BENCH_01,CH_06,VALID,0,2.0,4.0,synthetic
LOT_S04_C006,LOT_S04,VGS(th),96,3.1295271202411623,V,150.0,"HTGB (150°C, 20V)",ATE_BENCH_01,CH_06,VALID,0,2.0,4.0,synthetic
LOT_S04_C006,LOT_S04,VGS(th),168,3.137871799436877,V,150.0,"HTGB (150°C, 20V)",ATE_BENCH_01,CH_06,VALID,0,2.0,4.0,synthetic
LOT_S04_C006,LOT_S04,RDS(on),0,53.06186827475501,mOhm,125.0,Operating Life / Power Conduction (TJ=125-150°C),ATE_BENCH_01,CH_06,VALID,0,,60.0,synthetic
LOT_S04_C006,LOT_S04,RDS(on),24,51.76682097341872,mOhm,125.0,Operating Life / Power Conduction (TJ=125-150°C),ATE_BENCH_01,CH_06,VALID,0,,60.0,synthetic
LOT_S04_C006,LOT_S04,RDS(on),96,53.9153798175057,mOhm,125.0,Operating Life / Power Conduction (TJ=125-150°C),ATE_BENCH_01,CH_06,VALID,0,,60.0,synthetic
LOT_S04_C006,LOT_S04,RDS(on),168,51.82955793398136,mOhm,125.0,Operating Life / Power Conduction (TJ=125-150°C),ATE_BENCH_01,CH_06,VALID,0,,60.0,synthetic
LOT_S04_C006,LOT_S04,IGSS,0,-1.3545760791852715,nA,150.0,"HTGB (150°C, ±20V)",ATE_BENCH_01,CH_06,VALID,0,-100.0,100.0,synthetic
LOT_S04_C006,LOT_S04,IGSS,24,-1.1808798403761576,nA,150.0,"HTGB (150°C, ±20V)",ATE_BENCH_01,CH_06,VALID,0,-100.0,100.0,synthetic
LOT_S04_C006,LOT_S04,IGSS,96,-2.179654721516861,nA,150.0,"HTGB (150°C, ±20V)",ATE_BENCH_01,CH_06,VALID,0,-100.0,100.0,synthetic
LOT_S04_C006,LOT_S04,IGSS,168,-1.98375801662948,nA,150.0,"HTGB (150°C, ±20V)",ATE_BENCH_01,CH_06,VALID,0,-100.0,100.0,synthetic
LOT_S04_C007,LOT_S04,IDSS,0,0.4945686507328533,uA,150.0,"HTRB (150°C, 80V)",ATE_BENCH_01,CH_07,VALID,0,,10.0,synthetic
LOT_S04_C007,LOT_S04,IDSS,24,0.4524729488196852,uA,150.0,"HTRB (150°C, 80V)",ATE_BENCH_01,CH_07,VALID,0,,10.0,synthetic
LOT_S04_C007,LOT_S04,IDSS,96,0.47835038512376354,uA,150.0,"HTRB (150°C, 80V)",ATE_BENCH_01,CH_07,VALID,0,,10.0,synthetic
LOT_S04_C007,LOT_S04,IDSS,168,0.5072962944914878,uA,150.0,"HTRB (150°C, 80V)",ATE_BENCH_01,CH_07,VALID,0,,10.0,synthetic
LOT_S04_C007,LOT_S04,VGS(th),0,3.1537088654665815,V,150.0,"HTGB (150°C, 20V)",ATE_BENCH_01,CH_07,VALID,0,2.0,4.0,synthetic
LOT_S04_C007,LOT_S04,VGS(th),24,3.1815275640663425,V,150.0,"HTGB (150°C, 20V)",ATE_BENCH_01,CH_07,VALID,0,2.0,4.0,synthetic
LOT_S04_C007,LOT_S04,VGS(th),96,3.1952423384733084,V,150.0,"HTGB (150°C, 20V)",ATE_BENCH_01,CH_07,VALID,0,2.0,4.0,synthetic
LOT_S04_C007,LOT_S04,VGS(th),168,3.1964091652719246,V,150.0,"HTGB (150°C, 20V)",ATE_BENCH_01,CH_07,VALID,0,2.0,4.0,synthetic
LOT_S04_C007,LOT_S04,RDS(on),0,50.984485738568466,mOhm,125.0,Operating Life / Power Conduction (TJ=125-150°C),ATE_BENCH_01,CH_07,VALID,0,,60.0,synthetic
LOT_S04_C007,LOT_S04,RDS(on),24,50.504658963559464,mOhm,125.0,Operating Life / Power Conduction (TJ=125-150°C),ATE_BENCH_01,CH_07,VALID,0,,60.0,synthetic
LOT_S04_C007,LOT_S04,RDS(on),96,51.32602724604354,mOhm,125.0,Operating Life / Power Conduction (TJ=125-150°C),ATE_BENCH_01,CH_07,VALID,0,,60.0,synthetic
LOT_S04_C007,LOT_S04,RDS(on),168,51.389163653485966,mOhm,125.0,Operating Life / Power Conduction (TJ=125-150°C),ATE_BENCH_01,CH_07,VALID,0,,60.0,synthetic
LOT_S04_C007,LOT_S04,IGSS,0,1.828363736791582,nA,150.0,"HTGB (150°C, ±20V)",ATE_BENCH_01,CH_07,VALID,0,-100.0,100.0,synthetic
LOT_S04_C007,LOT_S04,IGSS,24,1.1154208319667658,nA,150.0,"HTGB (150°C, ±20V)",ATE_BENCH_01,CH_07,VALID,0,-100.0,100.0,synthetic
LOT_S04_C007,LOT_S04,IGSS,96,2.417475186161752,nA,150.0,"HTGB (150°C, ±20V)",ATE_BENCH_01,CH_07,VALID,0,-100.0,100.0,synthetic
LOT_S04_C007,LOT_S04,IGSS,168,1.9119412263764834,nA,150.0,"HTGB (150°C, ±20V)",ATE_BENCH_01,CH_07,VALID,0,-100.0,100.0,synthetic
LOT_S04_C008,LOT_S04,IDSS,0,2.7447575359002028,uA,150.0,"HTRB (150°C, 80V)",ATE_BENCH_01,CH_08,VALID,0,,10.0,synthetic
LOT_S04_C008,LOT_S04,IDSS,24,3.004841283166658,uA,150.0,"HTRB (150°C, 80V)",ATE_BENCH_01,CH_08,VALID,0,,10.0,synthetic
LOT_S04_C008,LOT_S04,IDSS,96,2.913723418173994,uA,150.0,"HTRB (150°C, 80V)",ATE_BENCH_01,CH_08,VALID,0,,10.0,synthetic
LOT_S04_C008,LOT_S04,IDSS,168,3.0217212895379815,uA,150.0,"HTRB (150°C, 80V)",ATE_BENCH_01,CH_08,VALID,0,,10.0,synthetic
LOT_S04_C008,LOT_S04,VGS(th),0,3.034397140461554,V,150.0,"HTGB (150°C, 20V)",ATE_BENCH_01,CH_08,VALID,0,2.0,4.0,synthetic
LOT_S04_C008,LOT_S04,VGS(th),24,3.0356999057501923,V,150.0,"HTGB (150°C, 20V)",ATE_BENCH_01,CH_08,VALID,0,2.0,4.0,synthetic
LOT_S04_C008,LOT_S04,VGS(th),96,3.056493878320196,V,150.0,"HTGB (150°C, 20V)",ATE_BENCH_01,CH_08,VALID,0,2.0,4.0,synthetic
LOT_S04_C008,LOT_S04,VGS(th),168,3.071563828107611,V,150.0,"HTGB (150°C, 20V)",ATE_BENCH_01,CH_08,VALID,0,2.0,4.0,synthetic
LOT_S04_C008,LOT_S04,RDS(on),0,47.348152228535994,mOhm,125.0,Operating Life / Power Conduction (TJ=125-150°C),ATE_BENCH_01,CH_08,VALID,0,,60.0,synthetic
LOT_S04_C008,LOT_S04,RDS(on),24,46.62968307218718,mOhm,125.0,Operating Life / Power Conduction (TJ=125-150°C),ATE_BENCH_01,CH_08,VALID,0,,60.0,synthetic
LOT_S04_C008,LOT_S04,RDS(on),96,47.19062189607828,mOhm,125.0,Operating Life / Power Conduction (TJ=125-150°C),ATE_BENCH_01,CH_08,VALID,0,,60.0,synthetic
LOT_S04_C008,LOT_S04,RDS(on),168,46.96907086979475,mOhm,125.0,Operating Life / Power Conduction (TJ=125-150°C),ATE_BENCH_01,CH_08,VALID,0,,60.0,synthetic
LOT_S04_C008,LOT_S04,IGSS,0,-1.2069726479061769,nA,150.0,"HTGB (150°C, ±20V)",ATE_BENCH_01,CH_08,VALID,0,-100.0,100.0,synthetic
LOT_S04_C008,LOT_S04,IGSS,24,-1.8183955001942196,nA,150.0,"HTGB (150°C, ±20V)",ATE_BENCH_01,CH_08,VALID,0,-100.0,100.0,synthetic
LOT_S04_C008,LOT_S04,IGSS,96,-1.495034386985954,nA,150.0,"HTGB (150°C, ±20V)",ATE_BENCH_01,CH_08,VALID,0,-100.0,100.0,synthetic
LOT_S04_C008,LOT_S04,IGSS,168,-1.8951960011963456,nA,150.0,"HTGB (150°C, ±20V)",ATE_BENCH_01,CH_08,VALID,0,-100.0,100.0,synthetic
LOT_S04_C009,LOT_S04,IDSS,0,0.5842267598907432,uA,150.0,"HTRB (150°C, 80V)",ATE_BENCH_01,CH_09,VALID,0,,10.0,synthetic
LOT_S04_C009,LOT_S04,IDSS,24,0.6716293162498149,uA,150.0,"HTRB (150°C, 80V)",ATE_BENCH_01,CH_09,VALID,0,,10.0,synthetic
LOT_S04_C009,LOT_S04,IDSS,96,0.7084749589049871,uA,150.0,"HTRB (150°C, 80V)",ATE_BENCH_01,CH_09,VALID,0,,10.0,synthetic
LOT_S04_C009,LOT_S04,IDSS,168,0.6189227037452892,uA,150.0,"HTRB (150°C, 80V)",ATE_BENCH_01,CH_09,VALID,0,,10.0,synthetic
LOT_S04_C009,LOT_S04,VGS(th),0,3.1476080624351415,V,150.0,"HTGB (150°C, 20V)",ATE_BENCH_01,CH_09,VALID,0,2.0,4.0,synthetic
LOT_S04_C009,LOT_S04,VGS(th),24,3.1457514379312124,V,150.0,"HTGB (150°C, 20V)",ATE_BENCH_01,CH_09,VALID,0,2.0,4.0,synthetic
LOT_S04_C009,LOT_S04,VGS(th),96,3.1720521683227925,V,150.0,"HTGB (150°C, 20V)",ATE_BENCH_01,CH_09,VALID,0,2.0,4.0,synthetic
LOT_S04_C009,LOT_S04,VGS(th),168,3.171663646998756,V,150.0,"HTGB (150°C, 20V)",ATE_BENCH_01,CH_09,VALID,0,2.0,4.0,synthetic
LOT_S04_C009,LOT_S04,RDS(on),0,54.25060031111301,mOhm,125.0,Operating Life / Power Conduction (TJ=125-150°C),ATE_BENCH_01,CH_09,VALID,0,,60.0,synthetic
LOT_S04_C009,LOT_S04,RDS(on),24,53.13124990582131,mOhm,125.0,Operating Life / Power Conduction (TJ=125-150°C),ATE_BENCH_01,CH_09,VALID,0,,60.0,synthetic
LOT_S04_C009,LOT_S04,RDS(on),96,55.159493011696895,mOhm,125.0,Operating Life / Power Conduction (TJ=125-150°C),ATE_BENCH_01,CH_09,VALID,0,,60.0,synthetic
LOT_S04_C009,LOT_S04,RDS(on),168,53.77485570041956,mOhm,125.0,Operating Life / Power Conduction (TJ=125-150°C),ATE_BENCH_01,CH_09,VALID,0,,60.0,synthetic
LOT_S04_C009,LOT_S04,IGSS,0,4.218143832121851,nA,150.0,"HTGB (150°C, ±20V)",ATE_BENCH_01,CH_09,VALID,0,-100.0,100.0,synthetic
LOT_S04_C009,LOT_S04,IGSS,24,2.5521956413993716,nA,150.0,"HTGB (150°C, ±20V)",ATE_BENCH_01,CH_09,VALID,0,-100.0,100.0,synthetic
LOT_S04_C009,LOT_S04,IGSS,96,2.229898649801467,nA,150.0,"HTGB (150°C, ±20V)",ATE_BENCH_01,CH_09,VALID,0,-100.0,100.0,synthetic
LOT_S04_C009,LOT_S04,IGSS,168,1.7807484073334863,nA,150.0,"HTGB (150°C, ±20V)",ATE_BENCH_01,CH_09,VALID,0,-100.0,100.0,synthetic
LOT_S04_C010,LOT_S04,IDSS,0,0.8103414533355117,uA,150.0,"HTRB (150°C, 80V)",ATE_BENCH_01,CH_10,VALID,0,,10.0,synthetic
LOT_S04_C010,LOT_S04,IDSS,24,0.6787347764442929,uA,150.0,"HTRB (150°C, 80V)",ATE_BENCH_01,CH_10,VALID,0,,10.0,synthetic
LOT_S04_C010,LOT_S04,IDSS,96,0.7007759174104267,uA,150.0,"HTRB (150°C, 80V)",ATE_BENCH_01,CH_10,VALID,0,,10.0,synthetic
LOT_S04_C010,LOT_S04,IDSS,168,0.7596781792009727,uA,150.0,"HTRB (150°C, 80V)",ATE_BENCH_01,CH_10,VALID,0,,10.0,synthetic
LOT_S04_C010,LOT_S04,VGS(th),0,3.5951077357849344,V,150.0,"HTGB (150°C, 20V)",ATE_BENCH_01,CH_10,VALID,0,2.0,4.0,synthetic
LOT_S04_C010,LOT_S04,VGS(th),24,3.6028569491653504,V,150.0,"HTGB (150°C, 20V)",ATE_BENCH_01,CH_10,VALID,0,2.0,4.0,synthetic
LOT_S04_C010,LOT_S04,VGS(th),96,3.6233013434936465,V,150.0,"HTGB (150°C, 20V)",ATE_BENCH_01,CH_10,VALID,0,2.0,4.0,synthetic
LOT_S04_C010,LOT_S04,VGS(th),168,3.6587699567944885,V,150.0,"HTGB (150°C, 20V)",ATE_BENCH_01,CH_10,VALID,0,2.0,4.0,synthetic
LOT_S04_C010,LOT_S04,RDS(on),0,52.588269636097245,mOhm,125.0,Operating Life / Power Conduction (TJ=125-150°C),ATE_BENCH_01,CH_10,VALID,0,,60.0,synthetic
LOT_S04_C010,LOT_S04,RDS(on),24,52.362713401532346,mOhm,125.0,Operating Life / Power Conduction (TJ=125-150°C),ATE_BENCH_01,CH_10,VALID,0,,60.0,synthetic
LOT_S04_C010,LOT_S04,RDS(on),96,52.166628315246534,mOhm,125.0,Operating Life / Power Conduction (TJ=125-150°C),ATE_BENCH_01,CH_10,VALID,0,,60.0,synthetic
LOT_S04_C010,LOT_S04,RDS(on),168,53.521125203617174,mOhm,125.0,Operating Life / Power Conduction (TJ=125-150°C),ATE_BENCH_01,CH_10,VALID,0,,60.0,synthetic
LOT_S04_C010,LOT_S04,IGSS,0,-1.2988701909557678,nA,150.0,"HTGB (150°C, ±20V)",ATE_BENCH_01,CH_10,VALID,0,-100.0,100.0,synthetic
LOT_S04_C010,LOT_S04,IGSS,24,-1.3924058615648451,nA,150.0,"HTGB (150°C, ±20V)",ATE_BENCH_01,CH_10,VALID,0,-100.0,100.0,synthetic
LOT_S04_C010,LOT_S04,IGSS,96,-1.0998160116101257,nA,150.0,"HTGB (150°C, ±20V)",ATE_BENCH_01,CH_10,VALID,0,-100.0,100.0,synthetic
LOT_S04_C010,LOT_S04,IGSS,168,-1.6059639819698424,nA,150.0,"HTGB (150°C, ±20V)",ATE_BENCH_01,CH_10,VALID,0,-100.0,100.0,synthetic
LOT_S04_C011,LOT_S04,IDSS,0,0.4622318957189729,uA,150.0,"HTRB (150°C, 80V)",ATE_BENCH_01,CH_11,VALID,0,,10.0,synthetic
LOT_S04_C011,LOT_S04,IDSS,24,0.5172113140895501,uA,150.0,"HTRB (150°C, 80V)",ATE_BENCH_01,CH_11,VALID,0,,10.0,synthetic
LOT_S04_C011,LOT_S04,IDSS,96,0.5551053124038694,uA,150.0,"HTRB (150°C, 80V)",ATE_BENCH_01,CH_11,VALID,0,,10.0,synthetic
LOT_S04_C011,LOT_S04,IDSS,168,0.542778160731573,uA,150.0,"HTRB (150°C, 80V)",ATE_BENCH_01,CH_11,VALID,0,,10.0,synthetic
LOT_S04_C011,LOT_S04,VGS(th),0,3.209901622081884,V,150.0,"HTGB (150°C, 20V)",ATE_BENCH_01,CH_11,VALID,0,2.0,4.0,synthetic
LOT_S04_C011,LOT_S04,VGS(th),24,3.2039709046714897,V,150.0,"HTGB (150°C, 20V)",ATE_BENCH_01,CH_11,VALID,0,2.0,4.0,synthetic
LOT_S04_C011,LOT_S04,VGS(th),96,3.222815380067436,V,150.0,"HTGB (150°C, 20V)",ATE_BENCH_01,CH_11,VALID,0,2.0,4.0,synthetic
LOT_S04_C011,LOT_S04,VGS(th),168,3.2094343417393865,V,150.0,"HTGB (150°C, 20V)",ATE_BENCH_01,CH_11,VALID,0,2.0,4.0,synthetic
LOT_S04_C011,LOT_S04,RDS(on),0,55.41191301807384,mOhm,125.0,Operating Life / Power Conduction (TJ=125-150°C),ATE_BENCH_01,CH_11,VALID,0,,60.0,synthetic
LOT_S04_C011,LOT_S04,RDS(on),24,55.748089775062965,mOhm,125.0,Operating Life / Power Conduction (TJ=125-150°C),ATE_BENCH_01,CH_11,VALID,0,,60.0,synthetic
LOT_S04_C011,LOT_S04,RDS(on),96,54.69718664104051,mOhm,125.0,Operating Life / Power Conduction (TJ=125-150°C),ATE_BENCH_01,CH_11,VALID,0,,60.0,synthetic
LOT_S04_C011,LOT_S04,RDS(on),168,55.28850841394489,mOhm,125.0,Operating Life / Power Conduction (TJ=125-150°C),ATE_BENCH_01,CH_11,VALID,0,,60.0,synthetic
LOT_S04_C011,LOT_S04,IGSS,0,1.9219569563565928,nA,150.0,"HTGB (150°C, ±20V)",ATE_BENCH_01,CH_11,VALID,0,-100.0,100.0,synthetic
LOT_S04_C011,LOT_S04,IGSS,24,2.4611981923878297,nA,150.0,"HTGB (150°C, ±20V)",ATE_BENCH_01,CH_11,VALID,0,-100.0,100.0,synthetic
LOT_S04_C011,LOT_S04,IGSS,96,1.9772964961616475,nA,150.0,"HTGB (150°C, ±20V)",ATE_BENCH_01,CH_11,VALID,0,-100.0,100.0,synthetic
LOT_S04_C011,LOT_S04,IGSS,168,1.6406696355949566,nA,150.0,"HTGB (150°C, ±20V)",ATE_BENCH_01,CH_11,VALID,0,-100.0,100.0,synthetic
LOT_S04_C012,LOT_S04,IDSS,0,0.5056795169516085,uA,150.0,"HTRB (150°C, 80V)",ATE_BENCH_01,CH_12,VALID,0,,10.0,synthetic
LOT_S04_C012,LOT_S04,IDSS,24,0.6041998488049245,uA,150.0,"HTRB (150°C, 80V)",ATE_BENCH_01,CH_12,VALID,0,,10.0,synthetic
LOT_S04_C012,LOT_S04,IDSS,96,0.49548143468997574,uA,150.0,"HTRB (150°C, 80V)",ATE_BENCH_01,CH_12,VALID,0,,10.0,synthetic
LOT_S04_C012,LOT_S04,IDSS,168,0.53745378080174,uA,150.0,"HTRB (150°C, 80V)",ATE_BENCH_01,CH_12,VALID,0,,10.0,synthetic
LOT_S04_C012,LOT_S04,VGS(th),0,3.154490073810475,V,150.0,"HTGB (150°C, 20V)",ATE_BENCH_01,CH_12,VALID,0,2.0,4.0,synthetic
LOT_S04_C012,LOT_S04,VGS(th),24,3.155110404533103,V,150.0,"HTGB (150°C, 20V)",ATE_BENCH_01,CH_12,VALID,0,2.0,4.0,synthetic
LOT_S04_C012,LOT_S04,VGS(th),96,3.159997232219471,V,150.0,"HTGB (150°C, 20V)",ATE_BENCH_01,CH_12,VALID,0,2.0,4.0,synthetic
LOT_S04_C012,LOT_S04,VGS(th),168,3.1415268294225758,V,150.0,"HTGB (150°C, 20V)",ATE_BENCH_01,CH_12,VALID,0,2.0,4.0,synthetic
LOT_S04_C012,LOT_S04,RDS(on),0,55.206566915839204,mOhm,125.0,Operating Life / Power Conduction (TJ=125-150°C),ATE_BENCH_01,CH_12,VALID,0,,60.0,synthetic
LOT_S04_C012,LOT_S04,RDS(on),24,54.72764261882318,mOhm,125.0,Operating Life / Power Conduction (TJ=125-150°C),ATE_BENCH_01,CH_12,VALID,0,,60.0,synthetic
LOT_S04_C012,LOT_S04,RDS(on),96,55.258103812132184,mOhm,125.0,Operating Life / Power Conduction (TJ=125-150°C),ATE_BENCH_01,CH_12,VALID,0,,60.0,synthetic
LOT_S04_C012,LOT_S04,RDS(on),168,54.61496973342538,mOhm,125.0,Operating Life / Power Conduction (TJ=125-150°C),ATE_BENCH_01,CH_12,VALID,0,,60.0,synthetic
LOT_S04_C012,LOT_S04,IGSS,0,0.09717420347514483,nA,150.0,"HTGB (150°C, ±20V)",ATE_BENCH_01,CH_12,VALID,0,-100.0,100.0,synthetic
LOT_S04_C012,LOT_S04,IGSS,24,-0.37760823727992976,nA,150.0,"HTGB (150°C, ±20V)",ATE_BENCH_01,CH_12,VALID,0,-100.0,100.0,synthetic
LOT_S04_C012,LOT_S04,IGSS,96,-0.3710406427511352,nA,150.0,"HTGB (150°C, ±20V)",ATE_BENCH_01,CH_12,VALID,0,-100.0,100.0,synthetic
LOT_S04_C012,LOT_S04,IGSS,168,-0.35851759130908534,nA,150.0,"HTGB (150°C, ±20V)",ATE_BENCH_01,CH_12,VALID,0,-100.0,100.0,synthetic
LOT_S05_C001,LOT_S05,IDSS,0,0.5720140890330663,uA,150.0,"HTRB (150°C, 80V)",ATE_BENCH_01,CH_01,VALID,0,,10.0,synthetic
LOT_S05_C001,LOT_S05,IDSS,24,0.5304335264064481,uA,150.0,"HTRB (150°C, 80V)",ATE_BENCH_01,CH_01,VALID,0,,10.0,synthetic
LOT_S05_C001,LOT_S05,IDSS,96,0.6082252260494283,uA,150.0,"HTRB (150°C, 80V)",ATE_BENCH_01,CH_01,VALID,0,,10.0,synthetic
LOT_S05_C001,LOT_S05,IDSS,168,0.5777712801312896,uA,150.0,"HTRB (150°C, 80V)",ATE_BENCH_01,CH_01,VALID,0,,10.0,synthetic
LOT_S05_C001,LOT_S05,VGS(th),0,2.8848056360071688,V,150.0,"HTGB (150°C, 20V)",ATE_BENCH_01,CH_01,VALID,0,2.0,4.0,synthetic
LOT_S05_C001,LOT_S05,VGS(th),24,2.848062029263334,V,150.0,"HTGB (150°C, 20V)",ATE_BENCH_01,CH_01,VALID,0,2.0,4.0,synthetic
LOT_S05_C001,LOT_S05,VGS(th),96,2.8395139882974028,V,150.0,"HTGB (150°C, 20V)",ATE_BENCH_01,CH_01,VALID,0,2.0,4.0,synthetic
LOT_S05_C001,LOT_S05,VGS(th),168,2.837831364316001,V,150.0,"HTGB (150°C, 20V)",ATE_BENCH_01,CH_01,VALID,0,2.0,4.0,synthetic
LOT_S05_C001,LOT_S05,RDS(on),0,47.73296805725941,mOhm,125.0,Operating Life / Power Conduction (TJ=125-150°C),ATE_BENCH_01,CH_01,VALID,0,,60.0,synthetic
LOT_S05_C001,LOT_S05,RDS(on),24,46.70980208450977,mOhm,125.0,Operating Life / Power Conduction (TJ=125-150°C),ATE_BENCH_01,CH_01,VALID,0,,60.0,synthetic
LOT_S05_C001,LOT_S05,RDS(on),96,47.580005846004745,mOhm,125.0,Operating Life / Power Conduction (TJ=125-150°C),ATE_BENCH_01,CH_01,VALID,0,,60.0,synthetic
LOT_S05_C001,LOT_S05,RDS(on),168,46.84220521055108,mOhm,125.0,Operating Life / Power Conduction (TJ=125-150°C),ATE_BENCH_01,CH_01,VALID,0,,60.0,synthetic
LOT_S05_C001,LOT_S05,IGSS,0,2.3777376966431634,nA,150.0,"HTGB (150°C, ±20V)",ATE_BENCH_01,CH_01,VALID,0,-100.0,100.0,synthetic
LOT_S05_C001,LOT_S05,IGSS,24,1.19227492826871,nA,150.0,"HTGB (150°C, ±20V)",ATE_BENCH_01,CH_01,VALID,0,-100.0,100.0,synthetic
LOT_S05_C001,LOT_S05,IGSS,96,2.220860062185121,nA,150.0,"HTGB (150°C, ±20V)",ATE_BENCH_01,CH_01,VALID,0,-100.0,100.0,synthetic
LOT_S05_C001,LOT_S05,IGSS,168,2.4072336416429887,nA,150.0,"HTGB (150°C, ±20V)",ATE_BENCH_01,CH_01,VALID,0,-100.0,100.0,synthetic
LOT_S05_C002,LOT_S05,IDSS,0,1.863963440942736,uA,150.0,"HTRB (150°C, 80V)",ATE_BENCH_01,CH_02,VALID,0,,10.0,synthetic
LOT_S05_C002,LOT_S05,IDSS,24,1.9970785249362784,uA,150.0,"HTRB (150°C, 80V)",ATE_BENCH_01,CH_02,VALID,0,,10.0,synthetic
LOT_S05_C002,LOT_S05,IDSS,96,1.9281167738134612,uA,150.0,"HTRB (150°C, 80V)",ATE_BENCH_01,CH_02,VALID,0,,10.0,synthetic
LOT_S05_C002,LOT_S05,IDSS,168,2.0348362369789745,uA,150.0,"HTRB (150°C, 80V)",ATE_BENCH_01,CH_02,VALID,0,,10.0,synthetic
LOT_S05_C002,LOT_S05,VGS(th),0,2.9959303813652354,V,150.0,"HTGB (150°C, 20V)",ATE_BENCH_01,CH_02,VALID,0,2.0,4.0,synthetic
LOT_S05_C002,LOT_S05,VGS(th),24,2.9854679749935222,V,150.0,"HTGB (150°C, 20V)",ATE_BENCH_01,CH_02,VALID,0,2.0,4.0,synthetic
LOT_S05_C002,LOT_S05,VGS(th),96,2.9670861170480336,V,150.0,"HTGB (150°C, 20V)",ATE_BENCH_01,CH_02,VALID,0,2.0,4.0,synthetic
LOT_S05_C002,LOT_S05,VGS(th),168,2.9641996950766227,V,150.0,"HTGB (150°C, 20V)",ATE_BENCH_01,CH_02,VALID,0,2.0,4.0,synthetic
LOT_S05_C002,LOT_S05,RDS(on),0,44.92012736389613,mOhm,125.0,Operating Life / Power Conduction (TJ=125-150°C),ATE_BENCH_01,CH_02,VALID,0,,60.0,synthetic
LOT_S05_C002,LOT_S05,RDS(on),24,46.36845645717045,mOhm,125.0,Operating Life / Power Conduction (TJ=125-150°C),ATE_BENCH_01,CH_02,VALID,0,,60.0,synthetic
LOT_S05_C002,LOT_S05,RDS(on),96,45.61478710349978,mOhm,125.0,Operating Life / Power Conduction (TJ=125-150°C),ATE_BENCH_01,CH_02,VALID,0,,60.0,synthetic
LOT_S05_C002,LOT_S05,RDS(on),168,46.48613366327613,mOhm,125.0,Operating Life / Power Conduction (TJ=125-150°C),ATE_BENCH_01,CH_02,VALID,0,,60.0,synthetic
LOT_S05_C002,LOT_S05,IGSS,0,-2.8329992565081348,nA,150.0,"HTGB (150°C, ±20V)",ATE_BENCH_01,CH_02,VALID,0,-100.0,100.0,synthetic
LOT_S05_C002,LOT_S05,IGSS,24,-2.1796938389390537,nA,150.0,"HTGB (150°C, ±20V)",ATE_BENCH_01,CH_02,VALID,0,-100.0,100.0,synthetic
LOT_S05_C002,LOT_S05,IGSS,96,-2.50130169492869,nA,150.0,"HTGB (150°C, ±20V)",ATE_BENCH_01,CH_02,VALID,0,-100.0,100.0,synthetic
LOT_S05_C002,LOT_S05,IGSS,168,-2.579497948136388,nA,150.0,"HTGB (150°C, ±20V)",ATE_BENCH_01,CH_02,VALID,0,-100.0,100.0,synthetic
LOT_S05_C003,LOT_S05,IDSS,0,0.4292954355398596,uA,150.0,"HTRB (150°C, 80V)",ATE_BENCH_01,CH_03,VALID,0,,10.0,synthetic
LOT_S05_C003,LOT_S05,IDSS,24,0.42298451218876953,uA,150.0,"HTRB (150°C, 80V)",ATE_BENCH_01,CH_03,VALID,0,,10.0,synthetic
LOT_S05_C003,LOT_S05,IDSS,96,0.4231364386344924,uA,150.0,"HTRB (150°C, 80V)",ATE_BENCH_01,CH_03,VALID,0,,10.0,synthetic
LOT_S05_C003,LOT_S05,IDSS,168,0.43954978548986234,uA,150.0,"HTRB (150°C, 80V)",ATE_BENCH_01,CH_03,VALID,0,,10.0,synthetic
LOT_S05_C003,LOT_S05,VGS(th),0,3.5857428923505537,V,150.0,"HTGB (150°C, 20V)",ATE_BENCH_01,CH_03,VALID,0,2.0,4.0,synthetic
LOT_S05_C003,LOT_S05,VGS(th),24,3.61253711780934,V,150.0,"HTGB (150°C, 20V)",ATE_BENCH_01,CH_03,VALID,0,2.0,4.0,synthetic
LOT_S05_C003,LOT_S05,VGS(th),96,3.5648156447925516,V,150.0,"HTGB (150°C, 20V)",ATE_BENCH_01,CH_03,VALID,0,2.0,4.0,synthetic
LOT_S05_C003,LOT_S05,VGS(th),168,3.618135830849163,V,150.0,"HTGB (150°C, 20V)",ATE_BENCH_01,CH_03,VALID,0,2.0,4.0,synthetic
LOT_S05_C003,LOT_S05,RDS(on),0,46.246526057137714,mOhm,125.0,Operating Life / Power Conduction (TJ=125-150°C),ATE_BENCH_01,CH_03,VALID,0,,60.0,synthetic
LOT_S05_C003,LOT_S05,RDS(on),24,46.367920464477244,mOhm,125.0,Operating Life / Power Conduction (TJ=125-150°C),ATE_BENCH_01,CH_03,VALID,0,,60.0,synthetic
LOT_S05_C003,LOT_S05,RDS(on),96,46.47358510516429,mOhm,125.0,Operating Life / Power Conduction (TJ=125-150°C),ATE_BENCH_01,CH_03,VALID,0,,60.0,synthetic
LOT_S05_C003,LOT_S05,RDS(on),168,47.21502084145603,mOhm,125.0,Operating Life / Power Conduction (TJ=125-150°C),ATE_BENCH_01,CH_03,VALID,0,,60.0,synthetic
LOT_S05_C003,LOT_S05,IGSS,0,2.386221992527696,nA,150.0,"HTGB (150°C, ±20V)",ATE_BENCH_01,CH_03,VALID,0,-100.0,100.0,synthetic
LOT_S05_C003,LOT_S05,IGSS,24,1.5631205035870068,nA,150.0,"HTGB (150°C, ±20V)",ATE_BENCH_01,CH_03,VALID,0,-100.0,100.0,synthetic
LOT_S05_C003,LOT_S05,IGSS,96,2.2884731773194047,nA,150.0,"HTGB (150°C, ±20V)",ATE_BENCH_01,CH_03,VALID,0,-100.0,100.0,synthetic
LOT_S05_C003,LOT_S05,IGSS,168,1.4782493355796995,nA,150.0,"HTGB (150°C, ±20V)",ATE_BENCH_01,CH_03,VALID,0,-100.0,100.0,synthetic
LOT_S05_C004,LOT_S05,IDSS,0,0.4300421074874238,uA,150.0,"HTRB (150°C, 80V)",ATE_BENCH_01,CH_04,VALID,0,,10.0,synthetic
LOT_S05_C004,LOT_S05,IDSS,24,0.43437251505594504,uA,150.0,"HTRB (150°C, 80V)",ATE_BENCH_01,CH_04,VALID,0,,10.0,synthetic
LOT_S05_C004,LOT_S05,IDSS,96,0.4129369253346267,uA,150.0,"HTRB (150°C, 80V)",ATE_BENCH_01,CH_04,VALID,0,,10.0,synthetic
LOT_S05_C004,LOT_S05,IDSS,168,0.4119482348516367,uA,150.0,"HTRB (150°C, 80V)",ATE_BENCH_01,CH_04,VALID,0,,10.0,synthetic
LOT_S05_C004,LOT_S05,VGS(th),0,3.5337964050746433,V,150.0,"HTGB (150°C, 20V)",ATE_BENCH_01,CH_04,VALID,0,2.0,4.0,synthetic
LOT_S05_C004,LOT_S05,VGS(th),24,3.504302291808382,V,150.0,"HTGB (150°C, 20V)",ATE_BENCH_01,CH_04,VALID,0,2.0,4.0,synthetic
LOT_S05_C004,LOT_S05,VGS(th),96,3.489267363293075,V,150.0,"HTGB (150°C, 20V)",ATE_BENCH_01,CH_04,VALID,0,2.0,4.0,synthetic
LOT_S05_C004,LOT_S05,VGS(th),168,3.4999705703037995,V,150.0,"HTGB (150°C, 20V)",ATE_BENCH_01,CH_04,VALID,0,2.0,4.0,synthetic
LOT_S05_C004,LOT_S05,RDS(on),0,41.691060220286,mOhm,125.0,Operating Life / Power Conduction (TJ=125-150°C),ATE_BENCH_01,CH_04,VALID,0,,60.0,synthetic
LOT_S05_C004,LOT_S05,RDS(on),24,43.330637627618444,mOhm,125.0,Operating Life / Power Conduction (TJ=125-150°C),ATE_BENCH_01,CH_04,VALID,0,,60.0,synthetic
LOT_S05_C004,LOT_S05,RDS(on),96,42.14491878635282,mOhm,125.0,Operating Life / Power Conduction (TJ=125-150°C),ATE_BENCH_01,CH_04,VALID,0,,60.0,synthetic
LOT_S05_C004,LOT_S05,RDS(on),168,41.467293462489984,mOhm,125.0,Operating Life / Power Conduction (TJ=125-150°C),ATE_BENCH_01,CH_04,VALID,0,,60.0,synthetic
LOT_S05_C004,LOT_S05,IGSS,0,-2.7922882916238594,nA,150.0,"HTGB (150°C, ±20V)",ATE_BENCH_01,CH_04,VALID,0,-100.0,100.0,synthetic
LOT_S05_C004,LOT_S05,IGSS,24,-3.1473782203212783,nA,150.0,"HTGB (150°C, ±20V)",ATE_BENCH_01,CH_04,VALID,0,-100.0,100.0,synthetic
LOT_S05_C004,LOT_S05,IGSS,96,-2.0549293884040982,nA,150.0,"HTGB (150°C, ±20V)",ATE_BENCH_01,CH_04,VALID,0,-100.0,100.0,synthetic
LOT_S05_C004,LOT_S05,IGSS,168,-1.7426445746655383,nA,150.0,"HTGB (150°C, ±20V)",ATE_BENCH_01,CH_04,VALID,0,-100.0,100.0,synthetic
LOT_S05_C005,LOT_S05,IDSS,0,0.302788885839621,uA,150.0,"HTRB (150°C, 80V)",ATE_BENCH_01,CH_05,VALID,0,,10.0,synthetic
LOT_S05_C005,LOT_S05,IDSS,24,0.2630034048346186,uA,150.0,"HTRB (150°C, 80V)",ATE_BENCH_01,CH_05,VALID,0,,10.0,synthetic
LOT_S05_C005,LOT_S05,IDSS,96,0.27217996034931624,uA,150.0,"HTRB (150°C, 80V)",ATE_BENCH_01,CH_05,VALID,0,,10.0,synthetic
LOT_S05_C005,LOT_S05,IDSS,168,0.33118141714943866,uA,150.0,"HTRB (150°C, 80V)",ATE_BENCH_01,CH_05,VALID,0,,10.0,synthetic
LOT_S05_C005,LOT_S05,VGS(th),0,2.9650786922517383,V,150.0,"HTGB (150°C, 20V)",ATE_BENCH_01,CH_05,VALID,0,2.0,4.0,synthetic
LOT_S05_C005,LOT_S05,VGS(th),24,2.981945097880651,V,150.0,"HTGB (150°C, 20V)",ATE_BENCH_01,CH_05,VALID,0,2.0,4.0,synthetic
LOT_S05_C005,LOT_S05,VGS(th),96,2.958846541428878,V,150.0,"HTGB (150°C, 20V)",ATE_BENCH_01,CH_05,VALID,0,2.0,4.0,synthetic
LOT_S05_C005,LOT_S05,VGS(th),168,2.988958114962376,V,150.0,"HTGB (150°C, 20V)",ATE_BENCH_01,CH_05,VALID,0,2.0,4.0,synthetic
LOT_S05_C005,LOT_S05,RDS(on),0,43.11719938380232,mOhm,125.0,Operating Life / Power Conduction (TJ=125-150°C),ATE_BENCH_01,CH_05,VALID,0,,60.0,synthetic
LOT_S05_C005,LOT_S05,RDS(on),24,45.01421422377628,mOhm,125.0,Operating Life / Power Conduction (TJ=125-150°C),ATE_BENCH_01,CH_05,VALID,0,,60.0,synthetic
LOT_S05_C005,LOT_S05,RDS(on),96,44.916646521628564,mOhm,125.0,Operating Life / Power Conduction (TJ=125-150°C),ATE_BENCH_01,CH_05,VALID,0,,60.0,synthetic
LOT_S05_C005,LOT_S05,RDS(on),168,44.3226762721891,mOhm,125.0,Operating Life / Power Conduction (TJ=125-150°C),ATE_BENCH_01,CH_05,VALID,0,,60.0,synthetic
LOT_S05_C005,LOT_S05,IGSS,0,2.7349889681369115,nA,150.0,"HTGB (150°C, ±20V)",ATE_BENCH_01,CH_05,VALID,0,-100.0,100.0,synthetic
LOT_S05_C005,LOT_S05,IGSS,24,2.2181060273398963,nA,150.0,"HTGB (150°C, ±20V)",ATE_BENCH_01,CH_05,VALID,0,-100.0,100.0,synthetic
LOT_S05_C005,LOT_S05,IGSS,96,2.6857352028498975,nA,150.0,"HTGB (150°C, ±20V)",ATE_BENCH_01,CH_05,VALID,0,-100.0,100.0,synthetic
LOT_S05_C005,LOT_S05,IGSS,168,2.7325752517010202,nA,150.0,"HTGB (150°C, ±20V)",ATE_BENCH_01,CH_05,VALID,0,-100.0,100.0,synthetic
LOT_S05_C006,LOT_S05,IDSS,0,0.37168698666284344,uA,150.0,"HTRB (150°C, 80V)",ATE_BENCH_01,CH_06,VALID,0,,10.0,synthetic
LOT_S05_C006,LOT_S05,IDSS,24,0.3732303650684417,uA,150.0,"HTRB (150°C, 80V)",ATE_BENCH_01,CH_06,VALID,0,,10.0,synthetic
LOT_S05_C006,LOT_S05,IDSS,96,0.3977276813135371,uA,150.0,"HTRB (150°C, 80V)",ATE_BENCH_01,CH_06,VALID,0,,10.0,synthetic
LOT_S05_C006,LOT_S05,IDSS,168,0.4019277655882859,uA,150.0,"HTRB (150°C, 80V)",ATE_BENCH_01,CH_06,VALID,0,,10.0,synthetic
LOT_S05_C006,LOT_S05,VGS(th),0,3.1159412599621064,V,150.0,"HTGB (150°C, 20V)",ATE_BENCH_01,CH_06,VALID,0,2.0,4.0,synthetic
LOT_S05_C006,LOT_S05,VGS(th),24,3.0888801505944454,V,150.0,"HTGB (150°C, 20V)",ATE_BENCH_01,CH_06,VALID,0,2.0,4.0,synthetic
LOT_S05_C006,LOT_S05,VGS(th),96,3.12551043757655,V,150.0,"HTGB (150°C, 20V)",ATE_BENCH_01,CH_06,VALID,0,2.0,4.0,synthetic
LOT_S05_C006,LOT_S05,VGS(th),168,3.0909563284284545,V,150.0,"HTGB (150°C, 20V)",ATE_BENCH_01,CH_06,VALID,0,2.0,4.0,synthetic
LOT_S05_C006,LOT_S05,RDS(on),0,52.85873398478751,mOhm,125.0,Operating Life / Power Conduction (TJ=125-150°C),ATE_BENCH_01,CH_06,VALID,0,,60.0,synthetic
LOT_S05_C006,LOT_S05,RDS(on),24,52.29620726210768,mOhm,125.0,Operating Life / Power Conduction (TJ=125-150°C),ATE_BENCH_01,CH_06,VALID,0,,60.0,synthetic
LOT_S05_C006,LOT_S05,RDS(on),96,52.91007542224611,mOhm,125.0,Operating Life / Power Conduction (TJ=125-150°C),ATE_BENCH_01,CH_06,VALID,0,,60.0,synthetic
LOT_S05_C006,LOT_S05,RDS(on),168,52.835945155275105,mOhm,125.0,Operating Life / Power Conduction (TJ=125-150°C),ATE_BENCH_01,CH_06,VALID,0,,60.0,synthetic
LOT_S05_C006,LOT_S05,IGSS,0,-2.2182975475880973,nA,150.0,"HTGB (150°C, ±20V)",ATE_BENCH_01,CH_06,VALID,0,-100.0,100.0,synthetic
LOT_S05_C006,LOT_S05,IGSS,24,-1.2155888790788938,nA,150.0,"HTGB (150°C, ±20V)",ATE_BENCH_01,CH_06,VALID,0,-100.0,100.0,synthetic
LOT_S05_C006,LOT_S05,IGSS,96,-1.656576928830725,nA,150.0,"HTGB (150°C, ±20V)",ATE_BENCH_01,CH_06,VALID,0,-100.0,100.0,synthetic
LOT_S05_C006,LOT_S05,IGSS,168,-3.5389738336406498,nA,150.0,"HTGB (150°C, ±20V)",ATE_BENCH_01,CH_06,VALID,0,-100.0,100.0,synthetic
LOT_S05_C007,LOT_S05,IDSS,0,0.3226563282581629,uA,150.0,"HTRB (150°C, 80V)",ATE_BENCH_01,CH_07,VALID,0,,10.0,synthetic
LOT_S05_C007,LOT_S05,IDSS,24,0.30068322127500485,uA,150.0,"HTRB (150°C, 80V)",ATE_BENCH_01,CH_07,VALID,0,,10.0,synthetic
LOT_S05_C007,LOT_S05,IDSS,96,0.3516264662187285,uA,150.0,"HTRB (150°C, 80V)",ATE_BENCH_01,CH_07,VALID,0,,10.0,synthetic
LOT_S05_C007,LOT_S05,IDSS,168,0.3182183690579579,uA,150.0,"HTRB (150°C, 80V)",ATE_BENCH_01,CH_07,VALID,0,,10.0,synthetic
LOT_S05_C007,LOT_S05,VGS(th),0,2.997865816889151,V,150.0,"HTGB (150°C, 20V)",ATE_BENCH_01,CH_07,VALID,0,2.0,4.0,synthetic
LOT_S05_C007,LOT_S05,VGS(th),24,2.9817750573206623,V,150.0,"HTGB (150°C, 20V)",ATE_BENCH_01,CH_07,VALID,0,2.0,4.0,synthetic
LOT_S05_C007,LOT_S05,VGS(th),96,2.9825845275861838,V,150.0,"HTGB (150°C, 20V)",ATE_BENCH_01,CH_07,VALID,0,2.0,4.0,synthetic
LOT_S05_C007,LOT_S05,VGS(th),168,2.9550491916059456,V,150.0,"HTGB (150°C, 20V)",ATE_BENCH_01,CH_07,VALID,0,2.0,4.0,synthetic
LOT_S05_C007,LOT_S05,RDS(on),0,48.058426372575035,mOhm,125.0,Operating Life / Power Conduction (TJ=125-150°C),ATE_BENCH_01,CH_07,VALID,0,,60.0,synthetic
LOT_S05_C007,LOT_S05,RDS(on),24,48.43101306652464,mOhm,125.0,Operating Life / Power Conduction (TJ=125-150°C),ATE_BENCH_01,CH_07,VALID,0,,60.0,synthetic
LOT_S05_C007,LOT_S05,RDS(on),96,49.64192765738612,mOhm,125.0,Operating Life / Power Conduction (TJ=125-150°C),ATE_BENCH_01,CH_07,VALID,0,,60.0,synthetic
LOT_S05_C007,LOT_S05,RDS(on),168,48.182148108578,mOhm,125.0,Operating Life / Power Conduction (TJ=125-150°C),ATE_BENCH_01,CH_07,VALID,0,,60.0,synthetic
LOT_S05_C007,LOT_S05,IGSS,0,1.69733669328143,nA,150.0,"HTGB (150°C, ±20V)",ATE_BENCH_01,CH_07,VALID,0,-100.0,100.0,synthetic
LOT_S05_C007,LOT_S05,IGSS,24,1.2930273071677787,nA,150.0,"HTGB (150°C, ±20V)",ATE_BENCH_01,CH_07,VALID,0,-100.0,100.0,synthetic
LOT_S05_C007,LOT_S05,IGSS,96,2.4305229602971026,nA,150.0,"HTGB (150°C, ±20V)",ATE_BENCH_01,CH_07,VALID,0,-100.0,100.0,synthetic
LOT_S05_C007,LOT_S05,IGSS,168,1.5626733735044238,nA,150.0,"HTGB (150°C, ±20V)",ATE_BENCH_01,CH_07,VALID,0,-100.0,100.0,synthetic
LOT_S05_C008,LOT_S05,IDSS,0,3.1048433730968883,uA,150.0,"HTRB (150°C, 80V)",ATE_BENCH_01,CH_08,VALID,0,,10.0,synthetic
LOT_S05_C008,LOT_S05,IDSS,24,2.4743428350545567,uA,150.0,"HTRB (150°C, 80V)",ATE_BENCH_01,CH_08,VALID,0,,10.0,synthetic
LOT_S05_C008,LOT_S05,IDSS,96,2.5251675960414808,uA,150.0,"HTRB (150°C, 80V)",ATE_BENCH_01,CH_08,VALID,0,,10.0,synthetic
LOT_S05_C008,LOT_S05,IDSS,168,2.819454632478253,uA,150.0,"HTRB (150°C, 80V)",ATE_BENCH_01,CH_08,VALID,0,,10.0,synthetic
LOT_S05_C008,LOT_S05,VGS(th),0,3.036622942294538,V,150.0,"HTGB (150°C, 20V)",ATE_BENCH_01,CH_08,VALID,0,2.0,4.0,synthetic
LOT_S05_C008,LOT_S05,VGS(th),24,3.056532658658697,V,150.0,"HTGB (150°C, 20V)",ATE_BENCH_01,CH_08,VALID,0,2.0,4.0,synthetic
LOT_S05_C008,LOT_S05,VGS(th),96,3.0457971680732485,V,150.0,"HTGB (150°C, 20V)",ATE_BENCH_01,CH_08,VALID,0,2.0,4.0,synthetic
LOT_S05_C008,LOT_S05,VGS(th),168,3.0715615670338545,V,150.0,"HTGB (150°C, 20V)",ATE_BENCH_01,CH_08,VALID,0,2.0,4.0,synthetic
LOT_S05_C008,LOT_S05,RDS(on),0,49.09310320252166,mOhm,125.0,Operating Life / Power Conduction (TJ=125-150°C),ATE_BENCH_01,CH_08,VALID,0,,60.0,synthetic
LOT_S05_C008,LOT_S05,RDS(on),24,49.55801282691993,mOhm,125.0,Operating Life / Power Conduction (TJ=125-150°C),ATE_BENCH_01,CH_08,VALID,0,,60.0,synthetic
LOT_S05_C008,LOT_S05,RDS(on),96,50.26257282207373,mOhm,125.0,Operating Life / Power Conduction (TJ=125-150°C),ATE_BENCH_01,CH_08,VALID,0,,60.0,synthetic
LOT_S05_C008,LOT_S05,RDS(on),168,49.201754819748444,mOhm,125.0,Operating Life / Power Conduction (TJ=125-150°C),ATE_BENCH_01,CH_08,VALID,0,,60.0,synthetic
LOT_S05_C008,LOT_S05,IGSS,0,-1.9934399173498456,nA,150.0,"HTGB (150°C, ±20V)",ATE_BENCH_01,CH_08,VALID,0,-100.0,100.0,synthetic
LOT_S05_C008,LOT_S05,IGSS,24,-2.7158651229163713,nA,150.0,"HTGB (150°C, ±20V)",ATE_BENCH_01,CH_08,VALID,0,-100.0,100.0,synthetic
LOT_S05_C008,LOT_S05,IGSS,96,-2.052941586341047,nA,150.0,"HTGB (150°C, ±20V)",ATE_BENCH_01,CH_08,VALID,0,-100.0,100.0,synthetic
LOT_S05_C008,LOT_S05,IGSS,168,-1.5497538576673895,nA,150.0,"HTGB (150°C, ±20V)",ATE_BENCH_01,CH_08,VALID,0,-100.0,100.0,synthetic
LOT_S05_C009,LOT_S05,IDSS,0,0.3613724184185712,uA,150.0,"HTRB (150°C, 80V)",ATE_BENCH_01,CH_09,VALID,0,,10.0,synthetic
LOT_S05_C009,LOT_S05,IDSS,24,0.3236519988145209,uA,150.0,"HTRB (150°C, 80V)",ATE_BENCH_01,CH_09,VALID,0,,10.0,synthetic
LOT_S05_C009,LOT_S05,IDSS,96,0.32892419169428544,uA,150.0,"HTRB (150°C, 80V)",ATE_BENCH_01,CH_09,VALID,0,,10.0,synthetic
LOT_S05_C009,LOT_S05,IDSS,168,0.3277243143385942,uA,150.0,"HTRB (150°C, 80V)",ATE_BENCH_01,CH_09,VALID,0,,10.0,synthetic
LOT_S05_C009,LOT_S05,VGS(th),0,3.1517060511983064,V,150.0,"HTGB (150°C, 20V)",ATE_BENCH_01,CH_09,VALID,0,2.0,4.0,synthetic
LOT_S05_C009,LOT_S05,VGS(th),24,3.1259295191121437,V,150.0,"HTGB (150°C, 20V)",ATE_BENCH_01,CH_09,VALID,0,2.0,4.0,synthetic
LOT_S05_C009,LOT_S05,VGS(th),96,3.141828822652827,V,150.0,"HTGB (150°C, 20V)",ATE_BENCH_01,CH_09,VALID,0,2.0,4.0,synthetic
LOT_S05_C009,LOT_S05,VGS(th),168,3.1206247471671333,V,150.0,"HTGB (150°C, 20V)",ATE_BENCH_01,CH_09,VALID,0,2.0,4.0,synthetic
LOT_S05_C009,LOT_S05,RDS(on),0,44.538303686529424,mOhm,125.0,Operating Life / Power Conduction (TJ=125-150°C),ATE_BENCH_01,CH_09,VALID,0,,60.0,synthetic
LOT_S05_C009,LOT_S05,RDS(on),24,44.15739176556965,mOhm,125.0,Operating Life / Power Conduction (TJ=125-150°C),ATE_BENCH_01,CH_09,VALID,0,,60.0,synthetic
LOT_S05_C009,LOT_S05,RDS(on),96,43.87969615300689,mOhm,125.0,Operating Life / Power Conduction (TJ=125-150°C),ATE_BENCH_01,CH_09,VALID,0,,60.0,synthetic
LOT_S05_C009,LOT_S05,RDS(on),168,44.896754147527744,mOhm,125.0,Operating Life / Power Conduction (TJ=125-150°C),ATE_BENCH_01,CH_09,VALID,0,,60.0,synthetic
LOT_S05_C009,LOT_S05,IGSS,0,1.6722047719088335,nA,150.0,"HTGB (150°C, ±20V)",ATE_BENCH_01,CH_09,VALID,0,-100.0,100.0,synthetic
LOT_S05_C009,LOT_S05,IGSS,24,1.6357126103781872,nA,150.0,"HTGB (150°C, ±20V)",ATE_BENCH_01,CH_09,VALID,0,-100.0,100.0,synthetic
LOT_S05_C009,LOT_S05,IGSS,96,0.7197154787570141,nA,150.0,"HTGB (150°C, ±20V)",ATE_BENCH_01,CH_09,VALID,0,-100.0,100.0,synthetic
LOT_S05_C009,LOT_S05,IGSS,168,2.069810059584154,nA,150.0,"HTGB (150°C, ±20V)",ATE_BENCH_01,CH_09,VALID,0,-100.0,100.0,synthetic
LOT_S05_C010,LOT_S05,IDSS,0,0.38812218154807654,uA,150.0,"HTRB (150°C, 80V)",ATE_BENCH_01,CH_10,VALID,0,,10.0,synthetic
LOT_S05_C010,LOT_S05,IDSS,24,0.37060998664043593,uA,150.0,"HTRB (150°C, 80V)",ATE_BENCH_01,CH_10,VALID,0,,10.0,synthetic
LOT_S05_C010,LOT_S05,IDSS,96,0.3547256148855293,uA,150.0,"HTRB (150°C, 80V)",ATE_BENCH_01,CH_10,VALID,0,,10.0,synthetic
LOT_S05_C010,LOT_S05,IDSS,168,0.36980159707989496,uA,150.0,"HTRB (150°C, 80V)",ATE_BENCH_01,CH_10,VALID,0,,10.0,synthetic
LOT_S05_C010,LOT_S05,VGS(th),0,3.7632885014140913,V,150.0,"HTGB (150°C, 20V)",ATE_BENCH_01,CH_10,VALID,0,2.0,4.0,synthetic
LOT_S05_C010,LOT_S05,VGS(th),24,3.7413082212818445,V,150.0,"HTGB (150°C, 20V)",ATE_BENCH_01,CH_10,VALID,0,2.0,4.0,synthetic
LOT_S05_C010,LOT_S05,VGS(th),96,3.765475273076808,V,150.0,"HTGB (150°C, 20V)",ATE_BENCH_01,CH_10,VALID,0,2.0,4.0,synthetic
LOT_S05_C010,LOT_S05,VGS(th),168,3.721357629838749,V,150.0,"HTGB (150°C, 20V)",ATE_BENCH_01,CH_10,VALID,0,2.0,4.0,synthetic
LOT_S05_C010,LOT_S05,RDS(on),0,43.63983841210238,mOhm,125.0,Operating Life / Power Conduction (TJ=125-150°C),ATE_BENCH_01,CH_10,VALID,0,,60.0,synthetic
LOT_S05_C010,LOT_S05,RDS(on),24,44.781890513250715,mOhm,125.0,Operating Life / Power Conduction (TJ=125-150°C),ATE_BENCH_01,CH_10,VALID,0,,60.0,synthetic
LOT_S05_C010,LOT_S05,RDS(on),96,45.10433385959093,mOhm,125.0,Operating Life / Power Conduction (TJ=125-150°C),ATE_BENCH_01,CH_10,VALID,0,,60.0,synthetic
LOT_S05_C010,LOT_S05,RDS(on),168,45.74290049537674,mOhm,125.0,Operating Life / Power Conduction (TJ=125-150°C),ATE_BENCH_01,CH_10,VALID,0,,60.0,synthetic
LOT_S05_C010,LOT_S05,IGSS,0,-1.3436671004526495,nA,150.0,"HTGB (150°C, ±20V)",ATE_BENCH_01,CH_10,VALID,0,-100.0,100.0,synthetic
LOT_S05_C010,LOT_S05,IGSS,24,-0.8545687557555254,nA,150.0,"HTGB (150°C, ±20V)",ATE_BENCH_01,CH_10,VALID,0,-100.0,100.0,synthetic
LOT_S05_C010,LOT_S05,IGSS,96,-0.7635101839207331,nA,150.0,"HTGB (150°C, ±20V)",ATE_BENCH_01,CH_10,VALID,0,-100.0,100.0,synthetic
LOT_S05_C010,LOT_S05,IGSS,168,-1.086918959198467,nA,150.0,"HTGB (150°C, ±20V)",ATE_BENCH_01,CH_10,VALID,0,-100.0,100.0,synthetic
LOT_S05_C011,LOT_S05,IDSS,0,0.3690254868814851,uA,150.0,"HTRB (150°C, 80V)",ATE_BENCH_01,CH_11,VALID,0,,10.0,synthetic
LOT_S05_C011,LOT_S05,IDSS,24,0.3733234159833266,uA,150.0,"HTRB (150°C, 80V)",ATE_BENCH_01,CH_11,VALID,0,,10.0,synthetic
LOT_S05_C011,LOT_S05,IDSS,96,0.3855425544916782,uA,150.0,"HTRB (150°C, 80V)",ATE_BENCH_01,CH_11,VALID,0,,10.0,synthetic
LOT_S05_C011,LOT_S05,IDSS,168,0.3645634422663234,uA,150.0,"HTRB (150°C, 80V)",ATE_BENCH_01,CH_11,VALID,0,,10.0,synthetic
LOT_S05_C011,LOT_S05,VGS(th),0,2.9308789939232507,V,150.0,"HTGB (150°C, 20V)",ATE_BENCH_01,CH_11,VALID,0,2.0,4.0,synthetic
LOT_S05_C011,LOT_S05,VGS(th),24,2.8976806519491767,V,150.0,"HTGB (150°C, 20V)",ATE_BENCH_01,CH_11,VALID,0,2.0,4.0,synthetic
LOT_S05_C011,LOT_S05,VGS(th),96,2.941587480044653,V,150.0,"HTGB (150°C, 20V)",ATE_BENCH_01,CH_11,VALID,0,2.0,4.0,synthetic
LOT_S05_C011,LOT_S05,VGS(th),168,2.9007994081042834,V,150.0,"HTGB (150°C, 20V)",ATE_BENCH_01,CH_11,VALID,0,2.0,4.0,synthetic
LOT_S05_C011,LOT_S05,RDS(on),0,48.48507732208109,mOhm,125.0,Operating Life / Power Conduction (TJ=125-150°C),ATE_BENCH_01,CH_11,VALID,0,,60.0,synthetic
LOT_S05_C011,LOT_S05,RDS(on),24,48.41419756796984,mOhm,125.0,Operating Life / Power Conduction (TJ=125-150°C),ATE_BENCH_01,CH_11,VALID,0,,60.0,synthetic
LOT_S05_C011,LOT_S05,RDS(on),96,48.47214441604945,mOhm,125.0,Operating Life / Power Conduction (TJ=125-150°C),ATE_BENCH_01,CH_11,VALID,0,,60.0,synthetic
LOT_S05_C011,LOT_S05,RDS(on),168,48.553346007719306,mOhm,125.0,Operating Life / Power Conduction (TJ=125-150°C),ATE_BENCH_01,CH_11,VALID,0,,60.0,synthetic
LOT_S05_C011,LOT_S05,IGSS,0,1.2760240059374708,nA,150.0,"HTGB (150°C, ±20V)",ATE_BENCH_01,CH_11,VALID,0,-100.0,100.0,synthetic
LOT_S05_C011,LOT_S05,IGSS,24,1.5831421746512864,nA,150.0,"HTGB (150°C, ±20V)",ATE_BENCH_01,CH_11,VALID,0,-100.0,100.0,synthetic
LOT_S05_C011,LOT_S05,IGSS,96,1.6849429956644753,nA,150.0,"HTGB (150°C, ±20V)",ATE_BENCH_01,CH_11,VALID,0,-100.0,100.0,synthetic
LOT_S05_C011,LOT_S05,IGSS,168,1.739271881449281,nA,150.0,"HTGB (150°C, ±20V)",ATE_BENCH_01,CH_11,VALID,0,-100.0,100.0,synthetic
LOT_S05_C012,LOT_S05,IDSS,0,0.3235461306629475,uA,150.0,"HTRB (150°C, 80V)",ATE_BENCH_01,CH_12,VALID,0,,10.0,synthetic
LOT_S05_C012,LOT_S05,IDSS,24,0.3060795605773321,uA,150.0,"HTRB (150°C, 80V)",ATE_BENCH_01,CH_12,VALID,0,,10.0,synthetic
LOT_S05_C012,LOT_S05,IDSS,96,0.334477814195581,uA,150.0,"HTRB (150°C, 80V)",ATE_BENCH_01,CH_12,VALID,0,,10.0,synthetic
LOT_S05_C012,LOT_S05,IDSS,168,0.3724002038893871,uA,150.0,"HTRB (150°C, 80V)",ATE_BENCH_01,CH_12,VALID,0,,10.0,synthetic
LOT_S05_C012,LOT_S05,VGS(th),0,3.017451684303052,V,150.0,"HTGB (150°C, 20V)",ATE_BENCH_01,CH_12,VALID,0,2.0,4.0,synthetic
LOT_S05_C012,LOT_S05,VGS(th),24,3.0128414435103186,V,150.0,"HTGB (150°C, 20V)",ATE_BENCH_01,CH_12,VALID,0,2.0,4.0,synthetic
LOT_S05_C012,LOT_S05,VGS(th),96,3.013765528411829,V,150.0,"HTGB (150°C, 20V)",ATE_BENCH_01,CH_12,VALID,0,2.0,4.0,synthetic
LOT_S05_C012,LOT_S05,VGS(th),168,3.0369140034494193,V,150.0,"HTGB (150°C, 20V)",ATE_BENCH_01,CH_12,VALID,0,2.0,4.0,synthetic
LOT_S05_C012,LOT_S05,RDS(on),0,55.51988854330977,mOhm,125.0,Operating Life / Power Conduction (TJ=125-150°C),ATE_BENCH_01,CH_12,VALID,0,,60.0,synthetic
LOT_S05_C012,LOT_S05,RDS(on),24,54.370694860625335,mOhm,125.0,Operating Life / Power Conduction (TJ=125-150°C),ATE_BENCH_01,CH_12,VALID,0,,60.0,synthetic
LOT_S05_C012,LOT_S05,RDS(on),96,55.54878856167153,mOhm,125.0,Operating Life / Power Conduction (TJ=125-150°C),ATE_BENCH_01,CH_12,VALID,0,,60.0,synthetic
LOT_S05_C012,LOT_S05,RDS(on),168,56.017164323604476,mOhm,125.0,Operating Life / Power Conduction (TJ=125-150°C),ATE_BENCH_01,CH_12,VALID,0,,60.0,synthetic
LOT_S05_C012,LOT_S05,IGSS,0,-0.14020329835135487,nA,150.0,"HTGB (150°C, ±20V)",ATE_BENCH_01,CH_12,VALID,0,-100.0,100.0,synthetic
LOT_S05_C012,LOT_S05,IGSS,24,-0.3833969801724062,nA,150.0,"HTGB (150°C, ±20V)",ATE_BENCH_01,CH_12,VALID,0,-100.0,100.0,synthetic
LOT_S05_C012,LOT_S05,IGSS,96,-0.12174986207206705,nA,150.0,"HTGB (150°C, ±20V)",ATE_BENCH_01,CH_12,VALID,0,-100.0,100.0,synthetic
LOT_S05_C012,LOT_S05,IGSS,168,-0.15880267701436668,nA,150.0,"HTGB (150°C, ±20V)",ATE_BENCH_01,CH_12,VALID,0,-100.0,100.0,synthetic
LOT_S05_C013,LOT_S05,IDSS,0,0.31576249234323545,uA,150.0,"HTRB (150°C, 80V)",ATE_BENCH_01,CH_13,VALID,0,,10.0,synthetic
LOT_S05_C013,LOT_S05,IDSS,24,0.3314704780568893,uA,150.0,"HTRB (150°C, 80V)",ATE_BENCH_01,CH_13,VALID,0,,10.0,synthetic
LOT_S05_C013,LOT_S05,IDSS,96,0.3408855047550718,uA,150.0,"HTRB (150°C, 80V)",ATE_BENCH_01,CH_13,VALID,0,,10.0,synthetic
LOT_S05_C013,LOT_S05,IDSS,168,0.33067755397693654,uA,150.0,"HTRB (150°C, 80V)",ATE_BENCH_01,CH_13,VALID,0,,10.0,synthetic
LOT_S05_C013,LOT_S05,VGS(th),0,2.9290903008307896,V,150.0,"HTGB (150°C, 20V)",ATE_BENCH_01,CH_13,VALID,0,2.0,4.0,synthetic
LOT_S05_C013,LOT_S05,VGS(th),24,2.911257975722134,V,150.0,"HTGB (150°C, 20V)",ATE_BENCH_01,CH_13,VALID,0,2.0,4.0,synthetic
LOT_S05_C013,LOT_S05,VGS(th),168,2.9352069403686025,V,150.0,"HTGB (150°C, 20V)",ATE_BENCH_01,CH_13,VALID,0,2.0,4.0,synthetic
LOT_S05_C013,LOT_S05,RDS(on),0,46.54976921896379,mOhm,125.0,Operating Life / Power Conduction (TJ=125-150°C),ATE_BENCH_01,CH_13,VALID,0,,60.0,synthetic
LOT_S05_C013,LOT_S05,RDS(on),24,47.254078705807345,mOhm,125.0,Operating Life / Power Conduction (TJ=125-150°C),ATE_BENCH_01,CH_13,VALID,0,,60.0,synthetic
LOT_S05_C013,LOT_S05,RDS(on),96,46.70875907176136,mOhm,125.0,Operating Life / Power Conduction (TJ=125-150°C),ATE_BENCH_01,CH_13,VALID,0,,60.0,synthetic
LOT_S05_C013,LOT_S05,RDS(on),168,46.19464962480954,mOhm,125.0,Operating Life / Power Conduction (TJ=125-150°C),ATE_BENCH_01,CH_13,VALID,0,,60.0,synthetic
LOT_S05_C013,LOT_S05,IGSS,0,1.3294851504789278,nA,150.0,"HTGB (150°C, ±20V)",ATE_BENCH_01,CH_13,VALID,0,-100.0,100.0,synthetic
LOT_S05_C013,LOT_S05,IGSS,24,1.3590960776612728,nA,150.0,"HTGB (150°C, ±20V)",ATE_BENCH_01,CH_13,VALID,0,-100.0,100.0,synthetic
LOT_S05_C013,LOT_S05,IGSS,96,1.7060030377087787,nA,150.0,"HTGB (150°C, ±20V)",ATE_BENCH_01,CH_13,VALID,0,-100.0,100.0,synthetic
LOT_S05_C013,LOT_S05,IGSS,168,1.1737723183977014,nA,150.0,"HTGB (150°C, ±20V)",ATE_BENCH_01,CH_13,VALID,0,-100.0,100.0,synthetic
LOT_S05_C014,LOT_S05,IDSS,0,2.4964519645743914,uA,150.0,"HTRB (150°C, 80V)",ATE_BENCH_01,CH_14,VALID,0,,10.0,synthetic
LOT_S05_C014,LOT_S05,IDSS,24,2.507079963659585,uA,150.0,"HTRB (150°C, 80V)",ATE_BENCH_01,CH_14,VALID,0,,10.0,synthetic
LOT_S05_C014,LOT_S05,IDSS,96,2.3283522584395997,uA,150.0,"HTRB (150°C, 80V)",ATE_BENCH_01,CH_14,VALID,0,,10.0,synthetic
LOT_S05_C014,LOT_S05,IDSS,168,2.309006453301616,uA,150.0,"HTRB (150°C, 80V)",ATE_BENCH_01,CH_14,VALID,0,,10.0,synthetic
LOT_S05_C014,LOT_S05,VGS(th),0,3.0326286932377573,V,150.0,"HTGB (150°C, 20V)",ATE_BENCH_01,CH_14,VALID,0,2.0,4.0,synthetic
LOT_S05_C014,LOT_S05,VGS(th),24,3.0466888682951425,V,150.0,"HTGB (150°C, 20V)",ATE_BENCH_01,CH_14,VALID,0,2.0,4.0,synthetic
LOT_S05_C014,LOT_S05,VGS(th),96,3.042845848662156,V,150.0,"HTGB (150°C, 20V)",ATE_BENCH_01,CH_14,VALID,0,2.0,4.0,synthetic
LOT_S05_C014,LOT_S05,VGS(th),168,3.0115932053419,V,150.0,"HTGB (150°C, 20V)",ATE_BENCH_01,CH_14,VALID,0,2.0,4.0,synthetic
LOT_S05_C014,LOT_S05,RDS(on),0,43.888833288861505,mOhm,125.0,Operating Life / Power Conduction (TJ=125-150°C),ATE_BENCH_01,CH_14,VALID,0,,60.0,synthetic
LOT_S05_C014,LOT_S05,RDS(on),24,43.3936491421987,mOhm,125.0,Operating Life / Power Conduction (TJ=125-150°C),ATE_BENCH_01,CH_14,VALID,0,,60.0,synthetic
LOT_S05_C014,LOT_S05,RDS(on),96,44.66409111177749,mOhm,125.0,Operating Life / Power Conduction (TJ=125-150°C),ATE_BENCH_01,CH_14,VALID,0,,60.0,synthetic
LOT_S05_C014,LOT_S05,RDS(on),168,43.97958866303845,mOhm,125.0,Operating Life / Power Conduction (TJ=125-150°C),ATE_BENCH_01,CH_14,VALID,0,,60.0,synthetic
LOT_S05_C014,LOT_S05,IGSS,0,-1.7625538886395526,nA,150.0,"HTGB (150°C, ±20V)",ATE_BENCH_01,CH_14,VALID,0,-100.0,100.0,synthetic
LOT_S05_C014,LOT_S05,IGSS,24,-1.189395745920379,nA,150.0,"HTGB (150°C, ±20V)",ATE_BENCH_01,CH_14,VALID,0,-100.0,100.0,synthetic
LOT_S05_C014,LOT_S05,IGSS,96,-1.9433639755614318,nA,150.0,"HTGB (150°C, ±20V)",ATE_BENCH_01,CH_14,VALID,0,-100.0,100.0,synthetic
LOT_S05_C014,LOT_S05,IGSS,168,-0.8530308447267358,nA,150.0,"HTGB (150°C, ±20V)",ATE_BENCH_01,CH_14,VALID,0,-100.0,100.0,synthetic
LOT_S05_C015,LOT_S05,IDSS,0,0.24026548245174542,uA,150.0,"HTRB (150°C, 80V)",ATE_BENCH_01,CH_15,VALID,0,,10.0,synthetic
LOT_S05_C015,LOT_S05,IDSS,24,0.2495036032014425,uA,150.0,"HTRB (150°C, 80V)",ATE_BENCH_01,CH_15,VALID,0,,10.0,synthetic
LOT_S05_C015,LOT_S05,IDSS,96,0.26653489873741965,uA,150.0,"HTRB (150°C, 80V)",ATE_BENCH_01,CH_15,VALID,0,,10.0,synthetic
LOT_S05_C015,LOT_S05,IDSS,168,0.2435201845308187,uA,150.0,"HTRB (150°C, 80V)",ATE_BENCH_01,CH_15,VALID,0,,10.0,synthetic
LOT_S05_C015,LOT_S05,VGS(th),0,2.9872527522909937,V,150.0,"HTGB (150°C, 20V)",ATE_BENCH_01,CH_15,VALID,0,2.0,4.0,synthetic
LOT_S05_C015,LOT_S05,VGS(th),24,2.9542266524454575,V,150.0,"HTGB (150°C, 20V)",ATE_BENCH_01,CH_15,VALID,0,2.0,4.0,synthetic
LOT_S05_C015,LOT_S05,VGS(th),96,2.951887246112823,V,150.0,"HTGB (150°C, 20V)",ATE_BENCH_01,CH_15,VALID,0,2.0,4.0,synthetic
LOT_S05_C015,LOT_S05,VGS(th),168,2.9965533085084135,V,150.0,"HTGB (150°C, 20V)",ATE_BENCH_01,CH_15,VALID,0,2.0,4.0,synthetic
LOT_S05_C015,LOT_S05,RDS(on),0,45.41365666101107,mOhm,125.0,Operating Life / Power Conduction (TJ=125-150°C),ATE_BENCH_01,CH_15,VALID,0,,60.0,synthetic
LOT_S05_C015,LOT_S05,RDS(on),24,45.83203066933627,mOhm,125.0,Operating Life / Power Conduction (TJ=125-150°C),ATE_BENCH_01,CH_15,VALID,0,,60.0,synthetic
LOT_S05_C015,LOT_S05,RDS(on),96,44.641955209515345,mOhm,125.0,Operating Life / Power Conduction (TJ=125-150°C),ATE_BENCH_01,CH_15,VALID,0,,60.0,synthetic
LOT_S05_C015,LOT_S05,RDS(on),168,45.68827547253918,mOhm,125.0,Operating Life / Power Conduction (TJ=125-150°C),ATE_BENCH_01,CH_15,VALID,0,,60.0,synthetic
LOT_S05_C015,LOT_S05,IGSS,0,1.4615228364015558,nA,150.0,"HTGB (150°C, ±20V)",ATE_BENCH_01,CH_15,VALID,0,-100.0,100.0,synthetic
LOT_S05_C015,LOT_S05,IGSS,24,1.5517962550065167,nA,150.0,"HTGB (150°C, ±20V)",ATE_BENCH_01,CH_15,VALID,0,-100.0,100.0,synthetic
LOT_S05_C015,LOT_S05,IGSS,96,1.2240766234521405,nA,150.0,"HTGB (150°C, ±20V)",ATE_BENCH_01,CH_15,VALID,0,-100.0,100.0,synthetic
LOT_S05_C015,LOT_S05,IGSS,168,2.3825271236094467,nA,150.0,"HTGB (150°C, ±20V)",ATE_BENCH_01,CH_15,VALID,0,-100.0,100.0,synthetic
LOT_S05_C016,LOT_S05,IDSS,0,0.3382508741415331,uA,150.0,"HTRB (150°C, 80V)",ATE_BENCH_01,CH_16,VALID,0,,10.0,synthetic
LOT_S05_C016,LOT_S05,IDSS,24,0.33582099826659123,uA,150.0,"HTRB (150°C, 80V)",ATE_BENCH_01,CH_16,VALID,0,,10.0,synthetic
LOT_S05_C016,LOT_S05,IDSS,96,0.37489721554003996,uA,150.0,"HTRB (150°C, 80V)",ATE_BENCH_01,CH_16,VALID,0,,10.0,synthetic
LOT_S05_C016,LOT_S05,IDSS,168,0.35995733758883086,uA,150.0,"HTRB (150°C, 80V)",ATE_BENCH_01,CH_16,VALID,0,,10.0,synthetic
LOT_S05_C016,LOT_S05,VGS(th),0,3.7185934936178313,V,150.0,"HTGB (150°C, 20V)",ATE_BENCH_01,CH_16,VALID,0,2.0,4.0,synthetic
LOT_S05_C016,LOT_S05,VGS(th),24,3.757697902401199,V,150.0,"HTGB (150°C, 20V)",ATE_BENCH_01,CH_16,VALID,0,2.0,4.0,synthetic
LOT_S05_C016,LOT_S05,VGS(th),96,3.746853966610578,V,150.0,"HTGB (150°C, 20V)",ATE_BENCH_01,CH_16,VALID,0,2.0,4.0,synthetic
LOT_S05_C016,LOT_S05,VGS(th),168,3.7442078192614936,V,150.0,"HTGB (150°C, 20V)",ATE_BENCH_01,CH_16,VALID,0,2.0,4.0,synthetic
LOT_S05_C016,LOT_S05,RDS(on),0,41.80663430442191,mOhm,125.0,Operating Life / Power Conduction (TJ=125-150°C),ATE_BENCH_01,CH_16,VALID,0,,60.0,synthetic
LOT_S05_C016,LOT_S05,RDS(on),24,41.29401855909558,mOhm,125.0,Operating Life / Power Conduction (TJ=125-150°C),ATE_BENCH_01,CH_16,VALID,0,,60.0,synthetic
LOT_S05_C016,LOT_S05,RDS(on),96,41.904537025573106,mOhm,125.0,Operating Life / Power Conduction (TJ=125-150°C),ATE_BENCH_01,CH_16,VALID,0,,60.0,synthetic
LOT_S05_C016,LOT_S05,RDS(on),168,42.21385446755615,mOhm,125.0,Operating Life / Power Conduction (TJ=125-150°C),ATE_BENCH_01,CH_16,VALID,0,,60.0,synthetic
LOT_S05_C016,LOT_S05,IGSS,0,-1.9662503726864908,nA,150.0,"HTGB (150°C, ±20V)",ATE_BENCH_01,CH_16,VALID,0,-100.0,100.0,synthetic
LOT_S05_C016,LOT_S05,IGSS,24,-2.1702736887682463,nA,150.0,"HTGB (150°C, ±20V)",ATE_BENCH_01,CH_16,VALID,0,-100.0,100.0,synthetic
LOT_S05_C016,LOT_S05,IGSS,96,-1.5383548235033337,nA,150.0,"HTGB (150°C, ±20V)",ATE_BENCH_01,CH_16,VALID,0,-100.0,100.0,synthetic
LOT_S05_C016,LOT_S05,IGSS,168,-1.689918089325163,nA,150.0,"HTGB (150°C, ±20V)",ATE_BENCH_01,CH_16,VALID,0,-100.0,100.0,synthetic
LOT_S05_C017,LOT_S05,IDSS,0,0.3553555104183192,uA,150.0,"HTRB (150°C, 80V)",ATE_BENCH_02,CH_01,VALID,0,,10.0,synthetic
LOT_S05_C017,LOT_S05,IDSS,24,0.39084211288512144,uA,150.0,"HTRB (150°C, 80V)",ATE_BENCH_02,CH_01,VALID,0,,10.0,synthetic
LOT_S05_C017,LOT_S05,IDSS,96,0.37092549113257933,uA,150.0,"HTRB (150°C, 80V)",ATE_BENCH_02,CH_01,VALID,0,,10.0,synthetic
LOT_S05_C017,LOT_S05,IDSS,168,0.4126134348137339,uA,150.0,"HTRB (150°C, 80V)",ATE_BENCH_02,CH_01,VALID,0,,10.0,synthetic
LOT_S05_C017,LOT_S05,VGS(th),0,3.2077294643262633,V,150.0,"HTGB (150°C, 20V)",ATE_BENCH_02,CH_01,VALID,0,2.0,4.0,synthetic
LOT_S05_C017,LOT_S05,VGS(th),24,3.2010077955533682,V,150.0,"HTGB (150°C, 20V)",ATE_BENCH_02,CH_01,VALID,0,2.0,4.0,synthetic
LOT_S05_C017,LOT_S05,VGS(th),96,3.2181208695407344,V,150.0,"HTGB (150°C, 20V)",ATE_BENCH_02,CH_01,VALID,0,2.0,4.0,synthetic
LOT_S05_C017,LOT_S05,VGS(th),168,3.207989271362218,V,150.0,"HTGB (150°C, 20V)",ATE_BENCH_02,CH_01,VALID,0,2.0,4.0,synthetic
LOT_S05_C017,LOT_S05,RDS(on),0,40.97604429667964,mOhm,125.0,Operating Life / Power Conduction (TJ=125-150°C),ATE_BENCH_02,CH_01,VALID,0,,60.0,synthetic
LOT_S05_C017,LOT_S05,RDS(on),24,41.933710526411254,mOhm,125.0,Operating Life / Power Conduction (TJ=125-150°C),ATE_BENCH_02,CH_01,VALID,0,,60.0,synthetic
LOT_S05_C017,LOT_S05,RDS(on),96,41.53442585999158,mOhm,125.0,Operating Life / Power Conduction (TJ=125-150°C),ATE_BENCH_02,CH_01,VALID,0,,60.0,synthetic
LOT_S05_C017,LOT_S05,RDS(on),168,41.50897952689532,mOhm,125.0,Operating Life / Power Conduction (TJ=125-150°C),ATE_BENCH_02,CH_01,VALID,0,,60.0,synthetic
LOT_S05_C017,LOT_S05,IGSS,0,2.9054796284275235,nA,150.0,"HTGB (150°C, ±20V)",ATE_BENCH_02,CH_01,VALID,0,-100.0,100.0,synthetic
LOT_S05_C017,LOT_S05,IGSS,24,1.7501782614963917,nA,150.0,"HTGB (150°C, ±20V)",ATE_BENCH_02,CH_01,VALID,0,-100.0,100.0,synthetic
LOT_S05_C017,LOT_S05,IGSS,96,3.5583654914358576,nA,150.0,"HTGB (150°C, ±20V)",ATE_BENCH_02,CH_01,VALID,0,-100.0,100.0,synthetic
LOT_S05_C017,LOT_S05,IGSS,168,1.78423914967298,nA,150.0,"HTGB (150°C, ±20V)",ATE_BENCH_02,CH_01,VALID,0,-100.0,100.0,synthetic
LOT_S05_C018,LOT_S05,IDSS,0,0.2863857087094399,uA,150.0,"HTRB (150°C, 80V)",ATE_BENCH_02,CH_02,VALID,0,,10.0,synthetic
LOT_S05_C018,LOT_S05,IDSS,24,0.2968802618041808,uA,150.0,"HTRB (150°C, 80V)",ATE_BENCH_02,CH_02,VALID,0,,10.0,synthetic
LOT_S05_C018,LOT_S05,IDSS,96,0.3079191585547749,uA,150.0,"HTRB (150°C, 80V)",ATE_BENCH_02,CH_02,VALID,0,,10.0,synthetic
LOT_S05_C018,LOT_S05,IDSS,168,0.2616471806038561,uA,150.0,"HTRB (150°C, 80V)",ATE_BENCH_02,CH_02,VALID,0,,10.0,synthetic
LOT_S05_C018,LOT_S05,VGS(th),0,2.9893644036591334,V,150.0,"HTGB (150°C, 20V)",ATE_BENCH_02,CH_02,VALID,0,2.0,4.0,synthetic
LOT_S05_C018,LOT_S05,VGS(th),24,3.0197880040381553,V,150.0,"HTGB (150°C, 20V)",ATE_BENCH_02,CH_02,VALID,0,2.0,4.0,synthetic
LOT_S05_C018,LOT_S05,VGS(th),96,3.00507157345692,V,150.0,"HTGB (150°C, 20V)",ATE_BENCH_02,CH_02,VALID,0,2.0,4.0,synthetic
LOT_S05_C018,LOT_S05,VGS(th),168,3.022258648294865,V,150.0,"HTGB (150°C, 20V)",ATE_BENCH_02,CH_02,VALID,0,2.0,4.0,synthetic
LOT_S05_C018,LOT_S05,RDS(on),0,57.19886064648307,mOhm,125.0,Operating Life / Power Conduction (TJ=125-150°C),ATE_BENCH_02,CH_02,VALID,0,,60.0,synthetic
LOT_S05_C018,LOT_S05,RDS(on),24,57.879247051188464,mOhm,125.0,Operating Life / Power Conduction (TJ=125-150°C),ATE_BENCH_02,CH_02,VALID,0,,60.0,synthetic
LOT_S05_C018,LOT_S05,RDS(on),96,56.678187556241284,mOhm,125.0,Operating Life / Power Conduction (TJ=125-150°C),ATE_BENCH_02,CH_02,VALID,0,,60.0,synthetic
LOT_S05_C018,LOT_S05,RDS(on),168,56.25217904215086,mOhm,125.0,Operating Life / Power Conduction (TJ=125-150°C),ATE_BENCH_02,CH_02,VALID,0,,60.0,synthetic
LOT_S05_C018,LOT_S05,IGSS,0,-2.4842721729156447,nA,150.0,"HTGB (150°C, ±20V)",ATE_BENCH_02,CH_02,VALID,0,-100.0,100.0,synthetic
LOT_S05_C018,LOT_S05,IGSS,24,-1.9696210874401776,nA,150.0,"HTGB (150°C, ±20V)",ATE_BENCH_02,CH_02,VALID,0,-100.0,100.0,synthetic
LOT_S05_C018,LOT_S05,IGSS,96,-1.479557175154198,nA,150.0,"HTGB (150°C, ±20V)",ATE_BENCH_02,CH_02,VALID,0,-100.0,100.0,synthetic
LOT_S05_C018,LOT_S05,IGSS,168,-2.367033831056049,nA,150.0,"HTGB (150°C, ±20V)",ATE_BENCH_02,CH_02,VALID,0,-100.0,100.0,synthetic
LOT_S05_C019,LOT_S05,IDSS,0,0.34059145378713573,uA,150.0,"HTRB (150°C, 80V)",ATE_BENCH_02,CH_03,VALID,0,,10.0,synthetic
LOT_S05_C019,LOT_S05,IDSS,24,0.4112468864460183,uA,150.0,"HTRB (150°C, 80V)",ATE_BENCH_02,CH_03,VALID,0,,10.0,synthetic
LOT_S05_C019,LOT_S05,IDSS,96,0.35724387904927263,uA,150.0,"HTRB (150°C, 80V)",ATE_BENCH_02,CH_03,VALID,0,,10.0,synthetic
LOT_S05_C019,LOT_S05,IDSS,168,0.3586294710480231,uA,150.0,"HTRB (150°C, 80V)",ATE_BENCH_02,CH_03,VALID,0,,10.0,synthetic
LOT_S05_C019,LOT_S05,VGS(th),0,3.0396224588304377,V,150.0,"HTGB (150°C, 20V)",ATE_BENCH_02,CH_03,VALID,0,2.0,4.0,synthetic
LOT_S05_C019,LOT_S05,VGS(th),24,3.086295724178987,V,150.0,"HTGB (150°C, 20V)",ATE_BENCH_02,CH_03,VALID,0,2.0,4.0,synthetic
LOT_S05_C019,LOT_S05,VGS(th),96,3.0526404682224944,V,150.0,"HTGB (150°C, 20V)",ATE_BENCH_02,CH_03,VALID,0,2.0,4.0,synthetic
LOT_S05_C019,LOT_S05,VGS(th),168,3.0597954050938503,V,150.0,"HTGB (150°C, 20V)",ATE_BENCH_02,CH_03,VALID,0,2.0,4.0,synthetic
LOT_S05_C019,LOT_S05,RDS(on),0,44.592483955830495,mOhm,125.0,Operating Life / Power Conduction (TJ=125-150°C),ATE_BENCH_02,CH_03,VALID,0,,60.0,synthetic
LOT_S05_C019,LOT_S05,RDS(on),24,45.05138529426346,mOhm,125.0,Operating Life / Power Conduction (TJ=125-150°C),ATE_BENCH_02,CH_03,VALID,0,,60.0,synthetic
LOT_S05_C019,LOT_S05,RDS(on),96,45.66457648738602,mOhm,125.0,Operating Life / Power Conduction (TJ=125-150°C),ATE_BENCH_02,CH_03,VALID,0,,60.0,synthetic
LOT_S05_C019,LOT_S05,RDS(on),168,44.331921491523204,mOhm,125.0,Operating Life / Power Conduction (TJ=125-150°C),ATE_BENCH_02,CH_03,VALID,0,,60.0,synthetic
LOT_S05_C019,LOT_S05,IGSS,0,1.581431459854971,nA,150.0,"HTGB (150°C, ±20V)",ATE_BENCH_02,CH_03,VALID,0,-100.0,100.0,synthetic
LOT_S05_C019,LOT_S05,IGSS,24,1.5733665589711945,nA,150.0,"HTGB (150°C, ±20V)",ATE_BENCH_02,CH_03,VALID,0,-100.0,100.0,synthetic
LOT_S05_C019,LOT_S05,IGSS,96,0.9838900678049884,nA,150.0,"HTGB (150°C, ±20V)",ATE_BENCH_02,CH_03,VALID,0,-100.0,100.0,synthetic
LOT_S05_C019,LOT_S05,IGSS,168,0.7335861657308217,nA,150.0,"HTGB (150°C, ±20V)",ATE_BENCH_02,CH_03,VALID,0,-100.0,100.0,synthetic
LOT_S05_C020,LOT_S05,IDSS,0,2.7490536728131425,uA,150.0,"HTRB (150°C, 80V)",ATE_BENCH_02,CH_04,VALID,0,,10.0,synthetic
LOT_S05_C020,LOT_S05,IDSS,24,3.0355185268892426,uA,150.0,"HTRB (150°C, 80V)",ATE_BENCH_02,CH_04,VALID,0,,10.0,synthetic
LOT_S05_C020,LOT_S05,IDSS,96,2.6810467317019198,uA,150.0,"HTRB (150°C, 80V)",ATE_BENCH_02,CH_04,VALID,0,,10.0,synthetic
LOT_S05_C020,LOT_S05,IDSS,168,2.8959692353836233,uA,150.0,"HTRB (150°C, 80V)",ATE_BENCH_02,CH_04,VALID,0,,10.0,synthetic
LOT_S05_C020,LOT_S05,VGS(th),0,3.1992926265400854,V,150.0,"HTGB (150°C, 20V)",ATE_BENCH_02,CH_04,VALID,0,2.0,4.0,synthetic
LOT_S05_C020,LOT_S05,VGS(th),24,3.202086003632257,V,150.0,"HTGB (150°C, 20V)",ATE_BENCH_02,CH_04,VALID,0,2.0,4.0,synthetic
LOT_S05_C020,LOT_S05,VGS(th),96,3.189220576761696,V,150.0,"HTGB (150°C, 20V)",ATE_BENCH_02,CH_04,VALID,0,2.0,4.0,synthetic
LOT_S05_C020,LOT_S05,VGS(th),168,3.1914920902881425,V,150.0,"HTGB (150°C, 20V)",ATE_BENCH_02,CH_04,VALID,0,2.0,4.0,synthetic
LOT_S05_C020,LOT_S05,RDS(on),0,47.59735684940765,mOhm,125.0,Operating Life / Power Conduction (TJ=125-150°C),ATE_BENCH_02,CH_04,VALID,0,,60.0,synthetic
LOT_S05_C020,LOT_S05,RDS(on),24,46.84904394327466,mOhm,125.0,Operating Life / Power Conduction (TJ=125-150°C),ATE_BENCH_02,CH_04,VALID,0,,60.0,synthetic
LOT_S05_C020,LOT_S05,RDS(on),96,47.86610337925634,mOhm,125.0,Operating Life / Power Conduction (TJ=125-150°C),ATE_BENCH_02,CH_04,VALID,0,,60.0,synthetic
LOT_S05_C020,LOT_S05,RDS(on),168,47.969608757269356,mOhm,125.0,Operating Life / Power Conduction (TJ=125-150°C),ATE_BENCH_02,CH_04,VALID,0,,60.0,synthetic
LOT_S05_C020,LOT_S05,IGSS,0,-2.4379944444488157,nA,150.0,"HTGB (150°C, ±20V)",ATE_BENCH_02,CH_04,VALID,0,-100.0,100.0,synthetic
LOT_S05_C020,LOT_S05,IGSS,24,-1.464203547957821,nA,150.0,"HTGB (150°C, ±20V)",ATE_BENCH_02,CH_04,VALID,0,-100.0,100.0,synthetic
LOT_S05_C020,LOT_S05,IGSS,96,-2.274176724710774,nA,150.0,"HTGB (150°C, ±20V)",ATE_BENCH_02,CH_04,VALID,0,-100.0,100.0,synthetic
LOT_S05_C020,LOT_S05,IGSS,168,-1.0833123257630453,nA,150.0,"HTGB (150°C, ±20V)",ATE_BENCH_02,CH_04,VALID,0,-100.0,100.0,synthetic
LOT_N01_C001,LOT_N01,IDSS,0,0.4094993328663273,uA,150.0,"HTRB (150°C, 80V)",ATE_BENCH_01,CH_01,VALID,0,,10.0,synthetic
LOT_N01_C001,LOT_N01,IDSS,24,0.4347314999370826,uA,150.0,"HTRB (150°C, 80V)",ATE_BENCH_01,CH_01,VALID,0,,10.0,synthetic
LOT_N01_C001,LOT_N01,IDSS,96,0.4657208117181019,uA,150.0,"HTRB (150°C, 80V)",ATE_BENCH_01,CH_01,VALID,0,,10.0,synthetic
LOT_N01_C001,LOT_N01,IDSS,168,0.4202416069192039,uA,150.0,"HTRB (150°C, 80V)",ATE_BENCH_01,CH_01,VALID,0,,10.0,synthetic
LOT_N01_C001,LOT_N01,VGS(th),0,2.848182245293944,V,150.0,"HTGB (150°C, 20V)",ATE_BENCH_01,CH_01,VALID,0,2.0,4.0,synthetic
LOT_N01_C001,LOT_N01,VGS(th),24,2.8097511330740343,V,150.0,"HTGB (150°C, 20V)",ATE_BENCH_01,CH_01,VALID,0,2.0,4.0,synthetic
LOT_N01_C001,LOT_N01,VGS(th),96,2.836682622848732,V,150.0,"HTGB (150°C, 20V)",ATE_BENCH_01,CH_01,VALID,0,2.0,4.0,synthetic
LOT_N01_C001,LOT_N01,VGS(th),168,2.8298132282498694,V,150.0,"HTGB (150°C, 20V)",ATE_BENCH_01,CH_01,VALID,0,2.0,4.0,synthetic
LOT_N01_C001,LOT_N01,RDS(on),0,47.30903571961632,mOhm,125.0,Operating Life / Power Conduction (TJ=125-150°C),ATE_BENCH_01,CH_01,VALID,0,,60.0,synthetic
LOT_N01_C001,LOT_N01,RDS(on),24,47.03205747002113,mOhm,125.0,Operating Life / Power Conduction (TJ=125-150°C),ATE_BENCH_01,CH_01,VALID,0,,60.0,synthetic
LOT_N01_C001,LOT_N01,RDS(on),96,46.8631405713229,mOhm,125.0,Operating Life / Power Conduction (TJ=125-150°C),ATE_BENCH_01,CH_01,VALID,0,,60.0,synthetic
LOT_N01_C001,LOT_N01,RDS(on),168,46.92226766817699,mOhm,125.0,Operating Life / Power Conduction (TJ=125-150°C),ATE_BENCH_01,CH_01,VALID,0,,60.0,synthetic
LOT_N01_C001,LOT_N01,IGSS,0,1.5539455178224888,nA,150.0,"HTGB (150°C, ±20V)",ATE_BENCH_01,CH_01,VALID,0,-100.0,100.0,synthetic
LOT_N01_C001,LOT_N01,IGSS,24,1.2809726415662326,nA,150.0,"HTGB (150°C, ±20V)",ATE_BENCH_01,CH_01,VALID,0,-100.0,100.0,synthetic
LOT_N01_C001,LOT_N01,IGSS,96,1.6526739315158518,nA,150.0,"HTGB (150°C, ±20V)",ATE_BENCH_01,CH_01,VALID,0,-100.0,100.0,synthetic
LOT_N01_C001,LOT_N01,IGSS,168,1.5372977199744202,nA,150.0,"HTGB (150°C, ±20V)",ATE_BENCH_01,CH_01,VALID,0,-100.0,100.0,synthetic
LOT_N01_C002,LOT_N01,IDSS,0,2.1944349911943832,uA,150.0,"HTRB (150°C, 80V)",ATE_BENCH_01,CH_02,VALID,0,,10.0,synthetic
LOT_N01_C002,LOT_N01,IDSS,24,1.978688306822342,uA,150.0,"HTRB (150°C, 80V)",ATE_BENCH_01,CH_02,VALID,0,,10.0,synthetic
LOT_N01_C002,LOT_N01,IDSS,96,2.236354238484946,uA,150.0,"HTRB (150°C, 80V)",ATE_BENCH_01,CH_02,VALID,0,,10.0,synthetic
LOT_N01_C002,LOT_N01,IDSS,168,2.21271841483353,uA,150.0,"HTRB (150°C, 80V)",ATE_BENCH_01,CH_02,VALID,0,,10.0,synthetic
LOT_N01_C002,LOT_N01,VGS(th),0,2.7973019762607545,V,150.0,"HTGB (150°C, 20V)",ATE_BENCH_01,CH_02,VALID,0,2.0,4.0,synthetic
LOT_N01_C002,LOT_N01,VGS(th),24,2.7860303423546737,V,150.0,"HTGB (150°C, 20V)",ATE_BENCH_01,CH_02,VALID,0,2.0,4.0,synthetic
LOT_N01_C002,LOT_N01,VGS(th),96,2.7946987485254553,V,150.0,"HTGB (150°C, 20V)",ATE_BENCH_01,CH_02,VALID,0,2.0,4.0,synthetic
LOT_N01_C002,LOT_N01,VGS(th),168,2.7826697413099346,V,150.0,"HTGB (150°C, 20V)",ATE_BENCH_01,CH_02,VALID,0,2.0,4.0,synthetic
LOT_N01_C002,LOT_N01,RDS(on),0,45.65502290414115,mOhm,125.0,Operating Life / Power Conduction (TJ=125-150°C),ATE_BENCH_01,CH_02,VALID,0,,60.0,synthetic
LOT_N01_C002,LOT_N01,RDS(on),24,45.547521268994686,mOhm,125.0,Operating Life / Power Conduction (TJ=125-150°C),ATE_BENCH_01,CH_02,VALID,0,,60.0,synthetic
LOT_N01_C002,LOT_N01,RDS(on),96,47.031931773312095,mOhm,125.0,Operating Life / Power Conduction (TJ=125-150°C),ATE_BENCH_01,CH_02,VALID,0,,60.0,synthetic
LOT_N01_C002,LOT_N01,RDS(on),168,47.01464599767426,mOhm,125.0,Operating Life / Power Conduction (TJ=125-150°C),ATE_BENCH_01,CH_02,VALID,0,,60.0,synthetic
LOT_N01_C002,LOT_N01,IGSS,0,-1.0525660546261064,nA,150.0,"HTGB (150°C, ±20V)",ATE_BENCH_01,CH_02,VALID,0,-100.0,100.0,synthetic
LOT_N01_C002,LOT_N01,IGSS,24,-1.3422903162751063,nA,150.0,"HTGB (150°C, ±20V)",ATE_BENCH_01,CH_02,VALID,0,-100.0,100.0,synthetic
LOT_N01_C002,LOT_N01,IGSS,96,-1.8790327619728096,nA,150.0,"HTGB (150°C, ±20V)",ATE_BENCH_01,CH_02,VALID,0,-100.0,100.0,synthetic
LOT_N01_C002,LOT_N01,IGSS,168,-2.019603440148485,nA,150.0,"HTGB (150°C, ±20V)",ATE_BENCH_01,CH_02,VALID,0,-100.0,100.0,synthetic
LOT_N01_C003,LOT_N01,IDSS,0,0.4394237934575904,uA,150.0,"HTRB (150°C, 80V)",ATE_BENCH_01,CH_03,VALID,0,,10.0,synthetic
LOT_N01_C003,LOT_N01,IDSS,24,0.4073403956485255,uA,150.0,"HTRB (150°C, 80V)",ATE_BENCH_01,CH_03,VALID,0,,10.0,synthetic
LOT_N01_C003,LOT_N01,IDSS,96,0.4037756929837243,uA,150.0,"HTRB (150°C, 80V)",ATE_BENCH_01,CH_03,VALID,0,,10.0,synthetic
LOT_N01_C003,LOT_N01,IDSS,168,0.4386626080836406,uA,150.0,"HTRB (150°C, 80V)",ATE_BENCH_01,CH_03,VALID,0,,10.0,synthetic
LOT_N01_C003,LOT_N01,VGS(th),0,3.0116573057336127,V,150.0,"HTGB (150°C, 20V)",ATE_BENCH_01,CH_03,VALID,0,2.0,4.0,synthetic
LOT_N01_C003,LOT_N01,VGS(th),24,2.985437428573224,V,150.0,"HTGB (150°C, 20V)",ATE_BENCH_01,CH_03,VALID,0,2.0,4.0,synthetic
LOT_N01_C003,LOT_N01,VGS(th),96,3.034317739604994,V,150.0,"HTGB (150°C, 20V)",ATE_BENCH_01,CH_03,VALID,0,2.0,4.0,synthetic
LOT_N01_C003,LOT_N01,VGS(th),168,3.0210993157344124,V,150.0,"HTGB (150°C, 20V)",ATE_BENCH_01,CH_03,VALID,0,2.0,4.0,synthetic
LOT_N01_C003,LOT_N01,RDS(on),0,43.789423764076254,mOhm,125.0,Operating Life / Power Conduction (TJ=125-150°C),ATE_BENCH_01,CH_03,VALID,0,,60.0,synthetic
LOT_N01_C003,LOT_N01,RDS(on),24,43.75458417312832,mOhm,125.0,Operating Life / Power Conduction (TJ=125-150°C),ATE_BENCH_01,CH_03,VALID,0,,60.0,synthetic
LOT_N01_C003,LOT_N01,RDS(on),96,43.0629048080009,mOhm,125.0,Operating Life / Power Conduction (TJ=125-150°C),ATE_BENCH_01,CH_03,VALID,0,,60.0,synthetic
LOT_N01_C003,LOT_N01,RDS(on),168,43.93792017566971,mOhm,125.0,Operating Life / Power Conduction (TJ=125-150°C),ATE_BENCH_01,CH_03,VALID,0,,60.0,synthetic
LOT_N01_C003,LOT_N01,IGSS,0,2.526698177038967,nA,150.0,"HTGB (150°C, ±20V)",ATE_BENCH_01,CH_03,VALID,0,-100.0,100.0,synthetic
LOT_N01_C003,LOT_N01,IGSS,24,1.2074885002923395,nA,150.0,"HTGB (150°C, ±20V)",ATE_BENCH_01,CH_03,VALID,0,-100.0,100.0,synthetic
LOT_N01_C003,LOT_N01,IGSS,96,1.0407230057905787,nA,150.0,"HTGB (150°C, ±20V)",ATE_BENCH_01,CH_03,VALID,0,-100.0,100.0,synthetic
LOT_N01_C003,LOT_N01,IGSS,168,1.912155077431845,nA,150.0,"HTGB (150°C, ±20V)",ATE_BENCH_01,CH_03,VALID,0,-100.0,100.0,synthetic
LOT_N01_C004,LOT_N01,IDSS,0,0.2523083605115108,uA,150.0,"HTRB (150°C, 80V)",ATE_BENCH_01,CH_04,VALID,0,,10.0,synthetic
LOT_N01_C004,LOT_N01,IDSS,24,0.23399784496969606,uA,150.0,"HTRB (150°C, 80V)",ATE_BENCH_01,CH_04,VALID,0,,10.0,synthetic
LOT_N01_C004,LOT_N01,IDSS,96,0.25016573323037755,uA,150.0,"HTRB (150°C, 80V)",ATE_BENCH_01,CH_04,VALID,0,,10.0,synthetic
LOT_N01_C004,LOT_N01,IDSS,168,0.2583428269949422,uA,150.0,"HTRB (150°C, 80V)",ATE_BENCH_01,CH_04,VALID,0,,10.0,synthetic
LOT_N01_C004,LOT_N01,VGS(th),0,3.658825127793455,V,150.0,"HTGB (150°C, 20V)",ATE_BENCH_01,CH_04,VALID,0,2.0,4.0,synthetic
LOT_N01_C004,LOT_N01,VGS(th),24,3.63830178081019,V,150.0,"HTGB (150°C, 20V)",ATE_BENCH_01,CH_04,VALID,0,2.0,4.0,synthetic
LOT_N01_C004,LOT_N01,VGS(th),96,3.6387468842321766,V,150.0,"HTGB (150°C, 20V)",ATE_BENCH_01,CH_04,VALID,0,2.0,4.0,synthetic
LOT_N01_C004,LOT_N01,VGS(th),168,3.685623301556003,V,150.0,"HTGB (150°C, 20V)",ATE_BENCH_01,CH_04,VALID,0,2.0,4.0,synthetic
LOT_N01_C004,LOT_N01,RDS(on),0,44.65299311421802,mOhm,125.0,Operating Life / Power Conduction (TJ=125-150°C),ATE_BENCH_01,CH_04,VALID,0,,60.0,synthetic
LOT_N01_C004,LOT_N01,RDS(on),24,44.41671446737774,mOhm,125.0,Operating Life / Power Conduction (TJ=125-150°C),ATE_BENCH_01,CH_04,VALID,0,,60.0,synthetic
LOT_N01_C004,LOT_N01,RDS(on),96,44.508149331344036,mOhm,125.0,Operating Life / Power Conduction (TJ=125-150°C),ATE_BENCH_01,CH_04,VALID,0,,60.0,synthetic
LOT_N01_C004,LOT_N01,RDS(on),168,44.956105467453334,mOhm,125.0,Operating Life / Power Conduction (TJ=125-150°C),ATE_BENCH_01,CH_04,VALID,0,,60.0,synthetic
LOT_N01_C004,LOT_N01,IGSS,0,-2.101276308383628,nA,150.0,"HTGB (150°C, ±20V)",ATE_BENCH_01,CH_04,VALID,0,-100.0,100.0,synthetic
LOT_N01_C004,LOT_N01,IGSS,24,-2.060937554837112,nA,150.0,"HTGB (150°C, ±20V)",ATE_BENCH_01,CH_04,VALID,0,-100.0,100.0,synthetic
LOT_N01_C004,LOT_N01,IGSS,96,-1.5431449765138607,nA,150.0,"HTGB (150°C, ±20V)",ATE_BENCH_01,CH_04,VALID,0,-100.0,100.0,synthetic
LOT_N01_C004,LOT_N01,IGSS,168,-4.208776250815802,nA,150.0,"HTGB (150°C, ±20V)",ATE_BENCH_01,CH_04,VALID,0,-100.0,100.0,synthetic
LOT_N01_C005,LOT_N01,IDSS,0,0.3579925202873403,uA,150.0,"HTRB (150°C, 80V)",ATE_BENCH_01,CH_05,VALID,0,,10.0,synthetic
LOT_N01_C005,LOT_N01,IDSS,24,0.3279216801761727,uA,150.0,"HTRB (150°C, 80V)",ATE_BENCH_01,CH_05,VALID,0,,10.0,synthetic
LOT_N01_C005,LOT_N01,IDSS,96,0.29984762150328936,uA,150.0,"HTRB (150°C, 80V)",ATE_BENCH_01,CH_05,VALID,0,,10.0,synthetic
LOT_N01_C005,LOT_N01,IDSS,168,0.3678746273215677,uA,150.0,"HTRB (150°C, 80V)",ATE_BENCH_01,CH_05,VALID,0,,10.0,synthetic
LOT_N01_C005,LOT_N01,VGS(th),0,2.8211772812528384,V,150.0,"HTGB (150°C, 20V)",ATE_BENCH_01,CH_05,VALID,0,2.0,4.0,synthetic
LOT_N01_C005,LOT_N01,VGS(th),24,2.858138390035922,V,150.0,"HTGB (150°C, 20V)",ATE_BENCH_01,CH_05,VALID,0,2.0,4.0,synthetic
LOT_N01_C005,LOT_N01,VGS(th),96,2.8536624491221274,V,150.0,"HTGB (150°C, 20V)",ATE_BENCH_01,CH_05,VALID,0,2.0,4.0,synthetic
LOT_N01_C005,LOT_N01,VGS(th),168,2.872630030517877,V,150.0,"HTGB (150°C, 20V)",ATE_BENCH_01,CH_05,VALID,0,2.0,4.0,synthetic
LOT_N01_C005,LOT_N01,RDS(on),0,43.91719761371427,mOhm,125.0,Operating Life / Power Conduction (TJ=125-150°C),ATE_BENCH_01,CH_05,VALID,0,,60.0,synthetic
LOT_N01_C005,LOT_N01,RDS(on),24,43.93716245327769,mOhm,125.0,Operating Life / Power Conduction (TJ=125-150°C),ATE_BENCH_01,CH_05,VALID,0,,60.0,synthetic
LOT_N01_C005,LOT_N01,RDS(on),96,43.302571174771316,mOhm,125.0,Operating Life / Power Conduction (TJ=125-150°C),ATE_BENCH_01,CH_05,VALID,0,,60.0,synthetic
LOT_N01_C005,LOT_N01,RDS(on),168,43.563915783097976,mOhm,125.0,Operating Life / Power Conduction (TJ=125-150°C),ATE_BENCH_01,CH_05,VALID,0,,60.0,synthetic
LOT_N01_C005,LOT_N01,IGSS,0,0.8510156374782272,nA,150.0,"HTGB (150°C, ±20V)",ATE_BENCH_01,CH_05,VALID,0,-100.0,100.0,synthetic
LOT_N01_C005,LOT_N01,IGSS,24,2.197041413555757,nA,150.0,"HTGB (150°C, ±20V)",ATE_BENCH_01,CH_05,VALID,0,-100.0,100.0,synthetic
LOT_N01_C005,LOT_N01,IGSS,96,2.2325517199521907,nA,150.0,"HTGB (150°C, ±20V)",ATE_BENCH_01,CH_05,VALID,0,-100.0,100.0,synthetic
LOT_N01_C005,LOT_N01,IGSS,168,1.9018735107269418,nA,150.0,"HTGB (150°C, ±20V)",ATE_BENCH_01,CH_05,VALID,0,-100.0,100.0,synthetic
LOT_N01_C006,LOT_N01,IDSS,0,0.2762161044168077,uA,150.0,"HTRB (150°C, 80V)",ATE_BENCH_01,CH_06,VALID,0,,10.0,synthetic
LOT_N01_C006,LOT_N01,IDSS,24,0.23552736861196205,uA,150.0,"HTRB (150°C, 80V)",ATE_BENCH_01,CH_06,VALID,0,,10.0,synthetic
LOT_N01_C006,LOT_N01,IDSS,96,0.27852854742922145,uA,150.0,"HTRB (150°C, 80V)",ATE_BENCH_01,CH_06,VALID,0,,10.0,synthetic
LOT_N01_C006,LOT_N01,IDSS,168,0.30448076382342504,uA,150.0,"HTRB (150°C, 80V)",ATE_BENCH_01,CH_06,VALID,0,,10.0,synthetic
LOT_N01_C006,LOT_N01,VGS(th),0,2.9256361827495034,V,150.0,"HTGB (150°C, 20V)",ATE_BENCH_01,CH_06,VALID,0,2.0,4.0,synthetic
LOT_N01_C006,LOT_N01,VGS(th),24,2.946444633036568,V,150.0,"HTGB (150°C, 20V)",ATE_BENCH_01,CH_06,VALID,0,2.0,4.0,synthetic
LOT_N01_C006,LOT_N01,VGS(th),96,2.9230824156842727,V,150.0,"HTGB (150°C, 20V)",ATE_BENCH_01,CH_06,VALID,0,2.0,4.0,synthetic
LOT_N01_C006,LOT_N01,VGS(th),168,2.917427117736223,V,150.0,"HTGB (150°C, 20V)",ATE_BENCH_01,CH_06,VALID,0,2.0,4.0,synthetic
LOT_N01_C006,LOT_N01,RDS(on),0,54.6990315384513,mOhm,125.0,Operating Life / Power Conduction (TJ=125-150°C),ATE_BENCH_01,CH_06,VALID,0,,60.0,synthetic
LOT_N01_C006,LOT_N01,RDS(on),24,52.649527432521445,mOhm,125.0,Operating Life / Power Conduction (TJ=125-150°C),ATE_BENCH_01,CH_06,VALID,0,,60.0,synthetic
LOT_N01_C006,LOT_N01,RDS(on),96,54.052151487768235,mOhm,125.0,Operating Life / Power Conduction (TJ=125-150°C),ATE_BENCH_01,CH_06,VALID,0,,60.0,synthetic
LOT_N01_C006,LOT_N01,RDS(on),168,53.839966449713835,mOhm,125.0,Operating Life / Power Conduction (TJ=125-150°C),ATE_BENCH_01,CH_06,VALID,0,,60.0,synthetic
LOT_N01_C006,LOT_N01,IGSS,0,-1.1603944576532792,nA,150.0,"HTGB (150°C, ±20V)",ATE_BENCH_01,CH_06,VALID,0,-100.0,100.0,synthetic
LOT_N01_C006,LOT_N01,IGSS,24,-1.7076871835575431,nA,150.0,"HTGB (150°C, ±20V)",ATE_BENCH_01,CH_06,VALID,0,-100.0,100.0,synthetic
LOT_N01_C006,LOT_N01,IGSS,96,-1.3537550717494062,nA,150.0,"HTGB (150°C, ±20V)",ATE_BENCH_01,CH_06,VALID,0,-100.0,100.0,synthetic
LOT_N01_C006,LOT_N01,IGSS,168,-1.8483521436275134,nA,150.0,"HTGB (150°C, ±20V)",ATE_BENCH_01,CH_06,VALID,0,-100.0,100.0,synthetic
LOT_N01_C007,LOT_N01,IDSS,0,0.6848001629021307,uA,150.0,"HTRB (150°C, 80V)",ATE_BENCH_01,CH_07,VALID,0,,10.0,synthetic
LOT_N01_C007,LOT_N01,IDSS,24,0.49424593987676735,uA,150.0,"HTRB (150°C, 80V)",ATE_BENCH_01,CH_07,VALID,0,,10.0,synthetic
LOT_N01_C007,LOT_N01,IDSS,96,0.6184181989559322,uA,150.0,"HTRB (150°C, 80V)",ATE_BENCH_01,CH_07,VALID,0,,10.0,synthetic
LOT_N01_C007,LOT_N01,IDSS,168,0.587032124383706,uA,150.0,"HTRB (150°C, 80V)",ATE_BENCH_01,CH_07,VALID,0,,10.0,synthetic
LOT_N01_C007,LOT_N01,VGS(th),0,3.033109562474153,V,150.0,"HTGB (150°C, 20V)",ATE_BENCH_01,CH_07,VALID,0,2.0,4.0,synthetic
LOT_N01_C007,LOT_N01,VGS(th),24,3.06102968680427,V,150.0,"HTGB (150°C, 20V)",ATE_BENCH_01,CH_07,VALID,0,2.0,4.0,synthetic
LOT_N01_C007,LOT_N01,VGS(th),96,3.0062213040249413,V,150.0,"HTGB (150°C, 20V)",ATE_BENCH_01,CH_07,VALID,0,2.0,4.0,synthetic
LOT_N01_C007,LOT_N01,VGS(th),168,3.067725942428513,V,150.0,"HTGB (150°C, 20V)",ATE_BENCH_01,CH_07,VALID,0,2.0,4.0,synthetic
LOT_N01_C007,LOT_N01,RDS(on),0,41.184814898228964,mOhm,125.0,Operating Life / Power Conduction (TJ=125-150°C),ATE_BENCH_01,CH_07,VALID,0,,60.0,synthetic
LOT_N01_C007,LOT_N01,RDS(on),24,41.155511198875345,mOhm,125.0,Operating Life / Power Conduction (TJ=125-150°C),ATE_BENCH_01,CH_07,VALID,0,,60.0,synthetic
LOT_N01_C007,LOT_N01,RDS(on),96,41.55355465716969,mOhm,125.0,Operating Life / Power Conduction (TJ=125-150°C),ATE_BENCH_01,CH_07,VALID,0,,60.0,synthetic
LOT_N01_C007,LOT_N01,RDS(on),168,41.39526311134488,mOhm,125.0,Operating Life / Power Conduction (TJ=125-150°C),ATE_BENCH_01,CH_07,VALID,0,,60.0,synthetic
LOT_N01_C007,LOT_N01,IGSS,0,2.4044116209673128,nA,150.0,"HTGB (150°C, ±20V)",ATE_BENCH_01,CH_07,VALID,0,-100.0,100.0,synthetic
LOT_N01_C007,LOT_N01,IGSS,24,1.8311388019950063,nA,150.0,"HTGB (150°C, ±20V)",ATE_BENCH_01,CH_07,VALID,0,-100.0,100.0,synthetic
LOT_N01_C007,LOT_N01,IGSS,96,1.9106867381728379,nA,150.0,"HTGB (150°C, ±20V)",ATE_BENCH_01,CH_07,VALID,0,-100.0,100.0,synthetic
LOT_N01_C007,LOT_N01,IGSS,168,2.8997152026421484,nA,150.0,"HTGB (150°C, ±20V)",ATE_BENCH_01,CH_07,VALID,0,-100.0,100.0,synthetic
LOT_N01_C008,LOT_N01,IDSS,0,2.8971292315138655,uA,150.0,"HTRB (150°C, 80V)",ATE_BENCH_01,CH_08,VALID,0,,10.0,synthetic
LOT_N01_C008,LOT_N01,IDSS,24,3.2460723266532203,uA,150.0,"HTRB (150°C, 80V)",ATE_BENCH_01,CH_08,VALID,0,,10.0,synthetic
LOT_N01_C008,LOT_N01,IDSS,96,3.1292380281491017,uA,150.0,"HTRB (150°C, 80V)",ATE_BENCH_01,CH_08,VALID,0,,10.0,synthetic
LOT_N01_C008,LOT_N01,IDSS,168,3.424694509291353,uA,150.0,"HTRB (150°C, 80V)",ATE_BENCH_01,CH_08,VALID,0,,10.0,synthetic
LOT_N01_C008,LOT_N01,VGS(th),0,2.890642594138335,V,150.0,"HTGB (150°C, 20V)",ATE_BENCH_01,CH_08,VALID,0,2.0,4.0,synthetic
LOT_N01_C008,LOT_N01,VGS(th),24,2.8935127063004806,V,150.0,"HTGB (150°C, 20V)",ATE_BENCH_01,CH_08,VALID,0,2.0,4.0,synthetic
LOT_N01_C008,LOT_N01,VGS(th),96,2.900807031682543,V,150.0,"HTGB (150°C, 20V)",ATE_BENCH_01,CH_08,VALID,0,2.0,4.0,synthetic
LOT_N01_C008,LOT_N01,VGS(th),168,2.9043400305302387,V,150.0,"HTGB (150°C, 20V)",ATE_BENCH_01,CH_08,VALID,0,2.0,4.0,synthetic
LOT_N01_C008,LOT_N01,RDS(on),0,48.90078788992955,mOhm,125.0,Operating Life / Power Conduction (TJ=125-150°C),ATE_BENCH_01,CH_08,VALID,0,,60.0,synthetic
LOT_N01_C008,LOT_N01,RDS(on),24,50.411324115676244,mOhm,125.0,Operating Life / Power Conduction (TJ=125-150°C),ATE_BENCH_01,CH_08,VALID,0,,60.0,synthetic
LOT_N01_C008,LOT_N01,RDS(on),96,51.53324636800135,mOhm,125.0,Operating Life / Power Conduction (TJ=125-150°C),ATE_BENCH_01,CH_08,VALID,0,,60.0,synthetic
LOT_N01_C008,LOT_N01,RDS(on),168,49.67706137024028,mOhm,125.0,Operating Life / Power Conduction (TJ=125-150°C),ATE_BENCH_01,CH_08,VALID,0,,60.0,synthetic
LOT_N01_C008,LOT_N01,IGSS,0,-2.9988804267928613,nA,150.0,"HTGB (150°C, ±20V)",ATE_BENCH_01,CH_08,VALID,0,-100.0,100.0,synthetic
LOT_N01_C008,LOT_N01,IGSS,24,-2.1790674617955874,nA,150.0,"HTGB (150°C, ±20V)",ATE_BENCH_01,CH_08,VALID,0,-100.0,100.0,synthetic
LOT_N01_C008,LOT_N01,IGSS,96,-2.7682853363066795,nA,150.0,"HTGB (150°C, ±20V)",ATE_BENCH_01,CH_08,VALID,0,-100.0,100.0,synthetic
LOT_N01_C008,LOT_N01,IGSS,168,-2.8800835766435915,nA,150.0,"HTGB (150°C, ±20V)",ATE_BENCH_01,CH_08,VALID,0,-100.0,100.0,synthetic
LOT_N01_C009,LOT_N01,IDSS,0,0.4378183351140165,uA,150.0,"HTRB (150°C, 80V)",ATE_BENCH_01,CH_09,VALID,0,,10.0,synthetic
LOT_N01_C009,LOT_N01,IDSS,24,0.4348378451567034,uA,150.0,"HTRB (150°C, 80V)",ATE_BENCH_01,CH_09,VALID,0,,10.0,synthetic
LOT_N01_C009,LOT_N01,IDSS,96,0.4257941711147623,uA,150.0,"HTRB (150°C, 80V)",ATE_BENCH_01,CH_09,VALID,0,,10.0,synthetic
LOT_N01_C009,LOT_N01,IDSS,168,0.4434897456920931,uA,150.0,"HTRB (150°C, 80V)",ATE_BENCH_01,CH_09,VALID,0,,10.0,synthetic
LOT_N01_C009,LOT_N01,VGS(th),0,2.916301574711969,V,150.0,"HTGB (150°C, 20V)",ATE_BENCH_01,CH_09,VALID,0,2.0,4.0,synthetic
LOT_N01_C009,LOT_N01,VGS(th),24,2.92615717038906,V,150.0,"HTGB (150°C, 20V)",ATE_BENCH_01,CH_09,VALID,0,2.0,4.0,synthetic
LOT_N01_C009,LOT_N01,VGS(th),96,2.9479088964542774,V,150.0,"HTGB (150°C, 20V)",ATE_BENCH_01,CH_09,VALID,0,2.0,4.0,synthetic
LOT_N01_C009,LOT_N01,VGS(th),168,2.930521805256443,V,150.0,"HTGB (150°C, 20V)",ATE_BENCH_01,CH_09,VALID,0,2.0,4.0,synthetic
LOT_N01_C009,LOT_N01,RDS(on),0,49.081312445206216,mOhm,125.0,Operating Life / Power Conduction (TJ=125-150°C),ATE_BENCH_01,CH_09,VALID,0,,60.0,synthetic
LOT_N01_C009,LOT_N01,RDS(on),24,48.013476725174776,mOhm,125.0,Operating Life / Power Conduction (TJ=125-150°C),ATE_BENCH_01,CH_09,VALID,0,,60.0,synthetic
LOT_N01_C009,LOT_N01,RDS(on),96,48.772442467719756,mOhm,125.0,Operating Life / Power Conduction (TJ=125-150°C),ATE_BENCH_01,CH_09,VALID,0,,60.0,synthetic
LOT_N01_C009,LOT_N01,RDS(on),168,47.82013809184602,mOhm,125.0,Operating Life / Power Conduction (TJ=125-150°C),ATE_BENCH_01,CH_09,VALID,0,,60.0,synthetic
LOT_N01_C009,LOT_N01,IGSS,0,0.6150304216267036,nA,150.0,"HTGB (150°C, ±20V)",ATE_BENCH_01,CH_09,VALID,0,-100.0,100.0,synthetic
LOT_N01_C009,LOT_N01,IGSS,24,1.6340805666108504,nA,150.0,"HTGB (150°C, ±20V)",ATE_BENCH_01,CH_09,VALID,0,-100.0,100.0,synthetic
LOT_N01_C009,LOT_N01,IGSS,96,1.1663818380665478,nA,150.0,"HTGB (150°C, ±20V)",ATE_BENCH_01,CH_09,VALID,0,-100.0,100.0,synthetic
LOT_N01_C009,LOT_N01,IGSS,168,1.06562534483505,nA,150.0,"HTGB (150°C, ±20V)",ATE_BENCH_01,CH_09,VALID,0,-100.0,100.0,synthetic
LOT_N01_C010,LOT_N01,IDSS,0,0.30553764367031827,uA,150.0,"HTRB (150°C, 80V)",ATE_BENCH_01,CH_10,VALID,0,,10.0,synthetic
LOT_N01_C010,LOT_N01,IDSS,24,0.32842475790031056,uA,150.0,"HTRB (150°C, 80V)",ATE_BENCH_01,CH_10,VALID,0,,10.0,synthetic
LOT_N01_C010,LOT_N01,IDSS,96,0.3504949206813244,uA,150.0,"HTRB (150°C, 80V)",ATE_BENCH_01,CH_10,VALID,0,,10.0,synthetic
LOT_N01_C010,LOT_N01,IDSS,168,0.33668606007186447,uA,150.0,"HTRB (150°C, 80V)",ATE_BENCH_01,CH_10,VALID,0,,10.0,synthetic
LOT_N01_C010,LOT_N01,VGS(th),0,3.4407853965050967,V,150.0,"HTGB (150°C, 20V)",ATE_BENCH_01,CH_10,VALID,0,2.0,4.0,synthetic
LOT_N01_C010,LOT_N01,VGS(th),24,3.428429807684401,V,150.0,"HTGB (150°C, 20V)",ATE_BENCH_01,CH_10,VALID,0,2.0,4.0,synthetic
LOT_N01_C010,LOT_N01,VGS(th),96,3.4341080896529137,V,150.0,"HTGB (150°C, 20V)",ATE_BENCH_01,CH_10,VALID,0,2.0,4.0,synthetic
LOT_N01_C010,LOT_N01,VGS(th),168,3.4370134347273824,V,150.0,"HTGB (150°C, 20V)",ATE_BENCH_01,CH_10,VALID,0,2.0,4.0,synthetic
LOT_N01_C010,LOT_N01,RDS(on),0,46.12119971424024,mOhm,125.0,Operating Life / Power Conduction (TJ=125-150°C),ATE_BENCH_01,CH_10,VALID,0,,60.0,synthetic
LOT_N01_C010,LOT_N01,RDS(on),24,46.77519686704951,mOhm,125.0,Operating Life / Power Conduction (TJ=125-150°C),ATE_BENCH_01,CH_10,VALID,0,,60.0,synthetic
LOT_N01_C010,LOT_N01,RDS(on),96,45.20011530067145,mOhm,125.0,Operating Life / Power Conduction (TJ=125-150°C),ATE_BENCH_01,CH_10,VALID,0,,60.0,synthetic
LOT_N01_C010,LOT_N01,RDS(on),168,46.233395834581714,mOhm,125.0,Operating Life / Power Conduction (TJ=125-150°C),ATE_BENCH_01,CH_10,VALID,0,,60.0,synthetic
LOT_N01_C010,LOT_N01,IGSS,0,-1.5250517332284748,nA,150.0,"HTGB (150°C, ±20V)",ATE_BENCH_01,CH_10,VALID,0,-100.0,100.0,synthetic
LOT_N01_C010,LOT_N01,IGSS,24,-2.527407398145693,nA,150.0,"HTGB (150°C, ±20V)",ATE_BENCH_01,CH_10,VALID,0,-100.0,100.0,synthetic
LOT_N01_C010,LOT_N01,IGSS,96,-1.2363777968982603,nA,150.0,"HTGB (150°C, ±20V)",ATE_BENCH_01,CH_10,VALID,0,-100.0,100.0,synthetic
LOT_N01_C010,LOT_N01,IGSS,168,-1.3985420531558315,nA,150.0,"HTGB (150°C, ±20V)",ATE_BENCH_01,CH_10,VALID,0,-100.0,100.0,synthetic
LOT_N01_C011,LOT_N01,IDSS,0,0.3713567071101069,uA,150.0,"HTRB (150°C, 80V)",ATE_BENCH_01,CH_11,VALID,0,,10.0,synthetic
LOT_N01_C011,LOT_N01,IDSS,24,0.3490725711242867,uA,150.0,"HTRB (150°C, 80V)",ATE_BENCH_01,CH_11,VALID,0,,10.0,synthetic
LOT_N01_C011,LOT_N01,IDSS,96,0.41538667614898217,uA,150.0,"HTRB (150°C, 80V)",ATE_BENCH_01,CH_11,VALID,0,,10.0,synthetic
LOT_N01_C011,LOT_N01,IDSS,168,0.42722381330302717,uA,150.0,"HTRB (150°C, 80V)",ATE_BENCH_01,CH_11,VALID,0,,10.0,synthetic
LOT_N01_C011,LOT_N01,VGS(th),0,2.8191781560531433,V,150.0,"HTGB (150°C, 20V)",ATE_BENCH_01,CH_11,VALID,0,2.0,4.0,synthetic
LOT_N01_C011,LOT_N01,VGS(th),24,2.875752352069632,V,150.0,"HTGB (150°C, 20V)",ATE_BENCH_01,CH_11,VALID,0,2.0,4.0,synthetic
LOT_N01_C011,LOT_N01,VGS(th),96,2.8743734282224738,V,150.0,"HTGB (150°C, 20V)",ATE_BENCH_01,CH_11,VALID,0,2.0,4.0,synthetic
LOT_N01_C011,LOT_N01,VGS(th),168,2.845797771594834,V,150.0,"HTGB (150°C, 20V)",ATE_BENCH_01,CH_11,VALID,0,2.0,4.0,synthetic
LOT_N01_C011,LOT_N01,RDS(on),0,40.52889956890616,mOhm,125.0,Operating Life / Power Conduction (TJ=125-150°C),ATE_BENCH_01,CH_11,VALID,0,,60.0,synthetic
LOT_N01_C011,LOT_N01,RDS(on),24,41.57362434516371,mOhm,125.0,Operating Life / Power Conduction (TJ=125-150°C),ATE_BENCH_01,CH_11,VALID,0,,60.0,synthetic
LOT_N01_C011,LOT_N01,RDS(on),96,40.63156353118037,mOhm,125.0,Operating Life / Power Conduction (TJ=125-150°C),ATE_BENCH_01,CH_11,VALID,0,,60.0,synthetic
LOT_N01_C011,LOT_N01,RDS(on),168,40.06247478770035,mOhm,125.0,Operating Life / Power Conduction (TJ=125-150°C),ATE_BENCH_01,CH_11,VALID,0,,60.0,synthetic
LOT_N01_C011,LOT_N01,IGSS,0,1.5464949038584177,nA,150.0,"HTGB (150°C, ±20V)",ATE_BENCH_01,CH_11,VALID,0,-100.0,100.0,synthetic
LOT_N01_C011,LOT_N01,IGSS,24,1.002384185045876,nA,150.0,"HTGB (150°C, ±20V)",ATE_BENCH_01,CH_11,VALID,0,-100.0,100.0,synthetic
LOT_N01_C011,LOT_N01,IGSS,96,0.7416922450466025,nA,150.0,"HTGB (150°C, ±20V)",ATE_BENCH_01,CH_11,VALID,0,-100.0,100.0,synthetic
LOT_N01_C011,LOT_N01,IGSS,168,1.0801652841676022,nA,150.0,"HTGB (150°C, ±20V)",ATE_BENCH_01,CH_11,VALID,0,-100.0,100.0,synthetic
LOT_N01_C012,LOT_N01,IDSS,0,0.4446821464270537,uA,150.0,"HTRB (150°C, 80V)",ATE_BENCH_01,CH_12,VALID,0,,10.0,synthetic
LOT_N01_C012,LOT_N01,IDSS,24,0.48177248697479524,uA,150.0,"HTRB (150°C, 80V)",ATE_BENCH_01,CH_12,VALID,0,,10.0,synthetic
LOT_N01_C012,LOT_N01,IDSS,96,0.4126737286148294,uA,150.0,"HTRB (150°C, 80V)",ATE_BENCH_01,CH_12,VALID,0,,10.0,synthetic
LOT_N01_C012,LOT_N01,IDSS,168,0.46601346217075656,uA,150.0,"HTRB (150°C, 80V)",ATE_BENCH_01,CH_12,VALID,0,,10.0,synthetic
LOT_N01_C012,LOT_N01,VGS(th),0,3.050934465840682,V,150.0,"HTGB (150°C, 20V)",ATE_BENCH_01,CH_12,VALID,0,2.0,4.0,synthetic
LOT_N01_C012,LOT_N01,VGS(th),24,3.0465868456177394,V,150.0,"HTGB (150°C, 20V)",ATE_BENCH_01,CH_12,VALID,0,2.0,4.0,synthetic
LOT_N01_C012,LOT_N01,VGS(th),96,3.0627730072842994,V,150.0,"HTGB (150°C, 20V)",ATE_BENCH_01,CH_12,VALID,0,2.0,4.0,synthetic
LOT_N01_C012,LOT_N01,VGS(th),168,3.1116387978357007,V,150.0,"HTGB (150°C, 20V)",ATE_BENCH_01,CH_12,VALID,0,2.0,4.0,synthetic
LOT_N01_C012,LOT_N01,RDS(on),0,57.60090966967421,mOhm,125.0,Operating Life / Power Conduction (TJ=125-150°C),ATE_BENCH_01,CH_12,VALID,0,,60.0,synthetic
LOT_N01_C012,LOT_N01,RDS(on),24,58.417950864265876,mOhm,125.0,Operating Life / Power Conduction (TJ=125-150°C),ATE_BENCH_01,CH_12,VALID,0,,60.0,synthetic
LOT_N01_C012,LOT_N01,RDS(on),96,56.86677709451629,mOhm,125.0,Operating Life / Power Conduction (TJ=125-150°C),ATE_BENCH_01,CH_12,VALID,0,,60.0,synthetic
LOT_N01_C012,LOT_N01,RDS(on),168,58.263262675139266,mOhm,125.0,Operating Life / Power Conduction (TJ=125-150°C),ATE_BENCH_01,CH_12,VALID,0,,60.0,synthetic
LOT_N01_C012,LOT_N01,IGSS,0,-1.0859616803220036,nA,150.0,"HTGB (150°C, ±20V)",ATE_BENCH_01,CH_12,VALID,0,-100.0,100.0,synthetic
LOT_N01_C012,LOT_N01,IGSS,24,-0.8688195748142672,nA,150.0,"HTGB (150°C, ±20V)",ATE_BENCH_01,CH_12,VALID,0,-100.0,100.0,synthetic
LOT_N01_C012,LOT_N01,IGSS,96,-0.47739828260539546,nA,150.0,"HTGB (150°C, ±20V)",ATE_BENCH_01,CH_12,VALID,0,-100.0,100.0,synthetic
LOT_N01_C012,LOT_N01,IGSS,168,-0.4599600608433979,nA,150.0,"HTGB (150°C, ±20V)",ATE_BENCH_01,CH_12,VALID,0,-100.0,100.0,synthetic
LOT_N01_C013,LOT_N01,IDSS,0,0.3444425243515465,uA,150.0,"HTRB (150°C, 80V)",ATE_BENCH_01,CH_13,VALID,0,,10.0,synthetic
LOT_N01_C013,LOT_N01,IDSS,24,0.3476991287767466,uA,150.0,"HTRB (150°C, 80V)",ATE_BENCH_01,CH_13,VALID,0,,10.0,synthetic
LOT_N01_C013,LOT_N01,IDSS,96,0.35928835173905244,uA,150.0,"HTRB (150°C, 80V)",ATE_BENCH_01,CH_13,VALID,0,,10.0,synthetic
LOT_N01_C013,LOT_N01,IDSS,168,0.3107532486648361,uA,150.0,"HTRB (150°C, 80V)",ATE_BENCH_01,CH_13,VALID,0,,10.0,synthetic
LOT_N01_C013,LOT_N01,VGS(th),0,2.989809023249799,V,150.0,"HTGB (150°C, 20V)",ATE_BENCH_01,CH_13,VALID,0,2.0,4.0,synthetic
LOT_N01_C013,LOT_N01,VGS(th),24,2.9632901324576286,V,150.0,"HTGB (150°C, 20V)",ATE_BENCH_01,CH_13,VALID,0,2.0,4.0,synthetic
LOT_N01_C013,LOT_N01,VGS(th),96,2.9882247235372557,V,150.0,"HTGB (150°C, 20V)",ATE_BENCH_01,CH_13,VALID,0,2.0,4.0,synthetic
LOT_N01_C013,LOT_N01,VGS(th),168,2.961856317612756,V,150.0,"HTGB (150°C, 20V)",ATE_BENCH_01,CH_13,VALID,0,2.0,4.0,synthetic
LOT_N01_C013,LOT_N01,RDS(on),0,44.046967854246,mOhm,125.0,Operating Life / Power Conduction (TJ=125-150°C),ATE_BENCH_01,CH_13,VALID,0,,60.0,synthetic
LOT_N01_C013,LOT_N01,RDS(on),24,45.41694493377637,mOhm,125.0,Operating Life / Power Conduction (TJ=125-150°C),ATE_BENCH_01,CH_13,VALID,0,,60.0,synthetic
LOT_N01_C013,LOT_N01,RDS(on),96,44.705994543960074,mOhm,125.0,Operating Life / Power Conduction (TJ=125-150°C),ATE_BENCH_01,CH_13,VALID,0,,60.0,synthetic
LOT_N01_C013,LOT_N01,RDS(on),168,43.57938403746202,mOhm,125.0,Operating Life / Power Conduction (TJ=125-150°C),ATE_BENCH_01,CH_13,VALID,0,,60.0,synthetic
LOT_N01_C013,LOT_N01,IGSS,0,0.8120602766331299,nA,150.0,"HTGB (150°C, ±20V)",ATE_BENCH_01,CH_13,VALID,0,-100.0,100.0,synthetic
LOT_N01_C013,LOT_N01,IGSS,24,1.744605879059181,nA,150.0,"HTGB (150°C, ±20V)",ATE_BENCH_01,CH_13,VALID,0,-100.0,100.0,synthetic
LOT_N01_C013,LOT_N01,IGSS,96,2.2071099428965604,nA,150.0,"HTGB (150°C, ±20V)",ATE_BENCH_01,CH_13,VALID,0,-100.0,100.0,synthetic
LOT_N01_C013,LOT_N01,IGSS,168,1.9054153960815678,nA,150.0,"HTGB (150°C, ±20V)",ATE_BENCH_01,CH_13,VALID,0,-100.0,100.0,synthetic
LOT_N01_C014,LOT_N01,IDSS,0,2.655271801942474,uA,150.0,"HTRB (150°C, 80V)",ATE_BENCH_01,CH_14,VALID,0,,10.0,synthetic
LOT_N01_C014,LOT_N01,IDSS,24,2.6244927475913555,uA,150.0,"HTRB (150°C, 80V)",ATE_BENCH_01,CH_14,VALID,0,,10.0,synthetic
LOT_N01_C014,LOT_N01,IDSS,96,2.5537525766967315,uA,150.0,"HTRB (150°C, 80V)",ATE_BENCH_01,CH_14,VALID,0,,10.0,synthetic
LOT_N01_C014,LOT_N01,IDSS,168,2.5826057451910507,uA,150.0,"HTRB (150°C, 80V)",ATE_BENCH_01,CH_14,VALID,0,,10.0,synthetic
LOT_N01_C014,LOT_N01,VGS(th),0,2.949193525011323,V,150.0,"HTGB (150°C, 20V)",ATE_BENCH_01,CH_14,VALID,0,2.0,4.0,synthetic
LOT_N01_C014,LOT_N01,VGS(th),24,2.9353789362833553,V,150.0,"HTGB (150°C, 20V)",ATE_BENCH_01,CH_14,VALID,0,2.0,4.0,synthetic
LOT_N01_C014,LOT_N01,VGS(th),96,2.920441048421138,V,150.0,"HTGB (150°C, 20V)",ATE_BENCH_01,CH_14,VALID,0,2.0,4.0,synthetic
LOT_N01_C014,LOT_N01,VGS(th),168,2.9185181310333457,V,150.0,"HTGB (150°C, 20V)",ATE_BENCH_01,CH_14,VALID,0,2.0,4.0,synthetic
LOT_N01_C014,LOT_N01,RDS(on),0,39.8907364412017,mOhm,125.0,Operating Life / Power Conduction (TJ=125-150°C),ATE_BENCH_01,CH_14,VALID,0,,60.0,synthetic
LOT_N01_C014,LOT_N01,RDS(on),24,40.738116386919,mOhm,125.0,Operating Life / Power Conduction (TJ=125-150°C),ATE_BENCH_01,CH_14,VALID,0,,60.0,synthetic
LOT_N01_C014,LOT_N01,RDS(on),96,40.359317913967885,mOhm,125.0,Operating Life / Power Conduction (TJ=125-150°C),ATE_BENCH_01,CH_14,VALID,0,,60.0,synthetic
LOT_N01_C014,LOT_N01,RDS(on),168,40.16393832783552,mOhm,125.0,Operating Life / Power Conduction (TJ=125-150°C),ATE_BENCH_01,CH_14,VALID,0,,60.0,synthetic
LOT_N01_C014,LOT_N01,IGSS,0,-1.084453816356249,nA,150.0,"HTGB (150°C, ±20V)",ATE_BENCH_01,CH_14,VALID,0,-100.0,100.0,synthetic
LOT_N01_C014,LOT_N01,IGSS,24,-1.8383008822149145,nA,150.0,"HTGB (150°C, ±20V)",ATE_BENCH_01,CH_14,VALID,0,-100.0,100.0,synthetic
LOT_N01_C014,LOT_N01,IGSS,96,-0.9453211197946012,nA,150.0,"HTGB (150°C, ±20V)",ATE_BENCH_01,CH_14,VALID,0,-100.0,100.0,synthetic
LOT_N01_C014,LOT_N01,IGSS,168,-1.81794534498644,nA,150.0,"HTGB (150°C, ±20V)",ATE_BENCH_01,CH_14,VALID,0,-100.0,100.0,synthetic
LOT_N01_C015,LOT_N01,IDSS,0,0.47972417837648657,uA,150.0,"HTRB (150°C, 80V)",ATE_BENCH_01,CH_15,VALID,0,,10.0,synthetic
LOT_N01_C015,LOT_N01,IDSS,24,0.4573592808237286,uA,150.0,"HTRB (150°C, 80V)",ATE_BENCH_01,CH_15,VALID,0,,10.0,synthetic
LOT_N01_C015,LOT_N01,IDSS,96,0.45408767897223945,uA,150.0,"HTRB (150°C, 80V)",ATE_BENCH_01,CH_15,VALID,0,,10.0,synthetic
LOT_N01_C015,LOT_N01,IDSS,168,0.498494952840354,uA,150.0,"HTRB (150°C, 80V)",ATE_BENCH_01,CH_15,VALID,0,,10.0,synthetic
LOT_N01_C015,LOT_N01,VGS(th),0,3.0419455326626212,V,150.0,"HTGB (150°C, 20V)",ATE_BENCH_01,CH_15,VALID,0,2.0,4.0,synthetic
LOT_N01_C015,LOT_N01,VGS(th),24,3.0586671043613376,V,150.0,"HTGB (150°C, 20V)",ATE_BENCH_01,CH_15,VALID,0,2.0,4.0,synthetic
LOT_N01_C015,LOT_N01,VGS(th),96,3.0519405036343,V,150.0,"HTGB (150°C, 20V)",ATE_BENCH_01,CH_15,VALID,0,2.0,4.0,synthetic
LOT_N01_C015,LOT_N01,VGS(th),168,3.0161555398675284,V,150.0,"HTGB (150°C, 20V)",ATE_BENCH_01,CH_15,VALID,0,2.0,4.0,synthetic
LOT_N01_C015,LOT_N01,RDS(on),0,34.07212171067833,mOhm,125.0,Operating Life / Power Conduction (TJ=125-150°C),ATE_BENCH_01,CH_15,VALID,0,,60.0,synthetic
LOT_N01_C015,LOT_N01,RDS(on),24,35.245372344566505,mOhm,125.0,Operating Life / Power Conduction (TJ=125-150°C),ATE_BENCH_01,CH_15,VALID,0,,60.0,synthetic
LOT_N01_C015,LOT_N01,RDS(on),96,35.6964356881251,mOhm,125.0,Operating Life / Power Conduction (TJ=125-150°C),ATE_BENCH_01,CH_15,VALID,0,,60.0,synthetic
LOT_N01_C015,LOT_N01,RDS(on),168,34.63865902505067,mOhm,125.0,Operating Life / Power Conduction (TJ=125-150°C),ATE_BENCH_01,CH_15,VALID,0,,60.0,synthetic
LOT_N01_C015,LOT_N01,IGSS,0,3.072312809643911,nA,150.0,"HTGB (150°C, ±20V)",ATE_BENCH_01,CH_15,VALID,0,-100.0,100.0,synthetic
LOT_N01_C015,LOT_N01,IGSS,24,3.358376702607206,nA,150.0,"HTGB (150°C, ±20V)",ATE_BENCH_01,CH_15,VALID,0,-100.0,100.0,synthetic
LOT_N01_C015,LOT_N01,IGSS,96,3.0486891957918343,nA,150.0,"HTGB (150°C, ±20V)",ATE_BENCH_01,CH_15,VALID,0,-100.0,100.0,synthetic
LOT_N01_C015,LOT_N01,IGSS,168,3.8121501158091604,nA,150.0,"HTGB (150°C, ±20V)",ATE_BENCH_01,CH_15,VALID,0,-100.0,100.0,synthetic
LOT_N01_C016,LOT_N01,IDSS,0,0.6036023717035803,uA,150.0,"HTRB (150°C, 80V)",ATE_BENCH_01,CH_16,VALID,0,,10.0,synthetic
LOT_N01_C016,LOT_N01,IDSS,24,0.5629082141958852,uA,150.0,"HTRB (150°C, 80V)",ATE_BENCH_01,CH_16,VALID,0,,10.0,synthetic
LOT_N01_C016,LOT_N01,IDSS,96,0.5309284631532567,uA,150.0,"HTRB (150°C, 80V)",ATE_BENCH_01,CH_16,VALID,0,,10.0,synthetic
LOT_N01_C016,LOT_N01,IDSS,168,0.5650816345394639,uA,150.0,"HTRB (150°C, 80V)",ATE_BENCH_01,CH_16,VALID,0,,10.0,synthetic
LOT_N01_C016,LOT_N01,VGS(th),0,3.3723350816996596,V,150.0,"HTGB (150°C, 20V)",ATE_BENCH_01,CH_16,VALID,0,2.0,4.0,synthetic
LOT_N01_C016,LOT_N01,VGS(th),24,3.34980613384428,V,150.0,"HTGB (150°C, 20V)",ATE_BENCH_01,CH_16,VALID,0,2.0,4.0,synthetic
LOT_N01_C016,LOT_N01,VGS(th),96,3.3660188123278645,V,150.0,"HTGB (150°C, 20V)",ATE_BENCH_01,CH_16,VALID,0,2.0,4.0,synthetic
LOT_N01_C016,LOT_N01,VGS(th),168,3.3986163502793736,V,150.0,"HTGB (150°C, 20V)",ATE_BENCH_01,CH_16,VALID,0,2.0,4.0,synthetic
LOT_N01_C016,LOT_N01,RDS(on),0,41.56744952617104,mOhm,125.0,Operating Life / Power Conduction (TJ=125-150°C),ATE_BENCH_01,CH_16,VALID,0,,60.0,synthetic
LOT_N01_C016,LOT_N01,RDS(on),24,41.296847006361276,mOhm,125.0,Operating Life / Power Conduction (TJ=125-150°C),ATE_BENCH_01,CH_16,VALID,0,,60.0,synthetic
LOT_N01_C016,LOT_N01,RDS(on),96,41.89953118144671,mOhm,125.0,Operating Life / Power Conduction (TJ=125-150°C),ATE_BENCH_01,CH_16,VALID,0,,60.0,synthetic
LOT_N01_C016,LOT_N01,RDS(on),168,41.842882009681844,mOhm,125.0,Operating Life / Power Conduction (TJ=125-150°C),ATE_BENCH_01,CH_16,VALID,0,,60.0,synthetic
LOT_N01_C016,LOT_N01,IGSS,0,-1.7649146859104086,nA,150.0,"HTGB (150°C, ±20V)",ATE_BENCH_01,CH_16,VALID,0,-100.0,100.0,synthetic
LOT_N01_C016,LOT_N01,IGSS,24,-2.0039281234276034,nA,150.0,"HTGB (150°C, ±20V)",ATE_BENCH_01,CH_16,VALID,0,-100.0,100.0,synthetic
LOT_N01_C016,LOT_N01,IGSS,96,-2.5178482723422326,nA,150.0,"HTGB (150°C, ±20V)",ATE_BENCH_01,CH_16,VALID,0,-100.0,100.0,synthetic
LOT_N01_C016,LOT_N01,IGSS,168,-2.3670116033106874,nA,150.0,"HTGB (150°C, ±20V)",ATE_BENCH_01,CH_16,VALID,0,-100.0,100.0,synthetic
LOT_N01_C017,LOT_N01,IDSS,0,0.3622586250715083,uA,150.0,"HTRB (150°C, 80V)",ATE_BENCH_02,CH_01,VALID,0,,10.0,synthetic
LOT_N01_C017,LOT_N01,IDSS,24,0.4228474232527325,uA,150.0,"HTRB (150°C, 80V)",ATE_BENCH_02,CH_01,VALID,0,,10.0,synthetic
LOT_N01_C017,LOT_N01,IDSS,96,0.41863101400664493,uA,150.0,"HTRB (150°C, 80V)",ATE_BENCH_02,CH_01,VALID,0,,10.0,synthetic
LOT_N01_C017,LOT_N01,IDSS,168,0.41070254174455184,uA,150.0,"HTRB (150°C, 80V)",ATE_BENCH_02,CH_01,VALID,0,,10.0,synthetic
LOT_N01_C017,LOT_N01,VGS(th),0,3.0581145604086792,V,150.0,"HTGB (150°C, 20V)",ATE_BENCH_02,CH_01,VALID,0,2.0,4.0,synthetic
LOT_N01_C017,LOT_N01,VGS(th),24,3.0665989256095307,V,150.0,"HTGB (150°C, 20V)",ATE_BENCH_02,CH_01,VALID,0,2.0,4.0,synthetic
LOT_N01_C017,LOT_N01,VGS(th),96,3.07139527042994,V,150.0,"HTGB (150°C, 20V)",ATE_BENCH_02,CH_01,VALID,0,2.0,4.0,synthetic
LOT_N01_C017,LOT_N01,VGS(th),168,3.073907585213337,V,150.0,"HTGB (150°C, 20V)",ATE_BENCH_02,CH_01,VALID,0,2.0,4.0,synthetic
LOT_N01_C017,LOT_N01,RDS(on),0,40.66683866343244,mOhm,125.0,Operating Life / Power Conduction (TJ=125-150°C),ATE_BENCH_02,CH_01,VALID,0,,60.0,synthetic
LOT_N01_C017,LOT_N01,RDS(on),24,41.01840472883285,mOhm,125.0,Operating Life / Power Conduction (TJ=125-150°C),ATE_BENCH_02,CH_01,VALID,0,,60.0,synthetic
LOT_N01_C017,LOT_N01,RDS(on),96,41.34371407788772,mOhm,125.0,Operating Life / Power Conduction (TJ=125-150°C),ATE_BENCH_02,CH_01,VALID,0,,60.0,synthetic
LOT_N01_C017,LOT_N01,RDS(on),168,40.54107581661211,mOhm,125.0,Operating Life / Power Conduction (TJ=125-150°C),ATE_BENCH_02,CH_01,VALID,0,,60.0,synthetic
LOT_N01_C017,LOT_N01,IGSS,0,2.767582515172699,nA,150.0,"HTGB (150°C, ±20V)",ATE_BENCH_02,CH_01,VALID,0,-100.0,100.0,synthetic
LOT_N01_C017,LOT_N01,IGSS,24,1.415437175681549,nA,150.0,"HTGB (150°C, ±20V)",ATE_BENCH_02,CH_01,VALID,0,-100.0,100.0,synthetic
LOT_N01_C017,LOT_N01,IGSS,96,2.1181059784094303,nA,150.0,"HTGB (150°C, ±20V)",ATE_BENCH_02,CH_01,VALID,0,-100.0,100.0,synthetic
LOT_N01_C017,LOT_N01,IGSS,168,1.4161337966476344,nA,150.0,"HTGB (150°C, ±20V)",ATE_BENCH_02,CH_01,VALID,0,-100.0,100.0,synthetic
LOT_N01_C018,LOT_N01,IDSS,0,0.39508349524402947,uA,150.0,"HTRB (150°C, 80V)",ATE_BENCH_02,CH_02,VALID,0,,10.0,synthetic
LOT_N01_C018,LOT_N01,IDSS,24,0.4441902364190424,uA,150.0,"HTRB (150°C, 80V)",ATE_BENCH_02,CH_02,VALID,0,,10.0,synthetic
LOT_N01_C018,LOT_N01,IDSS,96,0.3435081443329501,uA,150.0,"HTRB (150°C, 80V)",ATE_BENCH_02,CH_02,VALID,0,,10.0,synthetic
LOT_N01_C018,LOT_N01,IDSS,168,0.3842910150074468,uA,150.0,"HTRB (150°C, 80V)",ATE_BENCH_02,CH_02,VALID,0,,10.0,synthetic
LOT_N01_C018,LOT_N01,VGS(th),0,3.0529844054181723,V,150.0,"HTGB (150°C, 20V)",ATE_BENCH_02,CH_02,VALID,0,2.0,4.0,synthetic
LOT_N01_C018,LOT_N01,VGS(th),24,3.018944787796718,V,150.0,"HTGB (150°C, 20V)",ATE_BENCH_02,CH_02,VALID,0,2.0,4.0,synthetic
LOT_N01_C018,LOT_N01,VGS(th),96,3.0304024142007124,V,150.0,"HTGB (150°C, 20V)",ATE_BENCH_02,CH_02,VALID,0,2.0,4.0,synthetic
LOT_N01_C018,LOT_N01,VGS(th),168,3.0360488347344794,V,150.0,"HTGB (150°C, 20V)",ATE_BENCH_02,CH_02,VALID,0,2.0,4.0,synthetic
LOT_N01_C018,LOT_N01,RDS(on),0,56.32074532701698,mOhm,125.0,Operating Life / Power Conduction (TJ=125-150°C),ATE_BENCH_02,CH_02,VALID,0,,60.0,synthetic
LOT_N01_C018,LOT_N01,RDS(on),24,56.2971308189677,mOhm,125.0,Operating Life / Power Conduction (TJ=125-150°C),ATE_BENCH_02,CH_02,VALID,0,,60.0,synthetic
LOT_N01_C018,LOT_N01,RDS(on),96,56.50448222736479,mOhm,125.0,Operating Life / Power Conduction (TJ=125-150°C),ATE_BENCH_02,CH_02,VALID,0,,60.0,synthetic
LOT_N01_C018,LOT_N01,RDS(on),168,54.51538405914714,mOhm,125.0,Operating Life / Power Conduction (TJ=125-150°C),ATE_BENCH_02,CH_02,VALID,0,,60.0,synthetic
LOT_N01_C018,LOT_N01,IGSS,0,-2.3965098228869097,nA,150.0,"HTGB (150°C, ±20V)",ATE_BENCH_02,CH_02,VALID,0,-100.0,100.0,synthetic
LOT_N01_C018,LOT_N01,IGSS,24,-1.0562964548039788,nA,150.0,"HTGB (150°C, ±20V)",ATE_BENCH_02,CH_02,VALID,0,-100.0,100.0,synthetic
LOT_N01_C018,LOT_N01,IGSS,96,-1.7302498254561376,nA,150.0,"HTGB (150°C, ±20V)",ATE_BENCH_02,CH_02,VALID,0,-100.0,100.0,synthetic
LOT_N01_C018,LOT_N01,IGSS,168,-0.886482378888322,nA,150.0,"HTGB (150°C, ±20V)",ATE_BENCH_02,CH_02,VALID,0,-100.0,100.0,synthetic
LOT_N01_C019,LOT_N01,IDSS,0,0.44079570321229355,uA,150.0,"HTRB (150°C, 80V)",ATE_BENCH_02,CH_03,VALID,0,,10.0,synthetic
LOT_N01_C019,LOT_N01,IDSS,24,0.46773449554695723,uA,150.0,"HTRB (150°C, 80V)",ATE_BENCH_02,CH_03,VALID,0,,10.0,synthetic
LOT_N01_C019,LOT_N01,IDSS,96,0.4304831092790564,uA,150.0,"HTRB (150°C, 80V)",ATE_BENCH_02,CH_03,VALID,0,,10.0,synthetic
LOT_N01_C019,LOT_N01,IDSS,168,0.5169051606056675,uA,150.0,"HTRB (150°C, 80V)",ATE_BENCH_02,CH_03,VALID,0,,10.0,synthetic
LOT_N01_C019,LOT_N01,VGS(th),0,2.856223282942403,V,150.0,"HTGB (150°C, 20V)",ATE_BENCH_02,CH_03,VALID,0,2.0,4.0,synthetic
LOT_N01_C019,LOT_N01,VGS(th),24,2.8468078370817156,V,150.0,"HTGB (150°C, 20V)",ATE_BENCH_02,CH_03,VALID,0,2.0,4.0,synthetic
LOT_N01_C019,LOT_N01,VGS(th),96,2.849085056284984,V,150.0,"HTGB (150°C, 20V)",ATE_BENCH_02,CH_03,VALID,0,2.0,4.0,synthetic
LOT_N01_C019,LOT_N01,VGS(th),168,2.833790657844194,V,150.0,"HTGB (150°C, 20V)",ATE_BENCH_02,CH_03,VALID,0,2.0,4.0,synthetic
LOT_N01_C019,LOT_N01,RDS(on),0,45.40301768420935,mOhm,125.0,Operating Life / Power Conduction (TJ=125-150°C),ATE_BENCH_02,CH_03,VALID,0,,60.0,synthetic
LOT_N01_C019,LOT_N01,RDS(on),24,43.979945470094016,mOhm,125.0,Operating Life / Power Conduction (TJ=125-150°C),ATE_BENCH_02,CH_03,VALID,0,,60.0,synthetic
LOT_N01_C019,LOT_N01,RDS(on),96,45.67513563635802,mOhm,125.0,Operating Life / Power Conduction (TJ=125-150°C),ATE_BENCH_02,CH_03,VALID,0,,60.0,synthetic
LOT_N01_C019,LOT_N01,RDS(on),168,45.22147436217162,mOhm,125.0,Operating Life / Power Conduction (TJ=125-150°C),ATE_BENCH_02,CH_03,VALID,0,,60.0,synthetic
LOT_N01_C019,LOT_N01,IGSS,0,1.1861800674590584,nA,150.0,"HTGB (150°C, ±20V)",ATE_BENCH_02,CH_03,VALID,0,-100.0,100.0,synthetic
LOT_N01_C019,LOT_N01,IGSS,24,1.6370433953526162,nA,150.0,"HTGB (150°C, ±20V)",ATE_BENCH_02,CH_03,VALID,0,-100.0,100.0,synthetic
LOT_N01_C019,LOT_N01,IGSS,96,1.4549188580764911,nA,150.0,"HTGB (150°C, ±20V)",ATE_BENCH_02,CH_03,VALID,0,-100.0,100.0,synthetic
LOT_N01_C019,LOT_N01,IGSS,168,1.6038414053009182,nA,150.0,"HTGB (150°C, ±20V)",ATE_BENCH_02,CH_03,VALID,0,-100.0,100.0,synthetic
LOT_N01_C020,LOT_N01,IDSS,0,2.496583499479139,uA,150.0,"HTRB (150°C, 80V)",ATE_BENCH_02,CH_04,VALID,0,,10.0,synthetic
LOT_N01_C020,LOT_N01,IDSS,24,2.4781409642210055,uA,150.0,"HTRB (150°C, 80V)",ATE_BENCH_02,CH_04,VALID,0,,10.0,synthetic
LOT_N01_C020,LOT_N01,IDSS,96,2.602512381373272,uA,150.0,"HTRB (150°C, 80V)",ATE_BENCH_02,CH_04,VALID,0,,10.0,synthetic
LOT_N01_C020,LOT_N01,IDSS,168,2.7918132572361345,uA,150.0,"HTRB (150°C, 80V)",ATE_BENCH_02,CH_04,VALID,0,,10.0,synthetic
LOT_N01_C020,LOT_N01,VGS(th),0,3.021325554688092,V,150.0,"HTGB (150°C, 20V)",ATE_BENCH_02,CH_04,VALID,0,2.0,4.0,synthetic
LOT_N01_C020,LOT_N01,VGS(th),24,3.002427351990878,V,150.0,"HTGB (150°C, 20V)",ATE_BENCH_02,CH_04,VALID,0,2.0,4.0,synthetic
LOT_N01_C020,LOT_N01,VGS(th),96,3.022366524167168,V,150.0,"HTGB (150°C, 20V)",ATE_BENCH_02,CH_04,VALID,0,2.0,4.0,synthetic
LOT_N01_C020,LOT_N01,VGS(th),168,2.9873416740957093,V,150.0,"HTGB (150°C, 20V)",ATE_BENCH_02,CH_04,VALID,0,2.0,4.0,synthetic
LOT_N01_C020,LOT_N01,RDS(on),0,45.42651572963329,mOhm,125.0,Operating Life / Power Conduction (TJ=125-150°C),ATE_BENCH_02,CH_04,VALID,0,,60.0,synthetic
LOT_N01_C020,LOT_N01,RDS(on),24,46.157797981151184,mOhm,125.0,Operating Life / Power Conduction (TJ=125-150°C),ATE_BENCH_02,CH_04,VALID,0,,60.0,synthetic
LOT_N01_C020,LOT_N01,RDS(on),96,46.284779639456076,mOhm,125.0,Operating Life / Power Conduction (TJ=125-150°C),ATE_BENCH_02,CH_04,VALID,0,,60.0,synthetic
LOT_N01_C020,LOT_N01,RDS(on),168,46.42849914914814,mOhm,125.0,Operating Life / Power Conduction (TJ=125-150°C),ATE_BENCH_02,CH_04,VALID,0,,60.0,synthetic
LOT_N01_C020,LOT_N01,IGSS,0,-1.9392926657730833,nA,150.0,"HTGB (150°C, ±20V)",ATE_BENCH_02,CH_04,VALID,0,-100.0,100.0,synthetic
LOT_N01_C020,LOT_N01,IGSS,24,-2.1523390319700137,nA,150.0,"HTGB (150°C, ±20V)",ATE_BENCH_02,CH_04,VALID,0,-100.0,100.0,synthetic
LOT_N01_C020,LOT_N01,IGSS,96,-1.9751578224115325,nA,150.0,"HTGB (150°C, ±20V)",ATE_BENCH_02,CH_04,VALID,0,-100.0,100.0,synthetic
LOT_N01_C020,LOT_N01,IGSS,168,-1.8398384654188173,nA,150.0,"HTGB (150°C, ±20V)",ATE_BENCH_02,CH_04,VALID,0,-100.0,100.0,synthetic
LOT_N01_C021,LOT_N01,IDSS,0,0.38185179105651446,uA,150.0,"HTRB (150°C, 80V)",ATE_BENCH_02,CH_05,VALID,0,,10.0,synthetic
LOT_N01_C021,LOT_N01,IDSS,24,0.43327801598913357,uA,150.0,"HTRB (150°C, 80V)",ATE_BENCH_02,CH_05,VALID,0,,10.0,synthetic
LOT_N01_C021,LOT_N01,IDSS,96,0.45340609955832495,uA,150.0,"HTRB (150°C, 80V)",ATE_BENCH_02,CH_05,VALID,0,,10.0,synthetic
LOT_N01_C021,LOT_N01,IDSS,168,0.39623238061703747,uA,150.0,"HTRB (150°C, 80V)",ATE_BENCH_02,CH_05,VALID,0,,10.0,synthetic
LOT_N01_C021,LOT_N01,VGS(th),0,2.811665537739961,V,150.0,"HTGB (150°C, 20V)",ATE_BENCH_02,CH_05,VALID,0,2.0,4.0,synthetic
LOT_N01_C021,LOT_N01,VGS(th),24,2.8398784529369285,V,150.0,"HTGB (150°C, 20V)",ATE_BENCH_02,CH_05,VALID,0,2.0,4.0,synthetic
LOT_N01_C021,LOT_N01,VGS(th),96,2.816457567172716,V,150.0,"HTGB (150°C, 20V)",ATE_BENCH_02,CH_05,VALID,0,2.0,4.0,synthetic
LOT_N01_C021,LOT_N01,VGS(th),168,2.8165134636373375,V,150.0,"HTGB (150°C, 20V)",ATE_BENCH_02,CH_05,VALID,0,2.0,4.0,synthetic
LOT_N01_C021,LOT_N01,RDS(on),0,37.69582807304934,mOhm,125.0,Operating Life / Power Conduction (TJ=125-150°C),ATE_BENCH_02,CH_05,VALID,0,,60.0,synthetic
LOT_N01_C021,LOT_N01,RDS(on),24,37.95159792032917,mOhm,125.0,Operating Life / Power Conduction (TJ=125-150°C),ATE_BENCH_02,CH_05,VALID,0,,60.0,synthetic
LOT_N01_C021,LOT_N01,RDS(on),96,38.850166149730704,mOhm,125.0,Operating Life / Power Conduction (TJ=125-150°C),ATE_BENCH_02,CH_05,VALID,0,,60.0,synthetic
LOT_N01_C021,LOT_N01,RDS(on),168,37.785730495367794,mOhm,125.0,Operating Life / Power Conduction (TJ=125-150°C),ATE_BENCH_02,CH_05,VALID,0,,60.0,synthetic
LOT_N01_C021,LOT_N01,IGSS,0,1.9706770219925962,nA,150.0,"HTGB (150°C, ±20V)",ATE_BENCH_02,CH_05,VALID,0,-100.0,100.0,synthetic
LOT_N01_C021,LOT_N01,IGSS,24,1.3656495206080905,nA,150.0,"HTGB (150°C, ±20V)",ATE_BENCH_02,CH_05,VALID,0,-100.0,100.0,synthetic
LOT_N01_C021,LOT_N01,IGSS,96,1.8143776499294908,nA,150.0,"HTGB (150°C, ±20V)",ATE_BENCH_02,CH_05,VALID,0,-100.0,100.0,synthetic
LOT_N01_C021,LOT_N01,IGSS,168,1.2590523982954598,nA,150.0,"HTGB (150°C, ±20V)",ATE_BENCH_02,CH_05,VALID,0,-100.0,100.0,synthetic
LOT_N01_C022,LOT_N01,IDSS,0,0.3119783189169726,uA,150.0,"HTRB (150°C, 80V)",ATE_BENCH_02,CH_06,VALID,0,,10.0,synthetic
LOT_N01_C022,LOT_N01,IDSS,24,0.3982601178128012,uA,150.0,"HTRB (150°C, 80V)",ATE_BENCH_02,CH_06,VALID,0,,10.0,synthetic
LOT_N01_C022,LOT_N01,IDSS,96,0.4038159824440872,uA,150.0,"HTRB (150°C, 80V)",ATE_BENCH_02,CH_06,VALID,0,,10.0,synthetic
LOT_N01_C022,LOT_N01,IDSS,168,0.4030254072165778,uA,150.0,"HTRB (150°C, 80V)",ATE_BENCH_02,CH_06,VALID,0,,10.0,synthetic
LOT_N01_C022,LOT_N01,VGS(th),0,3.4563993578794463,V,150.0,"HTGB (150°C, 20V)",ATE_BENCH_02,CH_06,VALID,0,2.0,4.0,synthetic
LOT_N01_C022,LOT_N01,VGS(th),24,3.4353072416264676,V,150.0,"HTGB (150°C, 20V)",ATE_BENCH_02,CH_06,VALID,0,2.0,4.0,synthetic
LOT_N01_C022,LOT_N01,VGS(th),96,3.454741869456961,V,150.0,"HTGB (150°C, 20V)",ATE_BENCH_02,CH_06,VALID,0,2.0,4.0,synthetic
LOT_N01_C022,LOT_N01,VGS(th),168,3.4841731992791924,V,150.0,"HTGB (150°C, 20V)",ATE_BENCH_02,CH_06,VALID,0,2.0,4.0,synthetic
LOT_N01_C022,LOT_N01,RDS(on),0,44.63649407130649,mOhm,125.0,Operating Life / Power Conduction (TJ=125-150°C),ATE_BENCH_02,CH_06,VALID,0,,60.0,synthetic
LOT_N01_C022,LOT_N01,RDS(on),24,45.20092107371777,mOhm,125.0,Operating Life / Power Conduction (TJ=125-150°C),ATE_BENCH_02,CH_06,VALID,0,,60.0,synthetic
LOT_N01_C022,LOT_N01,RDS(on),96,44.304410101312705,mOhm,125.0,Operating Life / Power Conduction (TJ=125-150°C),ATE_BENCH_02,CH_06,VALID,0,,60.0,synthetic
LOT_N01_C022,LOT_N01,RDS(on),168,45.761952295480015,mOhm,125.0,Operating Life / Power Conduction (TJ=125-150°C),ATE_BENCH_02,CH_06,VALID,0,,60.0,synthetic
LOT_N01_C022,LOT_N01,IGSS,0,-1.605853240843803,nA,150.0,"HTGB (150°C, ±20V)",ATE_BENCH_02,CH_06,VALID,0,-100.0,100.0,synthetic
LOT_N01_C022,LOT_N01,IGSS,24,-2.1594674560431737,nA,150.0,"HTGB (150°C, ±20V)",ATE_BENCH_02,CH_06,VALID,0,-100.0,100.0,synthetic
LOT_N01_C022,LOT_N01,IGSS,96,-1.495711474750571,nA,150.0,"HTGB (150°C, ±20V)",ATE_BENCH_02,CH_06,VALID,0,-100.0,100.0,synthetic
LOT_N01_C022,LOT_N01,IGSS,168,-2.2823688653637357,nA,150.0,"HTGB (150°C, ±20V)",ATE_BENCH_02,CH_06,VALID,0,-100.0,100.0,synthetic
LOT_N01_C023,LOT_N01,IDSS,0,0.4407608784836243,uA,150.0,"HTRB (150°C, 80V)",ATE_BENCH_02,CH_07,VALID,0,,10.0,synthetic
LOT_N01_C023,LOT_N01,IDSS,24,0.45860000468624623,uA,150.0,"HTRB (150°C, 80V)",ATE_BENCH_02,CH_07,VALID,0,,10.0,synthetic
LOT_N01_C023,LOT_N01,IDSS,96,0.4568223639081798,uA,150.0,"HTRB (150°C, 80V)",ATE_BENCH_02,CH_07,VALID,0,,10.0,synthetic
LOT_N01_C023,LOT_N01,IDSS,168,0.46672143929792304,uA,150.0,"HTRB (150°C, 80V)",ATE_BENCH_02,CH_07,VALID,0,,10.0,synthetic
LOT_N01_C023,LOT_N01,VGS(th),0,2.9075011218073232,V,150.0,"HTGB (150°C, 20V)",ATE_BENCH_02,CH_07,VALID,0,2.0,4.0,synthetic
LOT_N01_C023,LOT_N01,VGS(th),24,2.857825605190231,V,150.0,"HTGB (150°C, 20V)",ATE_BENCH_02,CH_07,VALID,0,2.0,4.0,synthetic
LOT_N01_C023,LOT_N01,VGS(th),96,2.888159357625084,V,150.0,"HTGB (150°C, 20V)",ATE_BENCH_02,CH_07,VALID,0,2.0,4.0,synthetic
LOT_N01_C023,LOT_N01,VGS(th),168,2.873573714423689,V,150.0,"HTGB (150°C, 20V)",ATE_BENCH_02,CH_07,VALID,0,2.0,4.0,synthetic
LOT_N01_C023,LOT_N01,RDS(on),0,42.553474932786195,mOhm,125.0,Operating Life / Power Conduction (TJ=125-150°C),ATE_BENCH_02,CH_07,VALID,0,,60.0,synthetic
LOT_N01_C023,LOT_N01,RDS(on),24,44.137747690966066,mOhm,125.0,Operating Life / Power Conduction (TJ=125-150°C),ATE_BENCH_02,CH_07,VALID,0,,60.0,synthetic
LOT_N01_C023,LOT_N01,RDS(on),96,42.967939189089655,mOhm,125.0,Operating Life / Power Conduction (TJ=125-150°C),ATE_BENCH_02,CH_07,VALID,0,,60.0,synthetic
LOT_N01_C023,LOT_N01,RDS(on),168,42.35570297128356,mOhm,125.0,Operating Life / Power Conduction (TJ=125-150°C),ATE_BENCH_02,CH_07,VALID,0,,60.0,synthetic
LOT_N01_C023,LOT_N01,IGSS,0,1.5436977559678293,nA,150.0,"HTGB (150°C, ±20V)",ATE_BENCH_02,CH_07,VALID,0,-100.0,100.0,synthetic
LOT_N01_C023,LOT_N01,IGSS,24,1.8177967298867341,nA,150.0,"HTGB (150°C, ±20V)",ATE_BENCH_02,CH_07,VALID,0,-100.0,100.0,synthetic
LOT_N01_C023,LOT_N01,IGSS,96,1.8526899457293302,nA,150.0,"HTGB (150°C, ±20V)",ATE_BENCH_02,CH_07,VALID,0,-100.0,100.0,synthetic
LOT_N01_C023,LOT_N01,IGSS,168,3.151803527673008,nA,150.0,"HTGB (150°C, ±20V)",ATE_BENCH_02,CH_07,VALID,0,-100.0,100.0,synthetic
LOT_N01_C024,LOT_N01,IDSS,0,0.37106188669383905,uA,150.0,"HTRB (150°C, 80V)",ATE_BENCH_02,CH_08,VALID,0,,10.0,synthetic
LOT_N01_C024,LOT_N01,IDSS,24,0.3564983216445956,uA,150.0,"HTRB (150°C, 80V)",ATE_BENCH_02,CH_08,VALID,0,,10.0,synthetic
LOT_N01_C024,LOT_N01,IDSS,96,0.4372400256674039,uA,150.0,"HTRB (150°C, 80V)",ATE_BENCH_02,CH_08,VALID,0,,10.0,synthetic
LOT_N01_C024,LOT_N01,IDSS,168,0.35836690409681093,uA,150.0,"HTRB (150°C, 80V)",ATE_BENCH_02,CH_08,VALID,0,,10.0,synthetic
LOT_N01_C024,LOT_N01,VGS(th),0,2.9006320195805975,V,150.0,"HTGB (150°C, 20V)",ATE_BENCH_02,CH_08,VALID,0,2.0,4.0,synthetic
LOT_N01_C024,LOT_N01,VGS(th),24,2.8884205791575144,V,150.0,"HTGB (150°C, 20V)",ATE_BENCH_02,CH_08,VALID,0,2.0,4.0,synthetic
LOT_N01_C024,LOT_N01,VGS(th),96,2.8875522715529054,V,150.0,"HTGB (150°C, 20V)",ATE_BENCH_02,CH_08,VALID,0,2.0,4.0,synthetic
LOT_N01_C024,LOT_N01,VGS(th),168,2.9083488962106356,V,150.0,"HTGB (150°C, 20V)",ATE_BENCH_02,CH_08,VALID,0,2.0,4.0,synthetic
LOT_N01_C024,LOT_N01,RDS(on),0,58.59904303237516,mOhm,125.0,Operating Life / Power Conduction (TJ=125-150°C),ATE_BENCH_02,CH_08,VALID,0,,60.0,synthetic
LOT_N01_C024,LOT_N01,RDS(on),24,56.972166262964606,mOhm,125.0,Operating Life / Power Conduction (TJ=125-150°C),ATE_BENCH_02,CH_08,VALID,0,,60.0,synthetic
LOT_N01_C024,LOT_N01,RDS(on),96,57.96549932418077,mOhm,125.0,Operating Life / Power Conduction (TJ=125-150°C),ATE_BENCH_02,CH_08,VALID,0,,60.0,synthetic
LOT_N01_C024,LOT_N01,RDS(on),168,57.32374781789588,mOhm,125.0,Operating Life / Power Conduction (TJ=125-150°C),ATE_BENCH_02,CH_08,VALID,0,,60.0,synthetic
LOT_N01_C024,LOT_N01,IGSS,0,-1.6357462489356847,nA,150.0,"HTGB (150°C, ±20V)",ATE_BENCH_02,CH_08,VALID,0,-100.0,100.0,synthetic
LOT_N01_C024,LOT_N01,IGSS,24,-2.2754083689355036,nA,150.0,"HTGB (150°C, ±20V)",ATE_BENCH_02,CH_08,VALID,0,-100.0,100.0,synthetic
LOT_N01_C024,LOT_N01,IGSS,96,-2.1924543355441743,nA,150.0,"HTGB (150°C, ±20V)",ATE_BENCH_02,CH_08,VALID,0,-100.0,100.0,synthetic
LOT_N01_C024,LOT_N01,IGSS,168,-1.4111616662390511,nA,150.0,"HTGB (150°C, ±20V)",ATE_BENCH_02,CH_08,VALID,0,-100.0,100.0,synthetic
LOT_N01_C025,LOT_N01,IDSS,0,0.5328696288325798,uA,150.0,"HTRB (150°C, 80V)",ATE_BENCH_02,CH_09,VALID,0,,10.0,synthetic
LOT_N01_C025,LOT_N01,IDSS,24,0.4676459686976493,uA,150.0,"HTRB (150°C, 80V)",ATE_BENCH_02,CH_09,VALID,0,,10.0,synthetic
LOT_N01_C025,LOT_N01,IDSS,96,0.5180811171465222,uA,150.0,"HTRB (150°C, 80V)",ATE_BENCH_02,CH_09,VALID,0,,10.0,synthetic
LOT_N01_C025,LOT_N01,IDSS,168,0.5010317191061949,uA,150.0,"HTRB (150°C, 80V)",ATE_BENCH_02,CH_09,VALID,0,,10.0,synthetic
LOT_N01_C025,LOT_N01,VGS(th),0,2.999982339682397,V,150.0,"HTGB (150°C, 20V)",ATE_BENCH_02,CH_09,VALID,0,2.0,4.0,synthetic
LOT_N01_C025,LOT_N01,VGS(th),24,2.9868592109549934,V,150.0,"HTGB (150°C, 20V)",ATE_BENCH_02,CH_09,VALID,0,2.0,4.0,synthetic
LOT_N01_C025,LOT_N01,VGS(th),96,2.994266953656626,V,150.0,"HTGB (150°C, 20V)",ATE_BENCH_02,CH_09,VALID,0,2.0,4.0,synthetic
LOT_N01_C025,LOT_N01,VGS(th),168,2.985069322069849,V,150.0,"HTGB (150°C, 20V)",ATE_BENCH_02,CH_09,VALID,0,2.0,4.0,synthetic
LOT_N01_C025,LOT_N01,RDS(on),0,37.044022658127965,mOhm,125.0,Operating Life / Power Conduction (TJ=125-150°C),ATE_BENCH_02,CH_09,VALID,0,,60.0,synthetic
LOT_N01_C025,LOT_N01,RDS(on),24,37.51425454201365,mOhm,125.0,Operating Life / Power Conduction (TJ=125-150°C),ATE_BENCH_02,CH_09,VALID,0,,60.0,synthetic
LOT_N01_C025,LOT_N01,RDS(on),168,37.13986826302557,mOhm,125.0,Operating Life / Power Conduction (TJ=125-150°C),ATE_BENCH_02,CH_09,VALID,0,,60.0,synthetic
LOT_N01_C025,LOT_N01,IGSS,0,-0.15167031352103957,nA,150.0,"HTGB (150°C, ±20V)",ATE_BENCH_02,CH_09,VALID,0,-100.0,100.0,synthetic
LOT_N01_C025,LOT_N01,IGSS,24,-0.14191965485827446,nA,150.0,"HTGB (150°C, ±20V)",ATE_BENCH_02,CH_09,VALID,0,-100.0,100.0,synthetic
LOT_N01_C025,LOT_N01,IGSS,96,0.011264308028635298,nA,150.0,"HTGB (150°C, ±20V)",ATE_BENCH_02,CH_09,VALID,0,-100.0,100.0,synthetic
LOT_N01_C025,LOT_N01,IGSS,168,-0.10733491031540329,nA,150.0,"HTGB (150°C, ±20V)",ATE_BENCH_02,CH_09,VALID,0,-100.0,100.0,synthetic
LOT_N01_C026,LOT_N01,IDSS,0,1.8957183897298366,uA,150.0,"HTRB (150°C, 80V)",ATE_BENCH_02,CH_10,VALID,0,,10.0,synthetic
LOT_N01_C026,LOT_N01,IDSS,24,1.8949893940836344,uA,150.0,"HTRB (150°C, 80V)",ATE_BENCH_02,CH_10,VALID,0,,10.0,synthetic
LOT_N01_C026,LOT_N01,IDSS,96,1.6937554118591127,uA,150.0,"HTRB (150°C, 80V)",ATE_BENCH_02,CH_10,VALID,0,,10.0,synthetic
LOT_N01_C026,LOT_N01,IDSS,168,1.6688919519558831,uA,150.0,"HTRB (150°C, 80V)",ATE_BENCH_02,CH_10,VALID,0,,10.0,synthetic
LOT_N01_C026,LOT_N01,VGS(th),0,3.043447033204628,V,150.0,"HTGB (150°C, 20V)",ATE_BENCH_02,CH_10,VALID,0,2.0,4.0,synthetic
LOT_N01_C026,LOT_N01,VGS(th),24,3.017716480305825,V,150.0,"HTGB (150°C, 20V)",ATE_BENCH_02,CH_10,VALID,0,2.0,4.0,synthetic
LOT_N01_C026,LOT_N01,VGS(th),96,3.0195423955660092,V,150.0,"HTGB (150°C, 20V)",ATE_BENCH_02,CH_10,VALID,0,2.0,4.0,synthetic
LOT_N01_C026,LOT_N01,VGS(th),168,3.0219801331176783,V,150.0,"HTGB (150°C, 20V)",ATE_BENCH_02,CH_10,VALID,0,2.0,4.0,synthetic
LOT_N01_C026,LOT_N01,RDS(on),0,46.26302291899108,mOhm,125.0,Operating Life / Power Conduction (TJ=125-150°C),ATE_BENCH_02,CH_10,VALID,0,,60.0,synthetic
LOT_N01_C026,LOT_N01,RDS(on),24,45.54227971804402,mOhm,125.0,Operating Life / Power Conduction (TJ=125-150°C),ATE_BENCH_02,CH_10,VALID,0,,60.0,synthetic
LOT_N01_C026,LOT_N01,RDS(on),96,46.94645236531718,mOhm,125.0,Operating Life / Power Conduction (TJ=125-150°C),ATE_BENCH_02,CH_10,VALID,0,,60.0,synthetic
LOT_N01_C026,LOT_N01,RDS(on),168,46.16833130840117,mOhm,125.0,Operating Life / Power Conduction (TJ=125-150°C),ATE_BENCH_02,CH_10,VALID,0,,60.0,synthetic
LOT_N01_C026,LOT_N01,IGSS,0,-0.9237160468866361,nA,150.0,"HTGB (150°C, ±20V)",ATE_BENCH_02,CH_10,VALID,0,-100.0,100.0,synthetic
LOT_N01_C026,LOT_N01,IGSS,24,-1.6708975113037317,nA,150.0,"HTGB (150°C, ±20V)",ATE_BENCH_02,CH_10,VALID,0,-100.0,100.0,synthetic
LOT_N01_C026,LOT_N01,IGSS,96,-1.5996890668154984,nA,150.0,"HTGB (150°C, ±20V)",ATE_BENCH_02,CH_10,VALID,0,-100.0,100.0,synthetic
LOT_N01_C026,LOT_N01,IGSS,168,-0.48834307938185173,nA,150.0,"HTGB (150°C, ±20V)",ATE_BENCH_02,CH_10,VALID,0,-100.0,100.0,synthetic
LOT_N01_C027,LOT_N01,IDSS,0,0.36080991351017216,uA,150.0,"HTRB (150°C, 80V)",ATE_BENCH_02,CH_11,VALID,0,,10.0,synthetic
LOT_N01_C027,LOT_N01,IDSS,24,0.34804021537441976,uA,150.0,"HTRB (150°C, 80V)",ATE_BENCH_02,CH_11,VALID,0,,10.0,synthetic
LOT_N01_C027,LOT_N01,IDSS,96,0.36595240262166995,uA,150.0,"HTRB (150°C, 80V)",ATE_BENCH_02,CH_11,VALID,0,,10.0,synthetic
LOT_N01_C027,LOT_N01,IDSS,168,0.3955680465761966,uA,150.0,"HTRB (150°C, 80V)",ATE_BENCH_02,CH_11,VALID,0,,10.0,synthetic
LOT_N01_C027,LOT_N01,VGS(th),0,3.1821645011906474,V,150.0,"HTGB (150°C, 20V)",ATE_BENCH_02,CH_11,VALID,0,2.0,4.0,synthetic
LOT_N01_C027,LOT_N01,VGS(th),24,3.184806752826017,V,150.0,"HTGB (150°C, 20V)",ATE_BENCH_02,CH_11,VALID,0,2.0,4.0,synthetic
LOT_N01_C027,LOT_N01,VGS(th),96,3.184925225462224,V,150.0,"HTGB (150°C, 20V)",ATE_BENCH_02,CH_11,VALID,0,2.0,4.0,synthetic
LOT_N01_C027,LOT_N01,VGS(th),168,3.1577230810087324,V,150.0,"HTGB (150°C, 20V)",ATE_BENCH_02,CH_11,VALID,0,2.0,4.0,synthetic
LOT_N01_C027,LOT_N01,RDS(on),0,40.53574541363936,mOhm,125.0,Operating Life / Power Conduction (TJ=125-150°C),ATE_BENCH_02,CH_11,VALID,0,,60.0,synthetic
LOT_N01_C027,LOT_N01,RDS(on),24,41.20476825903744,mOhm,125.0,Operating Life / Power Conduction (TJ=125-150°C),ATE_BENCH_02,CH_11,VALID,0,,60.0,synthetic
LOT_N01_C027,LOT_N01,RDS(on),96,41.155202207866004,mOhm,125.0,Operating Life / Power Conduction (TJ=125-150°C),ATE_BENCH_02,CH_11,VALID,0,,60.0,synthetic
LOT_N01_C027,LOT_N01,RDS(on),168,40.99833881201066,mOhm,125.0,Operating Life / Power Conduction (TJ=125-150°C),ATE_BENCH_02,CH_11,VALID,0,,60.0,synthetic
LOT_N01_C027,LOT_N01,IGSS,0,1.8837745173756328,nA,150.0,"HTGB (150°C, ±20V)",ATE_BENCH_02,CH_11,VALID,0,-100.0,100.0,synthetic
LOT_N01_C027,LOT_N01,IGSS,24,1.8305311572251464,nA,150.0,"HTGB (150°C, ±20V)",ATE_BENCH_02,CH_11,VALID,0,-100.0,100.0,synthetic
LOT_N01_C027,LOT_N01,IGSS,96,1.3657754219365248,nA,150.0,"HTGB (150°C, ±20V)",ATE_BENCH_02,CH_11,VALID,0,-100.0,100.0,synthetic
LOT_N01_C027,LOT_N01,IGSS,168,2.592215649334927,nA,150.0,"HTGB (150°C, ±20V)",ATE_BENCH_02,CH_11,VALID,0,-100.0,100.0,synthetic
LOT_N01_C028,LOT_N01,IDSS,0,0.4279272030407621,uA,150.0,"HTRB (150°C, 80V)",ATE_BENCH_02,CH_12,VALID,0,,10.0,synthetic
LOT_N01_C028,LOT_N01,IDSS,24,0.43253795258393224,uA,150.0,"HTRB (150°C, 80V)",ATE_BENCH_02,CH_12,VALID,0,,10.0,synthetic
LOT_N01_C028,LOT_N01,IDSS,96,0.38051373100667985,uA,150.0,"HTRB (150°C, 80V)",ATE_BENCH_02,CH_12,VALID,0,,10.0,synthetic
LOT_N01_C028,LOT_N01,IDSS,168,0.467143111656239,uA,150.0,"HTRB (150°C, 80V)",ATE_BENCH_02,CH_12,VALID,0,,10.0,synthetic
LOT_N01_C028,LOT_N01,VGS(th),0,3.444257108726498,V,150.0,"HTGB (150°C, 20V)",ATE_BENCH_02,CH_12,VALID,0,2.0,4.0,synthetic
LOT_N01_C028,LOT_N01,VGS(th),24,3.4757819772907252,V,150.0,"HTGB (150°C, 20V)",ATE_BENCH_02,CH_12,VALID,0,2.0,4.0,synthetic
LOT_N01_C028,LOT_N01,VGS(th),96,3.4740138707027497,V,150.0,"HTGB (150°C, 20V)",ATE_BENCH_02,CH_12,VALID,0,2.0,4.0,synthetic
LOT_N01_C028,LOT_N01,VGS(th),168,3.4756651378601298,V,150.0,"HTGB (150°C, 20V)",ATE_BENCH_02,CH_12,VALID,0,2.0,4.0,synthetic
LOT_N01_C028,LOT_N01,RDS(on),0,42.27055575086943,mOhm,125.0,Operating Life / Power Conduction (TJ=125-150°C),ATE_BENCH_02,CH_12,VALID,0,,60.0,synthetic
LOT_N01_C028,LOT_N01,RDS(on),24,41.35551651985258,mOhm,125.0,Operating Life / Power Conduction (TJ=125-150°C),ATE_BENCH_02,CH_12,VALID,0,,60.0,synthetic
LOT_N01_C028,LOT_N01,RDS(on),96,41.52943635994588,mOhm,125.0,Operating Life / Power Conduction (TJ=125-150°C),ATE_BENCH_02,CH_12,VALID,0,,60.0,synthetic
LOT_N01_C028,LOT_N01,RDS(on),168,41.88316563443067,mOhm,125.0,Operating Life / Power Conduction (TJ=125-150°C),ATE_BENCH_02,CH_12,VALID,0,,60.0,synthetic
LOT_N01_C028,LOT_N01,IGSS,0,-1.0943737111354375,nA,150.0,"HTGB (150°C, ±20V)",ATE_BENCH_02,CH_12,VALID,0,-100.0,100.0,synthetic
LOT_N01_C028,LOT_N01,IGSS,24,-0.7107016317759837,nA,150.0,"HTGB (150°C, ±20V)",ATE_BENCH_02,CH_12,VALID,0,-100.0,100.0,synthetic
LOT_N01_C028,LOT_N01,IGSS,96,-1.7807713493820208,nA,150.0,"HTGB (150°C, ±20V)",ATE_BENCH_02,CH_12,VALID,0,-100.0,100.0,synthetic
LOT_N01_C028,LOT_N01,IGSS,168,-1.4708715791323184,nA,150.0,"HTGB (150°C, ±20V)",ATE_BENCH_02,CH_12,VALID,0,-100.0,100.0,synthetic
LOT_N01_C029,LOT_N01,IDSS,0,0.429500261555994,uA,150.0,"HTRB (150°C, 80V)",ATE_BENCH_02,CH_13,VALID,0,,10.0,synthetic
LOT_N01_C029,LOT_N01,IDSS,24,0.43528479016439275,uA,150.0,"HTRB (150°C, 80V)",ATE_BENCH_02,CH_13,VALID,0,,10.0,synthetic
LOT_N01_C029,LOT_N01,IDSS,96,0.48086525664044716,uA,150.0,"HTRB (150°C, 80V)",ATE_BENCH_02,CH_13,VALID,0,,10.0,synthetic
LOT_N01_C029,LOT_N01,IDSS,168,0.4571188367414663,uA,150.0,"HTRB (150°C, 80V)",ATE_BENCH_02,CH_13,VALID,0,,10.0,synthetic
LOT_N01_C029,LOT_N01,VGS(th),0,2.937179667918069,V,150.0,"HTGB (150°C, 20V)",ATE_BENCH_02,CH_13,VALID,0,2.0,4.0,synthetic
LOT_N01_C029,LOT_N01,VGS(th),24,2.8968531760490945,V,150.0,"HTGB (150°C, 20V)",ATE_BENCH_02,CH_13,VALID,0,2.0,4.0,synthetic
LOT_N01_C029,LOT_N01,VGS(th),96,2.943487642543149,V,150.0,"HTGB (150°C, 20V)",ATE_BENCH_02,CH_13,VALID,0,2.0,4.0,synthetic
LOT_N01_C029,LOT_N01,VGS(th),168,2.944694148701549,V,150.0,"HTGB (150°C, 20V)",ATE_BENCH_02,CH_13,VALID,0,2.0,4.0,synthetic
LOT_N01_C029,LOT_N01,RDS(on),0,40.87577177079326,mOhm,125.0,Operating Life / Power Conduction (TJ=125-150°C),ATE_BENCH_02,CH_13,VALID,0,,60.0,synthetic
LOT_N01_C029,LOT_N01,RDS(on),24,41.171845115469885,mOhm,125.0,Operating Life / Power Conduction (TJ=125-150°C),ATE_BENCH_02,CH_13,VALID,0,,60.0,synthetic
LOT_N01_C029,LOT_N01,RDS(on),96,41.02900874295962,mOhm,125.0,Operating Life / Power Conduction (TJ=125-150°C),ATE_BENCH_02,CH_13,VALID,0,,60.0,synthetic
LOT_N01_C029,LOT_N01,RDS(on),168,40.39719439172678,mOhm,125.0,Operating Life / Power Conduction (TJ=125-150°C),ATE_BENCH_02,CH_13,VALID,0,,60.0,synthetic
LOT_N01_C029,LOT_N01,IGSS,0,1.3487368533208943,nA,150.0,"HTGB (150°C, ±20V)",ATE_BENCH_02,CH_13,VALID,0,-100.0,100.0,synthetic
LOT_N01_C029,LOT_N01,IGSS,24,0.9214004081666218,nA,150.0,"HTGB (150°C, ±20V)",ATE_BENCH_02,CH_13,VALID,0,-100.0,100.0,synthetic
LOT_N01_C029,LOT_N01,IGSS,96,1.1375081628430868,nA,150.0,"HTGB (150°C, ±20V)",ATE_BENCH_02,CH_13,VALID,0,-100.0,100.0,synthetic
LOT_N01_C029,LOT_N01,IGSS,168,1.1993118015623774,nA,150.0,"HTGB (150°C, ±20V)",ATE_BENCH_02,CH_13,VALID,0,-100.0,100.0,synthetic
LOT_N01_C030,LOT_N01,IDSS,0,0.3492677465611128,uA,150.0,"HTRB (150°C, 80V)",ATE_BENCH_02,CH_14,VALID,0,,10.0,synthetic
LOT_N01_C030,LOT_N01,IDSS,24,0.30127571775060125,uA,150.0,"HTRB (150°C, 80V)",ATE_BENCH_02,CH_14,VALID,0,,10.0,synthetic
LOT_N01_C030,LOT_N01,IDSS,96,0.3261242836713741,uA,150.0,"HTRB (150°C, 80V)",ATE_BENCH_02,CH_14,VALID,0,,10.0,synthetic
LOT_N01_C030,LOT_N01,IDSS,168,0.31923317199727846,uA,150.0,"HTRB (150°C, 80V)",ATE_BENCH_02,CH_14,VALID,0,,10.0,synthetic
LOT_N01_C030,LOT_N01,VGS(th),0,3.015262363530176,V,150.0,"HTGB (150°C, 20V)",ATE_BENCH_02,CH_14,VALID,0,2.0,4.0,synthetic
LOT_N01_C030,LOT_N01,VGS(th),24,3.033626976864953,V,150.0,"HTGB (150°C, 20V)",ATE_BENCH_02,CH_14,VALID,0,2.0,4.0,synthetic
LOT_N01_C030,LOT_N01,VGS(th),96,3.0034035526822906,V,150.0,"HTGB (150°C, 20V)",ATE_BENCH_02,CH_14,VALID,0,2.0,4.0,synthetic
LOT_N01_C030,LOT_N01,VGS(th),168,3.022991842631042,V,150.0,"HTGB (150°C, 20V)",ATE_BENCH_02,CH_14,VALID,0,2.0,4.0,synthetic
LOT_N01_C030,LOT_N01,RDS(on),0,56.57819068622743,mOhm,125.0,Operating Life / Power Conduction (TJ=125-150°C),ATE_BENCH_02,CH_14,VALID,0,,60.0,synthetic
LOT_N01_C030,LOT_N01,RDS(on),24,58.8577248247182,mOhm,125.0,Operating Life / Power Conduction (TJ=125-150°C),ATE_BENCH_02,CH_14,VALID,0,,60.0,synthetic
LOT_N01_C030,LOT_N01,RDS(on),96,56.53803438461233,mOhm,125.0,Operating Life / Power Conduction (TJ=125-150°C),ATE_BENCH_02,CH_14,VALID,0,,60.0,synthetic
LOT_N01_C030,LOT_N01,RDS(on),168,56.79796148478104,mOhm,125.0,Operating Life / Power Conduction (TJ=125-150°C),ATE_BENCH_02,CH_14,VALID,0,,60.0,synthetic
LOT_N01_C030,LOT_N01,IGSS,0,-3.0092261300232797,nA,150.0,"HTGB (150°C, ±20V)",ATE_BENCH_02,CH_14,VALID,0,-100.0,100.0,synthetic
LOT_N01_C030,LOT_N01,IGSS,24,-2.9165558288809517,nA,150.0,"HTGB (150°C, ±20V)",ATE_BENCH_02,CH_14,VALID,0,-100.0,100.0,synthetic
LOT_N01_C030,LOT_N01,IGSS,96,-1.7000578637272934,nA,150.0,"HTGB (150°C, ±20V)",ATE_BENCH_02,CH_14,VALID,0,-100.0,100.0,synthetic
LOT_N01_C030,LOT_N01,IGSS,168,-1.9658531199426585,nA,150.0,"HTGB (150°C, ±20V)",ATE_BENCH_02,CH_14,VALID,0,-100.0,100.0,synthetic
LOT_N02_C001,LOT_N02,IDSS,0,0.43317473946813273,uA,150.0,"HTRB (150°C, 80V)",ATE_BENCH_01,CH_01,VALID,0,,10.0,synthetic
LOT_N02_C001,LOT_N02,IDSS,24,0.4523914755403609,uA,150.0,"HTRB (150°C, 80V)",ATE_BENCH_01,CH_01,VALID,0,,10.0,synthetic
LOT_N02_C001,LOT_N02,IDSS,96,0.429273800699383,uA,150.0,"HTRB (150°C, 80V)",ATE_BENCH_01,CH_01,VALID,0,,10.0,synthetic
LOT_N02_C001,LOT_N02,IDSS,168,0.4832767550156605,uA,150.0,"HTRB (150°C, 80V)",ATE_BENCH_01,CH_01,VALID,0,,10.0,synthetic
LOT_N02_C001,LOT_N02,VGS(th),0,3.177259778713419,V,150.0,"HTGB (150°C, 20V)",ATE_BENCH_01,CH_01,VALID,0,2.0,4.0,synthetic
LOT_N02_C001,LOT_N02,VGS(th),24,3.178742261396634,V,150.0,"HTGB (150°C, 20V)",ATE_BENCH_01,CH_01,VALID,0,2.0,4.0,synthetic
LOT_N02_C001,LOT_N02,VGS(th),96,3.1259258114169928,V,150.0,"HTGB (150°C, 20V)",ATE_BENCH_01,CH_01,VALID,0,2.0,4.0,synthetic
LOT_N02_C001,LOT_N02,VGS(th),168,3.1692016537679555,V,150.0,"HTGB (150°C, 20V)",ATE_BENCH_01,CH_01,VALID,0,2.0,4.0,synthetic
LOT_N02_C001,LOT_N02,RDS(on),0,54.45544811320065,mOhm,125.0,Operating Life / Power Conduction (TJ=125-150°C),ATE_BENCH_01,CH_01,VALID,0,,60.0,synthetic
LOT_N02_C001,LOT_N02,RDS(on),24,51.188953163953165,mOhm,125.0,Operating Life / Power Conduction (TJ=125-150°C),ATE_BENCH_01,CH_01,VALID,0,,60.0,synthetic
LOT_N02_C001,LOT_N02,RDS(on),96,54.187573956718765,mOhm,125.0,Operating Life / Power Conduction (TJ=125-150°C),ATE_BENCH_01,CH_01,VALID,0,,60.0,synthetic
LOT_N02_C001,LOT_N02,RDS(on),168,53.34739322597558,mOhm,125.0,Operating Life / Power Conduction (TJ=125-150°C),ATE_BENCH_01,CH_01,VALID,0,,60.0,synthetic
LOT_N02_C001,LOT_N02,IGSS,0,1.2769140162936325,nA,150.0,"HTGB (150°C, ±20V)",ATE_BENCH_01,CH_01,VALID,0,-100.0,100.0,synthetic
LOT_N02_C001,LOT_N02,IGSS,24,1.725667502813299,nA,150.0,"HTGB (150°C, ±20V)",ATE_BENCH_01,CH_01,VALID,0,-100.0,100.0,synthetic
LOT_N02_C001,LOT_N02,IGSS,96,1.3334380010371414,nA,150.0,"HTGB (150°C, ±20V)",ATE_BENCH_01,CH_01,VALID,0,-100.0,100.0,synthetic
LOT_N02_C001,LOT_N02,IGSS,168,1.598836799744159,nA,150.0,"HTGB (150°C, ±20V)",ATE_BENCH_01,CH_01,VALID,0,-100.0,100.0,synthetic
LOT_N02_C002,LOT_N02,IDSS,0,2.22441601168141,uA,150.0,"HTRB (150°C, 80V)",ATE_BENCH_01,CH_02,VALID,0,,10.0,synthetic
LOT_N02_C002,LOT_N02,IDSS,24,2.0094218273740267,uA,150.0,"HTRB (150°C, 80V)",ATE_BENCH_01,CH_02,VALID,0,,10.0,synthetic
LOT_N02_C002,LOT_N02,IDSS,96,2.1029610661990104,uA,150.0,"HTRB (150°C, 80V)",ATE_BENCH_01,CH_02,VALID,0,,10.0,synthetic
LOT_N02_C002,LOT_N02,IDSS,168,2.1708945020005443,uA,150.0,"HTRB (150°C, 80V)",ATE_BENCH_01,CH_02,VALID,0,,10.0,synthetic
LOT_N02_C002,LOT_N02,VGS(th),0,3.0196823535236863,V,150.0,"HTGB (150°C, 20V)",ATE_BENCH_01,CH_02,VALID,0,2.0,4.0,synthetic
LOT_N02_C002,LOT_N02,VGS(th),24,3.0563765822131184,V,150.0,"HTGB (150°C, 20V)",ATE_BENCH_01,CH_02,VALID,0,2.0,4.0,synthetic
LOT_N02_C002,LOT_N02,VGS(th),96,3.024359852169551,V,150.0,"HTGB (150°C, 20V)",ATE_BENCH_01,CH_02,VALID,0,2.0,4.0,synthetic
LOT_N02_C002,LOT_N02,VGS(th),168,3.0147652189997527,V,150.0,"HTGB (150°C, 20V)",ATE_BENCH_01,CH_02,VALID,0,2.0,4.0,synthetic
LOT_N02_C002,LOT_N02,RDS(on),0,48.376885208332105,mOhm,125.0,Operating Life / Power Conduction (TJ=125-150°C),ATE_BENCH_01,CH_02,VALID,0,,60.0,synthetic
LOT_N02_C002,LOT_N02,RDS(on),24,49.53765169696772,mOhm,125.0,Operating Life / Power Conduction (TJ=125-150°C),ATE_BENCH_01,CH_02,VALID,0,,60.0,synthetic
LOT_N02_C002,LOT_N02,RDS(on),96,49.3383440850336,mOhm,125.0,Operating Life / Power Conduction (TJ=125-150°C),ATE_BENCH_01,CH_02,VALID,0,,60.0,synthetic
LOT_N02_C002,LOT_N02,RDS(on),168,49.44317225516567,mOhm,125.0,Operating Life / Power Conduction (TJ=125-150°C),ATE_BENCH_01,CH_02,VALID,0,,60.0,synthetic
LOT_N02_C002,LOT_N02,IGSS,0,-1.8995358543744405,nA,150.0,"HTGB (150°C, ±20V)",ATE_BENCH_01,CH_02,VALID,0,-100.0,100.0,synthetic
LOT_N02_C002,LOT_N02,IGSS,24,-1.6030359409582962,nA,150.0,"HTGB (150°C, ±20V)",ATE_BENCH_01,CH_02,VALID,0,-100.0,100.0,synthetic
LOT_N02_C002,LOT_N02,IGSS,96,-1.900700959367765,nA,150.0,"HTGB (150°C, ±20V)",ATE_BENCH_01,CH_02,VALID,0,-100.0,100.0,synthetic
LOT_N02_C002,LOT_N02,IGSS,168,-1.9898128098481034,nA,150.0,"HTGB (150°C, ±20V)",ATE_BENCH_01,CH_02,VALID,0,-100.0,100.0,synthetic
LOT_N02_C003,LOT_N02,IDSS,0,0.3875838974236873,uA,150.0,"HTRB (150°C, 80V)",ATE_BENCH_01,CH_03,VALID,0,,10.0,synthetic
LOT_N02_C003,LOT_N02,IDSS,24,0.4743289852718465,uA,150.0,"HTRB (150°C, 80V)",ATE_BENCH_01,CH_03,VALID,0,,10.0,synthetic
LOT_N02_C003,LOT_N02,IDSS,96,0.4626487937536627,uA,150.0,"HTRB (150°C, 80V)",ATE_BENCH_01,CH_03,VALID,0,,10.0,synthetic
LOT_N02_C003,LOT_N02,IDSS,168,0.4161575812119919,uA,150.0,"HTRB (150°C, 80V)",ATE_BENCH_01,CH_03,VALID,0,,10.0,synthetic
LOT_N02_C003,LOT_N02,VGS(th),0,3.045988754241514,V,150.0,"HTGB (150°C, 20V)",ATE_BENCH_01,CH_03,VALID,0,2.0,4.0,synthetic
LOT_N02_C003,LOT_N02,VGS(th),24,3.0262702221438262,V,150.0,"HTGB (150°C, 20V)",ATE_BENCH_01,CH_03,VALID,0,2.0,4.0,synthetic
LOT_N02_C003,LOT_N02,VGS(th),96,3.035462087109154,V,150.0,"HTGB (150°C, 20V)",ATE_BENCH_01,CH_03,VALID,0,2.0,4.0,synthetic
LOT_N02_C003,LOT_N02,VGS(th),168,3.0121800002988715,V,150.0,"HTGB (150°C, 20V)",ATE_BENCH_01,CH_03,VALID,0,2.0,4.0,synthetic
LOT_N02_C003,LOT_N02,RDS(on),0,60.770893654384786,mOhm,125.0,Operating Life / Power Conduction (TJ=125-150°C),ATE_BENCH_01,CH_03,VALID,0,,60.0,synthetic
LOT_N02_C003,LOT_N02,RDS(on),24,60.13573470371087,mOhm,125.0,Operating Life / Power Conduction (TJ=125-150°C),ATE_BENCH_01,CH_03,VALID,0,,60.0,synthetic
LOT_N02_C003,LOT_N02,RDS(on),96,60.39870499178062,mOhm,125.0,Operating Life / Power Conduction (TJ=125-150°C),ATE_BENCH_01,CH_03,VALID,0,,60.0,synthetic
LOT_N02_C003,LOT_N02,RDS(on),168,61.319087848125335,mOhm,125.0,Operating Life / Power Conduction (TJ=125-150°C),ATE_BENCH_01,CH_03,VALID,0,,60.0,synthetic
LOT_N02_C003,LOT_N02,IGSS,0,3.755439308035396,nA,150.0,"HTGB (150°C, ±20V)",ATE_BENCH_01,CH_03,VALID,0,-100.0,100.0,synthetic
LOT_N02_C003,LOT_N02,IGSS,24,5.7958304370035805,nA,150.0,"HTGB (150°C, ±20V)",ATE_BENCH_01,CH_03,VALID,0,-100.0,100.0,synthetic
LOT_N02_C003,LOT_N02,IGSS,96,2.233459428699754,nA,150.0,"HTGB (150°C, ±20V)",ATE_BENCH_01,CH_03,VALID,0,-100.0,100.0,synthetic
LOT_N02_C003,LOT_N02,IGSS,168,4.337565136055788,nA,150.0,"HTGB (150°C, ±20V)",ATE_BENCH_01,CH_03,VALID,0,-100.0,100.0,synthetic
LOT_N02_C004,LOT_N02,IDSS,0,0.39941009381017173,uA,150.0,"HTRB (150°C, 80V)",ATE_BENCH_01,CH_04,VALID,0,,10.0,synthetic
LOT_N02_C004,LOT_N02,IDSS,24,0.3646647419432024,uA,150.0,"HTRB (150°C, 80V)",ATE_BENCH_01,CH_04,VALID,0,,10.0,synthetic
LOT_N02_C004,LOT_N02,IDSS,96,0.4044739147493676,uA,150.0,"HTRB (150°C, 80V)",ATE_BENCH_01,CH_04,VALID,0,,10.0,synthetic
LOT_N02_C004,LOT_N02,IDSS,168,0.4627762112047683,uA,150.0,"HTRB (150°C, 80V)",ATE_BENCH_01,CH_04,VALID,0,,10.0,synthetic
LOT_N02_C004,LOT_N02,VGS(th),0,3.63285451917633,V,150.0,"HTGB (150°C, 20V)",ATE_BENCH_01,CH_04,VALID,0,2.0,4.0,synthetic
LOT_N02_C004,LOT_N02,VGS(th),24,3.6089803359412014,V,150.0,"HTGB (150°C, 20V)",ATE_BENCH_01,CH_04,VALID,0,2.0,4.0,synthetic
LOT_N02_C004,LOT_N02,VGS(th),96,3.6406503344629693,V,150.0,"HTGB (150°C, 20V)",ATE_BENCH_01,CH_04,VALID,0,2.0,4.0,synthetic
LOT_N02_C004,LOT_N02,VGS(th),168,3.6345495030433486,V,150.0,"HTGB (150°C, 20V)",ATE_BENCH_01,CH_04,VALID,0,2.0,4.0,synthetic
LOT_N02_C004,LOT_N02,RDS(on),0,51.925308440699396,mOhm,125.0,Operating Life / Power Conduction (TJ=125-150°C),ATE_BENCH_01,CH_04,VALID,0,,60.0,synthetic
LOT_N02_C004,LOT_N02,RDS(on),24,51.1285136665287,mOhm,125.0,Operating Life / Power Conduction (TJ=125-150°C),ATE_BENCH_01,CH_04,VALID,0,,60.0,synthetic
LOT_N02_C004,LOT_N02,RDS(on),96,50.96292167564133,mOhm,125.0,Operating Life / Power Conduction (TJ=125-150°C),ATE_BENCH_01,CH_04,VALID,0,,60.0,synthetic
LOT_N02_C004,LOT_N02,RDS(on),168,52.324419716920154,mOhm,125.0,Operating Life / Power Conduction (TJ=125-150°C),ATE_BENCH_01,CH_04,VALID,0,,60.0,synthetic
LOT_N02_C004,LOT_N02,IGSS,0,-3.692340712848537,nA,150.0,"HTGB (150°C, ±20V)",ATE_BENCH_01,CH_04,VALID,0,-100.0,100.0,synthetic
LOT_N02_C004,LOT_N02,IGSS,24,-2.721356883405945,nA,150.0,"HTGB (150°C, ±20V)",ATE_BENCH_01,CH_04,VALID,0,-100.0,100.0,synthetic
LOT_N02_C004,LOT_N02,IGSS,96,-3.3703217343426624,nA,150.0,"HTGB (150°C, ±20V)",ATE_BENCH_01,CH_04,VALID,0,-100.0,100.0,synthetic
LOT_N02_C004,LOT_N02,IGSS,168,-2.7730577594151753,nA,150.0,"HTGB (150°C, ±20V)",ATE_BENCH_01,CH_04,VALID,0,-100.0,100.0,synthetic
LOT_N02_C005,LOT_N02,IDSS,0,0.4254668568737329,uA,150.0,"HTRB (150°C, 80V)",ATE_BENCH_01,CH_05,VALID,0,,10.0,synthetic
LOT_N02_C005,LOT_N02,IDSS,24,0.44934007947841453,uA,150.0,"HTRB (150°C, 80V)",ATE_BENCH_01,CH_05,VALID,0,,10.0,synthetic
LOT_N02_C005,LOT_N02,IDSS,96,0.4466147008578906,uA,150.0,"HTRB (150°C, 80V)",ATE_BENCH_01,CH_05,VALID,0,,10.0,synthetic
LOT_N02_C005,LOT_N02,IDSS,168,0.4441227885227427,uA,150.0,"HTRB (150°C, 80V)",ATE_BENCH_01,CH_05,VALID,0,,10.0,synthetic
LOT_N02_C005,LOT_N02,VGS(th),0,3.105339218623447,V,150.0,"HTGB (150°C, 20V)",ATE_BENCH_01,CH_05,VALID,0,2.0,4.0,synthetic
LOT_N02_C005,LOT_N02,VGS(th),24,3.048614271356708,V,150.0,"HTGB (150°C, 20V)",ATE_BENCH_01,CH_05,VALID,0,2.0,4.0,synthetic
LOT_N02_C005,LOT_N02,VGS(th),96,3.0955655187261604,V,150.0,"HTGB (150°C, 20V)",ATE_BENCH_01,CH_05,VALID,0,2.0,4.0,synthetic
LOT_N02_C005,LOT_N02,VGS(th),168,3.108152263154632,V,150.0,"HTGB (150°C, 20V)",ATE_BENCH_01,CH_05,VALID,0,2.0,4.0,synthetic
LOT_N02_C005,LOT_N02,RDS(on),0,59.01610345273444,mOhm,125.0,Operating Life / Power Conduction (TJ=125-150°C),ATE_BENCH_01,CH_05,VALID,0,,60.0,synthetic
LOT_N02_C005,LOT_N02,RDS(on),24,59.141716445789704,mOhm,125.0,Operating Life / Power Conduction (TJ=125-150°C),ATE_BENCH_01,CH_05,VALID,0,,60.0,synthetic
LOT_N02_C005,LOT_N02,RDS(on),96,61.32693921293439,mOhm,125.0,Operating Life / Power Conduction (TJ=125-150°C),ATE_BENCH_01,CH_05,VALID,0,,60.0,synthetic
LOT_N02_C005,LOT_N02,RDS(on),168,59.179960464079976,mOhm,125.0,Operating Life / Power Conduction (TJ=125-150°C),ATE_BENCH_01,CH_05,VALID,0,,60.0,synthetic
LOT_N02_C005,LOT_N02,IGSS,0,1.057530855382051,nA,150.0,"HTGB (150°C, ±20V)",ATE_BENCH_01,CH_05,VALID,0,-100.0,100.0,synthetic
LOT_N02_C005,LOT_N02,IGSS,24,1.6039090291233253,nA,150.0,"HTGB (150°C, ±20V)",ATE_BENCH_01,CH_05,VALID,0,-100.0,100.0,synthetic
LOT_N02_C005,LOT_N02,IGSS,96,0.8334344116632786,nA,150.0,"HTGB (150°C, ±20V)",ATE_BENCH_01,CH_05,VALID,0,-100.0,100.0,synthetic
LOT_N02_C005,LOT_N02,IGSS,168,0.674755966369786,nA,150.0,"HTGB (150°C, ±20V)",ATE_BENCH_01,CH_05,VALID,0,-100.0,100.0,synthetic
LOT_N02_C006,LOT_N02,IDSS,0,0.7291601256160892,uA,150.0,"HTRB (150°C, 80V)",ATE_BENCH_01,CH_06,VALID,0,,10.0,synthetic
LOT_N02_C006,LOT_N02,IDSS,24,0.8836005555282501,uA,150.0,"HTRB (150°C, 80V)",ATE_BENCH_01,CH_06,VALID,0,,10.0,synthetic
LOT_N02_C006,LOT_N02,IDSS,96,0.7797834856525281,uA,150.0,"HTRB (150°C, 80V)",ATE_BENCH_01,CH_06,VALID,0,,10.0,synthetic
LOT_N02_C006,LOT_N02,IDSS,168,0.7212790407920647,uA,150.0,"HTRB (150°C, 80V)",ATE_BENCH_01,CH_06,VALID,0,,10.0,synthetic
LOT_N02_C006,LOT_N02,VGS(th),0,3.112882791245799,V,150.0,"HTGB (150°C, 20V)",ATE_BENCH_01,CH_06,VALID,0,2.0,4.0,synthetic
LOT_N02_C006,LOT_N02,VGS(th),24,3.093141124215329,V,150.0,"HTGB (150°C, 20V)",ATE_BENCH_01,CH_06,VALID,0,2.0,4.0,synthetic
LOT_N02_C006,LOT_N02,VGS(th),96,3.0421244179069697,V,150.0,"HTGB (150°C, 20V)",ATE_BENCH_01,CH_06,VALID,0,2.0,4.0,synthetic
LOT_N02_C006,LOT_N02,VGS(th),168,3.094966340485414,V,150.0,"HTGB (150°C, 20V)",ATE_BENCH_01,CH_06,VALID,0,2.0,4.0,synthetic
LOT_N02_C006,LOT_N02,RDS(on),0,58.45300550289602,mOhm,125.0,Operating Life / Power Conduction (TJ=125-150°C),ATE_BENCH_01,CH_06,VALID,0,,60.0,synthetic
LOT_N02_C006,LOT_N02,RDS(on),24,55.91386611634026,mOhm,125.0,Operating Life / Power Conduction (TJ=125-150°C),ATE_BENCH_01,CH_06,VALID,0,,60.0,synthetic
LOT_N02_C006,LOT_N02,RDS(on),96,57.62042383281697,mOhm,125.0,Operating Life / Power Conduction (TJ=125-150°C),ATE_BENCH_01,CH_06,VALID,0,,60.0,synthetic
LOT_N02_C006,LOT_N02,RDS(on),168,57.29971939867205,mOhm,125.0,Operating Life / Power Conduction (TJ=125-150°C),ATE_BENCH_01,CH_06,VALID,0,,60.0,synthetic
LOT_N02_C006,LOT_N02,IGSS,0,-3.0128725938591003,nA,150.0,"HTGB (150°C, ±20V)",ATE_BENCH_01,CH_06,VALID,0,-100.0,100.0,synthetic
LOT_N02_C006,LOT_N02,IGSS,24,-3.3613641209399403,nA,150.0,"HTGB (150°C, ±20V)",ATE_BENCH_01,CH_06,VALID,0,-100.0,100.0,synthetic
LOT_N02_C006,LOT_N02,IGSS,96,-2.994814600554665,nA,150.0,"HTGB (150°C, ±20V)",ATE_BENCH_01,CH_06,VALID,0,-100.0,100.0,synthetic
LOT_N02_C006,LOT_N02,IGSS,168,-1.510777695392379,nA,150.0,"HTGB (150°C, ±20V)",ATE_BENCH_01,CH_06,VALID,0,-100.0,100.0,synthetic
LOT_N02_C007,LOT_N02,IDSS,0,0.4930986981177617,uA,150.0,"HTRB (150°C, 80V)",ATE_BENCH_01,CH_07,VALID,0,,10.0,synthetic
LOT_N02_C007,LOT_N02,IDSS,24,0.5142317753820481,uA,150.0,"HTRB (150°C, 80V)",ATE_BENCH_01,CH_07,VALID,0,,10.0,synthetic
LOT_N02_C007,LOT_N02,IDSS,96,0.5609988463717186,uA,150.0,"HTRB (150°C, 80V)",ATE_BENCH_01,CH_07,VALID,0,,10.0,synthetic
LOT_N02_C007,LOT_N02,IDSS,168,0.5513944959840076,uA,150.0,"HTRB (150°C, 80V)",ATE_BENCH_01,CH_07,VALID,0,,10.0,synthetic
LOT_N02_C007,LOT_N02,VGS(th),0,3.222245766993598,V,150.0,"HTGB (150°C, 20V)",ATE_BENCH_01,CH_07,VALID,0,2.0,4.0,synthetic
LOT_N02_C007,LOT_N02,VGS(th),24,3.228485022177149,V,150.0,"HTGB (150°C, 20V)",ATE_BENCH_01,CH_07,VALID,0,2.0,4.0,synthetic
LOT_N02_C007,LOT_N02,VGS(th),96,3.251072049964569,V,150.0,"HTGB (150°C, 20V)",ATE_BENCH_01,CH_07,VALID,0,2.0,4.0,synthetic
LOT_N02_C007,LOT_N02,VGS(th),168,3.2340860629738497,V,150.0,"HTGB (150°C, 20V)",ATE_BENCH_01,CH_07,VALID,0,2.0,4.0,synthetic
LOT_N02_C007,LOT_N02,RDS(on),0,49.658505491798,mOhm,125.0,Operating Life / Power Conduction (TJ=125-150°C),ATE_BENCH_01,CH_07,VALID,0,,60.0,synthetic
LOT_N02_C007,LOT_N02,RDS(on),24,48.792017806290175,mOhm,125.0,Operating Life / Power Conduction (TJ=125-150°C),ATE_BENCH_01,CH_07,VALID,0,,60.0,synthetic
LOT_N02_C007,LOT_N02,RDS(on),96,49.71123167191776,mOhm,125.0,Operating Life / Power Conduction (TJ=125-150°C),ATE_BENCH_01,CH_07,VALID,0,,60.0,synthetic
LOT_N02_C007,LOT_N02,RDS(on),168,49.36243643864089,mOhm,125.0,Operating Life / Power Conduction (TJ=125-150°C),ATE_BENCH_01,CH_07,VALID,0,,60.0,synthetic
LOT_N02_C007,LOT_N02,IGSS,0,3.0225431197011496,nA,150.0,"HTGB (150°C, ±20V)",ATE_BENCH_01,CH_07,VALID,0,-100.0,100.0,synthetic
LOT_N02_C007,LOT_N02,IGSS,24,1.9205515280643852,nA,150.0,"HTGB (150°C, ±20V)",ATE_BENCH_01,CH_07,VALID,0,-100.0,100.0,synthetic
LOT_N02_C007,LOT_N02,IGSS,96,1.201093947161451,nA,150.0,"HTGB (150°C, ±20V)",ATE_BENCH_01,CH_07,VALID,0,-100.0,100.0,synthetic
LOT_N02_C007,LOT_N02,IGSS,168,1.8315448942660606,nA,150.0,"HTGB (150°C, ±20V)",ATE_BENCH_01,CH_07,VALID,0,-100.0,100.0,synthetic
LOT_N02_C008,LOT_N02,IDSS,0,1.8060789584501047,uA,150.0,"HTRB (150°C, 80V)",ATE_BENCH_01,CH_08,VALID,0,,10.0,synthetic
LOT_N02_C008,LOT_N02,IDSS,24,1.860650073584872,uA,150.0,"HTRB (150°C, 80V)",ATE_BENCH_01,CH_08,VALID,0,,10.0,synthetic
LOT_N02_C008,LOT_N02,IDSS,96,1.7674163587817024,uA,150.0,"HTRB (150°C, 80V)",ATE_BENCH_01,CH_08,VALID,0,,10.0,synthetic
LOT_N02_C008,LOT_N02,IDSS,168,2.211316958669217,uA,150.0,"HTRB (150°C, 80V)",ATE_BENCH_01,CH_08,VALID,0,,10.0,synthetic
LOT_N02_C008,LOT_N02,VGS(th),0,2.989396098355929,V,150.0,"HTGB (150°C, 20V)",ATE_BENCH_01,CH_08,VALID,0,2.0,4.0,synthetic
LOT_N02_C008,LOT_N02,VGS(th),24,2.992084108797561,V,150.0,"HTGB (150°C, 20V)",ATE_BENCH_01,CH_08,VALID,0,2.0,4.0,synthetic
LOT_N02_C008,LOT_N02,VGS(th),96,3.0083654743603425,V,150.0,"HTGB (150°C, 20V)",ATE_BENCH_01,CH_08,VALID,0,2.0,4.0,synthetic
LOT_N02_C008,LOT_N02,VGS(th),168,3.0144847390853107,V,150.0,"HTGB (150°C, 20V)",ATE_BENCH_01,CH_08,VALID,0,2.0,4.0,synthetic
LOT_N02_C008,LOT_N02,RDS(on),0,51.68627205077242,mOhm,125.0,Operating Life / Power Conduction (TJ=125-150°C),ATE_BENCH_01,CH_08,VALID,0,,60.0,synthetic
LOT_N02_C008,LOT_N02,RDS(on),24,50.47859856362097,mOhm,125.0,Operating Life / Power Conduction (TJ=125-150°C),ATE_BENCH_01,CH_08,VALID,0,,60.0,synthetic
LOT_N02_C008,LOT_N02,RDS(on),96,50.55649777564399,mOhm,125.0,Operating Life / Power Conduction (TJ=125-150°C),ATE_BENCH_01,CH_08,VALID,0,,60.0,synthetic
LOT_N02_C008,LOT_N02,RDS(on),168,51.07449352976962,mOhm,125.0,Operating Life / Power Conduction (TJ=125-150°C),ATE_BENCH_01,CH_08,VALID,0,,60.0,synthetic
LOT_N02_C008,LOT_N02,IGSS,0,-3.0737708975374733,nA,150.0,"HTGB (150°C, ±20V)",ATE_BENCH_01,CH_08,VALID,0,-100.0,100.0,synthetic
LOT_N02_C008,LOT_N02,IGSS,24,-2.3242565085058833,nA,150.0,"HTGB (150°C, ±20V)",ATE_BENCH_01,CH_08,VALID,0,-100.0,100.0,synthetic
LOT_N02_C008,LOT_N02,IGSS,96,-1.607255393844807,nA,150.0,"HTGB (150°C, ±20V)",ATE_BENCH_01,CH_08,VALID,0,-100.0,100.0,synthetic
LOT_N02_C008,LOT_N02,IGSS,168,-1.668329599876654,nA,150.0,"HTGB (150°C, ±20V)",ATE_BENCH_01,CH_08,VALID,0,-100.0,100.0,synthetic
LOT_N02_C009,LOT_N02,IDSS,0,0.5492753467588538,uA,150.0,"HTRB (150°C, 80V)",ATE_BENCH_01,CH_09,VALID,0,,10.0,synthetic
LOT_N02_C009,LOT_N02,IDSS,24,0.43021593911986117,uA,150.0,"HTRB (150°C, 80V)",ATE_BENCH_01,CH_09,VALID,0,,10.0,synthetic
LOT_N02_C009,LOT_N02,IDSS,96,0.47557379101403735,uA,150.0,"HTRB (150°C, 80V)",ATE_BENCH_01,CH_09,VALID,0,,10.0,synthetic
LOT_N02_C009,LOT_N02,IDSS,168,0.42569652430198496,uA,150.0,"HTRB (150°C, 80V)",ATE_BENCH_01,CH_09,VALID,0,,10.0,synthetic
LOT_N02_C009,LOT_N02,VGS(th),0,2.8418285549071425,V,150.0,"HTGB (150°C, 20V)",ATE_BENCH_01,CH_09,VALID,0,2.0,4.0,synthetic
LOT_N02_C009,LOT_N02,VGS(th),24,2.8823812536346325,V,150.0,"HTGB (150°C, 20V)",ATE_BENCH_01,CH_09,VALID,0,2.0,4.0,synthetic
LOT_N02_C009,LOT_N02,VGS(th),96,2.911405423923271,V,150.0,"HTGB (150°C, 20V)",ATE_BENCH_01,CH_09,VALID,0,2.0,4.0,synthetic
LOT_N02_C009,LOT_N02,VGS(th),168,2.8821890492913482,V,150.0,"HTGB (150°C, 20V)",ATE_BENCH_01,CH_09,VALID,0,2.0,4.0,synthetic
LOT_N02_C009,LOT_N02,RDS(on),0,50.645789099069084,mOhm,125.0,Operating Life / Power Conduction (TJ=125-150°C),ATE_BENCH_01,CH_09,VALID,0,,60.0,synthetic
LOT_N02_C009,LOT_N02,RDS(on),24,49.72312267567942,mOhm,125.0,Operating Life / Power Conduction (TJ=125-150°C),ATE_BENCH_01,CH_09,VALID,0,,60.0,synthetic
LOT_N02_C009,LOT_N02,RDS(on),96,49.91803728153329,mOhm,125.0,Operating Life / Power Conduction (TJ=125-150°C),ATE_BENCH_01,CH_09,VALID,0,,60.0,synthetic
LOT_N02_C009,LOT_N02,RDS(on),168,49.52450208426892,mOhm,125.0,Operating Life / Power Conduction (TJ=125-150°C),ATE_BENCH_01,CH_09,VALID,0,,60.0,synthetic
LOT_N02_C009,LOT_N02,IGSS,0,1.474449814109891,nA,150.0,"HTGB (150°C, ±20V)",ATE_BENCH_01,CH_09,VALID,0,-100.0,100.0,synthetic
LOT_N02_C009,LOT_N02,IGSS,24,2.6250267056347107,nA,150.0,"HTGB (150°C, ±20V)",ATE_BENCH_01,CH_09,VALID,0,-100.0,100.0,synthetic
LOT_N02_C009,LOT_N02,IGSS,96,1.5137261512610392,nA,150.0,"HTGB (150°C, ±20V)",ATE_BENCH_01,CH_09,VALID,0,-100.0,100.0,synthetic
LOT_N02_C009,LOT_N02,IGSS,168,1.0968735815737123,nA,150.0,"HTGB (150°C, ±20V)",ATE_BENCH_01,CH_09,VALID,0,-100.0,100.0,synthetic
LOT_N02_C010,LOT_N02,IDSS,0,0.4026024730867252,uA,150.0,"HTRB (150°C, 80V)",ATE_BENCH_01,CH_10,VALID,0,,10.0,synthetic
LOT_N02_C010,LOT_N02,IDSS,24,0.42606530779323315,uA,150.0,"HTRB (150°C, 80V)",ATE_BENCH_01,CH_10,VALID,0,,10.0,synthetic
LOT_N02_C010,LOT_N02,IDSS,96,0.41843490726160953,uA,150.0,"HTRB (150°C, 80V)",ATE_BENCH_01,CH_10,VALID,0,,10.0,synthetic
LOT_N02_C010,LOT_N02,IDSS,168,0.423549577653373,uA,150.0,"HTRB (150°C, 80V)",ATE_BENCH_01,CH_10,VALID,0,,10.0,synthetic
LOT_N02_C010,LOT_N02,VGS(th),0,3.5818611618650436,V,150.0,"HTGB (150°C, 20V)",ATE_BENCH_01,CH_10,VALID,0,2.0,4.0,synthetic
LOT_N02_C010,LOT_N02,VGS(th),24,3.599497181503994,V,150.0,"HTGB (150°C, 20V)",ATE_BENCH_01,CH_10,VALID,0,2.0,4.0,synthetic
LOT_N02_C010,LOT_N02,VGS(th),96,3.5905988835459564,V,150.0,"HTGB (150°C, 20V)",ATE_BENCH_01,CH_10,VALID,0,2.0,4.0,synthetic
LOT_N02_C010,LOT_N02,VGS(th),168,3.5548791551826215,V,150.0,"HTGB (150°C, 20V)",ATE_BENCH_01,CH_10,VALID,0,2.0,4.0,synthetic
LOT_N02_C010,LOT_N02,RDS(on),0,51.79254819684894,mOhm,125.0,Operating Life / Power Conduction (TJ=125-150°C),ATE_BENCH_01,CH_10,VALID,0,,60.0,synthetic
LOT_N02_C010,LOT_N02,RDS(on),24,50.37155000572371,mOhm,125.0,Operating Life / Power Conduction (TJ=125-150°C),ATE_BENCH_01,CH_10,VALID,0,,60.0,synthetic
LOT_N02_C010,LOT_N02,RDS(on),96,51.27906925238022,mOhm,125.0,Operating Life / Power Conduction (TJ=125-150°C),ATE_BENCH_01,CH_10,VALID,0,,60.0,synthetic
LOT_N02_C010,LOT_N02,RDS(on),168,51.6931372512156,mOhm,125.0,Operating Life / Power Conduction (TJ=125-150°C),ATE_BENCH_01,CH_10,VALID,0,,60.0,synthetic
LOT_N02_C010,LOT_N02,IGSS,0,-2.0380253868727314,nA,150.0,"HTGB (150°C, ±20V)",ATE_BENCH_01,CH_10,VALID,0,-100.0,100.0,synthetic
LOT_N02_C010,LOT_N02,IGSS,24,-1.9969345952187387,nA,150.0,"HTGB (150°C, ±20V)",ATE_BENCH_01,CH_10,VALID,0,-100.0,100.0,synthetic
LOT_N02_C010,LOT_N02,IGSS,96,-2.105319791406477,nA,150.0,"HTGB (150°C, ±20V)",ATE_BENCH_01,CH_10,VALID,0,-100.0,100.0,synthetic
LOT_N02_C010,LOT_N02,IGSS,168,-1.2323525735716336,nA,150.0,"HTGB (150°C, ±20V)",ATE_BENCH_01,CH_10,VALID,0,-100.0,100.0,synthetic
LOT_N02_C011,LOT_N02,IDSS,0,0.46601898051266266,uA,150.0,"HTRB (150°C, 80V)",ATE_BENCH_01,CH_11,VALID,0,,10.0,synthetic
LOT_N02_C011,LOT_N02,IDSS,24,0.5735882832291385,uA,150.0,"HTRB (150°C, 80V)",ATE_BENCH_01,CH_11,VALID,0,,10.0,synthetic
LOT_N02_C011,LOT_N02,IDSS,96,0.47177191948993596,uA,150.0,"HTRB (150°C, 80V)",ATE_BENCH_01,CH_11,VALID,0,,10.0,synthetic
LOT_N02_C011,LOT_N02,IDSS,168,0.5577952492562542,uA,150.0,"HTRB (150°C, 80V)",ATE_BENCH_01,CH_11,VALID,0,,10.0,synthetic
LOT_N02_C011,LOT_N02,VGS(th),0,3.028109788143372,V,150.0,"HTGB (150°C, 20V)",ATE_BENCH_01,CH_11,VALID,0,2.0,4.0,synthetic
LOT_N02_C011,LOT_N02,VGS(th),24,3.0414754411849536,V,150.0,"HTGB (150°C, 20V)",ATE_BENCH_01,CH_11,VALID,0,2.0,4.0,synthetic
LOT_N02_C011,LOT_N02,VGS(th),96,3.039781851077312,V,150.0,"HTGB (150°C, 20V)",ATE_BENCH_01,CH_11,VALID,0,2.0,4.0,synthetic
LOT_N02_C011,LOT_N02,VGS(th),168,3.0506860452874656,V,150.0,"HTGB (150°C, 20V)",ATE_BENCH_01,CH_11,VALID,0,2.0,4.0,synthetic
LOT_N02_C011,LOT_N02,RDS(on),0,56.24084942683038,mOhm,125.0,Operating Life / Power Conduction (TJ=125-150°C),ATE_BENCH_01,CH_11,VALID,0,,60.0,synthetic
LOT_N02_C011,LOT_N02,RDS(on),24,55.689544665763876,mOhm,125.0,Operating Life / Power Conduction (TJ=125-150°C),ATE_BENCH_01,CH_11,VALID,0,,60.0,synthetic
LOT_N02_C011,LOT_N02,RDS(on),96,56.58990573467966,mOhm,125.0,Operating Life / Power Conduction (TJ=125-150°C),ATE_BENCH_01,CH_11,VALID,0,,60.0,synthetic
LOT_N02_C011,LOT_N02,RDS(on),168,56.99378827595862,mOhm,125.0,Operating Life / Power Conduction (TJ=125-150°C),ATE_BENCH_01,CH_11,VALID,0,,60.0,synthetic
LOT_N02_C011,LOT_N02,IGSS,0,1.5133815590849218,nA,150.0,"HTGB (150°C, ±20V)",ATE_BENCH_01,CH_11,VALID,0,-100.0,100.0,synthetic
LOT_N02_C011,LOT_N02,IGSS,24,0.7206405458378444,nA,150.0,"HTGB (150°C, ±20V)",ATE_BENCH_01,CH_11,VALID,0,-100.0,100.0,synthetic
LOT_N02_C011,LOT_N02,IGSS,96,1.9665905227959335,nA,150.0,"HTGB (150°C, ±20V)",ATE_BENCH_01,CH_11,VALID,0,-100.0,100.0,synthetic
LOT_N02_C011,LOT_N02,IGSS,168,1.7870164282707768,nA,150.0,"HTGB (150°C, ±20V)",ATE_BENCH_01,CH_11,VALID,0,-100.0,100.0,synthetic
LOT_N02_C012,LOT_N02,IDSS,0,0.5636893920083341,uA,150.0,"HTRB (150°C, 80V)",ATE_BENCH_01,CH_12,VALID,0,,10.0,synthetic
LOT_N02_C012,LOT_N02,IDSS,24,0.5600477565669583,uA,150.0,"HTRB (150°C, 80V)",ATE_BENCH_01,CH_12,VALID,0,,10.0,synthetic
LOT_N02_C012,LOT_N02,IDSS,96,0.4894911367798844,uA,150.0,"HTRB (150°C, 80V)",ATE_BENCH_01,CH_12,VALID,0,,10.0,synthetic
LOT_N02_C012,LOT_N02,IDSS,168,0.5120706907114152,uA,150.0,"HTRB (150°C, 80V)",ATE_BENCH_01,CH_12,VALID,0,,10.0,synthetic
LOT_N02_C012,LOT_N02,VGS(th),0,2.9461861836437486,V,150.0,"HTGB (150°C, 20V)",ATE_BENCH_01,CH_12,VALID,0,2.0,4.0,synthetic
LOT_N02_C012,LOT_N02,VGS(th),24,2.947923058756989,V,150.0,"HTGB (150°C, 20V)",ATE_BENCH_01,CH_12,VALID,0,2.0,4.0,synthetic
LOT_N02_C012,LOT_N02,VGS(th),96,2.931187764747299,V,150.0,"HTGB (150°C, 20V)",ATE_BENCH_01,CH_12,VALID,0,2.0,4.0,synthetic
LOT_N02_C012,LOT_N02,VGS(th),168,2.948708662714979,V,150.0,"HTGB (150°C, 20V)",ATE_BENCH_01,CH_12,VALID,0,2.0,4.0,synthetic
LOT_N02_C012,LOT_N02,RDS(on),0,55.141711468088815,mOhm,125.0,Operating Life / Power Conduction (TJ=125-150°C),ATE_BENCH_01,CH_12,VALID,0,,60.0,synthetic
LOT_N02_C012,LOT_N02,RDS(on),24,54.62466087282933,mOhm,125.0,Operating Life / Power Conduction (TJ=125-150°C),ATE_BENCH_01,CH_12,VALID,0,,60.0,synthetic
LOT_N02_C012,LOT_N02,RDS(on),96,55.19670958009704,mOhm,125.0,Operating Life / Power Conduction (TJ=125-150°C),ATE_BENCH_01,CH_12,VALID,0,,60.0,synthetic
LOT_N02_C012,LOT_N02,RDS(on),168,54.93011781590617,mOhm,125.0,Operating Life / Power Conduction (TJ=125-150°C),ATE_BENCH_01,CH_12,VALID,0,,60.0,synthetic
LOT_N02_C012,LOT_N02,IGSS,0,0.14540440973988664,nA,150.0,"HTGB (150°C, ±20V)",ATE_BENCH_01,CH_12,VALID,0,-100.0,100.0,synthetic
LOT_N02_C012,LOT_N02,IGSS,24,0.059319325107242075,nA,150.0,"HTGB (150°C, ±20V)",ATE_BENCH_01,CH_12,VALID,0,-100.0,100.0,synthetic
LOT_N02_C012,LOT_N02,IGSS,96,0.08734581645218217,nA,150.0,"HTGB (150°C, ±20V)",ATE_BENCH_01,CH_12,VALID,0,-100.0,100.0,synthetic
LOT_N02_C012,LOT_N02,IGSS,168,0.18862715734441957,nA,150.0,"HTGB (150°C, ±20V)",ATE_BENCH_01,CH_12,VALID,0,-100.0,100.0,synthetic
LOT_N02_C013,LOT_N02,IDSS,0,0.5325919117171136,uA,150.0,"HTRB (150°C, 80V)",ATE_BENCH_01,CH_13,VALID,0,,10.0,synthetic
LOT_N02_C013,LOT_N02,IDSS,24,0.4602671484163567,uA,150.0,"HTRB (150°C, 80V)",ATE_BENCH_01,CH_13,VALID,0,,10.0,synthetic
LOT_N02_C013,LOT_N02,IDSS,96,0.4386554955166417,uA,150.0,"HTRB (150°C, 80V)",ATE_BENCH_01,CH_13,VALID,0,,10.0,synthetic
LOT_N02_C013,LOT_N02,IDSS,168,0.5097791602357272,uA,150.0,"HTRB (150°C, 80V)",ATE_BENCH_01,CH_13,VALID,0,,10.0,synthetic
LOT_N02_C013,LOT_N02,VGS(th),0,2.9998300661814077,V,150.0,"HTGB (150°C, 20V)",ATE_BENCH_01,CH_13,VALID,0,2.0,4.0,synthetic
LOT_N02_C013,LOT_N02,VGS(th),24,2.9932731284323557,V,150.0,"HTGB (150°C, 20V)",ATE_BENCH_01,CH_13,VALID,0,2.0,4.0,synthetic
LOT_N02_C013,LOT_N02,VGS(th),96,2.997022549180744,V,150.0,"HTGB (150°C, 20V)",ATE_BENCH_01,CH_13,VALID,0,2.0,4.0,synthetic
LOT_N02_C013,LOT_N02,VGS(th),168,2.9716329521167486,V,150.0,"HTGB (150°C, 20V)",ATE_BENCH_01,CH_13,VALID,0,2.0,4.0,synthetic
LOT_N02_C013,LOT_N02,RDS(on),0,54.8232261244023,mOhm,125.0,Operating Life / Power Conduction (TJ=125-150°C),ATE_BENCH_01,CH_13,VALID,0,,60.0,synthetic
LOT_N02_C013,LOT_N02,RDS(on),24,55.736739949506514,mOhm,125.0,Operating Life / Power Conduction (TJ=125-150°C),ATE_BENCH_01,CH_13,VALID,0,,60.0,synthetic
LOT_N02_C013,LOT_N02,RDS(on),96,53.87563213685967,mOhm,125.0,Operating Life / Power Conduction (TJ=125-150°C),ATE_BENCH_01,CH_13,VALID,0,,60.0,synthetic
LOT_N02_C013,LOT_N02,RDS(on),168,56.17247235868663,mOhm,125.0,Operating Life / Power Conduction (TJ=125-150°C),ATE_BENCH_01,CH_13,VALID,0,,60.0,synthetic
LOT_N02_C013,LOT_N02,IGSS,0,3.203955737970991,nA,150.0,"HTGB (150°C, ±20V)",ATE_BENCH_01,CH_13,VALID,0,-100.0,100.0,synthetic
LOT_N02_C013,LOT_N02,IGSS,24,2.8940814750244397,nA,150.0,"HTGB (150°C, ±20V)",ATE_BENCH_01,CH_13,VALID,0,-100.0,100.0,synthetic
LOT_N02_C013,LOT_N02,IGSS,96,3.4504020189209332,nA,150.0,"HTGB (150°C, ±20V)",ATE_BENCH_01,CH_13,VALID,0,-100.0,100.0,synthetic
LOT_N02_C013,LOT_N02,IGSS,168,1.8878672260954086,nA,150.0,"HTGB (150°C, ±20V)",ATE_BENCH_01,CH_13,VALID,0,-100.0,100.0,synthetic
LOT_N02_C014,LOT_N02,IDSS,0,3.361107544319927,uA,150.0,"HTRB (150°C, 80V)",ATE_BENCH_01,CH_14,VALID,0,,10.0,synthetic
LOT_N02_C014,LOT_N02,IDSS,24,2.6837709683140782,uA,150.0,"HTRB (150°C, 80V)",ATE_BENCH_01,CH_14,VALID,0,,10.0,synthetic
LOT_N02_C014,LOT_N02,IDSS,96,2.9226311666733644,uA,150.0,"HTRB (150°C, 80V)",ATE_BENCH_01,CH_14,VALID,0,,10.0,synthetic
LOT_N02_C014,LOT_N02,IDSS,168,2.840417261878094,uA,150.0,"HTRB (150°C, 80V)",ATE_BENCH_01,CH_14,VALID,0,,10.0,synthetic
LOT_N02_C014,LOT_N02,VGS(th),0,3.035544196461576,V,150.0,"HTGB (150°C, 20V)",ATE_BENCH_01,CH_14,VALID,0,2.0,4.0,synthetic
LOT_N02_C014,LOT_N02,VGS(th),24,3.0036910819386304,V,150.0,"HTGB (150°C, 20V)",ATE_BENCH_01,CH_14,VALID,0,2.0,4.0,synthetic
LOT_N02_C014,LOT_N02,VGS(th),96,2.9990945190630467,V,150.0,"HTGB (150°C, 20V)",ATE_BENCH_01,CH_14,VALID,0,2.0,4.0,synthetic
LOT_N02_C014,LOT_N02,VGS(th),168,3.0093243957584517,V,150.0,"HTGB (150°C, 20V)",ATE_BENCH_01,CH_14,VALID,0,2.0,4.0,synthetic
LOT_N02_C014,LOT_N02,RDS(on),0,56.3753385239908,mOhm,125.0,Operating Life / Power Conduction (TJ=125-150°C),ATE_BENCH_01,CH_14,VALID,0,,60.0,synthetic
LOT_N02_C014,LOT_N02,RDS(on),24,56.6708828298775,mOhm,125.0,Operating Life / Power Conduction (TJ=125-150°C),ATE_BENCH_01,CH_14,VALID,0,,60.0,synthetic
LOT_N02_C014,LOT_N02,RDS(on),96,56.47588541543407,mOhm,125.0,Operating Life / Power Conduction (TJ=125-150°C),ATE_BENCH_01,CH_14,VALID,0,,60.0,synthetic
LOT_N02_C014,LOT_N02,RDS(on),168,55.29463422301101,mOhm,125.0,Operating Life / Power Conduction (TJ=125-150°C),ATE_BENCH_01,CH_14,VALID,0,,60.0,synthetic
LOT_N02_C014,LOT_N02,IGSS,0,-2.7501852664135105,nA,150.0,"HTGB (150°C, ±20V)",ATE_BENCH_01,CH_14,VALID,0,-100.0,100.0,synthetic
LOT_N02_C014,LOT_N02,IGSS,24,-1.5139215472107859,nA,150.0,"HTGB (150°C, ±20V)",ATE_BENCH_01,CH_14,VALID,0,-100.0,100.0,synthetic
LOT_N02_C014,LOT_N02,IGSS,96,-1.809527914392221,nA,150.0,"HTGB (150°C, ±20V)",ATE_BENCH_01,CH_14,VALID,0,-100.0,100.0,synthetic
LOT_N02_C014,LOT_N02,IGSS,168,-2.3201516028099407,nA,150.0,"HTGB (150°C, ±20V)",ATE_BENCH_01,CH_14,VALID,0,-100.0,100.0,synthetic
LOT_N02_C015,LOT_N02,IDSS,0,0.38574667869571305,uA,150.0,"HTRB (150°C, 80V)",ATE_BENCH_01,CH_15,VALID,0,,10.0,synthetic
LOT_N02_C015,LOT_N02,IDSS,24,0.39529720563156373,uA,150.0,"HTRB (150°C, 80V)",ATE_BENCH_01,CH_15,VALID,0,,10.0,synthetic
LOT_N02_C015,LOT_N02,IDSS,96,0.32614993997329117,uA,150.0,"HTRB (150°C, 80V)",ATE_BENCH_01,CH_15,VALID,0,,10.0,synthetic
LOT_N02_C015,LOT_N02,IDSS,168,0.38387986937264035,uA,150.0,"HTRB (150°C, 80V)",ATE_BENCH_01,CH_15,VALID,0,,10.0,synthetic
LOT_N02_C015,LOT_N02,VGS(th),0,3.0620580656440297,V,150.0,"HTGB (150°C, 20V)",ATE_BENCH_01,CH_15,VALID,0,2.0,4.0,synthetic
LOT_N02_C015,LOT_N02,VGS(th),24,3.0617098236814235,V,150.0,"HTGB (150°C, 20V)",ATE_BENCH_01,CH_15,VALID,0,2.0,4.0,synthetic
LOT_N02_C015,LOT_N02,VGS(th),96,3.0868465387371273,V,150.0,"HTGB (150°C, 20V)",ATE_BENCH_01,CH_15,VALID,0,2.0,4.0,synthetic
LOT_N02_C015,LOT_N02,VGS(th),168,3.0957320150294683,V,150.0,"HTGB (150°C, 20V)",ATE_BENCH_01,CH_15,VALID,0,2.0,4.0,synthetic
LOT_N02_C015,LOT_N02,RDS(on),0,64.21888340401858,mOhm,125.0,Operating Life / Power Conduction (TJ=125-150°C),ATE_BENCH_01,CH_15,VALID,0,,60.0,synthetic
LOT_N02_C015,LOT_N02,RDS(on),24,64.90468487541824,mOhm,125.0,Operating Life / Power Conduction (TJ=125-150°C),ATE_BENCH_01,CH_15,VALID,0,,60.0,synthetic
LOT_N02_C015,LOT_N02,RDS(on),96,63.9746255836265,mOhm,125.0,Operating Life / Power Conduction (TJ=125-150°C),ATE_BENCH_01,CH_15,VALID,0,,60.0,synthetic
LOT_N02_C015,LOT_N02,RDS(on),168,65.1675036078218,mOhm,125.0,Operating Life / Power Conduction (TJ=125-150°C),ATE_BENCH_01,CH_15,VALID,0,,60.0,synthetic
LOT_N02_C015,LOT_N02,IGSS,0,2.1318685678144864,nA,150.0,"HTGB (150°C, ±20V)",ATE_BENCH_01,CH_15,VALID,0,-100.0,100.0,synthetic
LOT_N02_C015,LOT_N02,IGSS,24,1.9989993271197557,nA,150.0,"HTGB (150°C, ±20V)",ATE_BENCH_01,CH_15,VALID,0,-100.0,100.0,synthetic
LOT_N02_C015,LOT_N02,IGSS,96,1.4632628437776738,nA,150.0,"HTGB (150°C, ±20V)",ATE_BENCH_01,CH_15,VALID,0,-100.0,100.0,synthetic
LOT_N02_C015,LOT_N02,IGSS,168,3.0729562777233634,nA,150.0,"HTGB (150°C, ±20V)",ATE_BENCH_01,CH_15,VALID,0,-100.0,100.0,synthetic
LOT_N02_C016,LOT_N02,IDSS,0,0.45610529368206176,uA,150.0,"HTRB (150°C, 80V)",ATE_BENCH_01,CH_16,VALID,0,,10.0,synthetic
LOT_N02_C016,LOT_N02,IDSS,24,0.44278903462423425,uA,150.0,"HTRB (150°C, 80V)",ATE_BENCH_01,CH_16,VALID,0,,10.0,synthetic
LOT_N02_C016,LOT_N02,IDSS,96,0.4637680413464226,uA,150.0,"HTRB (150°C, 80V)",ATE_BENCH_01,CH_16,VALID,0,,10.0,synthetic
LOT_N02_C016,LOT_N02,IDSS,168,0.46771689955406826,uA,150.0,"HTRB (150°C, 80V)",ATE_BENCH_01,CH_16,VALID,0,,10.0,synthetic
LOT_N02_C016,LOT_N02,VGS(th),0,3.6397157568580885,V,150.0,"HTGB (150°C, 20V)",ATE_BENCH_01,CH_16,VALID,0,2.0,4.0,synthetic
LOT_N02_C016,LOT_N02,VGS(th),24,3.691286423412008,V,150.0,"HTGB (150°C, 20V)",ATE_BENCH_01,CH_16,VALID,0,2.0,4.0,synthetic
LOT_N02_C016,LOT_N02,VGS(th),96,3.671863281342282,V,150.0,"HTGB (150°C, 20V)",ATE_BENCH_01,CH_16,VALID,0,2.0,4.0,synthetic
LOT_N02_C016,LOT_N02,VGS(th),168,3.6612448953528482,V,150.0,"HTGB (150°C, 20V)",ATE_BENCH_01,CH_16,VALID,0,2.0,4.0,synthetic
LOT_N02_C016,LOT_N02,RDS(on),0,55.787347039939135,mOhm,125.0,Operating Life / Power Conduction (TJ=125-150°C),ATE_BENCH_01,CH_16,VALID,0,,60.0,synthetic
LOT_N02_C016,LOT_N02,RDS(on),24,55.759735640035466,mOhm,125.0,Operating Life / Power Conduction (TJ=125-150°C),ATE_BENCH_01,CH_16,VALID,0,,60.0,synthetic
LOT_N02_C016,LOT_N02,RDS(on),96,56.072591909775745,mOhm,125.0,Operating Life / Power Conduction (TJ=125-150°C),ATE_BENCH_01,CH_16,VALID,0,,60.0,synthetic
LOT_N02_C016,LOT_N02,RDS(on),168,55.839357796046,mOhm,125.0,Operating Life / Power Conduction (TJ=125-150°C),ATE_BENCH_01,CH_16,VALID,0,,60.0,synthetic
LOT_N02_C016,LOT_N02,IGSS,0,-1.8054876777318405,nA,150.0,"HTGB (150°C, ±20V)",ATE_BENCH_01,CH_16,VALID,0,-100.0,100.0,synthetic
LOT_N02_C016,LOT_N02,IGSS,24,-1.1504183500890006,nA,150.0,"HTGB (150°C, ±20V)",ATE_BENCH_01,CH_16,VALID,0,-100.0,100.0,synthetic
LOT_N02_C016,LOT_N02,IGSS,96,-2.481858884648175,nA,150.0,"HTGB (150°C, ±20V)",ATE_BENCH_01,CH_16,VALID,0,-100.0,100.0,synthetic
LOT_N02_C016,LOT_N02,IGSS,168,-1.8844674884199415,nA,150.0,"HTGB (150°C, ±20V)",ATE_BENCH_01,CH_16,VALID,0,-100.0,100.0,synthetic
LOT_N02_C017,LOT_N02,IDSS,0,0.7888200535999494,uA,150.0,"HTRB (150°C, 80V)",ATE_BENCH_02,CH_01,VALID,0,,10.0,synthetic
LOT_N02_C017,LOT_N02,IDSS,24,0.6897235048712513,uA,150.0,"HTRB (150°C, 80V)",ATE_BENCH_02,CH_01,VALID,0,,10.0,synthetic
LOT_N02_C017,LOT_N02,IDSS,96,0.9443665657150767,uA,150.0,"HTRB (150°C, 80V)",ATE_BENCH_02,CH_01,VALID,0,,10.0,synthetic
LOT_N02_C017,LOT_N02,IDSS,168,0.8693872958531528,uA,150.0,"HTRB (150°C, 80V)",ATE_BENCH_02,CH_01,VALID,0,,10.0,synthetic
LOT_N02_C017,LOT_N02,VGS(th),0,2.992747272108523,V,150.0,"HTGB (150°C, 20V)",ATE_BENCH_02,CH_01,VALID,0,2.0,4.0,synthetic
LOT_N02_C017,LOT_N02,VGS(th),24,2.9875026070885173,V,150.0,"HTGB (150°C, 20V)",ATE_BENCH_02,CH_01,VALID,0,2.0,4.0,synthetic
LOT_N02_C017,LOT_N02,VGS(th),96,2.9847159744562015,V,150.0,"HTGB (150°C, 20V)",ATE_BENCH_02,CH_01,VALID,0,2.0,4.0,synthetic
LOT_N02_C017,LOT_N02,VGS(th),168,2.989894295220483,V,150.0,"HTGB (150°C, 20V)",ATE_BENCH_02,CH_01,VALID,0,2.0,4.0,synthetic
LOT_N02_C017,LOT_N02,RDS(on),0,57.379752536220316,mOhm,125.0,Operating Life / Power Conduction (TJ=125-150°C),ATE_BENCH_02,CH_01,VALID,0,,60.0,synthetic
LOT_N02_C017,LOT_N02,RDS(on),24,56.33319687378381,mOhm,125.0,Operating Life / Power Conduction (TJ=125-150°C),ATE_BENCH_02,CH_01,VALID,0,,60.0,synthetic
LOT_N02_C017,LOT_N02,RDS(on),96,56.88721615208428,mOhm,125.0,Operating Life / Power Conduction (TJ=125-150°C),ATE_BENCH_02,CH_01,VALID,0,,60.0,synthetic
LOT_N02_C017,LOT_N02,RDS(on),168,57.91973805186615,mOhm,125.0,Operating Life / Power Conduction (TJ=125-150°C),ATE_BENCH_02,CH_01,VALID,0,,60.0,synthetic
LOT_N02_C017,LOT_N02,IGSS,0,3.0942760336130064,nA,150.0,"HTGB (150°C, ±20V)",ATE_BENCH_02,CH_01,VALID,0,-100.0,100.0,synthetic
LOT_N02_C017,LOT_N02,IGSS,24,4.142400067037221,nA,150.0,"HTGB (150°C, ±20V)",ATE_BENCH_02,CH_01,VALID,0,-100.0,100.0,synthetic
LOT_N02_C017,LOT_N02,IGSS,96,2.3590324189613856,nA,150.0,"HTGB (150°C, ±20V)",ATE_BENCH_02,CH_01,VALID,0,-100.0,100.0,synthetic
LOT_N02_C017,LOT_N02,IGSS,168,2.6398297109428457,nA,150.0,"HTGB (150°C, ±20V)",ATE_BENCH_02,CH_01,VALID,0,-100.0,100.0,synthetic
LOT_N02_C018,LOT_N02,IDSS,0,0.5548506140394235,uA,150.0,"HTRB (150°C, 80V)",ATE_BENCH_02,CH_02,VALID,0,,10.0,synthetic
LOT_N02_C018,LOT_N02,IDSS,24,0.6012307060001443,uA,150.0,"HTRB (150°C, 80V)",ATE_BENCH_02,CH_02,VALID,0,,10.0,synthetic
LOT_N02_C018,LOT_N02,IDSS,96,0.577057399111861,uA,150.0,"HTRB (150°C, 80V)",ATE_BENCH_02,CH_02,VALID,0,,10.0,synthetic
LOT_N02_C018,LOT_N02,IDSS,168,0.5518863975396522,uA,150.0,"HTRB (150°C, 80V)",ATE_BENCH_02,CH_02,VALID,0,,10.0,synthetic
LOT_N02_C018,LOT_N02,VGS(th),0,3.0468424341767246,V,150.0,"HTGB (150°C, 20V)",ATE_BENCH_02,CH_02,VALID,0,2.0,4.0,synthetic
LOT_N02_C018,LOT_N02,VGS(th),24,3.075157685170895,V,150.0,"HTGB (150°C, 20V)",ATE_BENCH_02,CH_02,VALID,0,2.0,4.0,synthetic
LOT_N02_C018,LOT_N02,VGS(th),96,3.040529559183666,V,150.0,"HTGB (150°C, 20V)",ATE_BENCH_02,CH_02,VALID,0,2.0,4.0,synthetic
LOT_N02_C018,LOT_N02,VGS(th),168,3.062967022384132,V,150.0,"HTGB (150°C, 20V)",ATE_BENCH_02,CH_02,VALID,0,2.0,4.0,synthetic
LOT_N02_C018,LOT_N02,RDS(on),0,53.8846933829457,mOhm,125.0,Operating Life / Power Conduction (TJ=125-150°C),ATE_BENCH_02,CH_02,VALID,0,,60.0,synthetic
LOT_N02_C018,LOT_N02,RDS(on),24,54.581507157351126,mOhm,125.0,Operating Life / Power Conduction (TJ=125-150°C),ATE_BENCH_02,CH_02,VALID,0,,60.0,synthetic
LOT_N02_C018,LOT_N02,RDS(on),96,54.41177177798999,mOhm,125.0,Operating Life / Power Conduction (TJ=125-150°C),ATE_BENCH_02,CH_02,VALID,0,,60.0,synthetic
LOT_N02_C018,LOT_N02,RDS(on),168,54.77076666313227,mOhm,125.0,Operating Life / Power Conduction (TJ=125-150°C),ATE_BENCH_02,CH_02,VALID,0,,60.0,synthetic
LOT_N02_C018,LOT_N02,IGSS,0,-2.5082806690726804,nA,150.0,"HTGB (150°C, ±20V)",ATE_BENCH_02,CH_02,VALID,0,-100.0,100.0,synthetic
LOT_N02_C018,LOT_N02,IGSS,24,-1.977502495082242,nA,150.0,"HTGB (150°C, ±20V)",ATE_BENCH_02,CH_02,VALID,0,-100.0,100.0,synthetic
LOT_N02_C018,LOT_N02,IGSS,96,-2.924642759621307,nA,150.0,"HTGB (150°C, ±20V)",ATE_BENCH_02,CH_02,VALID,0,-100.0,100.0,synthetic
LOT_N02_C018,LOT_N02,IGSS,168,-2.5102263066417807,nA,150.0,"HTGB (150°C, ±20V)",ATE_BENCH_02,CH_02,VALID,0,-100.0,100.0,synthetic
LOT_N02_C019,LOT_N02,IDSS,0,0.4027307688884777,uA,150.0,"HTRB (150°C, 80V)",ATE_BENCH_02,CH_03,VALID,0,,10.0,synthetic
LOT_N02_C019,LOT_N02,IDSS,24,0.42159954304673297,uA,150.0,"HTRB (150°C, 80V)",ATE_BENCH_02,CH_03,VALID,0,,10.0,synthetic
LOT_N02_C019,LOT_N02,IDSS,96,0.40826307250457927,uA,150.0,"HTRB (150°C, 80V)",ATE_BENCH_02,CH_03,VALID,0,,10.0,synthetic
LOT_N02_C019,LOT_N02,IDSS,168,0.40524923976308874,uA,150.0,"HTRB (150°C, 80V)",ATE_BENCH_02,CH_03,VALID,0,,10.0,synthetic
LOT_N02_C019,LOT_N02,VGS(th),0,2.9564806167797113,V,150.0,"HTGB (150°C, 20V)",ATE_BENCH_02,CH_03,VALID,0,2.0,4.0,synthetic
LOT_N02_C019,LOT_N02,VGS(th),24,2.962149410539094,V,150.0,"HTGB (150°C, 20V)",ATE_BENCH_02,CH_03,VALID,0,2.0,4.0,synthetic
LOT_N02_C019,LOT_N02,VGS(th),96,2.9050103560340905,V,150.0,"HTGB (150°C, 20V)",ATE_BENCH_02,CH_03,VALID,0,2.0,4.0,synthetic
LOT_N02_C019,LOT_N02,VGS(th),168,2.976404520800209,V,150.0,"HTGB (150°C, 20V)",ATE_BENCH_02,CH_03,VALID,0,2.0,4.0,synthetic
LOT_N02_C019,LOT_N02,RDS(on),0,54.456038781704855,mOhm,125.0,Operating Life / Power Conduction (TJ=125-150°C),ATE_BENCH_02,CH_03,VALID,0,,60.0,synthetic
LOT_N02_C019,LOT_N02,RDS(on),24,55.828113552406755,mOhm,125.0,Operating Life / Power Conduction (TJ=125-150°C),ATE_BENCH_02,CH_03,VALID,0,,60.0,synthetic
LOT_N02_C019,LOT_N02,RDS(on),96,54.872506460627456,mOhm,125.0,Operating Life / Power Conduction (TJ=125-150°C),ATE_BENCH_02,CH_03,VALID,0,,60.0,synthetic
LOT_N02_C019,LOT_N02,RDS(on),168,55.0105660833872,mOhm,125.0,Operating Life / Power Conduction (TJ=125-150°C),ATE_BENCH_02,CH_03,VALID,0,,60.0,synthetic
LOT_N02_C019,LOT_N02,IGSS,0,2.2794115825708103,nA,150.0,"HTGB (150°C, ±20V)",ATE_BENCH_02,CH_03,VALID,0,-100.0,100.0,synthetic
LOT_N02_C019,LOT_N02,IGSS,24,3.43086688793294,nA,150.0,"HTGB (150°C, ±20V)",ATE_BENCH_02,CH_03,VALID,0,-100.0,100.0,synthetic
LOT_N02_C019,LOT_N02,IGSS,96,1.6167802040696138,nA,150.0,"HTGB (150°C, ±20V)",ATE_BENCH_02,CH_03,VALID,0,-100.0,100.0,synthetic
LOT_N02_C019,LOT_N02,IGSS,168,1.5614895731840182,nA,150.0,"HTGB (150°C, ±20V)",ATE_BENCH_02,CH_03,VALID,0,-100.0,100.0,synthetic
LOT_N02_C020,LOT_N02,IDSS,0,2.535987046911781,uA,150.0,"HTRB (150°C, 80V)",ATE_BENCH_02,CH_04,VALID,0,,10.0,synthetic
LOT_N02_C020,LOT_N02,IDSS,24,2.4706323124382203,uA,150.0,"HTRB (150°C, 80V)",ATE_BENCH_02,CH_04,VALID,0,,10.0,synthetic
LOT_N02_C020,LOT_N02,IDSS,96,2.3079442650212334,uA,150.0,"HTRB (150°C, 80V)",ATE_BENCH_02,CH_04,VALID,0,,10.0,synthetic
LOT_N02_C020,LOT_N02,IDSS,168,2.452943866361892,uA,150.0,"HTRB (150°C, 80V)",ATE_BENCH_02,CH_04,VALID,0,,10.0,synthetic
LOT_N02_C020,LOT_N02,VGS(th),0,2.8830086362197194,V,150.0,"HTGB (150°C, 20V)",ATE_BENCH_02,CH_04,VALID,0,2.0,4.0,synthetic
LOT_N02_C020,LOT_N02,VGS(th),24,2.882978295792298,V,150.0,"HTGB (150°C, 20V)",ATE_BENCH_02,CH_04,VALID,0,2.0,4.0,synthetic
LOT_N02_C020,LOT_N02,VGS(th),96,2.872691869141919,V,150.0,"HTGB (150°C, 20V)",ATE_BENCH_02,CH_04,VALID,0,2.0,4.0,synthetic
LOT_N02_C020,LOT_N02,VGS(th),168,2.887069759600306,V,150.0,"HTGB (150°C, 20V)",ATE_BENCH_02,CH_04,VALID,0,2.0,4.0,synthetic
LOT_N02_C020,LOT_N02,RDS(on),0,49.70568747188033,mOhm,125.0,Operating Life / Power Conduction (TJ=125-150°C),ATE_BENCH_02,CH_04,VALID,0,,60.0,synthetic
LOT_N02_C020,LOT_N02,RDS(on),24,48.86565899580092,mOhm,125.0,Operating Life / Power Conduction (TJ=125-150°C),ATE_BENCH_02,CH_04,VALID,0,,60.0,synthetic
LOT_N02_C020,LOT_N02,RDS(on),96,49.489665377037106,mOhm,125.0,Operating Life / Power Conduction (TJ=125-150°C),ATE_BENCH_02,CH_04,VALID,0,,60.0,synthetic
LOT_N02_C020,LOT_N02,RDS(on),168,49.540478470083336,mOhm,125.0,Operating Life / Power Conduction (TJ=125-150°C),ATE_BENCH_02,CH_04,VALID,0,,60.0,synthetic
LOT_N02_C020,LOT_N02,IGSS,0,-3.1423867031196764,nA,150.0,"HTGB (150°C, ±20V)",ATE_BENCH_02,CH_04,VALID,0,-100.0,100.0,synthetic
LOT_N02_C020,LOT_N02,IGSS,24,-2.1340565339071134,nA,150.0,"HTGB (150°C, ±20V)",ATE_BENCH_02,CH_04,VALID,0,-100.0,100.0,synthetic
LOT_N02_C020,LOT_N02,IGSS,96,-1.6327213601489066,nA,150.0,"HTGB (150°C, ±20V)",ATE_BENCH_02,CH_04,VALID,0,-100.0,100.0,synthetic
LOT_N02_C020,LOT_N02,IGSS,168,-2.008678441495305,nA,150.0,"HTGB (150°C, ±20V)",ATE_BENCH_02,CH_04,VALID,0,-100.0,100.0,synthetic
LOT_N02_C021,LOT_N02,IDSS,0,0.3801766815355648,uA,150.0,"HTRB (150°C, 80V)",ATE_BENCH_02,CH_05,VALID,0,,10.0,synthetic
LOT_N02_C021,LOT_N02,IDSS,24,0.34412194766822113,uA,150.0,"HTRB (150°C, 80V)",ATE_BENCH_02,CH_05,VALID,0,,10.0,synthetic
LOT_N02_C021,LOT_N02,IDSS,96,0.35321774449310295,uA,150.0,"HTRB (150°C, 80V)",ATE_BENCH_02,CH_05,VALID,0,,10.0,synthetic
LOT_N02_C021,LOT_N02,IDSS,168,0.34150233199495683,uA,150.0,"HTRB (150°C, 80V)",ATE_BENCH_02,CH_05,VALID,0,,10.0,synthetic
LOT_N02_C021,LOT_N02,VGS(th),0,3.0231838156440696,V,150.0,"HTGB (150°C, 20V)",ATE_BENCH_02,CH_05,VALID,0,2.0,4.0,synthetic
LOT_N02_C021,LOT_N02,VGS(th),24,2.999212145169859,V,150.0,"HTGB (150°C, 20V)",ATE_BENCH_02,CH_05,VALID,0,2.0,4.0,synthetic
LOT_N02_C021,LOT_N02,VGS(th),96,3.0324038976605405,V,150.0,"HTGB (150°C, 20V)",ATE_BENCH_02,CH_05,VALID,0,2.0,4.0,synthetic
LOT_N02_C021,LOT_N02,VGS(th),168,3.0397584109914395,V,150.0,"HTGB (150°C, 20V)",ATE_BENCH_02,CH_05,VALID,0,2.0,4.0,synthetic
LOT_N02_C021,LOT_N02,RDS(on),0,53.791622687449895,mOhm,125.0,Operating Life / Power Conduction (TJ=125-150°C),ATE_BENCH_02,CH_05,VALID,0,,60.0,synthetic
LOT_N02_C021,LOT_N02,RDS(on),24,51.78223603626412,mOhm,125.0,Operating Life / Power Conduction (TJ=125-150°C),ATE_BENCH_02,CH_05,VALID,0,,60.0,synthetic
LOT_N02_C021,LOT_N02,RDS(on),96,52.78969512544386,mOhm,125.0,Operating Life / Power Conduction (TJ=125-150°C),ATE_BENCH_02,CH_05,VALID,0,,60.0,synthetic
LOT_N02_C021,LOT_N02,RDS(on),168,53.00670611770912,mOhm,125.0,Operating Life / Power Conduction (TJ=125-150°C),ATE_BENCH_02,CH_05,VALID,0,,60.0,synthetic
LOT_N02_C021,LOT_N02,IGSS,0,1.0299357190510392,nA,150.0,"HTGB (150°C, ±20V)",ATE_BENCH_02,CH_05,VALID,0,-100.0,100.0,synthetic
LOT_N02_C021,LOT_N02,IGSS,24,1.2809559152476517,nA,150.0,"HTGB (150°C, ±20V)",ATE_BENCH_02,CH_05,VALID,0,-100.0,100.0,synthetic
LOT_N02_C021,LOT_N02,IGSS,96,2.217001343607254,nA,150.0,"HTGB (150°C, ±20V)",ATE_BENCH_02,CH_05,VALID,0,-100.0,100.0,synthetic
LOT_N02_C021,LOT_N02,IGSS,168,1.6426838616225103,nA,150.0,"HTGB (150°C, ±20V)",ATE_BENCH_02,CH_05,VALID,0,-100.0,100.0,synthetic
LOT_N02_C022,LOT_N02,IDSS,0,0.3965749264902431,uA,150.0,"HTRB (150°C, 80V)",ATE_BENCH_02,CH_06,VALID,0,,10.0,synthetic
LOT_N02_C022,LOT_N02,IDSS,24,0.3878058449944544,uA,150.0,"HTRB (150°C, 80V)",ATE_BENCH_02,CH_06,VALID,0,,10.0,synthetic
LOT_N02_C022,LOT_N02,IDSS,96,0.373922551374056,uA,150.0,"HTRB (150°C, 80V)",ATE_BENCH_02,CH_06,VALID,0,,10.0,synthetic
LOT_N02_C022,LOT_N02,IDSS,168,0.4596208019115827,uA,150.0,"HTRB (150°C, 80V)",ATE_BENCH_02,CH_06,VALID,0,,10.0,synthetic
LOT_N02_C022,LOT_N02,VGS(th),0,3.394857085309041,V,150.0,"HTGB (150°C, 20V)",ATE_BENCH_02,CH_06,VALID,0,2.0,4.0,synthetic
LOT_N02_C022,LOT_N02,VGS(th),24,3.4363560560011477,V,150.0,"HTGB (150°C, 20V)",ATE_BENCH_02,CH_06,VALID,0,2.0,4.0,synthetic
LOT_N02_C022,LOT_N02,VGS(th),96,3.4403806987098786,V,150.0,"HTGB (150°C, 20V)",ATE_BENCH_02,CH_06,VALID,0,2.0,4.0,synthetic
LOT_N02_C022,LOT_N02,VGS(th),168,3.4150093123023737,V,150.0,"HTGB (150°C, 20V)",ATE_BENCH_02,CH_06,VALID,0,2.0,4.0,synthetic
LOT_N02_C022,LOT_N02,RDS(on),0,55.298587114560014,mOhm,125.0,Operating Life / Power Conduction (TJ=125-150°C),ATE_BENCH_02,CH_06,VALID,0,,60.0,synthetic
LOT_N02_C022,LOT_N02,RDS(on),24,53.29262723436785,mOhm,125.0,Operating Life / Power Conduction (TJ=125-150°C),ATE_BENCH_02,CH_06,VALID,0,,60.0,synthetic
LOT_N02_C022,LOT_N02,RDS(on),96,54.488627663377876,mOhm,125.0,Operating Life / Power Conduction (TJ=125-150°C),ATE_BENCH_02,CH_06,VALID,0,,60.0,synthetic
LOT_N02_C022,LOT_N02,RDS(on),168,54.01785837264259,mOhm,125.0,Operating Life / Power Conduction (TJ=125-150°C),ATE_BENCH_02,CH_06,VALID,0,,60.0,synthetic
LOT_N02_C022,LOT_N02,IGSS,0,-0.8585770146251841,nA,150.0,"HTGB (150°C, ±20V)",ATE_BENCH_02,CH_06,VALID,0,-100.0,100.0,synthetic
LOT_N02_C022,LOT_N02,IGSS,24,-1.1383707210093748,nA,150.0,"HTGB (150°C, ±20V)",ATE_BENCH_02,CH_06,VALID,0,-100.0,100.0,synthetic
LOT_N02_C022,LOT_N02,IGSS,96,-1.4985037331117692,nA,150.0,"HTGB (150°C, ±20V)",ATE_BENCH_02,CH_06,VALID,0,-100.0,100.0,synthetic
LOT_N02_C022,LOT_N02,IGSS,168,-1.1970213216401495,nA,150.0,"HTGB (150°C, ±20V)",ATE_BENCH_02,CH_06,VALID,0,-100.0,100.0,synthetic
LOT_N02_C023,LOT_N02,IDSS,0,0.6138854017759006,uA,150.0,"HTRB (150°C, 80V)",ATE_BENCH_02,CH_07,VALID,0,,10.0,synthetic
LOT_N02_C023,LOT_N02,IDSS,24,0.5692997731317437,uA,150.0,"HTRB (150°C, 80V)",ATE_BENCH_02,CH_07,VALID,0,,10.0,synthetic
LOT_N02_C023,LOT_N02,IDSS,96,0.5960249341975712,uA,150.0,"HTRB (150°C, 80V)",ATE_BENCH_02,CH_07,VALID,0,,10.0,synthetic
LOT_N02_C023,LOT_N02,IDSS,168,0.607339546463416,uA,150.0,"HTRB (150°C, 80V)",ATE_BENCH_02,CH_07,VALID,0,,10.0,synthetic
LOT_N02_C023,LOT_N02,VGS(th),0,2.9220025144515342,V,150.0,"HTGB (150°C, 20V)",ATE_BENCH_02,CH_07,VALID,0,2.0,4.0,synthetic
LOT_N02_C023,LOT_N02,VGS(th),24,2.913660744331731,V,150.0,"HTGB (150°C, 20V)",ATE_BENCH_02,CH_07,VALID,0,2.0,4.0,synthetic
LOT_N02_C023,LOT_N02,VGS(th),96,2.973862439930291,V,150.0,"HTGB (150°C, 20V)",ATE_BENCH_02,CH_07,VALID,0,2.0,4.0,synthetic
LOT_N02_C023,LOT_N02,VGS(th),168,2.9490433870814994,V,150.0,"HTGB (150°C, 20V)",ATE_BENCH_02,CH_07,VALID,0,2.0,4.0,synthetic
LOT_N02_C023,LOT_N02,RDS(on),0,46.36457180111911,mOhm,125.0,Operating Life / Power Conduction (TJ=125-150°C),ATE_BENCH_02,CH_07,VALID,0,,60.0,synthetic
LOT_N02_C023,LOT_N02,RDS(on),24,47.75270211608903,mOhm,125.0,Operating Life / Power Conduction (TJ=125-150°C),ATE_BENCH_02,CH_07,VALID,0,,60.0,synthetic
LOT_N02_C023,LOT_N02,RDS(on),96,47.02529283525624,mOhm,125.0,Operating Life / Power Conduction (TJ=125-150°C),ATE_BENCH_02,CH_07,VALID,0,,60.0,synthetic
LOT_N02_C023,LOT_N02,RDS(on),168,47.629634612344525,mOhm,125.0,Operating Life / Power Conduction (TJ=125-150°C),ATE_BENCH_02,CH_07,VALID,0,,60.0,synthetic
LOT_N02_C023,LOT_N02,IGSS,0,1.9761247883626936,nA,150.0,"HTGB (150°C, ±20V)",ATE_BENCH_02,CH_07,VALID,0,-100.0,100.0,synthetic
LOT_N02_C023,LOT_N02,IGSS,24,2.561829439735332,nA,150.0,"HTGB (150°C, ±20V)",ATE_BENCH_02,CH_07,VALID,0,-100.0,100.0,synthetic
LOT_N02_C023,LOT_N02,IGSS,96,3.1890936679568322,nA,150.0,"HTGB (150°C, ±20V)",ATE_BENCH_02,CH_07,VALID,0,-100.0,100.0,synthetic
LOT_N02_C023,LOT_N02,IGSS,168,2.8365592773202453,nA,150.0,"HTGB (150°C, ±20V)",ATE_BENCH_02,CH_07,VALID,0,-100.0,100.0,synthetic
LOT_N02_C024,LOT_N02,IDSS,0,0.6154726949808846,uA,150.0,"HTRB (150°C, 80V)",ATE_BENCH_02,CH_08,VALID,0,,10.0,synthetic
LOT_N02_C024,LOT_N02,IDSS,24,0.5835981373027432,uA,150.0,"HTRB (150°C, 80V)",ATE_BENCH_02,CH_08,VALID,0,,10.0,synthetic
LOT_N02_C024,LOT_N02,IDSS,96,0.5734346455604155,uA,150.0,"HTRB (150°C, 80V)",ATE_BENCH_02,CH_08,VALID,0,,10.0,synthetic
LOT_N02_C024,LOT_N02,IDSS,168,0.4682085474945718,uA,150.0,"HTRB (150°C, 80V)",ATE_BENCH_02,CH_08,VALID,0,,10.0,synthetic
LOT_N02_C024,LOT_N02,VGS(th),0,2.938393746884592,V,150.0,"HTGB (150°C, 20V)",ATE_BENCH_02,CH_08,VALID,0,2.0,4.0,synthetic
LOT_N02_C024,LOT_N02,VGS(th),24,2.9287393294427657,V,150.0,"HTGB (150°C, 20V)",ATE_BENCH_02,CH_08,VALID,0,2.0,4.0,synthetic
LOT_N02_C024,LOT_N02,VGS(th),96,2.934788689941547,V,150.0,"HTGB (150°C, 20V)",ATE_BENCH_02,CH_08,VALID,0,2.0,4.0,synthetic
LOT_N02_C024,LOT_N02,VGS(th),168,2.9045694488143745,V,150.0,"HTGB (150°C, 20V)",ATE_BENCH_02,CH_08,VALID,0,2.0,4.0,synthetic
LOT_N02_C024,LOT_N02,RDS(on),0,52.658057386348425,mOhm,125.0,Operating Life / Power Conduction (TJ=125-150°C),ATE_BENCH_02,CH_08,VALID,0,,60.0,synthetic
LOT_N02_C024,LOT_N02,RDS(on),24,54.626243595147045,mOhm,125.0,Operating Life / Power Conduction (TJ=125-150°C),ATE_BENCH_02,CH_08,VALID,0,,60.0,synthetic
LOT_N02_C024,LOT_N02,RDS(on),96,53.81276197015708,mOhm,125.0,Operating Life / Power Conduction (TJ=125-150°C),ATE_BENCH_02,CH_08,VALID,0,,60.0,synthetic
LOT_N02_C024,LOT_N02,RDS(on),168,52.56415742766303,mOhm,125.0,Operating Life / Power Conduction (TJ=125-150°C),ATE_BENCH_02,CH_08,VALID,0,,60.0,synthetic
LOT_N02_C024,LOT_N02,IGSS,0,-1.1452198616371563,nA,150.0,"HTGB (150°C, ±20V)",ATE_BENCH_02,CH_08,VALID,0,-100.0,100.0,synthetic
LOT_N02_C024,LOT_N02,IGSS,24,-1.944676156772145,nA,150.0,"HTGB (150°C, ±20V)",ATE_BENCH_02,CH_08,VALID,0,-100.0,100.0,synthetic
LOT_N02_C024,LOT_N02,IGSS,96,-1.6955558222567608,nA,150.0,"HTGB (150°C, ±20V)",ATE_BENCH_02,CH_08,VALID,0,-100.0,100.0,synthetic
LOT_N02_C024,LOT_N02,IGSS,168,-1.3119104844243945,nA,150.0,"HTGB (150°C, ±20V)",ATE_BENCH_02,CH_08,VALID,0,-100.0,100.0,synthetic
LOT_N02_C025,LOT_N02,IDSS,0,0.4770738048500149,uA,150.0,"HTRB (150°C, 80V)",ATE_BENCH_02,CH_09,VALID,0,,10.0,synthetic
LOT_N02_C025,LOT_N02,IDSS,24,0.44052780975168904,uA,150.0,"HTRB (150°C, 80V)",ATE_BENCH_02,CH_09,VALID,0,,10.0,synthetic
LOT_N02_C025,LOT_N02,IDSS,96,0.6091462410142655,uA,150.0,"HTRB (150°C, 80V)",ATE_BENCH_02,CH_09,VALID,0,,10.0,synthetic
LOT_N02_C025,LOT_N02,IDSS,168,0.5869020783984302,uA,150.0,"HTRB (150°C, 80V)",ATE_BENCH_02,CH_09,VALID,0,,10.0,synthetic
LOT_N02_C025,LOT_N02,VGS(th),0,3.0410957132201695,V,150.0,"HTGB (150°C, 20V)",ATE_BENCH_02,CH_09,VALID,0,2.0,4.0,synthetic
LOT_N02_C025,LOT_N02,VGS(th),24,3.050607209499475,V,150.0,"HTGB (150°C, 20V)",ATE_BENCH_02,CH_09,VALID,0,2.0,4.0,synthetic
LOT_N02_C025,LOT_N02,VGS(th),96,3.041352284439381,V,150.0,"HTGB (150°C, 20V)",ATE_BENCH_02,CH_09,VALID,0,2.0,4.0,synthetic
LOT_N02_C025,LOT_N02,VGS(th),168,3.067631826478679,V,150.0,"HTGB (150°C, 20V)",ATE_BENCH_02,CH_09,VALID,0,2.0,4.0,synthetic
LOT_N02_C025,LOT_N02,RDS(on),0,55.62312093752669,mOhm,125.0,Operating Life / Power Conduction (TJ=125-150°C),ATE_BENCH_02,CH_09,VALID,0,,60.0,synthetic
LOT_N02_C025,LOT_N02,RDS(on),24,55.26807198440659,mOhm,125.0,Operating Life / Power Conduction (TJ=125-150°C),ATE_BENCH_02,CH_09,VALID,0,,60.0,synthetic
LOT_N02_C025,LOT_N02,RDS(on),96,55.321527368091544,mOhm,125.0,Operating Life / Power Conduction (TJ=125-150°C),ATE_BENCH_02,CH_09,VALID,0,,60.0,synthetic
LOT_N02_C025,LOT_N02,RDS(on),168,54.81970387139324,mOhm,125.0,Operating Life / Power Conduction (TJ=125-150°C),ATE_BENCH_02,CH_09,VALID,0,,60.0,synthetic
LOT_N02_C025,LOT_N02,IGSS,0,-0.08001801558504879,nA,150.0,"HTGB (150°C, ±20V)",ATE_BENCH_02,CH_09,VALID,0,-100.0,100.0,synthetic
LOT_N02_C025,LOT_N02,IGSS,24,-0.238676358489256,nA,150.0,"HTGB (150°C, ±20V)",ATE_BENCH_02,CH_09,VALID,0,-100.0,100.0,synthetic
LOT_N02_C025,LOT_N02,IGSS,96,-0.086060699170333,nA,150.0,"HTGB (150°C, ±20V)",ATE_BENCH_02,CH_09,VALID,0,-100.0,100.0,synthetic
LOT_N02_C025,LOT_N02,IGSS,168,-0.054141968899056744,nA,150.0,"HTGB (150°C, ±20V)",ATE_BENCH_02,CH_09,VALID,0,-100.0,100.0,synthetic
LOT_N02_C026,LOT_N02,IDSS,0,2.8828165813763253,uA,150.0,"HTRB (150°C, 80V)",ATE_BENCH_02,CH_10,VALID,0,,10.0,synthetic
LOT_N02_C026,LOT_N02,IDSS,24,2.839038611512465,uA,150.0,"HTRB (150°C, 80V)",ATE_BENCH_02,CH_10,VALID,0,,10.0,synthetic
LOT_N02_C026,LOT_N02,IDSS,96,3.3895287461828274,uA,150.0,"HTRB (150°C, 80V)",ATE_BENCH_02,CH_10,VALID,0,,10.0,synthetic
LOT_N02_C026,LOT_N02,IDSS,168,2.830990981308168,uA,150.0,"HTRB (150°C, 80V)",ATE_BENCH_02,CH_10,VALID,0,,10.0,synthetic
LOT_N02_C026,LOT_N02,VGS(th),0,2.9448245869990366,V,150.0,"HTGB (150°C, 20V)",ATE_BENCH_02,CH_10,VALID,0,2.0,4.0,synthetic
LOT_N02_C026,LOT_N02,VGS(th),24,2.9065291124331507,V,150.0,"HTGB (150°C, 20V)",ATE_BENCH_02,CH_10,VALID,0,2.0,4.0,synthetic
LOT_N02_C026,LOT_N02,VGS(th),96,2.8991782739381646,V,150.0,"HTGB (150°C, 20V)",ATE_BENCH_02,CH_10,VALID,0,2.0,4.0,synthetic
LOT_N02_C026,LOT_N02,VGS(th),168,2.894980536040564,V,150.0,"HTGB (150°C, 20V)",ATE_BENCH_02,CH_10,VALID,0,2.0,4.0,synthetic
LOT_N02_C026,LOT_N02,RDS(on),0,50.85432868344279,mOhm,125.0,Operating Life / Power Conduction (TJ=125-150°C),ATE_BENCH_02,CH_10,VALID,0,,60.0,synthetic
LOT_N02_C026,LOT_N02,RDS(on),24,50.65024652876104,mOhm,125.0,Operating Life / Power Conduction (TJ=125-150°C),ATE_BENCH_02,CH_10,VALID,0,,60.0,synthetic
LOT_N02_C026,LOT_N02,RDS(on),96,50.11260231023397,mOhm,125.0,Operating Life / Power Conduction (TJ=125-150°C),ATE_BENCH_02,CH_10,VALID,0,,60.0,synthetic
LOT_N02_C026,LOT_N02,RDS(on),168,51.18905794278368,mOhm,125.0,Operating Life / Power Conduction (TJ=125-150°C),ATE_BENCH_02,CH_10,VALID,0,,60.0,synthetic
LOT_N02_C026,LOT_N02,IGSS,0,-3.770695786563255,nA,150.0,"HTGB (150°C, ±20V)",ATE_BENCH_02,CH_10,VALID,0,-100.0,100.0,synthetic
LOT_N02_C026,LOT_N02,IGSS,24,-3.6324285960735003,nA,150.0,"HTGB (150°C, ±20V)",ATE_BENCH_02,CH_10,VALID,0,-100.0,100.0,synthetic
LOT_N02_C026,LOT_N02,IGSS,96,-3.120228249705557,nA,150.0,"HTGB (150°C, ±20V)",ATE_BENCH_02,CH_10,VALID,0,-100.0,100.0,synthetic
LOT_N02_C026,LOT_N02,IGSS,168,-2.2052446863845785,nA,150.0,"HTGB (150°C, ±20V)",ATE_BENCH_02,CH_10,VALID,0,-100.0,100.0,synthetic
LOT_N02_C027,LOT_N02,IDSS,0,0.447062930976352,uA,150.0,"HTRB (150°C, 80V)",ATE_BENCH_02,CH_11,VALID,0,,10.0,synthetic
LOT_N02_C027,LOT_N02,IDSS,24,0.40580341932568664,uA,150.0,"HTRB (150°C, 80V)",ATE_BENCH_02,CH_11,VALID,0,,10.0,synthetic
LOT_N02_C027,LOT_N02,IDSS,96,0.40511577567861534,uA,150.0,"HTRB (150°C, 80V)",ATE_BENCH_02,CH_11,VALID,0,,10.0,synthetic
LOT_N02_C027,LOT_N02,IDSS,168,0.4747793962561211,uA,150.0,"HTRB (150°C, 80V)",ATE_BENCH_02,CH_11,VALID,0,,10.0,synthetic
LOT_N02_C027,LOT_N02,VGS(th),0,3.199352737027191,V,150.0,"HTGB (150°C, 20V)",ATE_BENCH_02,CH_11,VALID,0,2.0,4.0,synthetic
LOT_N02_C027,LOT_N02,VGS(th),24,3.2120295448294245,V,150.0,"HTGB (150°C, 20V)",ATE_BENCH_02,CH_11,VALID,0,2.0,4.0,synthetic
LOT_N02_C027,LOT_N02,VGS(th),96,3.2072700764214086,V,150.0,"HTGB (150°C, 20V)",ATE_BENCH_02,CH_11,VALID,0,2.0,4.0,synthetic
LOT_N02_C027,LOT_N02,VGS(th),168,3.1692315575718286,V,150.0,"HTGB (150°C, 20V)",ATE_BENCH_02,CH_11,VALID,0,2.0,4.0,synthetic
LOT_N02_C027,LOT_N02,RDS(on),0,47.73338029678909,mOhm,125.0,Operating Life / Power Conduction (TJ=125-150°C),ATE_BENCH_02,CH_11,VALID,0,,60.0,synthetic
LOT_N02_C027,LOT_N02,RDS(on),24,48.62096374221709,mOhm,125.0,Operating Life / Power Conduction (TJ=125-150°C),ATE_BENCH_02,CH_11,VALID,0,,60.0,synthetic
LOT_N02_C027,LOT_N02,RDS(on),96,48.321145341483536,mOhm,125.0,Operating Life / Power Conduction (TJ=125-150°C),ATE_BENCH_02,CH_11,VALID,0,,60.0,synthetic
LOT_N02_C027,LOT_N02,RDS(on),168,49.44237268475947,mOhm,125.0,Operating Life / Power Conduction (TJ=125-150°C),ATE_BENCH_02,CH_11,VALID,0,,60.0,synthetic
LOT_N02_C027,LOT_N02,IGSS,0,1.4682883856536233,nA,150.0,"HTGB (150°C, ±20V)",ATE_BENCH_02,CH_11,VALID,0,-100.0,100.0,synthetic
LOT_N02_C027,LOT_N02,IGSS,24,2.3246533027923184,nA,150.0,"HTGB (150°C, ±20V)",ATE_BENCH_02,CH_11,VALID,0,-100.0,100.0,synthetic
LOT_N02_C027,LOT_N02,IGSS,96,1.4634669694539475,nA,150.0,"HTGB (150°C, ±20V)",ATE_BENCH_02,CH_11,VALID,0,-100.0,100.0,synthetic
LOT_N02_C027,LOT_N02,IGSS,168,1.6071189641147896,nA,150.0,"HTGB (150°C, ±20V)",ATE_BENCH_02,CH_11,VALID,0,-100.0,100.0,synthetic
LOT_N02_C028,LOT_N02,IDSS,0,0.24392161854975133,uA,150.0,"HTRB (150°C, 80V)",ATE_BENCH_02,CH_12,VALID,0,,10.0,synthetic
LOT_N02_C028,LOT_N02,IDSS,24,0.278831673072481,uA,150.0,"HTRB (150°C, 80V)",ATE_BENCH_02,CH_12,VALID,0,,10.0,synthetic
LOT_N02_C028,LOT_N02,IDSS,96,0.27985215160392846,uA,150.0,"HTRB (150°C, 80V)",ATE_BENCH_02,CH_12,VALID,0,,10.0,synthetic
LOT_N02_C028,LOT_N02,IDSS,168,0.245876058825927,uA,150.0,"HTRB (150°C, 80V)",ATE_BENCH_02,CH_12,VALID,0,,10.0,synthetic
LOT_N02_C028,LOT_N02,VGS(th),0,3.506265941328964,V,150.0,"HTGB (150°C, 20V)",ATE_BENCH_02,CH_12,VALID,0,2.0,4.0,synthetic
LOT_N02_C028,LOT_N02,VGS(th),24,3.5414835912731775,V,150.0,"HTGB (150°C, 20V)",ATE_BENCH_02,CH_12,VALID,0,2.0,4.0,synthetic
LOT_N02_C028,LOT_N02,VGS(th),96,3.548492838048342,V,150.0,"HTGB (150°C, 20V)",ATE_BENCH_02,CH_12,VALID,0,2.0,4.0,synthetic
LOT_N02_C028,LOT_N02,VGS(th),168,3.5526464258697734,V,150.0,"HTGB (150°C, 20V)",ATE_BENCH_02,CH_12,VALID,0,2.0,4.0,synthetic
LOT_N02_C028,LOT_N02,RDS(on),0,53.03332829315492,mOhm,125.0,Operating Life / Power Conduction (TJ=125-150°C),ATE_BENCH_02,CH_12,VALID,0,,60.0,synthetic
LOT_N02_C028,LOT_N02,RDS(on),24,54.00785022132095,mOhm,125.0,Operating Life / Power Conduction (TJ=125-150°C),ATE_BENCH_02,CH_12,VALID,0,,60.0,synthetic
LOT_N02_C028,LOT_N02,RDS(on),96,53.02698337791044,mOhm,125.0,Operating Life / Power Conduction (TJ=125-150°C),ATE_BENCH_02,CH_12,VALID,0,,60.0,synthetic
LOT_N02_C028,LOT_N02,RDS(on),168,53.820618006208264,mOhm,125.0,Operating Life / Power Conduction (TJ=125-150°C),ATE_BENCH_02,CH_12,VALID,0,,60.0,synthetic
LOT_N02_C028,LOT_N02,IGSS,0,-2.6542099691673604,nA,150.0,"HTGB (150°C, ±20V)",ATE_BENCH_02,CH_12,VALID,0,-100.0,100.0,synthetic
LOT_N02_C028,LOT_N02,IGSS,24,-1.2750688989704966,nA,150.0,"HTGB (150°C, ±20V)",ATE_BENCH_02,CH_12,VALID,0,-100.0,100.0,synthetic
LOT_N02_C028,LOT_N02,IGSS,96,-3.3230088300538836,nA,150.0,"HTGB (150°C, ±20V)",ATE_BENCH_02,CH_12,VALID,0,-100.0,100.0,synthetic
LOT_N02_C028,LOT_N02,IGSS,168,-1.9028426951000104,nA,150.0,"HTGB (150°C, ±20V)",ATE_BENCH_02,CH_12,VALID,0,-100.0,100.0,synthetic
LOT_N02_C029,LOT_N02,IDSS,0,0.5480948145462867,uA,150.0,"HTRB (150°C, 80V)",ATE_BENCH_02,CH_13,VALID,0,,10.0,synthetic
LOT_N02_C029,LOT_N02,IDSS,24,0.6113720190479872,uA,150.0,"HTRB (150°C, 80V)",ATE_BENCH_02,CH_13,VALID,0,,10.0,synthetic
LOT_N02_C029,LOT_N02,IDSS,96,0.6279163700705019,uA,150.0,"HTRB (150°C, 80V)",ATE_BENCH_02,CH_13,VALID,0,,10.0,synthetic
LOT_N02_C029,LOT_N02,IDSS,168,0.6628406730290196,uA,150.0,"HTRB (150°C, 80V)",ATE_BENCH_02,CH_13,VALID,0,,10.0,synthetic
LOT_N02_C029,LOT_N02,VGS(th),0,2.9857637643983717,V,150.0,"HTGB (150°C, 20V)",ATE_BENCH_02,CH_13,VALID,0,2.0,4.0,synthetic
LOT_N02_C029,LOT_N02,VGS(th),24,3.02717543007525,V,150.0,"HTGB (150°C, 20V)",ATE_BENCH_02,CH_13,VALID,0,2.0,4.0,synthetic
LOT_N02_C029,LOT_N02,VGS(th),96,3.0059320818367175,V,150.0,"HTGB (150°C, 20V)",ATE_BENCH_02,CH_13,VALID,0,2.0,4.0,synthetic
LOT_N02_C029,LOT_N02,VGS(th),168,2.98788888026663,V,150.0,"HTGB (150°C, 20V)",ATE_BENCH_02,CH_13,VALID,0,2.0,4.0,synthetic
LOT_N02_C029,LOT_N02,RDS(on),0,51.619275899013516,mOhm,125.0,Operating Life / Power Conduction (TJ=125-150°C),ATE_BENCH_02,CH_13,VALID,0,,60.0,synthetic
LOT_N02_C029,LOT_N02,RDS(on),24,50.815344551387454,mOhm,125.0,Operating Life / Power Conduction (TJ=125-150°C),ATE_BENCH_02,CH_13,VALID,0,,60.0,synthetic
LOT_N02_C029,LOT_N02,RDS(on),96,50.343339951541964,mOhm,125.0,Operating Life / Power Conduction (TJ=125-150°C),ATE_BENCH_02,CH_13,VALID,0,,60.0,synthetic
LOT_N02_C029,LOT_N02,RDS(on),168,52.71077190193009,mOhm,125.0,Operating Life / Power Conduction (TJ=125-150°C),ATE_BENCH_02,CH_13,VALID,0,,60.0,synthetic
LOT_N02_C029,LOT_N02,IGSS,0,1.0510786624642257,nA,150.0,"HTGB (150°C, ±20V)",ATE_BENCH_02,CH_13,VALID,0,-100.0,100.0,synthetic
LOT_N02_C029,LOT_N02,IGSS,24,0.9331435158972217,nA,150.0,"HTGB (150°C, ±20V)",ATE_BENCH_02,CH_13,VALID,0,-100.0,100.0,synthetic
LOT_N02_C029,LOT_N02,IGSS,96,2.3995099281489014,nA,150.0,"HTGB (150°C, ±20V)",ATE_BENCH_02,CH_13,VALID,0,-100.0,100.0,synthetic
LOT_N02_C029,LOT_N02,IGSS,168,1.63782516298483,nA,150.0,"HTGB (150°C, ±20V)",ATE_BENCH_02,CH_13,VALID,0,-100.0,100.0,synthetic
LOT_N02_C030,LOT_N02,IDSS,0,0.4341041305811706,uA,150.0,"HTRB (150°C, 80V)",ATE_BENCH_02,CH_14,VALID,0,,10.0,synthetic
LOT_N02_C030,LOT_N02,IDSS,24,0.43861216290067495,uA,150.0,"HTRB (150°C, 80V)",ATE_BENCH_02,CH_14,VALID,0,,10.0,synthetic
LOT_N02_C030,LOT_N02,IDSS,96,0.4216209302532254,uA,150.0,"HTRB (150°C, 80V)",ATE_BENCH_02,CH_14,VALID,0,,10.0,synthetic
LOT_N02_C030,LOT_N02,IDSS,168,0.3584113220295743,uA,150.0,"HTRB (150°C, 80V)",ATE_BENCH_02,CH_14,VALID,0,,10.0,synthetic
LOT_N02_C030,LOT_N02,VGS(th),0,2.9782876513295213,V,150.0,"HTGB (150°C, 20V)",ATE_BENCH_02,CH_14,VALID,0,2.0,4.0,synthetic
LOT_N02_C030,LOT_N02,VGS(th),24,2.9806288153852885,V,150.0,"HTGB (150°C, 20V)",ATE_BENCH_02,CH_14,VALID,0,2.0,4.0,synthetic
LOT_N02_C030,LOT_N02,VGS(th),96,2.973162921882295,V,150.0,"HTGB (150°C, 20V)",ATE_BENCH_02,CH_14,VALID,0,2.0,4.0,synthetic
LOT_N02_C030,LOT_N02,VGS(th),168,2.979377823447062,V,150.0,"HTGB (150°C, 20V)",ATE_BENCH_02,CH_14,VALID,0,2.0,4.0,synthetic
LOT_N02_C030,LOT_N02,RDS(on),0,57.43662840767343,mOhm,125.0,Operating Life / Power Conduction (TJ=125-150°C),ATE_BENCH_02,CH_14,VALID,0,,60.0,synthetic
LOT_N02_C030,LOT_N02,RDS(on),24,57.592256188814495,mOhm,125.0,Operating Life / Power Conduction (TJ=125-150°C),ATE_BENCH_02,CH_14,VALID,0,,60.0,synthetic
LOT_N02_C030,LOT_N02,RDS(on),96,57.07442261604353,mOhm,125.0,Operating Life / Power Conduction (TJ=125-150°C),ATE_BENCH_02,CH_14,VALID,0,,60.0,synthetic
LOT_N02_C030,LOT_N02,RDS(on),168,58.021796407560714,mOhm,125.0,Operating Life / Power Conduction (TJ=125-150°C),ATE_BENCH_02,CH_14,VALID,0,,60.0,synthetic
LOT_N02_C030,LOT_N02,IGSS,0,-2.1969159207787023,nA,150.0,"HTGB (150°C, ±20V)",ATE_BENCH_02,CH_14,VALID,0,-100.0,100.0,synthetic
LOT_N02_C030,LOT_N02,IGSS,24,-1.2560820147735434,nA,150.0,"HTGB (150°C, ±20V)",ATE_BENCH_02,CH_14,VALID,0,-100.0,100.0,synthetic
LOT_N02_C030,LOT_N02,IGSS,96,-1.0521929523341007,nA,150.0,"HTGB (150°C, ±20V)",ATE_BENCH_02,CH_14,VALID,0,-100.0,100.0,synthetic
LOT_N02_C030,LOT_N02,IGSS,168,-1.5738128693568347,nA,150.0,"HTGB (150°C, ±20V)",ATE_BENCH_02,CH_14,VALID,0,-100.0,100.0,synthetic
LOT_D01_C001,LOT_D01,IDSS,0,0.6189083860774571,uA,150.0,"HTRB (150°C, 80V)",ATE_BENCH_01,CH_01,VALID,0,,10.0,synthetic
LOT_D01_C001,LOT_D01,IDSS,24,0.5948952179078095,uA,150.0,"HTRB (150°C, 80V)",ATE_BENCH_01,CH_01,VALID,0,,10.0,synthetic
LOT_D01_C001,LOT_D01,IDSS,96,0.9980049596121562,uA,150.0,"HTRB (150°C, 80V)",ATE_BENCH_01,CH_01,VALID,0,,10.0,synthetic
LOT_D01_C001,LOT_D01,IDSS,168,1.1502708328915947,uA,150.0,"HTRB (150°C, 80V)",ATE_BENCH_01,CH_01,VALID,0,,10.0,synthetic
LOT_D01_C001,LOT_D01,VGS(th),0,2.9088159376166156,V,150.0,"HTGB (150°C, 20V)",ATE_BENCH_01,CH_01,VALID,0,2.0,4.0,synthetic
LOT_D01_C001,LOT_D01,VGS(th),24,2.926275727153334,V,150.0,"HTGB (150°C, 20V)",ATE_BENCH_01,CH_01,VALID,0,2.0,4.0,synthetic
LOT_D01_C001,LOT_D01,VGS(th),96,2.9652140572974646,V,150.0,"HTGB (150°C, 20V)",ATE_BENCH_01,CH_01,VALID,0,2.0,4.0,synthetic
LOT_D01_C001,LOT_D01,VGS(th),168,2.966379031158474,V,150.0,"HTGB (150°C, 20V)",ATE_BENCH_01,CH_01,VALID,0,2.0,4.0,synthetic
LOT_D01_C001,LOT_D01,RDS(on),0,49.29283075933958,mOhm,125.0,Operating Life / Power Conduction (TJ=125-150°C),ATE_BENCH_01,CH_01,VALID,0,,60.0,synthetic
LOT_D01_C001,LOT_D01,RDS(on),24,49.06634236013256,mOhm,125.0,Operating Life / Power Conduction (TJ=125-150°C),ATE_BENCH_01,CH_01,VALID,0,,60.0,synthetic
LOT_D01_C001,LOT_D01,RDS(on),96,49.047060723855836,mOhm,125.0,Operating Life / Power Conduction (TJ=125-150°C),ATE_BENCH_01,CH_01,VALID,0,,60.0,synthetic
LOT_D01_C001,LOT_D01,RDS(on),168,49.51224788503623,mOhm,125.0,Operating Life / Power Conduction (TJ=125-150°C),ATE_BENCH_01,CH_01,VALID,0,,60.0,synthetic
LOT_D01_C001,LOT_D01,IGSS,0,2.837826342890135,nA,150.0,"HTGB (150°C, ±20V)",ATE_BENCH_01,CH_01,VALID,0,-100.0,100.0,synthetic
LOT_D01_C001,LOT_D01,IGSS,24,4.393011377580298,nA,150.0,"HTGB (150°C, ±20V)",ATE_BENCH_01,CH_01,VALID,0,-100.0,100.0,synthetic
LOT_D01_C001,LOT_D01,IGSS,96,2.136500200458004,nA,150.0,"HTGB (150°C, ±20V)",ATE_BENCH_01,CH_01,VALID,0,-100.0,100.0,synthetic
LOT_D01_C001,LOT_D01,IGSS,168,2.7699666770868,nA,150.0,"HTGB (150°C, ±20V)",ATE_BENCH_01,CH_01,VALID,0,-100.0,100.0,synthetic
LOT_D01_C002,LOT_D01,IDSS,0,3.2061342188999595,uA,150.0,"HTRB (150°C, 80V)",ATE_BENCH_01,CH_02,VALID,0,,10.0,synthetic
LOT_D01_C002,LOT_D01,IDSS,24,4.119398293732473,uA,150.0,"HTRB (150°C, 80V)",ATE_BENCH_01,CH_02,VALID,0,,10.0,synthetic
LOT_D01_C002,LOT_D01,IDSS,96,4.31933283046325,uA,150.0,"HTRB (150°C, 80V)",ATE_BENCH_01,CH_02,VALID,0,,10.0,synthetic
LOT_D01_C002,LOT_D01,IDSS,168,7.3964346703417645,uA,150.0,"HTRB (150°C, 80V)",ATE_BENCH_01,CH_02,VALID,0,,10.0,synthetic
LOT_D01_C002,LOT_D01,VGS(th),0,2.943331298296758,V,150.0,"HTGB (150°C, 20V)",ATE_BENCH_01,CH_02,VALID,0,2.0,4.0,synthetic
LOT_D01_C002,LOT_D01,VGS(th),24,2.935011879129825,V,150.0,"HTGB (150°C, 20V)",ATE_BENCH_01,CH_02,VALID,0,2.0,4.0,synthetic
LOT_D01_C002,LOT_D01,VGS(th),96,2.9623033591784473,V,150.0,"HTGB (150°C, 20V)",ATE_BENCH_01,CH_02,VALID,0,2.0,4.0,synthetic
LOT_D01_C002,LOT_D01,VGS(th),168,2.9712169176356737,V,150.0,"HTGB (150°C, 20V)",ATE_BENCH_01,CH_02,VALID,0,2.0,4.0,synthetic
LOT_D01_C002,LOT_D01,RDS(on),0,48.207969672601195,mOhm,125.0,Operating Life / Power Conduction (TJ=125-150°C),ATE_BENCH_01,CH_02,VALID,0,,60.0,synthetic
LOT_D01_C002,LOT_D01,RDS(on),24,48.51142373206645,mOhm,125.0,Operating Life / Power Conduction (TJ=125-150°C),ATE_BENCH_01,CH_02,VALID,0,,60.0,synthetic
LOT_D01_C002,LOT_D01,RDS(on),96,48.04359902122947,mOhm,125.0,Operating Life / Power Conduction (TJ=125-150°C),ATE_BENCH_01,CH_02,VALID,0,,60.0,synthetic
LOT_D01_C002,LOT_D01,RDS(on),168,46.67254473227826,mOhm,125.0,Operating Life / Power Conduction (TJ=125-150°C),ATE_BENCH_01,CH_02,VALID,0,,60.0,synthetic
LOT_D01_C002,LOT_D01,IGSS,0,-1.8623172196240654,nA,150.0,"HTGB (150°C, ±20V)",ATE_BENCH_01,CH_02,VALID,0,-100.0,100.0,synthetic
LOT_D01_C002,LOT_D01,IGSS,24,-1.950459187515926,nA,150.0,"HTGB (150°C, ±20V)",ATE_BENCH_01,CH_02,VALID,0,-100.0,100.0,synthetic
LOT_D01_C002,LOT_D01,IGSS,96,-1.0034643691778589,nA,150.0,"HTGB (150°C, ±20V)",ATE_BENCH_01,CH_02,VALID,0,-100.0,100.0,synthetic
LOT_D01_C002,LOT_D01,IGSS,168,-1.5413323430227797,nA,150.0,"HTGB (150°C, ±20V)",ATE_BENCH_01,CH_02,VALID,0,-100.0,100.0,synthetic
LOT_D01_C003,LOT_D01,IDSS,0,0.7409068382823256,uA,150.0,"HTRB (150°C, 80V)",ATE_BENCH_01,CH_03,VALID,0,,10.0,synthetic
LOT_D01_C003,LOT_D01,IDSS,24,0.707839609746968,uA,150.0,"HTRB (150°C, 80V)",ATE_BENCH_01,CH_03,VALID,0,,10.0,synthetic
LOT_D01_C003,LOT_D01,IDSS,96,1.1699256779482619,uA,150.0,"HTRB (150°C, 80V)",ATE_BENCH_01,CH_03,VALID,0,,10.0,synthetic
LOT_D01_C003,LOT_D01,IDSS,168,2.0436849215543784,uA,150.0,"HTRB (150°C, 80V)",ATE_BENCH_01,CH_03,VALID,0,,10.0,synthetic
LOT_D01_C003,LOT_D01,VGS(th),0,3.053452691075426,V,150.0,"HTGB (150°C, 20V)",ATE_BENCH_01,CH_03,VALID,0,2.0,4.0,synthetic
LOT_D01_C003,LOT_D01,VGS(th),24,3.057991652802722,V,150.0,"HTGB (150°C, 20V)",ATE_BENCH_01,CH_03,VALID,0,2.0,4.0,synthetic
LOT_D01_C003,LOT_D01,VGS(th),96,3.0635683628376884,V,150.0,"HTGB (150°C, 20V)",ATE_BENCH_01,CH_03,VALID,0,2.0,4.0,synthetic
LOT_D01_C003,LOT_D01,VGS(th),168,3.039129228114416,V,150.0,"HTGB (150°C, 20V)",ATE_BENCH_01,CH_03,VALID,0,2.0,4.0,synthetic
LOT_D01_C003,LOT_D01,RDS(on),0,44.87255717135739,mOhm,125.0,Operating Life / Power Conduction (TJ=125-150°C),ATE_BENCH_01,CH_03,VALID,0,,60.0,synthetic
LOT_D01_C003,LOT_D01,RDS(on),24,45.0957057825147,mOhm,125.0,Operating Life / Power Conduction (TJ=125-150°C),ATE_BENCH_01,CH_03,VALID,0,,60.0,synthetic
LOT_D01_C003,LOT_D01,RDS(on),96,44.15025731838803,mOhm,125.0,Operating Life / Power Conduction (TJ=125-150°C),ATE_BENCH_01,CH_03,VALID,0,,60.0,synthetic
LOT_D01_C003,LOT_D01,RDS(on),168,44.300993253051786,mOhm,125.0,Operating Life / Power Conduction (TJ=125-150°C),ATE_BENCH_01,CH_03,VALID,0,,60.0,synthetic
LOT_D01_C003,LOT_D01,IGSS,0,3.3266678041552225,nA,150.0,"HTGB (150°C, ±20V)",ATE_BENCH_01,CH_03,VALID,0,-100.0,100.0,synthetic
LOT_D01_C003,LOT_D01,IGSS,24,4.812984378319259,nA,150.0,"HTGB (150°C, ±20V)",ATE_BENCH_01,CH_03,VALID,0,-100.0,100.0,synthetic
LOT_D01_C003,LOT_D01,IGSS,96,2.5026853005369785,nA,150.0,"HTGB (150°C, ±20V)",ATE_BENCH_01,CH_03,VALID,0,-100.0,100.0,synthetic
LOT_D01_C003,LOT_D01,IGSS,168,3.0104619139428315,nA,150.0,"HTGB (150°C, ±20V)",ATE_BENCH_01,CH_03,VALID,0,-100.0,100.0,synthetic
LOT_D01_C004,LOT_D01,IDSS,0,0.3635566638597098,uA,150.0,"HTRB (150°C, 80V)",ATE_BENCH_01,CH_04,VALID,0,,10.0,synthetic
LOT_D01_C004,LOT_D01,IDSS,24,0.4114036166809914,uA,150.0,"HTRB (150°C, 80V)",ATE_BENCH_01,CH_04,VALID,0,,10.0,synthetic
LOT_D01_C004,LOT_D01,IDSS,96,0.4087942601710483,uA,150.0,"HTRB (150°C, 80V)",ATE_BENCH_01,CH_04,VALID,0,,10.0,synthetic
LOT_D01_C004,LOT_D01,IDSS,168,0.4514262100989642,uA,150.0,"HTRB (150°C, 80V)",ATE_BENCH_01,CH_04,VALID,0,,10.0,synthetic
LOT_D01_C004,LOT_D01,VGS(th),0,3.617127991816427,V,150.0,"HTGB (150°C, 20V)",ATE_BENCH_01,CH_04,VALID,0,2.0,4.0,synthetic
LOT_D01_C004,LOT_D01,VGS(th),24,3.6123488936295542,V,150.0,"HTGB (150°C, 20V)",ATE_BENCH_01,CH_04,VALID,0,2.0,4.0,synthetic
LOT_D01_C004,LOT_D01,VGS(th),96,3.597467212159633,V,150.0,"HTGB (150°C, 20V)",ATE_BENCH_01,CH_04,VALID,0,2.0,4.0,synthetic
LOT_D01_C004,LOT_D01,VGS(th),168,3.6287653732042937,V,150.0,"HTGB (150°C, 20V)",ATE_BENCH_01,CH_04,VALID,0,2.0,4.0,synthetic
LOT_D01_C004,LOT_D01,RDS(on),0,43.848710312228505,mOhm,125.0,Operating Life / Power Conduction (TJ=125-150°C),ATE_BENCH_01,CH_04,VALID,0,,60.0,synthetic
LOT_D01_C004,LOT_D01,RDS(on),24,45.016144373268006,mOhm,125.0,Operating Life / Power Conduction (TJ=125-150°C),ATE_BENCH_01,CH_04,VALID,0,,60.0,synthetic
LOT_D01_C004,LOT_D01,RDS(on),96,44.9087806487416,mOhm,125.0,Operating Life / Power Conduction (TJ=125-150°C),ATE_BENCH_01,CH_04,VALID,0,,60.0,synthetic
LOT_D01_C004,LOT_D01,RDS(on),168,44.80828939303807,mOhm,125.0,Operating Life / Power Conduction (TJ=125-150°C),ATE_BENCH_01,CH_04,VALID,0,,60.0,synthetic
LOT_D01_C004,LOT_D01,IGSS,0,-1.2410364953488267,nA,150.0,"HTGB (150°C, ±20V)",ATE_BENCH_01,CH_04,VALID,0,-100.0,100.0,synthetic
LOT_D01_C004,LOT_D01,IGSS,24,-1.747363849686379,nA,150.0,"HTGB (150°C, ±20V)",ATE_BENCH_01,CH_04,VALID,0,-100.0,100.0,synthetic
LOT_D01_C004,LOT_D01,IGSS,96,-0.40687298145783907,nA,150.0,"HTGB (150°C, ±20V)",ATE_BENCH_01,CH_04,VALID,0,-100.0,100.0,synthetic
LOT_D01_C004,LOT_D01,IGSS,168,-1.336261399638249,nA,150.0,"HTGB (150°C, ±20V)",ATE_BENCH_01,CH_04,VALID,0,-100.0,100.0,synthetic
LOT_D01_C005,LOT_D01,IDSS,0,0.5680526939296807,uA,150.0,"HTRB (150°C, 80V)",ATE_BENCH_01,CH_05,VALID,0,,10.0,synthetic
LOT_D01_C005,LOT_D01,IDSS,24,0.5931498630299045,uA,150.0,"HTRB (150°C, 80V)",ATE_BENCH_01,CH_05,VALID,0,,10.0,synthetic
LOT_D01_C005,LOT_D01,IDSS,96,0.5403876246649268,uA,150.0,"HTRB (150°C, 80V)",ATE_BENCH_01,CH_05,VALID,0,,10.0,synthetic
LOT_D01_C005,LOT_D01,IDSS,168,0.5809383577382906,uA,150.0,"HTRB (150°C, 80V)",ATE_BENCH_01,CH_05,VALID,0,,10.0,synthetic
LOT_D01_C005,LOT_D01,VGS(th),0,3.13843201451962,V,150.0,"HTGB (150°C, 20V)",ATE_BENCH_01,CH_05,VALID,0,2.0,4.0,synthetic
LOT_D01_C005,LOT_D01,VGS(th),24,3.13993411232891,V,150.0,"HTGB (150°C, 20V)",ATE_BENCH_01,CH_05,VALID,0,2.0,4.0,synthetic
LOT_D01_C005,LOT_D01,VGS(th),96,3.093375726924511,V,150.0,"HTGB (150°C, 20V)",ATE_BENCH_01,CH_05,VALID,0,2.0,4.0,synthetic
LOT_D01_C005,LOT_D01,VGS(th),168,3.128243300602638,V,150.0,"HTGB (150°C, 20V)",ATE_BENCH_01,CH_05,VALID,0,2.0,4.0,synthetic
LOT_D01_C005,LOT_D01,RDS(on),0,50.17065839312637,mOhm,125.0,Operating Life / Power Conduction (TJ=125-150°C),ATE_BENCH_01,CH_05,VALID,0,,60.0,synthetic
LOT_D01_C005,LOT_D01,RDS(on),24,48.841721286973346,mOhm,125.0,Operating Life / Power Conduction (TJ=125-150°C),ATE_BENCH_01,CH_05,VALID,0,,60.0,synthetic
LOT_D01_C005,LOT_D01,RDS(on),96,48.166560563244936,mOhm,125.0,Operating Life / Power Conduction (TJ=125-150°C),ATE_BENCH_01,CH_05,VALID,0,,60.0,synthetic
LOT_D01_C005,LOT_D01,RDS(on),168,47.48435572067966,mOhm,125.0,Operating Life / Power Conduction (TJ=125-150°C),ATE_BENCH_01,CH_05,VALID,0,,60.0,synthetic
LOT_D01_C005,LOT_D01,IGSS,0,2.1353371455119867,nA,150.0,"HTGB (150°C, ±20V)",ATE_BENCH_01,CH_05,VALID,0,-100.0,100.0,synthetic
LOT_D01_C005,LOT_D01,IGSS,24,1.7334573888763904,nA,150.0,"HTGB (150°C, ±20V)",ATE_BENCH_01,CH_05,VALID,0,-100.0,100.0,synthetic
LOT_D01_C005,LOT_D01,IGSS,96,2.049868077602553,nA,150.0,"HTGB (150°C, ±20V)",ATE_BENCH_01,CH_05,VALID,0,-100.0,100.0,synthetic
LOT_D01_C005,LOT_D01,IGSS,168,2.299884952758821,nA,150.0,"HTGB (150°C, ±20V)",ATE_BENCH_01,CH_05,VALID,0,-100.0,100.0,synthetic
LOT_D01_C006,LOT_D01,IDSS,0,0.4631393349058822,uA,150.0,"HTRB (150°C, 80V)",ATE_BENCH_01,CH_06,VALID,0,,10.0,synthetic
LOT_D01_C006,LOT_D01,IDSS,24,0.4760552439698764,uA,150.0,"HTRB (150°C, 80V)",ATE_BENCH_01,CH_06,VALID,0,,10.0,synthetic
LOT_D01_C006,LOT_D01,IDSS,96,0.5162516510466589,uA,150.0,"HTRB (150°C, 80V)",ATE_BENCH_01,CH_06,VALID,0,,10.0,synthetic
LOT_D01_C006,LOT_D01,IDSS,168,0.4407631471769367,uA,150.0,"HTRB (150°C, 80V)",ATE_BENCH_01,CH_06,VALID,0,,10.0,synthetic
LOT_D01_C006,LOT_D01,VGS(th),0,3.0543386333215055,V,150.0,"HTGB (150°C, 20V)",ATE_BENCH_01,CH_06,VALID,0,2.0,4.0,synthetic
LOT_D01_C006,LOT_D01,VGS(th),24,3.020702809224925,V,150.0,"HTGB (150°C, 20V)",ATE_BENCH_01,CH_06,VALID,0,2.0,4.0,synthetic
LOT_D01_C006,LOT_D01,VGS(th),96,3.035320437182701,V,150.0,"HTGB (150°C, 20V)",ATE_BENCH_01,CH_06,VALID,0,2.0,4.0,synthetic
LOT_D01_C006,LOT_D01,VGS(th),168,3.037613715699136,V,150.0,"HTGB (150°C, 20V)",ATE_BENCH_01,CH_06,VALID,0,2.0,4.0,synthetic
LOT_D01_C006,LOT_D01,RDS(on),0,57.699257286836605,mOhm,125.0,Operating Life / Power Conduction (TJ=125-150°C),ATE_BENCH_01,CH_06,VALID,0,,60.0,synthetic
LOT_D01_C006,LOT_D01,RDS(on),24,56.54631951133324,mOhm,125.0,Operating Life / Power Conduction (TJ=125-150°C),ATE_BENCH_01,CH_06,VALID,0,,60.0,synthetic
LOT_D01_C006,LOT_D01,RDS(on),96,57.68380497075003,mOhm,125.0,Operating Life / Power Conduction (TJ=125-150°C),ATE_BENCH_01,CH_06,VALID,0,,60.0,synthetic
LOT_D01_C006,LOT_D01,RDS(on),168,58.08071262872178,mOhm,125.0,Operating Life / Power Conduction (TJ=125-150°C),ATE_BENCH_01,CH_06,VALID,0,,60.0,synthetic
LOT_D01_C006,LOT_D01,IGSS,0,-3.328604430259318,nA,150.0,"HTGB (150°C, ±20V)",ATE_BENCH_01,CH_06,VALID,0,-100.0,100.0,synthetic
LOT_D01_C006,LOT_D01,IGSS,24,-3.584894392562738,nA,150.0,"HTGB (150°C, ±20V)",ATE_BENCH_01,CH_06,VALID,0,-100.0,100.0,synthetic
LOT_D01_C006,LOT_D01,IGSS,96,-2.1636593388142646,nA,150.0,"HTGB (150°C, ±20V)",ATE_BENCH_01,CH_06,VALID,0,-100.0,100.0,synthetic
LOT_D01_C006,LOT_D01,IGSS,168,-2.181273073991858,nA,150.0,"HTGB (150°C, ±20V)",ATE_BENCH_01,CH_06,VALID,0,-100.0,100.0,synthetic
LOT_D01_C007,LOT_D01,IDSS,0,0.3671360732904102,uA,150.0,"HTRB (150°C, 80V)",ATE_BENCH_01,CH_07,VALID,0,,10.0,synthetic
LOT_D01_C007,LOT_D01,IDSS,24,0.2800124388055166,uA,150.0,"HTRB (150°C, 80V)",ATE_BENCH_01,CH_07,VALID,0,,10.0,synthetic
LOT_D01_C007,LOT_D01,IDSS,96,0.3036033044080437,uA,150.0,"HTRB (150°C, 80V)",ATE_BENCH_01,CH_07,VALID,0,,10.0,synthetic
LOT_D01_C007,LOT_D01,IDSS,168,0.3211462181412438,uA,150.0,"HTRB (150°C, 80V)",ATE_BENCH_01,CH_07,VALID,0,,10.0,synthetic
LOT_D01_C007,LOT_D01,VGS(th),0,3.067423399662179,V,150.0,"HTGB (150°C, 20V)",ATE_BENCH_01,CH_07,VALID,0,2.0,4.0,synthetic
LOT_D01_C007,LOT_D01,VGS(th),24,3.0738432893873875,V,150.0,"HTGB (150°C, 20V)",ATE_BENCH_01,CH_07,VALID,0,2.0,4.0,synthetic
LOT_D01_C007,LOT_D01,VGS(th),96,3.034843154044241,V,150.0,"HTGB (150°C, 20V)",ATE_BENCH_01,CH_07,VALID,0,2.0,4.0,synthetic
LOT_D01_C007,LOT_D01,VGS(th),168,3.0517052955987642,V,150.0,"HTGB (150°C, 20V)",ATE_BENCH_01,CH_07,VALID,0,2.0,4.0,synthetic
LOT_D01_C007,LOT_D01,RDS(on),0,45.06329431318746,mOhm,125.0,Operating Life / Power Conduction (TJ=125-150°C),ATE_BENCH_01,CH_07,VALID,0,,60.0,synthetic
LOT_D01_C007,LOT_D01,RDS(on),24,44.43269703194921,mOhm,125.0,Operating Life / Power Conduction (TJ=125-150°C),ATE_BENCH_01,CH_07,VALID,0,,60.0,synthetic
LOT_D01_C007,LOT_D01,RDS(on),96,46.368397269345245,mOhm,125.0,Operating Life / Power Conduction (TJ=125-150°C),ATE_BENCH_01,CH_07,VALID,0,,60.0,synthetic
LOT_D01_C007,LOT_D01,RDS(on),168,44.02229808119962,mOhm,125.0,Operating Life / Power Conduction (TJ=125-150°C),ATE_BENCH_01,CH_07,VALID,0,,60.0,synthetic
LOT_D01_C007,LOT_D01,IGSS,0,1.6292076909496538,nA,150.0,"HTGB (150°C, ±20V)",ATE_BENCH_01,CH_07,VALID,0,-100.0,100.0,synthetic
LOT_D01_C007,LOT_D01,IGSS,24,1.9168429384351706,nA,150.0,"HTGB (150°C, ±20V)",ATE_BENCH_01,CH_07,VALID,0,-100.0,100.0,synthetic
LOT_D01_C007,LOT_D01,IGSS,96,1.6661927336638662,nA,150.0,"HTGB (150°C, ±20V)",ATE_BENCH_01,CH_07,VALID,0,-100.0,100.0,synthetic
LOT_D01_C007,LOT_D01,IGSS,168,2.5338233565170323,nA,150.0,"HTGB (150°C, ±20V)",ATE_BENCH_01,CH_07,VALID,0,-100.0,100.0,synthetic
LOT_D01_C008,LOT_D01,IDSS,0,2.3046427071311713,uA,150.0,"HTRB (150°C, 80V)",ATE_BENCH_01,CH_08,VALID,0,,10.0,synthetic
LOT_D01_C008,LOT_D01,IDSS,24,2.1740678309256967,uA,150.0,"HTRB (150°C, 80V)",ATE_BENCH_01,CH_08,VALID,0,,10.0,synthetic
LOT_D01_C008,LOT_D01,IDSS,96,2.718358726636166,uA,150.0,"HTRB (150°C, 80V)",ATE_BENCH_01,CH_08,VALID,0,,10.0,synthetic
LOT_D01_C008,LOT_D01,IDSS,168,2.2937264121134593,uA,150.0,"HTRB (150°C, 80V)",ATE_BENCH_01,CH_08,VALID,0,,10.0,synthetic
LOT_D01_C008,LOT_D01,VGS(th),0,2.9515141037707533,V,150.0,"HTGB (150°C, 20V)",ATE_BENCH_01,CH_08,VALID,0,2.0,4.0,synthetic
LOT_D01_C008,LOT_D01,VGS(th),24,2.9559183975054815,V,150.0,"HTGB (150°C, 20V)",ATE_BENCH_01,CH_08,VALID,0,2.0,4.0,synthetic
LOT_D01_C008,LOT_D01,VGS(th),96,2.926120681316346,V,150.0,"HTGB (150°C, 20V)",ATE_BENCH_01,CH_08,VALID,0,2.0,4.0,synthetic
LOT_D01_C008,LOT_D01,VGS(th),168,2.9556922749659553,V,150.0,"HTGB (150°C, 20V)",ATE_BENCH_01,CH_08,VALID,0,2.0,4.0,synthetic
LOT_D01_C008,LOT_D01,RDS(on),0,45.821864090348484,mOhm,125.0,Operating Life / Power Conduction (TJ=125-150°C),ATE_BENCH_01,CH_08,VALID,0,,60.0,synthetic
LOT_D01_C008,LOT_D01,RDS(on),24,45.283244522063356,mOhm,125.0,Operating Life / Power Conduction (TJ=125-150°C),ATE_BENCH_01,CH_08,VALID,0,,60.0,synthetic
LOT_D01_C008,LOT_D01,RDS(on),96,44.91084076280824,mOhm,125.0,Operating Life / Power Conduction (TJ=125-150°C),ATE_BENCH_01,CH_08,VALID,0,,60.0,synthetic
LOT_D01_C008,LOT_D01,RDS(on),168,46.10883040657395,mOhm,125.0,Operating Life / Power Conduction (TJ=125-150°C),ATE_BENCH_01,CH_08,VALID,0,,60.0,synthetic
LOT_D01_C008,LOT_D01,IGSS,0,-2.036828301851187,nA,150.0,"HTGB (150°C, ±20V)",ATE_BENCH_01,CH_08,VALID,0,-100.0,100.0,synthetic
LOT_D01_C008,LOT_D01,IGSS,24,-2.5504372557121378,nA,150.0,"HTGB (150°C, ±20V)",ATE_BENCH_01,CH_08,VALID,0,-100.0,100.0,synthetic
LOT_D01_C008,LOT_D01,IGSS,96,-2.552298925739446,nA,150.0,"HTGB (150°C, ±20V)",ATE_BENCH_01,CH_08,VALID,0,-100.0,100.0,synthetic
LOT_D01_C008,LOT_D01,IGSS,168,-2.034237774946721,nA,150.0,"HTGB (150°C, ±20V)",ATE_BENCH_01,CH_08,VALID,0,-100.0,100.0,synthetic
LOT_D01_C009,LOT_D01,IDSS,0,0.5318688452206058,uA,150.0,"HTRB (150°C, 80V)",ATE_BENCH_01,CH_09,VALID,0,,10.0,synthetic
LOT_D01_C009,LOT_D01,IDSS,24,0.6820649339515926,uA,150.0,"HTRB (150°C, 80V)",ATE_BENCH_01,CH_09,VALID,0,,10.0,synthetic
LOT_D01_C009,LOT_D01,IDSS,96,0.6354054119196024,uA,150.0,"HTRB (150°C, 80V)",ATE_BENCH_01,CH_09,VALID,0,,10.0,synthetic
LOT_D01_C009,LOT_D01,IDSS,168,0.5376836831118553,uA,150.0,"HTRB (150°C, 80V)",ATE_BENCH_01,CH_09,VALID,0,,10.0,synthetic
LOT_D01_C009,LOT_D01,VGS(th),0,2.939122045820907,V,150.0,"HTGB (150°C, 20V)",ATE_BENCH_01,CH_09,VALID,0,2.0,4.0,synthetic
LOT_D01_C009,LOT_D01,VGS(th),24,2.9587982126768417,V,150.0,"HTGB (150°C, 20V)",ATE_BENCH_01,CH_09,VALID,0,2.0,4.0,synthetic
LOT_D01_C009,LOT_D01,VGS(th),96,2.955235882174182,V,150.0,"HTGB (150°C, 20V)",ATE_BENCH_01,CH_09,VALID,0,2.0,4.0,synthetic
LOT_D01_C009,LOT_D01,VGS(th),168,2.9721695342283394,V,150.0,"HTGB (150°C, 20V)",ATE_BENCH_01,CH_09,VALID,0,2.0,4.0,synthetic
LOT_D01_C009,LOT_D01,RDS(on),0,42.41142797609427,mOhm,125.0,Operating Life / Power Conduction (TJ=125-150°C),ATE_BENCH_01,CH_09,VALID,0,,60.0,synthetic
LOT_D01_C009,LOT_D01,RDS(on),24,42.434516446404466,mOhm,125.0,Operating Life / Power Conduction (TJ=125-150°C),ATE_BENCH_01,CH_09,VALID,0,,60.0,synthetic
LOT_D01_C009,LOT_D01,RDS(on),96,41.79061598023026,mOhm,125.0,Operating Life / Power Conduction (TJ=125-150°C),ATE_BENCH_01,CH_09,VALID,0,,60.0,synthetic
LOT_D01_C009,LOT_D01,RDS(on),168,41.56054257011841,mOhm,125.0,Operating Life / Power Conduction (TJ=125-150°C),ATE_BENCH_01,CH_09,VALID,0,,60.0,synthetic
LOT_D01_C009,LOT_D01,IGSS,0,3.3987898021048126,nA,150.0,"HTGB (150°C, ±20V)",ATE_BENCH_01,CH_09,VALID,0,-100.0,100.0,synthetic
LOT_D01_C009,LOT_D01,IGSS,24,2.2493912508436265,nA,150.0,"HTGB (150°C, ±20V)",ATE_BENCH_01,CH_09,VALID,0,-100.0,100.0,synthetic
LOT_D01_C009,LOT_D01,IGSS,96,1.7455030185411886,nA,150.0,"HTGB (150°C, ±20V)",ATE_BENCH_01,CH_09,VALID,0,-100.0,100.0,synthetic
LOT_D01_C009,LOT_D01,IGSS,168,3.264374170920299,nA,150.0,"HTGB (150°C, ±20V)",ATE_BENCH_01,CH_09,VALID,0,-100.0,100.0,synthetic
LOT_D01_C010,LOT_D01,IDSS,0,0.511227984470338,uA,150.0,"HTRB (150°C, 80V)",ATE_BENCH_01,CH_10,VALID,0,,10.0,synthetic
LOT_D01_C010,LOT_D01,IDSS,24,0.4792071355101541,uA,150.0,"HTRB (150°C, 80V)",ATE_BENCH_01,CH_10,VALID,0,,10.0,synthetic
LOT_D01_C010,LOT_D01,IDSS,96,0.4988229270967032,uA,150.0,"HTRB (150°C, 80V)",ATE_BENCH_01,CH_10,VALID,0,,10.0,synthetic
LOT_D01_C010,LOT_D01,IDSS,168,0.4049893928609155,uA,150.0,"HTRB (150°C, 80V)",ATE_BENCH_01,CH_10,VALID,0,,10.0,synthetic
LOT_D01_C010,LOT_D01,VGS(th),0,3.3961006035942116,V,150.0,"HTGB (150°C, 20V)",ATE_BENCH_01,CH_10,VALID,0,2.0,4.0,synthetic
LOT_D01_C010,LOT_D01,VGS(th),24,3.4484803267569037,V,150.0,"HTGB (150°C, 20V)",ATE_BENCH_01,CH_10,VALID,0,2.0,4.0,synthetic
LOT_D01_C010,LOT_D01,VGS(th),96,3.402943203908332,V,150.0,"HTGB (150°C, 20V)",ATE_BENCH_01,CH_10,VALID,0,2.0,4.0,synthetic
LOT_D01_C010,LOT_D01,VGS(th),168,3.3981094122352924,V,150.0,"HTGB (150°C, 20V)",ATE_BENCH_01,CH_10,VALID,0,2.0,4.0,synthetic
LOT_D01_C010,LOT_D01,RDS(on),0,43.799375310376064,mOhm,125.0,Operating Life / Power Conduction (TJ=125-150°C),ATE_BENCH_01,CH_10,VALID,0,,60.0,synthetic
LOT_D01_C010,LOT_D01,RDS(on),24,41.862874599577474,mOhm,125.0,Operating Life / Power Conduction (TJ=125-150°C),ATE_BENCH_01,CH_10,VALID,0,,60.0,synthetic
LOT_D01_C010,LOT_D01,RDS(on),96,42.226186893989805,mOhm,125.0,Operating Life / Power Conduction (TJ=125-150°C),ATE_BENCH_01,CH_10,VALID,0,,60.0,synthetic
LOT_D01_C010,LOT_D01,RDS(on),168,43.16177524289784,mOhm,125.0,Operating Life / Power Conduction (TJ=125-150°C),ATE_BENCH_01,CH_10,VALID,0,,60.0,synthetic
LOT_D01_C010,LOT_D01,IGSS,0,-3.7124267721329898,nA,150.0,"HTGB (150°C, ±20V)",ATE_BENCH_01,CH_10,VALID,0,-100.0,100.0,synthetic
LOT_D01_C010,LOT_D01,IGSS,24,-1.2447998863035532,nA,150.0,"HTGB (150°C, ±20V)",ATE_BENCH_01,CH_10,VALID,0,-100.0,100.0,synthetic
LOT_D01_C010,LOT_D01,IGSS,96,-3.1965143414677524,nA,150.0,"HTGB (150°C, ±20V)",ATE_BENCH_01,CH_10,VALID,0,-100.0,100.0,synthetic
LOT_D01_C010,LOT_D01,IGSS,168,-1.9059166672217265,nA,150.0,"HTGB (150°C, ±20V)",ATE_BENCH_01,CH_10,VALID,0,-100.0,100.0,synthetic
LOT_D01_C011,LOT_D01,IDSS,0,0.46983941453559136,uA,150.0,"HTRB (150°C, 80V)",ATE_BENCH_01,CH_11,VALID,0,,10.0,synthetic
LOT_D01_C011,LOT_D01,IDSS,24,0.4734506019255187,uA,150.0,"HTRB (150°C, 80V)",ATE_BENCH_01,CH_11,VALID,0,,10.0,synthetic
LOT_D01_C011,LOT_D01,IDSS,96,0.4751439136834917,uA,150.0,"HTRB (150°C, 80V)",ATE_BENCH_01,CH_11,VALID,0,,10.0,synthetic
LOT_D01_C011,LOT_D01,IDSS,168,0.45678198707842543,uA,150.0,"HTRB (150°C, 80V)",ATE_BENCH_01,CH_11,VALID,0,,10.0,synthetic
LOT_D01_C011,LOT_D01,VGS(th),0,2.8630702062380524,V,150.0,"HTGB (150°C, 20V)",ATE_BENCH_01,CH_11,VALID,0,2.0,4.0,synthetic
LOT_D01_C011,LOT_D01,VGS(th),24,2.8793144790133143,V,150.0,"HTGB (150°C, 20V)",ATE_BENCH_01,CH_11,VALID,0,2.0,4.0,synthetic
LOT_D01_C011,LOT_D01,VGS(th),96,2.8508515169302022,V,150.0,"HTGB (150°C, 20V)",ATE_BENCH_01,CH_11,VALID,0,2.0,4.0,synthetic
LOT_D01_C011,LOT_D01,VGS(th),168,2.8780042795099146,V,150.0,"HTGB (150°C, 20V)",ATE_BENCH_01,CH_11,VALID,0,2.0,4.0,synthetic
LOT_D01_C011,LOT_D01,RDS(on),0,45.349442453707915,mOhm,125.0,Operating Life / Power Conduction (TJ=125-150°C),ATE_BENCH_01,CH_11,VALID,0,,60.0,synthetic
LOT_D01_C011,LOT_D01,RDS(on),24,46.744842931064746,mOhm,125.0,Operating Life / Power Conduction (TJ=125-150°C),ATE_BENCH_01,CH_11,VALID,0,,60.0,synthetic
LOT_D01_C011,LOT_D01,RDS(on),96,46.07530075677659,mOhm,125.0,Operating Life / Power Conduction (TJ=125-150°C),ATE_BENCH_01,CH_11,VALID,0,,60.0,synthetic
LOT_D01_C011,LOT_D01,RDS(on),168,46.09297261019622,mOhm,125.0,Operating Life / Power Conduction (TJ=125-150°C),ATE_BENCH_01,CH_11,VALID,0,,60.0,synthetic
LOT_D01_C011,LOT_D01,IGSS,0,2.7239250118023968,nA,150.0,"HTGB (150°C, ±20V)",ATE_BENCH_01,CH_11,VALID,0,-100.0,100.0,synthetic
LOT_D01_C011,LOT_D01,IGSS,24,1.9207418495555573,nA,150.0,"HTGB (150°C, ±20V)",ATE_BENCH_01,CH_11,VALID,0,-100.0,100.0,synthetic
LOT_D01_C011,LOT_D01,IGSS,96,1.1807721899905572,nA,150.0,"HTGB (150°C, ±20V)",ATE_BENCH_01,CH_11,VALID,0,-100.0,100.0,synthetic
LOT_D01_C011,LOT_D01,IGSS,168,2.742435684171263,nA,150.0,"HTGB (150°C, ±20V)",ATE_BENCH_01,CH_11,VALID,0,-100.0,100.0,synthetic
LOT_D01_C012,LOT_D01,IDSS,0,0.5336985349187662,uA,150.0,"HTRB (150°C, 80V)",ATE_BENCH_01,CH_12,VALID,0,,10.0,synthetic
LOT_D01_C012,LOT_D01,IDSS,24,0.5688686131835793,uA,150.0,"HTRB (150°C, 80V)",ATE_BENCH_01,CH_12,VALID,0,,10.0,synthetic
LOT_D01_C012,LOT_D01,IDSS,96,0.493537374771956,uA,150.0,"HTRB (150°C, 80V)",ATE_BENCH_01,CH_12,VALID,0,,10.0,synthetic
LOT_D01_C012,LOT_D01,IDSS,168,0.5370384499135951,uA,150.0,"HTRB (150°C, 80V)",ATE_BENCH_01,CH_12,VALID,0,,10.0,synthetic
LOT_D01_C012,LOT_D01,VGS(th),0,2.9601734283177965,V,150.0,"HTGB (150°C, 20V)",ATE_BENCH_01,CH_12,VALID,0,2.0,4.0,synthetic
LOT_D01_C012,LOT_D01,VGS(th),24,2.9639827527628593,V,150.0,"HTGB (150°C, 20V)",ATE_BENCH_01,CH_12,VALID,0,2.0,4.0,synthetic
LOT_D01_C012,LOT_D01,VGS(th),96,2.9436744863843805,V,150.0,"HTGB (150°C, 20V)",ATE_BENCH_01,CH_12,VALID,0,2.0,4.0,synthetic
LOT_D01_C012,LOT_D01,VGS(th),168,2.980098656730746,V,150.0,"HTGB (150°C, 20V)",ATE_BENCH_01,CH_12,VALID,0,2.0,4.0,synthetic
LOT_D01_C012,LOT_D01,RDS(on),0,56.17942858637761,mOhm,125.0,Operating Life / Power Conduction (TJ=125-150°C),ATE_BENCH_01,CH_12,VALID,0,,60.0,synthetic
LOT_D01_C012,LOT_D01,RDS(on),24,56.1562656893154,mOhm,125.0,Operating Life / Power Conduction (TJ=125-150°C),ATE_BENCH_01,CH_12,VALID,0,,60.0,synthetic
LOT_D01_C012,LOT_D01,RDS(on),96,55.24897824814931,mOhm,125.0,Operating Life / Power Conduction (TJ=125-150°C),ATE_BENCH_01,CH_12,VALID,0,,60.0,synthetic
LOT_D01_C012,LOT_D01,RDS(on),168,56.10490829858115,mOhm,125.0,Operating Life / Power Conduction (TJ=125-150°C),ATE_BENCH_01,CH_12,VALID,0,,60.0,synthetic
LOT_D01_C012,LOT_D01,IGSS,0,0.04831528270868576,nA,150.0,"HTGB (150°C, ±20V)",ATE_BENCH_01,CH_12,VALID,0,-100.0,100.0,synthetic
LOT_D01_C012,LOT_D01,IGSS,24,-0.3044637785090567,nA,150.0,"HTGB (150°C, ±20V)",ATE_BENCH_01,CH_12,VALID,0,-100.0,100.0,synthetic
LOT_D01_C012,LOT_D01,IGSS,96,-0.084361658081875,nA,150.0,"HTGB (150°C, ±20V)",ATE_BENCH_01,CH_12,VALID,0,-100.0,100.0,synthetic
LOT_D01_C012,LOT_D01,IGSS,168,0.21741724666700293,nA,150.0,"HTGB (150°C, ±20V)",ATE_BENCH_01,CH_12,VALID,0,-100.0,100.0,synthetic
LOT_D01_C013,LOT_D01,IDSS,0,0.4622152806723016,uA,150.0,"HTRB (150°C, 80V)",ATE_BENCH_01,CH_13,VALID,0,,10.0,synthetic
LOT_D01_C013,LOT_D01,IDSS,24,0.4181985330774006,uA,150.0,"HTRB (150°C, 80V)",ATE_BENCH_01,CH_13,VALID,0,,10.0,synthetic
LOT_D01_C013,LOT_D01,IDSS,96,0.4516160758862867,uA,150.0,"HTRB (150°C, 80V)",ATE_BENCH_01,CH_13,VALID,0,,10.0,synthetic
LOT_D01_C013,LOT_D01,IDSS,168,0.45233624542996276,uA,150.0,"HTRB (150°C, 80V)",ATE_BENCH_01,CH_13,VALID,0,,10.0,synthetic
LOT_D01_C013,LOT_D01,VGS(th),0,2.834699880134935,V,150.0,"HTGB (150°C, 20V)",ATE_BENCH_01,CH_13,VALID,0,2.0,4.0,synthetic
LOT_D01_C013,LOT_D01,VGS(th),24,2.8063036801299903,V,150.0,"HTGB (150°C, 20V)",ATE_BENCH_01,CH_13,VALID,0,2.0,4.0,synthetic
LOT_D01_C013,LOT_D01,VGS(th),96,2.833037690857996,V,150.0,"HTGB (150°C, 20V)",ATE_BENCH_01,CH_13,VALID,0,2.0,4.0,synthetic
LOT_D01_C013,LOT_D01,VGS(th),168,2.799562123508533,V,150.0,"HTGB (150°C, 20V)",ATE_BENCH_01,CH_13,VALID,0,2.0,4.0,synthetic
LOT_D01_C013,LOT_D01,RDS(on),0,43.85592788657394,mOhm,125.0,Operating Life / Power Conduction (TJ=125-150°C),ATE_BENCH_01,CH_13,VALID,0,,60.0,synthetic
LOT_D01_C013,LOT_D01,RDS(on),24,45.26072877844868,mOhm,125.0,Operating Life / Power Conduction (TJ=125-150°C),ATE_BENCH_01,CH_13,VALID,0,,60.0,synthetic
LOT_D01_C013,LOT_D01,RDS(on),96,45.29830393695743,mOhm,125.0,Operating Life / Power Conduction (TJ=125-150°C),ATE_BENCH_01,CH_13,VALID,0,,60.0,synthetic
LOT_D01_C013,LOT_D01,RDS(on),168,45.45341619232695,mOhm,125.0,Operating Life / Power Conduction (TJ=125-150°C),ATE_BENCH_01,CH_13,VALID,0,,60.0,synthetic
LOT_D01_C013,LOT_D01,IGSS,0,1.0331703621504538,nA,150.0,"HTGB (150°C, ±20V)",ATE_BENCH_01,CH_13,VALID,0,-100.0,100.0,synthetic
LOT_D01_C013,LOT_D01,IGSS,24,1.3977402633437308,nA,150.0,"HTGB (150°C, ±20V)",ATE_BENCH_01,CH_13,VALID,0,-100.0,100.0,synthetic
LOT_D01_C013,LOT_D01,IGSS,96,2.958454307789326,nA,150.0,"HTGB (150°C, ±20V)",ATE_BENCH_01,CH_13,VALID,0,-100.0,100.0,synthetic
LOT_D01_C013,LOT_D01,IGSS,168,1.0642480682979203,nA,150.0,"HTGB (150°C, ±20V)",ATE_BENCH_01,CH_13,VALID,0,-100.0,100.0,synthetic
LOT_D01_C014,LOT_D01,IDSS,0,2.2103336283020623,uA,150.0,"HTRB (150°C, 80V)",ATE_BENCH_01,CH_14,VALID,0,,10.0,synthetic
LOT_D01_C014,LOT_D01,IDSS,24,2.373809014613653,uA,150.0,"HTRB (150°C, 80V)",ATE_BENCH_01,CH_14,VALID,0,,10.0,synthetic
LOT_D01_C014,LOT_D01,IDSS,96,2.2872688974185595,uA,150.0,"HTRB (150°C, 80V)",ATE_BENCH_01,CH_14,VALID,0,,10.0,synthetic
LOT_D01_C014,LOT_D01,IDSS,168,1.7902034058677385,uA,150.0,"HTRB (150°C, 80V)",ATE_BENCH_01,CH_14,VALID,0,,10.0,synthetic
LOT_D01_C014,LOT_D01,VGS(th),0,2.8893902424060633,V,150.0,"HTGB (150°C, 20V)",ATE_BENCH_01,CH_14,VALID,0,2.0,4.0,synthetic
LOT_D01_C014,LOT_D01,VGS(th),24,2.915585523780948,V,150.0,"HTGB (150°C, 20V)",ATE_BENCH_01,CH_14,VALID,0,2.0,4.0,synthetic
LOT_D01_C014,LOT_D01,VGS(th),96,2.937893477078333,V,150.0,"HTGB (150°C, 20V)",ATE_BENCH_01,CH_14,VALID,0,2.0,4.0,synthetic
LOT_D01_C014,LOT_D01,VGS(th),168,2.9033376265104596,V,150.0,"HTGB (150°C, 20V)",ATE_BENCH_01,CH_14,VALID,0,2.0,4.0,synthetic
LOT_D01_C014,LOT_D01,RDS(on),0,45.372649902106545,mOhm,125.0,Operating Life / Power Conduction (TJ=125-150°C),ATE_BENCH_01,CH_14,VALID,0,,60.0,synthetic
LOT_D01_C014,LOT_D01,RDS(on),24,46.14623721925768,mOhm,125.0,Operating Life / Power Conduction (TJ=125-150°C),ATE_BENCH_01,CH_14,VALID,0,,60.0,synthetic
LOT_D01_C014,LOT_D01,RDS(on),96,45.461795928116494,mOhm,125.0,Operating Life / Power Conduction (TJ=125-150°C),ATE_BENCH_01,CH_14,VALID,0,,60.0,synthetic
LOT_D01_C014,LOT_D01,RDS(on),168,45.41967238339064,mOhm,125.0,Operating Life / Power Conduction (TJ=125-150°C),ATE_BENCH_01,CH_14,VALID,0,,60.0,synthetic
LOT_D01_C014,LOT_D01,IGSS,0,-1.9431819173544342,nA,150.0,"HTGB (150°C, ±20V)",ATE_BENCH_01,CH_14,VALID,0,-100.0,100.0,synthetic
LOT_D01_C014,LOT_D01,IGSS,24,-1.7822455623554254,nA,150.0,"HTGB (150°C, ±20V)",ATE_BENCH_01,CH_14,VALID,0,-100.0,100.0,synthetic
LOT_D01_C014,LOT_D01,IGSS,96,-3.1341825640558545,nA,150.0,"HTGB (150°C, ±20V)",ATE_BENCH_01,CH_14,VALID,0,-100.0,100.0,synthetic
LOT_D01_C014,LOT_D01,IGSS,168,-0.9791362877382468,nA,150.0,"HTGB (150°C, ±20V)",ATE_BENCH_01,CH_14,VALID,0,-100.0,100.0,synthetic
LOT_D01_C015,LOT_D01,IDSS,0,0.63025809570498,uA,150.0,"HTRB (150°C, 80V)",ATE_BENCH_01,CH_15,VALID,0,,10.0,synthetic
LOT_D01_C015,LOT_D01,IDSS,24,0.6151326466859973,uA,150.0,"HTRB (150°C, 80V)",ATE_BENCH_01,CH_15,VALID,0,,10.0,synthetic
LOT_D01_C015,LOT_D01,IDSS,96,0.6296879480795754,uA,150.0,"HTRB (150°C, 80V)",ATE_BENCH_01,CH_15,VALID,0,,10.0,synthetic
LOT_D01_C015,LOT_D01,IDSS,168,0.5758208699485776,uA,150.0,"HTRB (150°C, 80V)",ATE_BENCH_01,CH_15,VALID,0,,10.0,synthetic
LOT_D01_C015,LOT_D01,VGS(th),0,2.939140159866616,V,150.0,"HTGB (150°C, 20V)",ATE_BENCH_01,CH_15,VALID,0,2.0,4.0,synthetic
LOT_D01_C015,LOT_D01,VGS(th),24,2.9757013262351975,V,150.0,"HTGB (150°C, 20V)",ATE_BENCH_01,CH_15,VALID,0,2.0,4.0,synthetic
LOT_D01_C015,LOT_D01,VGS(th),96,2.946209676522961,V,150.0,"HTGB (150°C, 20V)",ATE_BENCH_01,CH_15,VALID,0,2.0,4.0,synthetic
LOT_D01_C015,LOT_D01,VGS(th),168,2.904550208481926,V,150.0,"HTGB (150°C, 20V)",ATE_BENCH_01,CH_15,VALID,0,2.0,4.0,synthetic
LOT_D01_C015,LOT_D01,RDS(on),0,45.62170312493909,mOhm,125.0,Operating Life / Power Conduction (TJ=125-150°C),ATE_BENCH_01,CH_15,VALID,0,,60.0,synthetic
LOT_D01_C015,LOT_D01,RDS(on),24,45.643431925999025,mOhm,125.0,Operating Life / Power Conduction (TJ=125-150°C),ATE_BENCH_01,CH_15,VALID,0,,60.0,synthetic
LOT_D01_C015,LOT_D01,RDS(on),96,45.79859688168397,mOhm,125.0,Operating Life / Power Conduction (TJ=125-150°C),ATE_BENCH_01,CH_15,VALID,0,,60.0,synthetic
LOT_D01_C015,LOT_D01,RDS(on),168,45.5945387213577,mOhm,125.0,Operating Life / Power Conduction (TJ=125-150°C),ATE_BENCH_01,CH_15,VALID,0,,60.0,synthetic
LOT_D01_C015,LOT_D01,IGSS,0,2.385390831224844,nA,150.0,"HTGB (150°C, ±20V)",ATE_BENCH_01,CH_15,VALID,0,-100.0,100.0,synthetic
LOT_D01_C015,LOT_D01,IGSS,24,2.4571154441548497,nA,150.0,"HTGB (150°C, ±20V)",ATE_BENCH_01,CH_15,VALID,0,-100.0,100.0,synthetic
LOT_D01_C015,LOT_D01,IGSS,96,2.0307508418868427,nA,150.0,"HTGB (150°C, ±20V)",ATE_BENCH_01,CH_15,VALID,0,-100.0,100.0,synthetic
LOT_D01_C015,LOT_D01,IGSS,168,1.6492540255665926,nA,150.0,"HTGB (150°C, ±20V)",ATE_BENCH_01,CH_15,VALID,0,-100.0,100.0,synthetic
LOT_D01_C016,LOT_D01,IDSS,0,0.6291348807953621,uA,150.0,"HTRB (150°C, 80V)",ATE_BENCH_01,CH_16,VALID,0,,10.0,synthetic
LOT_D01_C016,LOT_D01,IDSS,24,0.5258575309659956,uA,150.0,"HTRB (150°C, 80V)",ATE_BENCH_01,CH_16,VALID,0,,10.0,synthetic
LOT_D01_C016,LOT_D01,IDSS,96,0.554807327692109,uA,150.0,"HTRB (150°C, 80V)",ATE_BENCH_01,CH_16,VALID,0,,10.0,synthetic
LOT_D01_C016,LOT_D01,IDSS,168,0.4752971999386534,uA,150.0,"HTRB (150°C, 80V)",ATE_BENCH_01,CH_16,VALID,0,,10.0,synthetic
LOT_D01_C016,LOT_D01,VGS(th),0,3.4676828285643952,V,150.0,"HTGB (150°C, 20V)",ATE_BENCH_01,CH_16,VALID,0,2.0,4.0,synthetic
LOT_D01_C016,LOT_D01,VGS(th),24,3.4961952082672347,V,150.0,"HTGB (150°C, 20V)",ATE_BENCH_01,CH_16,VALID,0,2.0,4.0,synthetic
LOT_D01_C016,LOT_D01,VGS(th),96,3.431185539091242,V,150.0,"HTGB (150°C, 20V)",ATE_BENCH_01,CH_16,VALID,0,2.0,4.0,synthetic
LOT_D01_C016,LOT_D01,VGS(th),168,3.481413313144559,V,150.0,"HTGB (150°C, 20V)",ATE_BENCH_01,CH_16,VALID,0,2.0,4.0,synthetic
LOT_D01_C016,LOT_D01,RDS(on),0,44.001341038669274,mOhm,125.0,Operating Life / Power Conduction (TJ=125-150°C),ATE_BENCH_01,CH_16,VALID,0,,60.0,synthetic
LOT_D01_C016,LOT_D01,RDS(on),24,46.12777619657041,mOhm,125.0,Operating Life / Power Conduction (TJ=125-150°C),ATE_BENCH_01,CH_16,VALID,0,,60.0,synthetic
LOT_D01_C016,LOT_D01,RDS(on),96,44.45854692533301,mOhm,125.0,Operating Life / Power Conduction (TJ=125-150°C),ATE_BENCH_01,CH_16,VALID,0,,60.0,synthetic
LOT_D01_C016,LOT_D01,RDS(on),168,43.87692436304706,mOhm,125.0,Operating Life / Power Conduction (TJ=125-150°C),ATE_BENCH_01,CH_16,VALID,0,,60.0,synthetic
LOT_D01_C016,LOT_D01,IGSS,0,-1.5385388764689334,nA,150.0,"HTGB (150°C, ±20V)",ATE_BENCH_01,CH_16,VALID,0,-100.0,100.0,synthetic
LOT_D01_C016,LOT_D01,IGSS,24,-1.369074666489647,nA,150.0,"HTGB (150°C, ±20V)",ATE_BENCH_01,CH_16,VALID,0,-100.0,100.0,synthetic
LOT_D01_C016,LOT_D01,IGSS,96,-2.73450324024202,nA,150.0,"HTGB (150°C, ±20V)",ATE_BENCH_01,CH_16,VALID,0,-100.0,100.0,synthetic
LOT_D01_C016,LOT_D01,IGSS,168,-2.802233616046742,nA,150.0,"HTGB (150°C, ±20V)",ATE_BENCH_01,CH_16,VALID,0,-100.0,100.0,synthetic
LOT_D01_C017,LOT_D01,IDSS,0,0.436824948671155,uA,150.0,"HTRB (150°C, 80V)",ATE_BENCH_02,CH_01,VALID,0,,10.0,synthetic
LOT_D01_C017,LOT_D01,IDSS,24,0.4413080553783295,uA,150.0,"HTRB (150°C, 80V)",ATE_BENCH_02,CH_01,VALID,0,,10.0,synthetic
LOT_D01_C017,LOT_D01,IDSS,96,0.43202765708651836,uA,150.0,"HTRB (150°C, 80V)",ATE_BENCH_02,CH_01,VALID,0,,10.0,synthetic
LOT_D01_C017,LOT_D01,IDSS,168,0.48825436090239516,uA,150.0,"HTRB (150°C, 80V)",ATE_BENCH_02,CH_01,VALID,0,,10.0,synthetic
LOT_D01_C017,LOT_D01,VGS(th),0,3.021418312541546,V,150.0,"HTGB (150°C, 20V)",ATE_BENCH_02,CH_01,VALID,0,2.0,4.0,synthetic
LOT_D01_C017,LOT_D01,VGS(th),24,3.0223827642288748,V,150.0,"HTGB (150°C, 20V)",ATE_BENCH_02,CH_01,VALID,0,2.0,4.0,synthetic
LOT_D01_C017,LOT_D01,VGS(th),96,2.9832996922837203,V,150.0,"HTGB (150°C, 20V)",ATE_BENCH_02,CH_01,VALID,0,2.0,4.0,synthetic
LOT_D01_C017,LOT_D01,VGS(th),168,3.017057857207775,V,150.0,"HTGB (150°C, 20V)",ATE_BENCH_02,CH_01,VALID,0,2.0,4.0,synthetic
LOT_D01_C017,LOT_D01,RDS(on),0,50.30383555224769,mOhm,125.0,Operating Life / Power Conduction (TJ=125-150°C),ATE_BENCH_02,CH_01,VALID,0,,60.0,synthetic
LOT_D01_C017,LOT_D01,RDS(on),24,49.96869108117357,mOhm,125.0,Operating Life / Power Conduction (TJ=125-150°C),ATE_BENCH_02,CH_01,VALID,0,,60.0,synthetic
LOT_D01_C017,LOT_D01,RDS(on),96,49.68902303216457,mOhm,125.0,Operating Life / Power Conduction (TJ=125-150°C),ATE_BENCH_02,CH_01,VALID,0,,60.0,synthetic
LOT_D01_C017,LOT_D01,RDS(on),168,50.0762935781174,mOhm,125.0,Operating Life / Power Conduction (TJ=125-150°C),ATE_BENCH_02,CH_01,VALID,0,,60.0,synthetic
LOT_D01_C017,LOT_D01,IGSS,0,3.6570884297022532,nA,150.0,"HTGB (150°C, ±20V)",ATE_BENCH_02,CH_01,VALID,0,-100.0,100.0,synthetic
LOT_D01_C017,LOT_D01,IGSS,24,3.0769139116318196,nA,150.0,"HTGB (150°C, ±20V)",ATE_BENCH_02,CH_01,VALID,0,-100.0,100.0,synthetic
LOT_D01_C017,LOT_D01,IGSS,96,3.5412630173113833,nA,150.0,"HTGB (150°C, ±20V)",ATE_BENCH_02,CH_01,VALID,0,-100.0,100.0,synthetic
LOT_D01_C017,LOT_D01,IGSS,168,4.298720073517978,nA,150.0,"HTGB (150°C, ±20V)",ATE_BENCH_02,CH_01,VALID,0,-100.0,100.0,synthetic
LOT_D01_C018,LOT_D01,IDSS,0,0.4072907258848443,uA,150.0,"HTRB (150°C, 80V)",ATE_BENCH_02,CH_02,VALID,0,,10.0,synthetic
LOT_D01_C018,LOT_D01,IDSS,24,0.4459603721431416,uA,150.0,"HTRB (150°C, 80V)",ATE_BENCH_02,CH_02,VALID,0,,10.0,synthetic
LOT_D01_C018,LOT_D01,IDSS,96,0.41533798845076364,uA,150.0,"HTRB (150°C, 80V)",ATE_BENCH_02,CH_02,VALID,0,,10.0,synthetic
LOT_D01_C018,LOT_D01,IDSS,168,0.4336782620715119,uA,150.0,"HTRB (150°C, 80V)",ATE_BENCH_02,CH_02,VALID,0,,10.0,synthetic
LOT_D01_C018,LOT_D01,VGS(th),0,2.891408628007703,V,150.0,"HTGB (150°C, 20V)",ATE_BENCH_02,CH_02,VALID,0,2.0,4.0,synthetic
LOT_D01_C018,LOT_D01,VGS(th),24,2.913776602897807,V,150.0,"HTGB (150°C, 20V)",ATE_BENCH_02,CH_02,VALID,0,2.0,4.0,synthetic
LOT_D01_C018,LOT_D01,VGS(th),96,2.8814928913827,V,150.0,"HTGB (150°C, 20V)",ATE_BENCH_02,CH_02,VALID,0,2.0,4.0,synthetic
LOT_D01_C018,LOT_D01,VGS(th),168,2.9520956011217496,V,150.0,"HTGB (150°C, 20V)",ATE_BENCH_02,CH_02,VALID,0,2.0,4.0,synthetic
LOT_D01_C018,LOT_D01,RDS(on),0,56.539067958248886,mOhm,125.0,Operating Life / Power Conduction (TJ=125-150°C),ATE_BENCH_02,CH_02,VALID,0,,60.0,synthetic
LOT_D01_C018,LOT_D01,RDS(on),24,55.75360798233442,mOhm,125.0,Operating Life / Power Conduction (TJ=125-150°C),ATE_BENCH_02,CH_02,VALID,0,,60.0,synthetic
LOT_D01_C018,LOT_D01,RDS(on),96,56.17355534160944,mOhm,125.0,Operating Life / Power Conduction (TJ=125-150°C),ATE_BENCH_02,CH_02,VALID,0,,60.0,synthetic
LOT_D01_C018,LOT_D01,RDS(on),168,56.3589444063082,mOhm,125.0,Operating Life / Power Conduction (TJ=125-150°C),ATE_BENCH_02,CH_02,VALID,0,,60.0,synthetic
LOT_D01_C018,LOT_D01,IGSS,0,-0.7995305482704931,nA,150.0,"HTGB (150°C, ±20V)",ATE_BENCH_02,CH_02,VALID,0,-100.0,100.0,synthetic
LOT_D01_C018,LOT_D01,IGSS,24,-1.5259203351251247,nA,150.0,"HTGB (150°C, ±20V)",ATE_BENCH_02,CH_02,VALID,0,-100.0,100.0,synthetic
LOT_D01_C018,LOT_D01,IGSS,96,-1.1548788900906075,nA,150.0,"HTGB (150°C, ±20V)",ATE_BENCH_02,CH_02,VALID,0,-100.0,100.0,synthetic
LOT_D01_C018,LOT_D01,IGSS,168,-1.1554969676960425,nA,150.0,"HTGB (150°C, ±20V)",ATE_BENCH_02,CH_02,VALID,0,-100.0,100.0,synthetic
LOT_D01_C019,LOT_D01,IDSS,0,0.3985995937687091,uA,150.0,"HTRB (150°C, 80V)",ATE_BENCH_02,CH_03,VALID,0,,10.0,synthetic
LOT_D01_C019,LOT_D01,IDSS,24,0.48985030642944744,uA,150.0,"HTRB (150°C, 80V)",ATE_BENCH_02,CH_03,VALID,0,,10.0,synthetic
LOT_D01_C019,LOT_D01,IDSS,96,0.366321749511815,uA,150.0,"HTRB (150°C, 80V)",ATE_BENCH_02,CH_03,VALID,0,,10.0,synthetic
LOT_D01_C019,LOT_D01,IDSS,168,0.35868489003234716,uA,150.0,"HTRB (150°C, 80V)",ATE_BENCH_02,CH_03,VALID,0,,10.0,synthetic
LOT_D01_C019,LOT_D01,VGS(th),0,2.816572684092197,V,150.0,"HTGB (150°C, 20V)",ATE_BENCH_02,CH_03,VALID,0,2.0,4.0,synthetic
LOT_D01_C019,LOT_D01,VGS(th),24,2.7843990248456816,V,150.0,"HTGB (150°C, 20V)",ATE_BENCH_02,CH_03,VALID,0,2.0,4.0,synthetic
LOT_D01_C019,LOT_D01,VGS(th),96,2.7726200491867194,V,150.0,"HTGB (150°C, 20V)",ATE_BENCH_02,CH_03,VALID,0,2.0,4.0,synthetic
LOT_D01_C019,LOT_D01,VGS(th),168,2.80401446971928,V,150.0,"HTGB (150°C, 20V)",ATE_BENCH_02,CH_03,VALID,0,2.0,4.0,synthetic
LOT_D01_C019,LOT_D01,RDS(on),0,48.51315838015411,mOhm,125.0,Operating Life / Power Conduction (TJ=125-150°C),ATE_BENCH_02,CH_03,VALID,0,,60.0,synthetic
LOT_D01_C019,LOT_D01,RDS(on),24,47.58074612160086,mOhm,125.0,Operating Life / Power Conduction (TJ=125-150°C),ATE_BENCH_02,CH_03,VALID,0,,60.0,synthetic
LOT_D01_C019,LOT_D01,RDS(on),96,49.16086623650779,mOhm,125.0,Operating Life / Power Conduction (TJ=125-150°C),ATE_BENCH_02,CH_03,VALID,0,,60.0,synthetic
LOT_D01_C019,LOT_D01,RDS(on),168,47.45696988496196,mOhm,125.0,Operating Life / Power Conduction (TJ=125-150°C),ATE_BENCH_02,CH_03,VALID,0,,60.0,synthetic
LOT_D01_C019,LOT_D01,IGSS,0,3.3443953748525663,nA,150.0,"HTGB (150°C, ±20V)",ATE_BENCH_02,CH_03,VALID,0,-100.0,100.0,synthetic
LOT_D01_C019,LOT_D01,IGSS,24,2.305809786057222,nA,150.0,"HTGB (150°C, ±20V)",ATE_BENCH_02,CH_03,VALID,0,-100.0,100.0,synthetic
LOT_D01_C019,LOT_D01,IGSS,96,2.2342301177219013,nA,150.0,"HTGB (150°C, ±20V)",ATE_BENCH_02,CH_03,VALID,0,-100.0,100.0,synthetic
LOT_D01_C019,LOT_D01,IGSS,168,2.2602567388954315,nA,150.0,"HTGB (150°C, ±20V)",ATE_BENCH_02,CH_03,VALID,0,-100.0,100.0,synthetic
LOT_D01_C020,LOT_D01,IDSS,0,2.1521214803347353,uA,150.0,"HTRB (150°C, 80V)",ATE_BENCH_02,CH_04,VALID,0,,10.0,synthetic
LOT_D01_C020,LOT_D01,IDSS,24,1.8035404352337039,uA,150.0,"HTRB (150°C, 80V)",ATE_BENCH_02,CH_04,VALID,0,,10.0,synthetic
LOT_D01_C020,LOT_D01,IDSS,96,2.0967941375931516,uA,150.0,"HTRB (150°C, 80V)",ATE_BENCH_02,CH_04,VALID,0,,10.0,synthetic
LOT_D01_C020,LOT_D01,IDSS,168,1.9642559983030439,uA,150.0,"HTRB (150°C, 80V)",ATE_BENCH_02,CH_04,VALID,0,,10.0,synthetic
LOT_D01_C020,LOT_D01,VGS(th),0,2.8793455776650756,V,150.0,"HTGB (150°C, 20V)",ATE_BENCH_02,CH_04,VALID,0,2.0,4.0,synthetic
LOT_D01_C020,LOT_D01,VGS(th),24,2.849945782817521,V,150.0,"HTGB (150°C, 20V)",ATE_BENCH_02,CH_04,VALID,0,2.0,4.0,synthetic
LOT_D01_C020,LOT_D01,VGS(th),96,2.843616526346642,V,150.0,"HTGB (150°C, 20V)",ATE_BENCH_02,CH_04,VALID,0,2.0,4.0,synthetic
LOT_D01_C020,LOT_D01,VGS(th),168,2.8790617515669363,V,150.0,"HTGB (150°C, 20V)",ATE_BENCH_02,CH_04,VALID,0,2.0,4.0,synthetic
LOT_D01_C020,LOT_D01,RDS(on),0,47.614864801913875,mOhm,125.0,Operating Life / Power Conduction (TJ=125-150°C),ATE_BENCH_02,CH_04,VALID,0,,60.0,synthetic
LOT_D01_C020,LOT_D01,RDS(on),24,49.794651780236286,mOhm,125.0,Operating Life / Power Conduction (TJ=125-150°C),ATE_BENCH_02,CH_04,VALID,0,,60.0,synthetic
LOT_D01_C020,LOT_D01,RDS(on),96,49.0121342671974,mOhm,125.0,Operating Life / Power Conduction (TJ=125-150°C),ATE_BENCH_02,CH_04,VALID,0,,60.0,synthetic
LOT_D01_C020,LOT_D01,RDS(on),168,48.143128055293154,mOhm,125.0,Operating Life / Power Conduction (TJ=125-150°C),ATE_BENCH_02,CH_04,VALID,0,,60.0,synthetic
LOT_D01_C020,LOT_D01,IGSS,0,-3.3034273397976532,nA,150.0,"HTGB (150°C, ±20V)",ATE_BENCH_02,CH_04,VALID,0,-100.0,100.0,synthetic
LOT_D01_C020,LOT_D01,IGSS,24,-2.2337264153711582,nA,150.0,"HTGB (150°C, ±20V)",ATE_BENCH_02,CH_04,VALID,0,-100.0,100.0,synthetic
LOT_D01_C020,LOT_D01,IGSS,96,-2.1561665278198836,nA,150.0,"HTGB (150°C, ±20V)",ATE_BENCH_02,CH_04,VALID,0,-100.0,100.0,synthetic
LOT_D01_C020,LOT_D01,IGSS,168,-1.9095380198909073,nA,150.0,"HTGB (150°C, ±20V)",ATE_BENCH_02,CH_04,VALID,0,-100.0,100.0,synthetic
LOT_D01_C021,LOT_D01,IDSS,0,0.36811590083184265,uA,150.0,"HTRB (150°C, 80V)",ATE_BENCH_02,CH_05,VALID,0,,10.0,synthetic
LOT_D01_C021,LOT_D01,IDSS,24,0.32133677151531226,uA,150.0,"HTRB (150°C, 80V)",ATE_BENCH_02,CH_05,VALID,0,,10.0,synthetic
LOT_D01_C021,LOT_D01,IDSS,96,0.2895202595232177,uA,150.0,"HTRB (150°C, 80V)",ATE_BENCH_02,CH_05,VALID,0,,10.0,synthetic
LOT_D01_C021,LOT_D01,IDSS,168,0.34959674545297015,uA,150.0,"HTRB (150°C, 80V)",ATE_BENCH_02,CH_05,VALID,0,,10.0,synthetic
LOT_D01_C021,LOT_D01,VGS(th),0,2.765422864440896,V,150.0,"HTGB (150°C, 20V)",ATE_BENCH_02,CH_05,VALID,0,2.0,4.0,synthetic
LOT_D01_C021,LOT_D01,VGS(th),24,2.7355332434713575,V,150.0,"HTGB (150°C, 20V)",ATE_BENCH_02,CH_05,VALID,0,2.0,4.0,synthetic
LOT_D01_C021,LOT_D01,VGS(th),96,2.7813775328102843,V,150.0,"HTGB (150°C, 20V)",ATE_BENCH_02,CH_05,VALID,0,2.0,4.0,synthetic
LOT_D01_C021,LOT_D01,VGS(th),168,2.7857131978039997,V,150.0,"HTGB (150°C, 20V)",ATE_BENCH_02,CH_05,VALID,0,2.0,4.0,synthetic
LOT_D01_C021,LOT_D01,RDS(on),0,48.34263072964806,mOhm,125.0,Operating Life / Power Conduction (TJ=125-150°C),ATE_BENCH_02,CH_05,VALID,0,,60.0,synthetic
LOT_D01_C021,LOT_D01,RDS(on),24,49.49579186496879,mOhm,125.0,Operating Life / Power Conduction (TJ=125-150°C),ATE_BENCH_02,CH_05,VALID,0,,60.0,synthetic
LOT_D01_C021,LOT_D01,RDS(on),96,48.86520694867542,mOhm,125.0,Operating Life / Power Conduction (TJ=125-150°C),ATE_BENCH_02,CH_05,VALID,0,,60.0,synthetic
LOT_D01_C021,LOT_D01,RDS(on),168,49.180889158139394,mOhm,125.0,Operating Life / Power Conduction (TJ=125-150°C),ATE_BENCH_02,CH_05,VALID,0,,60.0,synthetic
LOT_D01_C021,LOT_D01,IGSS,0,2.6404010202283588,nA,150.0,"HTGB (150°C, ±20V)",ATE_BENCH_02,CH_05,VALID,0,-100.0,100.0,synthetic
LOT_D01_C021,LOT_D01,IGSS,24,2.5570325642905116,nA,150.0,"HTGB (150°C, ±20V)",ATE_BENCH_02,CH_05,VALID,0,-100.0,100.0,synthetic
LOT_D01_C021,LOT_D01,IGSS,96,2.007333693634031,nA,150.0,"HTGB (150°C, ±20V)",ATE_BENCH_02,CH_05,VALID,0,-100.0,100.0,synthetic
LOT_D01_C021,LOT_D01,IGSS,168,2.227937028350209,nA,150.0,"HTGB (150°C, ±20V)",ATE_BENCH_02,CH_05,VALID,0,-100.0,100.0,synthetic
LOT_D01_C022,LOT_D01,IDSS,0,0.46578618861291804,uA,150.0,"HTRB (150°C, 80V)",ATE_BENCH_02,CH_06,VALID,0,,10.0,synthetic
LOT_D01_C022,LOT_D01,IDSS,24,0.5079078768297707,uA,150.0,"HTRB (150°C, 80V)",ATE_BENCH_02,CH_06,VALID,0,,10.0,synthetic
LOT_D01_C022,LOT_D01,IDSS,96,0.4537060173638445,uA,150.0,"HTRB (150°C, 80V)",ATE_BENCH_02,CH_06,VALID,0,,10.0,synthetic
LOT_D01_C022,LOT_D01,IDSS,168,0.4130088614489931,uA,150.0,"HTRB (150°C, 80V)",ATE_BENCH_02,CH_06,VALID,0,,10.0,synthetic
LOT_D01_C022,LOT_D01,VGS(th),0,3.7675307672440894,V,150.0,"HTGB (150°C, 20V)",ATE_BENCH_02,CH_06,VALID,0,2.0,4.0,synthetic
LOT_D01_C022,LOT_D01,VGS(th),24,3.692184661858685,V,150.0,"HTGB (150°C, 20V)",ATE_BENCH_02,CH_06,VALID,0,2.0,4.0,synthetic
LOT_D01_C022,LOT_D01,VGS(th),96,3.742084730912405,V,150.0,"HTGB (150°C, 20V)",ATE_BENCH_02,CH_06,VALID,0,2.0,4.0,synthetic
LOT_D01_C022,LOT_D01,VGS(th),168,3.752588583833186,V,150.0,"HTGB (150°C, 20V)",ATE_BENCH_02,CH_06,VALID,0,2.0,4.0,synthetic
LOT_D01_C022,LOT_D01,RDS(on),0,48.67127411206247,mOhm,125.0,Operating Life / Power Conduction (TJ=125-150°C),ATE_BENCH_02,CH_06,VALID,0,,60.0,synthetic
LOT_D01_C022,LOT_D01,RDS(on),24,47.58682137520174,mOhm,125.0,Operating Life / Power Conduction (TJ=125-150°C),ATE_BENCH_02,CH_06,VALID,0,,60.0,synthetic
LOT_D01_C022,LOT_D01,RDS(on),96,47.989689954189785,mOhm,125.0,Operating Life / Power Conduction (TJ=125-150°C),ATE_BENCH_02,CH_06,VALID,0,,60.0,synthetic
LOT_D01_C022,LOT_D01,RDS(on),168,48.14621254180314,mOhm,125.0,Operating Life / Power Conduction (TJ=125-150°C),ATE_BENCH_02,CH_06,VALID,0,,60.0,synthetic
LOT_D01_C022,LOT_D01,IGSS,0,-1.6437947758531173,nA,150.0,"HTGB (150°C, ±20V)",ATE_BENCH_02,CH_06,VALID,0,-100.0,100.0,synthetic
LOT_D01_C022,LOT_D01,IGSS,24,-2.7909302453688047,nA,150.0,"HTGB (150°C, ±20V)",ATE_BENCH_02,CH_06,VALID,0,-100.0,100.0,synthetic
LOT_D01_C022,LOT_D01,IGSS,96,-2.5558622315410515,nA,150.0,"HTGB (150°C, ±20V)",ATE_BENCH_02,CH_06,VALID,0,-100.0,100.0,synthetic
LOT_D01_C022,LOT_D01,IGSS,168,-3.2713237137715967,nA,150.0,"HTGB (150°C, ±20V)",ATE_BENCH_02,CH_06,VALID,0,-100.0,100.0,synthetic
LOT_D01_C023,LOT_D01,IDSS,0,0.5584893936295463,uA,150.0,"HTRB (150°C, 80V)",ATE_BENCH_02,CH_07,VALID,0,,10.0,synthetic
LOT_D01_C023,LOT_D01,IDSS,24,0.6097659803944865,uA,150.0,"HTRB (150°C, 80V)",ATE_BENCH_02,CH_07,VALID,0,,10.0,synthetic
LOT_D01_C023,LOT_D01,IDSS,96,0.5749848062804803,uA,150.0,"HTRB (150°C, 80V)",ATE_BENCH_02,CH_07,VALID,0,,10.0,synthetic
LOT_D01_C023,LOT_D01,IDSS,168,0.5350199417822513,uA,150.0,"HTRB (150°C, 80V)",ATE_BENCH_02,CH_07,VALID,0,,10.0,synthetic
LOT_D01_C023,LOT_D01,VGS(th),0,2.8994015619050835,V,150.0,"HTGB (150°C, 20V)",ATE_BENCH_02,CH_07,VALID,0,2.0,4.0,synthetic
LOT_D01_C023,LOT_D01,VGS(th),24,2.853344427742061,V,150.0,"HTGB (150°C, 20V)",ATE_BENCH_02,CH_07,VALID,0,2.0,4.0,synthetic
LOT_D01_C023,LOT_D01,VGS(th),96,2.883537808402186,V,150.0,"HTGB (150°C, 20V)",ATE_BENCH_02,CH_07,VALID,0,2.0,4.0,synthetic
LOT_D01_C023,LOT_D01,VGS(th),168,2.8767976260506765,V,150.0,"HTGB (150°C, 20V)",ATE_BENCH_02,CH_07,VALID,0,2.0,4.0,synthetic
LOT_D01_C023,LOT_D01,RDS(on),0,47.84044768962839,mOhm,125.0,Operating Life / Power Conduction (TJ=125-150°C),ATE_BENCH_02,CH_07,VALID,0,,60.0,synthetic
LOT_D01_C023,LOT_D01,RDS(on),24,49.27796117200453,mOhm,125.0,Operating Life / Power Conduction (TJ=125-150°C),ATE_BENCH_02,CH_07,VALID,0,,60.0,synthetic
LOT_D01_C023,LOT_D01,RDS(on),96,49.147766583534896,mOhm,125.0,Operating Life / Power Conduction (TJ=125-150°C),ATE_BENCH_02,CH_07,VALID,0,,60.0,synthetic
LOT_D01_C023,LOT_D01,RDS(on),168,48.74699583898297,mOhm,125.0,Operating Life / Power Conduction (TJ=125-150°C),ATE_BENCH_02,CH_07,VALID,0,,60.0,synthetic
LOT_D01_C023,LOT_D01,IGSS,0,1.6300685034349256,nA,150.0,"HTGB (150°C, ±20V)",ATE_BENCH_02,CH_07,VALID,0,-100.0,100.0,synthetic
LOT_D01_C023,LOT_D01,IGSS,24,2.044510546110578,nA,150.0,"HTGB (150°C, ±20V)",ATE_BENCH_02,CH_07,VALID,0,-100.0,100.0,synthetic
LOT_D01_C023,LOT_D01,IGSS,96,1.4367492806667213,nA,150.0,"HTGB (150°C, ±20V)",ATE_BENCH_02,CH_07,VALID,0,-100.0,100.0,synthetic
LOT_D01_C023,LOT_D01,IGSS,168,2.090628805630108,nA,150.0,"HTGB (150°C, ±20V)",ATE_BENCH_02,CH_07,VALID,0,-100.0,100.0,synthetic
LOT_D01_C024,LOT_D01,IDSS,0,0.6419847925234022,uA,150.0,"HTRB (150°C, 80V)",ATE_BENCH_02,CH_08,VALID,0,,10.0,synthetic
LOT_D01_C024,LOT_D01,IDSS,24,0.6791488629690474,uA,150.0,"HTRB (150°C, 80V)",ATE_BENCH_02,CH_08,VALID,0,,10.0,synthetic
LOT_D01_C024,LOT_D01,IDSS,96,0.6455924783747882,uA,150.0,"HTRB (150°C, 80V)",ATE_BENCH_02,CH_08,VALID,0,,10.0,synthetic
LOT_D01_C024,LOT_D01,IDSS,168,0.6782623326089767,uA,150.0,"HTRB (150°C, 80V)",ATE_BENCH_02,CH_08,VALID,0,,10.0,synthetic
LOT_D01_C024,LOT_D01,VGS(th),0,3.023766956210781,V,150.0,"HTGB (150°C, 20V)",ATE_BENCH_02,CH_08,VALID,0,2.0,4.0,synthetic
LOT_D01_C024,LOT_D01,VGS(th),24,2.943430723958572,V,150.0,"HTGB (150°C, 20V)",ATE_BENCH_02,CH_08,VALID,0,2.0,4.0,synthetic
LOT_D01_C024,LOT_D01,VGS(th),96,2.984026054791001,V,150.0,"HTGB (150°C, 20V)",ATE_BENCH_02,CH_08,VALID,0,2.0,4.0,synthetic
LOT_D01_C024,LOT_D01,VGS(th),168,3.041692946665985,V,150.0,"HTGB (150°C, 20V)",ATE_BENCH_02,CH_08,VALID,0,2.0,4.0,synthetic
LOT_D01_C024,LOT_D01,RDS(on),0,57.10219587164578,mOhm,125.0,Operating Life / Power Conduction (TJ=125-150°C),ATE_BENCH_02,CH_08,VALID,0,,60.0,synthetic
LOT_D01_C024,LOT_D01,RDS(on),24,57.70269115861305,mOhm,125.0,Operating Life / Power Conduction (TJ=125-150°C),ATE_BENCH_02,CH_08,VALID,0,,60.0,synthetic
LOT_D01_C024,LOT_D01,RDS(on),96,58.33798200353663,mOhm,125.0,Operating Life / Power Conduction (TJ=125-150°C),ATE_BENCH_02,CH_08,VALID,0,,60.0,synthetic
LOT_D01_C024,LOT_D01,RDS(on),168,56.862711162371966,mOhm,125.0,Operating Life / Power Conduction (TJ=125-150°C),ATE_BENCH_02,CH_08,VALID,0,,60.0,synthetic
LOT_D01_C024,LOT_D01,IGSS,0,-3.082785350407135,nA,150.0,"HTGB (150°C, ±20V)",ATE_BENCH_02,CH_08,VALID,0,-100.0,100.0,synthetic
LOT_D01_C024,LOT_D01,IGSS,24,-2.19278155129094,nA,150.0,"HTGB (150°C, ±20V)",ATE_BENCH_02,CH_08,VALID,0,-100.0,100.0,synthetic
LOT_D01_C024,LOT_D01,IGSS,96,-2.503937932891093,nA,150.0,"HTGB (150°C, ±20V)",ATE_BENCH_02,CH_08,VALID,0,-100.0,100.0,synthetic
LOT_D01_C024,LOT_D01,IGSS,168,-1.6711113671501325,nA,150.0,"HTGB (150°C, ±20V)",ATE_BENCH_02,CH_08,VALID,0,-100.0,100.0,synthetic
LOT_D01_C025,LOT_D01,IDSS,0,0.4753441838480475,uA,150.0,"HTRB (150°C, 80V)",ATE_BENCH_02,CH_09,VALID,0,,10.0,synthetic
LOT_D01_C025,LOT_D01,IDSS,24,0.46189575244623804,uA,150.0,"HTRB (150°C, 80V)",ATE_BENCH_02,CH_09,VALID,0,,10.0,synthetic
LOT_D01_C025,LOT_D01,IDSS,96,0.36723704991877876,uA,150.0,"HTRB (150°C, 80V)",ATE_BENCH_02,CH_09,VALID,0,,10.0,synthetic
LOT_D01_C025,LOT_D01,IDSS,168,0.47564491455986113,uA,150.0,"HTRB (150°C, 80V)",ATE_BENCH_02,CH_09,VALID,0,,10.0,synthetic
LOT_D01_C025,LOT_D01,VGS(th),0,2.9602284751340644,V,150.0,"HTGB (150°C, 20V)",ATE_BENCH_02,CH_09,VALID,0,2.0,4.0,synthetic
LOT_D01_C025,LOT_D01,VGS(th),24,2.948000751048336,V,150.0,"HTGB (150°C, 20V)",ATE_BENCH_02,CH_09,VALID,0,2.0,4.0,synthetic
LOT_D01_C025,LOT_D01,VGS(th),96,2.965786392624602,V,150.0,"HTGB (150°C, 20V)",ATE_BENCH_02,CH_09,VALID,0,2.0,4.0,synthetic
LOT_D01_C025,LOT_D01,VGS(th),168,2.9876462945163547,V,150.0,"HTGB (150°C, 20V)",ATE_BENCH_02,CH_09,VALID,0,2.0,4.0,synthetic
LOT_D01_C025,LOT_D01,RDS(on),0,48.8978253992073,mOhm,125.0,Operating Life / Power Conduction (TJ=125-150°C),ATE_BENCH_02,CH_09,VALID,0,,60.0,synthetic
LOT_D01_C025,LOT_D01,RDS(on),24,49.02988026626027,mOhm,125.0,Operating Life / Power Conduction (TJ=125-150°C),ATE_BENCH_02,CH_09,VALID,0,,60.0,synthetic
LOT_D01_C025,LOT_D01,RDS(on),96,49.78017543837659,mOhm,125.0,Operating Life / Power Conduction (TJ=125-150°C),ATE_BENCH_02,CH_09,VALID,0,,60.0,synthetic
LOT_D01_C025,LOT_D01,RDS(on),168,50.82059550620052,mOhm,125.0,Operating Life / Power Conduction (TJ=125-150°C),ATE_BENCH_02,CH_09,VALID,0,,60.0,synthetic
LOT_D01_C025,LOT_D01,IGSS,0,0.3729703461053654,nA,150.0,"HTGB (150°C, ±20V)",ATE_BENCH_02,CH_09,VALID,0,-100.0,100.0,synthetic
LOT_D01_C025,LOT_D01,IGSS,24,0.3205334802346703,nA,150.0,"HTGB (150°C, ±20V)",ATE_BENCH_02,CH_09,VALID,0,-100.0,100.0,synthetic
LOT_D01_C025,LOT_D01,IGSS,96,0.2538747260483229,nA,150.0,"HTGB (150°C, ±20V)",ATE_BENCH_02,CH_09,VALID,0,-100.0,100.0,synthetic
LOT_D01_C025,LOT_D01,IGSS,168,0.11029014755284491,nA,150.0,"HTGB (150°C, ±20V)",ATE_BENCH_02,CH_09,VALID,0,-100.0,100.0,synthetic
LOT_D01_C026,LOT_D01,IDSS,0,3.0578512895597987,uA,150.0,"HTRB (150°C, 80V)",ATE_BENCH_02,CH_10,VALID,0,,10.0,synthetic
LOT_D01_C026,LOT_D01,IDSS,24,2.976706413044212,uA,150.0,"HTRB (150°C, 80V)",ATE_BENCH_02,CH_10,VALID,0,,10.0,synthetic
LOT_D01_C026,LOT_D01,IDSS,96,3.122328125234913,uA,150.0,"HTRB (150°C, 80V)",ATE_BENCH_02,CH_10,VALID,0,,10.0,synthetic
LOT_D01_C026,LOT_D01,IDSS,168,3.005631537076048,uA,150.0,"HTRB (150°C, 80V)",ATE_BENCH_02,CH_10,VALID,0,,10.0,synthetic
LOT_D01_C026,LOT_D01,VGS(th),0,2.713532626080735,V,150.0,"HTGB (150°C, 20V)",ATE_BENCH_02,CH_10,VALID,0,2.0,4.0,synthetic
LOT_D01_C026,LOT_D01,VGS(th),24,2.7105290457555196,V,150.0,"HTGB (150°C, 20V)",ATE_BENCH_02,CH_10,VALID,0,2.0,4.0,synthetic
LOT_D01_C026,LOT_D01,VGS(th),96,2.729545204824484,V,150.0,"HTGB (150°C, 20V)",ATE_BENCH_02,CH_10,VALID,0,2.0,4.0,synthetic
LOT_D01_C026,LOT_D01,VGS(th),168,2.7164562356716724,V,150.0,"HTGB (150°C, 20V)",ATE_BENCH_02,CH_10,VALID,0,2.0,4.0,synthetic
LOT_D01_C026,LOT_D01,RDS(on),0,47.27779677014232,mOhm,125.0,Operating Life / Power Conduction (TJ=125-150°C),ATE_BENCH_02,CH_10,VALID,0,,60.0,synthetic
LOT_D01_C026,LOT_D01,RDS(on),24,46.928770575001266,mOhm,125.0,Operating Life / Power Conduction (TJ=125-150°C),ATE_BENCH_02,CH_10,VALID,0,,60.0,synthetic
LOT_D01_C026,LOT_D01,RDS(on),96,47.019103022554496,mOhm,125.0,Operating Life / Power Conduction (TJ=125-150°C),ATE_BENCH_02,CH_10,VALID,0,,60.0,synthetic
LOT_D01_C026,LOT_D01,RDS(on),168,47.10582999068063,mOhm,125.0,Operating Life / Power Conduction (TJ=125-150°C),ATE_BENCH_02,CH_10,VALID,0,,60.0,synthetic
LOT_D01_C026,LOT_D01,IGSS,0,-0.8289907997801412,nA,150.0,"HTGB (150°C, ±20V)",ATE_BENCH_02,CH_10,VALID,0,-100.0,100.0,synthetic
LOT_D01_C026,LOT_D01,IGSS,24,-1.543529667594568,nA,150.0,"HTGB (150°C, ±20V)",ATE_BENCH_02,CH_10,VALID,0,-100.0,100.0,synthetic
LOT_D01_C026,LOT_D01,IGSS,96,-0.9259448528705772,nA,150.0,"HTGB (150°C, ±20V)",ATE_BENCH_02,CH_10,VALID,0,-100.0,100.0,synthetic
LOT_D01_C026,LOT_D01,IGSS,168,-0.7863332042450925,nA,150.0,"HTGB (150°C, ±20V)",ATE_BENCH_02,CH_10,VALID,0,-100.0,100.0,synthetic
LOT_D01_C027,LOT_D01,IDSS,0,0.6585671848339479,uA,150.0,"HTRB (150°C, 80V)",ATE_BENCH_02,CH_11,VALID,0,,10.0,synthetic
LOT_D01_C027,LOT_D01,IDSS,24,0.6593588141788884,uA,150.0,"HTRB (150°C, 80V)",ATE_BENCH_02,CH_11,VALID,0,,10.0,synthetic
LOT_D01_C027,LOT_D01,IDSS,96,0.6967574439375125,uA,150.0,"HTRB (150°C, 80V)",ATE_BENCH_02,CH_11,VALID,0,,10.0,synthetic
LOT_D01_C027,LOT_D01,IDSS,168,0.6154491457122555,uA,150.0,"HTRB (150°C, 80V)",ATE_BENCH_02,CH_11,VALID,0,,10.0,synthetic
LOT_D01_C027,LOT_D01,VGS(th),0,2.8350232743313946,V,150.0,"HTGB (150°C, 20V)",ATE_BENCH_02,CH_11,VALID,0,2.0,4.0,synthetic
LOT_D01_C027,LOT_D01,VGS(th),24,2.822247134595739,V,150.0,"HTGB (150°C, 20V)",ATE_BENCH_02,CH_11,VALID,0,2.0,4.0,synthetic
LOT_D01_C027,LOT_D01,VGS(th),96,2.8128768095976744,V,150.0,"HTGB (150°C, 20V)",ATE_BENCH_02,CH_11,VALID,0,2.0,4.0,synthetic
LOT_D01_C027,LOT_D01,VGS(th),168,2.8071528237704975,V,150.0,"HTGB (150°C, 20V)",ATE_BENCH_02,CH_11,VALID,0,2.0,4.0,synthetic
LOT_D01_C027,LOT_D01,RDS(on),0,45.03631308033316,mOhm,125.0,Operating Life / Power Conduction (TJ=125-150°C),ATE_BENCH_02,CH_11,VALID,0,,60.0,synthetic
LOT_D01_C027,LOT_D01,RDS(on),24,44.54337500267668,mOhm,125.0,Operating Life / Power Conduction (TJ=125-150°C),ATE_BENCH_02,CH_11,VALID,0,,60.0,synthetic
LOT_D01_C027,LOT_D01,RDS(on),96,43.14944512613381,mOhm,125.0,Operating Life / Power Conduction (TJ=125-150°C),ATE_BENCH_02,CH_11,VALID,0,,60.0,synthetic
LOT_D01_C027,LOT_D01,RDS(on),168,44.53573354399219,mOhm,125.0,Operating Life / Power Conduction (TJ=125-150°C),ATE_BENCH_02,CH_11,VALID,0,,60.0,synthetic
LOT_D01_C027,LOT_D01,IGSS,0,3.0651053154268757,nA,150.0,"HTGB (150°C, ±20V)",ATE_BENCH_02,CH_11,VALID,0,-100.0,100.0,synthetic
LOT_D01_C027,LOT_D01,IGSS,24,1.4546395378186014,nA,150.0,"HTGB (150°C, ±20V)",ATE_BENCH_02,CH_11,VALID,0,-100.0,100.0,synthetic
LOT_D01_C027,LOT_D01,IGSS,96,1.75600960908991,nA,150.0,"HTGB (150°C, ±20V)",ATE_BENCH_02,CH_11,VALID,0,-100.0,100.0,synthetic
LOT_D01_C027,LOT_D01,IGSS,168,1.4707374839942773,nA,150.0,"HTGB (150°C, ±20V)",ATE_BENCH_02,CH_11,VALID,0,-100.0,100.0,synthetic
LOT_D01_C028,LOT_D01,IDSS,0,0.7530804478172104,uA,150.0,"HTRB (150°C, 80V)",ATE_BENCH_02,CH_12,VALID,0,,10.0,synthetic
LOT_D01_C028,LOT_D01,IDSS,24,0.6058933398401147,uA,150.0,"HTRB (150°C, 80V)",ATE_BENCH_02,CH_12,VALID,0,,10.0,synthetic
LOT_D01_C028,LOT_D01,IDSS,96,0.68333817200336,uA,150.0,"HTRB (150°C, 80V)",ATE_BENCH_02,CH_12,VALID,0,,10.0,synthetic
LOT_D01_C028,LOT_D01,IDSS,168,0.6268284121435068,uA,150.0,"HTRB (150°C, 80V)",ATE_BENCH_02,CH_12,VALID,0,,10.0,synthetic
LOT_D01_C028,LOT_D01,VGS(th),0,3.7282166685607363,V,150.0,"HTGB (150°C, 20V)",ATE_BENCH_02,CH_12,VALID,0,2.0,4.0,synthetic
LOT_D01_C028,LOT_D01,VGS(th),24,3.74616756952965,V,150.0,"HTGB (150°C, 20V)",ATE_BENCH_02,CH_12,VALID,0,2.0,4.0,synthetic
LOT_D01_C028,LOT_D01,VGS(th),96,3.7088837758328252,V,150.0,"HTGB (150°C, 20V)",ATE_BENCH_02,CH_12,VALID,0,2.0,4.0,synthetic
LOT_D01_C028,LOT_D01,VGS(th),168,3.709982670412391,V,150.0,"HTGB (150°C, 20V)",ATE_BENCH_02,CH_12,VALID,0,2.0,4.0,synthetic
LOT_D01_C028,LOT_D01,RDS(on),0,44.36873465394471,mOhm,125.0,Operating Life / Power Conduction (TJ=125-150°C),ATE_BENCH_02,CH_12,VALID,0,,60.0,synthetic
LOT_D01_C028,LOT_D01,RDS(on),24,44.15883316455582,mOhm,125.0,Operating Life / Power Conduction (TJ=125-150°C),ATE_BENCH_02,CH_12,VALID,0,,60.0,synthetic
LOT_D01_C028,LOT_D01,RDS(on),96,44.93426527249484,mOhm,125.0,Operating Life / Power Conduction (TJ=125-150°C),ATE_BENCH_02,CH_12,VALID,0,,60.0,synthetic
LOT_D01_C028,LOT_D01,RDS(on),168,44.841681272809055,mOhm,125.0,Operating Life / Power Conduction (TJ=125-150°C),ATE_BENCH_02,CH_12,VALID,0,,60.0,synthetic
LOT_D01_C028,LOT_D01,IGSS,0,-3.6739538958881455,nA,150.0,"HTGB (150°C, ±20V)",ATE_BENCH_02,CH_12,VALID,0,-100.0,100.0,synthetic
LOT_D01_C028,LOT_D01,IGSS,24,-3.170738696562803,nA,150.0,"HTGB (150°C, ±20V)",ATE_BENCH_02,CH_12,VALID,0,-100.0,100.0,synthetic
LOT_D01_C028,LOT_D01,IGSS,96,-2.9425286172339424,nA,150.0,"HTGB (150°C, ±20V)",ATE_BENCH_02,CH_12,VALID,0,-100.0,100.0,synthetic
LOT_D01_C028,LOT_D01,IGSS,168,-1.998555412628858,nA,150.0,"HTGB (150°C, ±20V)",ATE_BENCH_02,CH_12,VALID,0,-100.0,100.0,synthetic
LOT_D01_C029,LOT_D01,IDSS,0,0.5633160652920322,uA,150.0,"HTRB (150°C, 80V)",ATE_BENCH_02,CH_13,VALID,0,,10.0,synthetic
LOT_D01_C029,LOT_D01,IDSS,24,0.6271202558150434,uA,150.0,"HTRB (150°C, 80V)",ATE_BENCH_02,CH_13,VALID,0,,10.0,synthetic
LOT_D01_C029,LOT_D01,IDSS,96,0.5950746194678765,uA,150.0,"HTRB (150°C, 80V)",ATE_BENCH_02,CH_13,VALID,0,,10.0,synthetic
LOT_D01_C029,LOT_D01,IDSS,168,0.6285579590362091,uA,150.0,"HTRB (150°C, 80V)",ATE_BENCH_02,CH_13,VALID,0,,10.0,synthetic
LOT_D01_C029,LOT_D01,VGS(th),0,3.1092231243511814,V,150.0,"HTGB (150°C, 20V)",ATE_BENCH_02,CH_13,VALID,0,2.0,4.0,synthetic
LOT_D01_C029,LOT_D01,VGS(th),24,3.112853104059648,V,150.0,"HTGB (150°C, 20V)",ATE_BENCH_02,CH_13,VALID,0,2.0,4.0,synthetic
LOT_D01_C029,LOT_D01,VGS(th),96,3.1235490802819714,V,150.0,"HTGB (150°C, 20V)",ATE_BENCH_02,CH_13,VALID,0,2.0,4.0,synthetic
LOT_D01_C029,LOT_D01,VGS(th),168,3.109685094063845,V,150.0,"HTGB (150°C, 20V)",ATE_BENCH_02,CH_13,VALID,0,2.0,4.0,synthetic
LOT_D01_C029,LOT_D01,RDS(on),0,52.64141554389305,mOhm,125.0,Operating Life / Power Conduction (TJ=125-150°C),ATE_BENCH_02,CH_13,VALID,0,,60.0,synthetic
LOT_D01_C029,LOT_D01,RDS(on),24,54.11288873465843,mOhm,125.0,Operating Life / Power Conduction (TJ=125-150°C),ATE_BENCH_02,CH_13,VALID,0,,60.0,synthetic
LOT_D01_C029,LOT_D01,RDS(on),96,54.839632980114274,mOhm,125.0,Operating Life / Power Conduction (TJ=125-150°C),ATE_BENCH_02,CH_13,VALID,0,,60.0,synthetic
LOT_D01_C029,LOT_D01,RDS(on),168,52.79082277848554,mOhm,125.0,Operating Life / Power Conduction (TJ=125-150°C),ATE_BENCH_02,CH_13,VALID,0,,60.0,synthetic
LOT_D01_C029,LOT_D01,IGSS,0,2.5085022316049,nA,150.0,"HTGB (150°C, ±20V)",ATE_BENCH_02,CH_13,VALID,0,-100.0,100.0,synthetic
LOT_D01_C029,LOT_D01,IGSS,24,3.2357659587584657,nA,150.0,"HTGB (150°C, ±20V)",ATE_BENCH_02,CH_13,VALID,0,-100.0,100.0,synthetic
LOT_D01_C029,LOT_D01,IGSS,96,1.9283119339991326,nA,150.0,"HTGB (150°C, ±20V)",ATE_BENCH_02,CH_13,VALID,0,-100.0,100.0,synthetic
LOT_D01_C029,LOT_D01,IGSS,168,3.691659648909119,nA,150.0,"HTGB (150°C, ±20V)",ATE_BENCH_02,CH_13,VALID,0,-100.0,100.0,synthetic
LOT_D01_C030,LOT_D01,IDSS,0,0.4833056075061146,uA,150.0,"HTRB (150°C, 80V)",ATE_BENCH_02,CH_14,VALID,0,,10.0,synthetic
LOT_D01_C030,LOT_D01,IDSS,24,0.47156609980741326,uA,150.0,"HTRB (150°C, 80V)",ATE_BENCH_02,CH_14,VALID,0,,10.0,synthetic
LOT_D01_C030,LOT_D01,IDSS,96,0.3998844194744682,uA,150.0,"HTRB (150°C, 80V)",ATE_BENCH_02,CH_14,VALID,0,,10.0,synthetic
LOT_D01_C030,LOT_D01,IDSS,168,0.4755360480374676,uA,150.0,"HTRB (150°C, 80V)",ATE_BENCH_02,CH_14,VALID,0,,10.0,synthetic
LOT_D01_C030,LOT_D01,VGS(th),0,2.9037160540183464,V,150.0,"HTGB (150°C, 20V)",ATE_BENCH_02,CH_14,VALID,0,2.0,4.0,synthetic
LOT_D01_C030,LOT_D01,VGS(th),24,2.8942846480650553,V,150.0,"HTGB (150°C, 20V)",ATE_BENCH_02,CH_14,VALID,0,2.0,4.0,synthetic
LOT_D01_C030,LOT_D01,VGS(th),96,2.88503812139467,V,150.0,"HTGB (150°C, 20V)",ATE_BENCH_02,CH_14,VALID,0,2.0,4.0,synthetic
LOT_D01_C030,LOT_D01,VGS(th),168,2.928883188699242,V,150.0,"HTGB (150°C, 20V)",ATE_BENCH_02,CH_14,VALID,0,2.0,4.0,synthetic
LOT_D01_C030,LOT_D01,RDS(on),0,56.14385586105141,mOhm,125.0,Operating Life / Power Conduction (TJ=125-150°C),ATE_BENCH_02,CH_14,VALID,0,,60.0,synthetic
LOT_D01_C030,LOT_D01,RDS(on),24,55.66348649546169,mOhm,125.0,Operating Life / Power Conduction (TJ=125-150°C),ATE_BENCH_02,CH_14,VALID,0,,60.0,synthetic
LOT_D01_C030,LOT_D01,RDS(on),96,55.57889403964275,mOhm,125.0,Operating Life / Power Conduction (TJ=125-150°C),ATE_BENCH_02,CH_14,VALID,0,,60.0,synthetic
LOT_D01_C030,LOT_D01,RDS(on),168,56.71574440921235,mOhm,125.0,Operating Life / Power Conduction (TJ=125-150°C),ATE_BENCH_02,CH_14,VALID,0,,60.0,synthetic
LOT_D01_C030,LOT_D01,IGSS,0,-1.9309111414079967,nA,150.0,"HTGB (150°C, ±20V)",ATE_BENCH_02,CH_14,VALID,0,-100.0,100.0,synthetic
LOT_D01_C030,LOT_D01,IGSS,24,-2.359048386404805,nA,150.0,"HTGB (150°C, ±20V)",ATE_BENCH_02,CH_14,VALID,0,-100.0,100.0,synthetic
LOT_D01_C030,LOT_D01,IGSS,96,-1.7354566218170653,nA,150.0,"HTGB (150°C, ±20V)",ATE_BENCH_02,CH_14,VALID,0,-100.0,100.0,synthetic
LOT_D01_C030,LOT_D01,IGSS,168,-1.9157700574967316,nA,150.0,"HTGB (150°C, ±20V)",ATE_BENCH_02,CH_14,VALID,0,-100.0,100.0,synthetic
LOT_D02_C001,LOT_D02,IDSS,0,0.740873844206632,uA,150.0,"HTRB (150°C, 80V)",ATE_BENCH_01,CH_01,VALID,0,,10.0,synthetic
LOT_D02_C001,LOT_D02,IDSS,24,0.6139894869780269,uA,150.0,"HTRB (150°C, 80V)",ATE_BENCH_01,CH_01,VALID,0,,10.0,synthetic
LOT_D02_C001,LOT_D02,IDSS,96,0.6840327682788513,uA,150.0,"HTRB (150°C, 80V)",ATE_BENCH_01,CH_01,VALID,0,,10.0,synthetic
LOT_D02_C001,LOT_D02,IDSS,168,0.6823859708317516,uA,150.0,"HTRB (150°C, 80V)",ATE_BENCH_01,CH_01,VALID,0,,10.0,synthetic
LOT_D02_C001,LOT_D02,VGS(th),0,2.8556207941392477,V,150.0,"HTGB (150°C, 20V)",ATE_BENCH_01,CH_01,VALID,0,2.0,4.0,synthetic
LOT_D02_C001,LOT_D02,VGS(th),24,2.902312311459299,V,150.0,"HTGB (150°C, 20V)",ATE_BENCH_01,CH_01,VALID,0,2.0,4.0,synthetic
LOT_D02_C001,LOT_D02,VGS(th),96,3.094390137835382,V,150.0,"HTGB (150°C, 20V)",ATE_BENCH_01,CH_01,VALID,0,2.0,4.0,synthetic
LOT_D02_C001,LOT_D02,VGS(th),168,3.2288342737015707,V,150.0,"HTGB (150°C, 20V)",ATE_BENCH_01,CH_01,VALID,0,2.0,4.0,synthetic
LOT_D02_C001,LOT_D02,RDS(on),0,47.81976108719294,mOhm,125.0,Operating Life / Power Conduction (TJ=125-150°C),ATE_BENCH_01,CH_01,VALID,0,,60.0,synthetic
LOT_D02_C001,LOT_D02,RDS(on),24,48.36648988692046,mOhm,125.0,Operating Life / Power Conduction (TJ=125-150°C),ATE_BENCH_01,CH_01,VALID,0,,60.0,synthetic
LOT_D02_C001,LOT_D02,RDS(on),96,48.790187919735544,mOhm,125.0,Operating Life / Power Conduction (TJ=125-150°C),ATE_BENCH_01,CH_01,VALID,0,,60.0,synthetic
LOT_D02_C001,LOT_D02,RDS(on),168,48.815357060648765,mOhm,125.0,Operating Life / Power Conduction (TJ=125-150°C),ATE_BENCH_01,CH_01,VALID,0,,60.0,synthetic
LOT_D02_C001,LOT_D02,IGSS,0,1.712389133585387,nA,150.0,"HTGB (150°C, ±20V)",ATE_BENCH_01,CH_01,VALID,0,-100.0,100.0,synthetic
LOT_D02_C001,LOT_D02,IGSS,24,2.450889454773715,nA,150.0,"HTGB (150°C, ±20V)",ATE_BENCH_01,CH_01,VALID,0,-100.0,100.0,synthetic
LOT_D02_C001,LOT_D02,IGSS,96,2.371453646350175,nA,150.0,"HTGB (150°C, ±20V)",ATE_BENCH_01,CH_01,VALID,0,-100.0,100.0,synthetic
LOT_D02_C001,LOT_D02,IGSS,168,1.286655504494302,nA,150.0,"HTGB (150°C, ±20V)",ATE_BENCH_01,CH_01,VALID,0,-100.0,100.0,synthetic
LOT_D02_C002,LOT_D02,IDSS,0,1.9127550427797804,uA,150.0,"HTRB (150°C, 80V)",ATE_BENCH_01,CH_02,VALID,0,,10.0,synthetic
LOT_D02_C002,LOT_D02,IDSS,24,1.5459453584716194,uA,150.0,"HTRB (150°C, 80V)",ATE_BENCH_01,CH_02,VALID,0,,10.0,synthetic
LOT_D02_C002,LOT_D02,IDSS,96,1.8375137693220958,uA,150.0,"HTRB (150°C, 80V)",ATE_BENCH_01,CH_02,VALID,0,,10.0,synthetic
LOT_D02_C002,LOT_D02,IDSS,168,1.9994387788424008,uA,150.0,"HTRB (150°C, 80V)",ATE_BENCH_01,CH_02,VALID,0,,10.0,synthetic
LOT_D02_C002,LOT_D02,VGS(th),0,2.987414092626154,V,150.0,"HTGB (150°C, 20V)",ATE_BENCH_01,CH_02,VALID,0,2.0,4.0,synthetic
LOT_D02_C002,LOT_D02,VGS(th),24,3.028050250081836,V,150.0,"HTGB (150°C, 20V)",ATE_BENCH_01,CH_02,VALID,0,2.0,4.0,synthetic
LOT_D02_C002,LOT_D02,VGS(th),96,3.2737450355442457,V,150.0,"HTGB (150°C, 20V)",ATE_BENCH_01,CH_02,VALID,0,2.0,4.0,synthetic
LOT_D02_C002,LOT_D02,VGS(th),168,3.4392989268159306,V,150.0,"HTGB (150°C, 20V)",ATE_BENCH_01,CH_02,VALID,0,2.0,4.0,synthetic
LOT_D02_C002,LOT_D02,RDS(on),0,51.3479336019526,mOhm,125.0,Operating Life / Power Conduction (TJ=125-150°C),ATE_BENCH_01,CH_02,VALID,0,,60.0,synthetic
LOT_D02_C002,LOT_D02,RDS(on),24,51.55981743218666,mOhm,125.0,Operating Life / Power Conduction (TJ=125-150°C),ATE_BENCH_01,CH_02,VALID,0,,60.0,synthetic
LOT_D02_C002,LOT_D02,RDS(on),96,53.58496258242375,mOhm,125.0,Operating Life / Power Conduction (TJ=125-150°C),ATE_BENCH_01,CH_02,VALID,0,,60.0,synthetic
LOT_D02_C002,LOT_D02,RDS(on),168,52.77624560668578,mOhm,125.0,Operating Life / Power Conduction (TJ=125-150°C),ATE_BENCH_01,CH_02,VALID,0,,60.0,synthetic
LOT_D02_C002,LOT_D02,IGSS,0,-1.3132646584656238,nA,150.0,"HTGB (150°C, ±20V)",ATE_BENCH_01,CH_02,VALID,0,-100.0,100.0,synthetic
LOT_D02_C002,LOT_D02,IGSS,24,-1.0797376069270475,nA,150.0,"HTGB (150°C, ±20V)",ATE_BENCH_01,CH_02,VALID,0,-100.0,100.0,synthetic
LOT_D02_C002,LOT_D02,IGSS,96,-1.2815925584678298,nA,150.0,"HTGB (150°C, ±20V)",ATE_BENCH_01,CH_02,VALID,0,-100.0,100.0,synthetic
LOT_D02_C002,LOT_D02,IGSS,168,-1.3874648087083215,nA,150.0,"HTGB (150°C, ±20V)",ATE_BENCH_01,CH_02,VALID,0,-100.0,100.0,synthetic
LOT_D02_C003,LOT_D02,IDSS,0,0.5185594739245173,uA,150.0,"HTRB (150°C, 80V)",ATE_BENCH_01,CH_03,VALID,0,,10.0,synthetic
LOT_D02_C003,LOT_D02,IDSS,24,0.48571402814446024,uA,150.0,"HTRB (150°C, 80V)",ATE_BENCH_01,CH_03,VALID,0,,10.0,synthetic
LOT_D02_C003,LOT_D02,IDSS,96,0.5359258275324363,uA,150.0,"HTRB (150°C, 80V)",ATE_BENCH_01,CH_03,VALID,0,,10.0,synthetic
LOT_D02_C003,LOT_D02,IDSS,168,0.5335244690416823,uA,150.0,"HTRB (150°C, 80V)",ATE_BENCH_01,CH_03,VALID,0,,10.0,synthetic
LOT_D02_C003,LOT_D02,VGS(th),0,3.137984512639438,V,150.0,"HTGB (150°C, 20V)",ATE_BENCH_01,CH_03,VALID,0,2.0,4.0,synthetic
LOT_D02_C003,LOT_D02,VGS(th),24,3.1322379716610214,V,150.0,"HTGB (150°C, 20V)",ATE_BENCH_01,CH_03,VALID,0,2.0,4.0,synthetic
LOT_D02_C003,LOT_D02,VGS(th),96,3.3228572760880315,V,150.0,"HTGB (150°C, 20V)",ATE_BENCH_01,CH_03,VALID,0,2.0,4.0,synthetic
LOT_D02_C003,LOT_D02,VGS(th),168,3.4981321044877416,V,150.0,"HTGB (150°C, 20V)",ATE_BENCH_01,CH_03,VALID,0,2.0,4.0,synthetic
LOT_D02_C003,LOT_D02,RDS(on),0,47.73643998967184,mOhm,125.0,Operating Life / Power Conduction (TJ=125-150°C),ATE_BENCH_01,CH_03,VALID,0,,60.0,synthetic
LOT_D02_C003,LOT_D02,RDS(on),24,47.29786074334081,mOhm,125.0,Operating Life / Power Conduction (TJ=125-150°C),ATE_BENCH_01,CH_03,VALID,0,,60.0,synthetic
LOT_D02_C003,LOT_D02,RDS(on),96,46.884455003691656,mOhm,125.0,Operating Life / Power Conduction (TJ=125-150°C),ATE_BENCH_01,CH_03,VALID,0,,60.0,synthetic
LOT_D02_C003,LOT_D02,RDS(on),168,47.500745042433174,mOhm,125.0,Operating Life / Power Conduction (TJ=125-150°C),ATE_BENCH_01,CH_03,VALID,0,,60.0,synthetic
LOT_D02_C003,LOT_D02,IGSS,0,2.3892032369444833,nA,150.0,"HTGB (150°C, ±20V)",ATE_BENCH_01,CH_03,VALID,0,-100.0,100.0,synthetic
LOT_D02_C003,LOT_D02,IGSS,24,2.4636339875084277,nA,150.0,"HTGB (150°C, ±20V)",ATE_BENCH_01,CH_03,VALID,0,-100.0,100.0,synthetic
LOT_D02_C003,LOT_D02,IGSS,96,4.312560591020954,nA,150.0,"HTGB (150°C, ±20V)",ATE_BENCH_01,CH_03,VALID,0,-100.0,100.0,synthetic
LOT_D02_C003,LOT_D02,IGSS,168,6.173007504159087,nA,150.0,"HTGB (150°C, ±20V)",ATE_BENCH_01,CH_03,VALID,0,-100.0,100.0,synthetic
LOT_D02_C004,LOT_D02,IDSS,0,0.48706540379550156,uA,150.0,"HTRB (150°C, 80V)",ATE_BENCH_01,CH_04,VALID,0,,10.0,synthetic
LOT_D02_C004,LOT_D02,IDSS,24,0.4889898831837024,uA,150.0,"HTRB (150°C, 80V)",ATE_BENCH_01,CH_04,VALID,0,,10.0,synthetic
LOT_D02_C004,LOT_D02,IDSS,96,0.44374541584281824,uA,150.0,"HTRB (150°C, 80V)",ATE_BENCH_01,CH_04,VALID,0,,10.0,synthetic
LOT_D02_C004,LOT_D02,IDSS,168,0.4748303742067489,uA,150.0,"HTRB (150°C, 80V)",ATE_BENCH_01,CH_04,VALID,0,,10.0,synthetic
LOT_D02_C004,LOT_D02,VGS(th),0,3.59602129847306,V,150.0,"HTGB (150°C, 20V)",ATE_BENCH_01,CH_04,VALID,0,2.0,4.0,synthetic
LOT_D02_C004,LOT_D02,VGS(th),24,3.5467028731560983,V,150.0,"HTGB (150°C, 20V)",ATE_BENCH_01,CH_04,VALID,0,2.0,4.0,synthetic
LOT_D02_C004,LOT_D02,VGS(th),96,3.5321035433803267,V,150.0,"HTGB (150°C, 20V)",ATE_BENCH_01,CH_04,VALID,0,2.0,4.0,synthetic
LOT_D02_C004,LOT_D02,VGS(th),168,3.576909304393407,V,150.0,"HTGB (150°C, 20V)",ATE_BENCH_01,CH_04,VALID,0,2.0,4.0,synthetic
LOT_D02_C004,LOT_D02,RDS(on),0,42.39439732962471,mOhm,125.0,Operating Life / Power Conduction (TJ=125-150°C),ATE_BENCH_01,CH_04,VALID,0,,60.0,synthetic
LOT_D02_C004,LOT_D02,RDS(on),24,42.21796027476787,mOhm,125.0,Operating Life / Power Conduction (TJ=125-150°C),ATE_BENCH_01,CH_04,VALID,0,,60.0,synthetic
LOT_D02_C004,LOT_D02,RDS(on),96,41.39906356658002,mOhm,125.0,Operating Life / Power Conduction (TJ=125-150°C),ATE_BENCH_01,CH_04,VALID,0,,60.0,synthetic
LOT_D02_C004,LOT_D02,RDS(on),168,42.652099443142816,mOhm,125.0,Operating Life / Power Conduction (TJ=125-150°C),ATE_BENCH_01,CH_04,VALID,0,,60.0,synthetic
LOT_D02_C004,LOT_D02,IGSS,0,-0.9105658042717777,nA,150.0,"HTGB (150°C, ±20V)",ATE_BENCH_01,CH_04,VALID,0,-100.0,100.0,synthetic
LOT_D02_C004,LOT_D02,IGSS,24,-1.1309170697341875,nA,150.0,"HTGB (150°C, ±20V)",ATE_BENCH_01,CH_04,VALID,0,-100.0,100.0,synthetic
LOT_D02_C004,LOT_D02,IGSS,96,-1.6125728040865304,nA,150.0,"HTGB (150°C, ±20V)",ATE_BENCH_01,CH_04,VALID,0,-100.0,100.0,synthetic
LOT_D02_C004,LOT_D02,IGSS,168,-0.45313213619055326,nA,150.0,"HTGB (150°C, ±20V)",ATE_BENCH_01,CH_04,VALID,0,-100.0,100.0,synthetic
LOT_D02_C005,LOT_D02,IDSS,0,0.6358061830287872,uA,150.0,"HTRB (150°C, 80V)",ATE_BENCH_01,CH_05,VALID,0,,10.0,synthetic
LOT_D02_C005,LOT_D02,IDSS,24,0.6812956771862793,uA,150.0,"HTRB (150°C, 80V)",ATE_BENCH_01,CH_05,VALID,0,,10.0,synthetic
LOT_D02_C005,LOT_D02,IDSS,96,0.6913160032241524,uA,150.0,"HTRB (150°C, 80V)",ATE_BENCH_01,CH_05,VALID,0,,10.0,synthetic
LOT_D02_C005,LOT_D02,IDSS,168,0.6166872073734903,uA,150.0,"HTRB (150°C, 80V)",ATE_BENCH_01,CH_05,VALID,0,,10.0,synthetic
LOT_D02_C005,LOT_D02,VGS(th),0,2.7966554256532916,V,150.0,"HTGB (150°C, 20V)",ATE_BENCH_01,CH_05,VALID,0,2.0,4.0,synthetic
LOT_D02_C005,LOT_D02,VGS(th),24,2.838116913007799,V,150.0,"HTGB (150°C, 20V)",ATE_BENCH_01,CH_05,VALID,0,2.0,4.0,synthetic
LOT_D02_C005,LOT_D02,VGS(th),96,2.8188227437210336,V,150.0,"HTGB (150°C, 20V)",ATE_BENCH_01,CH_05,VALID,0,2.0,4.0,synthetic
LOT_D02_C005,LOT_D02,VGS(th),168,2.801647764008103,V,150.0,"HTGB (150°C, 20V)",ATE_BENCH_01,CH_05,VALID,0,2.0,4.0,synthetic
LOT_D02_C005,LOT_D02,RDS(on),0,46.370200891354145,mOhm,125.0,Operating Life / Power Conduction (TJ=125-150°C),ATE_BENCH_01,CH_05,VALID,0,,60.0,synthetic
LOT_D02_C005,LOT_D02,RDS(on),24,47.3182815819957,mOhm,125.0,Operating Life / Power Conduction (TJ=125-150°C),ATE_BENCH_01,CH_05,VALID,0,,60.0,synthetic
LOT_D02_C005,LOT_D02,RDS(on),96,45.8231964264543,mOhm,125.0,Operating Life / Power Conduction (TJ=125-150°C),ATE_BENCH_01,CH_05,VALID,0,,60.0,synthetic
LOT_D02_C005,LOT_D02,RDS(on),168,46.277347576253476,mOhm,125.0,Operating Life / Power Conduction (TJ=125-150°C),ATE_BENCH_01,CH_05,VALID,0,,60.0,synthetic
LOT_D02_C005,LOT_D02,IGSS,0,1.851537822166294,nA,150.0,"HTGB (150°C, ±20V)",ATE_BENCH_01,CH_05,VALID,0,-100.0,100.0,synthetic
LOT_D02_C005,LOT_D02,IGSS,24,2.698763269288511,nA,150.0,"HTGB (150°C, ±20V)",ATE_BENCH_01,CH_05,VALID,0,-100.0,100.0,synthetic
LOT_D02_C005,LOT_D02,IGSS,96,1.4562828017923046,nA,150.0,"HTGB (150°C, ±20V)",ATE_BENCH_01,CH_05,VALID,0,-100.0,100.0,synthetic
LOT_D02_C005,LOT_D02,IGSS,168,1.4198172789496692,nA,150.0,"HTGB (150°C, ±20V)",ATE_BENCH_01,CH_05,VALID,0,-100.0,100.0,synthetic
LOT_D02_C006,LOT_D02,IDSS,0,0.713244262839659,uA,150.0,"HTRB (150°C, 80V)",ATE_BENCH_01,CH_06,VALID,0,,10.0,synthetic
LOT_D02_C006,LOT_D02,IDSS,24,0.6815097922894617,uA,150.0,"HTRB (150°C, 80V)",ATE_BENCH_01,CH_06,VALID,0,,10.0,synthetic
LOT_D02_C006,LOT_D02,IDSS,96,0.7125104856091946,uA,150.0,"HTRB (150°C, 80V)",ATE_BENCH_01,CH_06,VALID,0,,10.0,synthetic
LOT_D02_C006,LOT_D02,IDSS,168,0.700685078016742,uA,150.0,"HTRB (150°C, 80V)",ATE_BENCH_01,CH_06,VALID,0,,10.0,synthetic
LOT_D02_C006,LOT_D02,VGS(th),0,2.854466627639612,V,150.0,"HTGB (150°C, 20V)",ATE_BENCH_01,CH_06,VALID,0,2.0,4.0,synthetic
LOT_D02_C006,LOT_D02,VGS(th),24,2.8337804273059106,V,150.0,"HTGB (150°C, 20V)",ATE_BENCH_01,CH_06,VALID,0,2.0,4.0,synthetic
LOT_D02_C006,LOT_D02,VGS(th),96,2.8367309333724577,V,150.0,"HTGB (150°C, 20V)",ATE_BENCH_01,CH_06,VALID,0,2.0,4.0,synthetic
LOT_D02_C006,LOT_D02,VGS(th),168,2.856014098556791,V,150.0,"HTGB (150°C, 20V)",ATE_BENCH_01,CH_06,VALID,0,2.0,4.0,synthetic
LOT_D02_C006,LOT_D02,RDS(on),0,56.96068964025001,mOhm,125.0,Operating Life / Power Conduction (TJ=125-150°C),ATE_BENCH_01,CH_06,VALID,0,,60.0,synthetic
LOT_D02_C006,LOT_D02,RDS(on),24,58.19060848420367,mOhm,125.0,Operating Life / Power Conduction (TJ=125-150°C),ATE_BENCH_01,CH_06,VALID,0,,60.0,synthetic
LOT_D02_C006,LOT_D02,RDS(on),96,57.35479305918927,mOhm,125.0,Operating Life / Power Conduction (TJ=125-150°C),ATE_BENCH_01,CH_06,VALID,0,,60.0,synthetic
LOT_D02_C006,LOT_D02,RDS(on),168,57.629219375953426,mOhm,125.0,Operating Life / Power Conduction (TJ=125-150°C),ATE_BENCH_01,CH_06,VALID,0,,60.0,synthetic
LOT_D02_C006,LOT_D02,IGSS,0,-1.638565261524468,nA,150.0,"HTGB (150°C, ±20V)",ATE_BENCH_01,CH_06,VALID,0,-100.0,100.0,synthetic
LOT_D02_C006,LOT_D02,IGSS,24,-1.587793601765965,nA,150.0,"HTGB (150°C, ±20V)",ATE_BENCH_01,CH_06,VALID,0,-100.0,100.0,synthetic
LOT_D02_C006,LOT_D02,IGSS,96,-1.7568458142800714,nA,150.0,"HTGB (150°C, ±20V)",ATE_BENCH_01,CH_06,VALID,0,-100.0,100.0,synthetic
LOT_D02_C006,LOT_D02,IGSS,168,-1.3076080994299568,nA,150.0,"HTGB (150°C, ±20V)",ATE_BENCH_01,CH_06,VALID,0,-100.0,100.0,synthetic
LOT_D02_C007,LOT_D02,IDSS,0,0.5938336954667887,uA,150.0,"HTRB (150°C, 80V)",ATE_BENCH_01,CH_07,VALID,0,,10.0,synthetic
LOT_D02_C007,LOT_D02,IDSS,24,0.5117558632104736,uA,150.0,"HTRB (150°C, 80V)",ATE_BENCH_01,CH_07,VALID,0,,10.0,synthetic
LOT_D02_C007,LOT_D02,IDSS,96,0.46668794910333955,uA,150.0,"HTRB (150°C, 80V)",ATE_BENCH_01,CH_07,VALID,0,,10.0,synthetic
LOT_D02_C007,LOT_D02,IDSS,168,0.49709697611581094,uA,150.0,"HTRB (150°C, 80V)",ATE_BENCH_01,CH_07,VALID,0,,10.0,synthetic
LOT_D02_C007,LOT_D02,VGS(th),0,2.8389958502855697,V,150.0,"HTGB (150°C, 20V)",ATE_BENCH_01,CH_07,VALID,0,2.0,4.0,synthetic
LOT_D02_C007,LOT_D02,VGS(th),24,2.8730748641935597,V,150.0,"HTGB (150°C, 20V)",ATE_BENCH_01,CH_07,VALID,0,2.0,4.0,synthetic
LOT_D02_C007,LOT_D02,VGS(th),96,2.8671085487763657,V,150.0,"HTGB (150°C, 20V)",ATE_BENCH_01,CH_07,VALID,0,2.0,4.0,synthetic
LOT_D02_C007,LOT_D02,VGS(th),168,2.864439188731847,V,150.0,"HTGB (150°C, 20V)",ATE_BENCH_01,CH_07,VALID,0,2.0,4.0,synthetic
LOT_D02_C007,LOT_D02,RDS(on),0,44.701942341831106,mOhm,125.0,Operating Life / Power Conduction (TJ=125-150°C),ATE_BENCH_01,CH_07,VALID,0,,60.0,synthetic
LOT_D02_C007,LOT_D02,RDS(on),24,43.72590850765618,mOhm,125.0,Operating Life / Power Conduction (TJ=125-150°C),ATE_BENCH_01,CH_07,VALID,0,,60.0,synthetic
LOT_D02_C007,LOT_D02,RDS(on),96,44.98252217778445,mOhm,125.0,Operating Life / Power Conduction (TJ=125-150°C),ATE_BENCH_01,CH_07,VALID,0,,60.0,synthetic
LOT_D02_C007,LOT_D02,RDS(on),168,44.83485876532728,mOhm,125.0,Operating Life / Power Conduction (TJ=125-150°C),ATE_BENCH_01,CH_07,VALID,0,,60.0,synthetic
LOT_D02_C007,LOT_D02,IGSS,0,2.506132017508948,nA,150.0,"HTGB (150°C, ±20V)",ATE_BENCH_01,CH_07,VALID,0,-100.0,100.0,synthetic
LOT_D02_C007,LOT_D02,IGSS,24,3.004670977603843,nA,150.0,"HTGB (150°C, ±20V)",ATE_BENCH_01,CH_07,VALID,0,-100.0,100.0,synthetic
LOT_D02_C007,LOT_D02,IGSS,96,2.672496100988954,nA,150.0,"HTGB (150°C, ±20V)",ATE_BENCH_01,CH_07,VALID,0,-100.0,100.0,synthetic
LOT_D02_C007,LOT_D02,IGSS,168,2.537510561575796,nA,150.0,"HTGB (150°C, ±20V)",ATE_BENCH_01,CH_07,VALID,0,-100.0,100.0,synthetic
LOT_D02_C008,LOT_D02,IDSS,0,1.8916868602053658,uA,150.0,"HTRB (150°C, 80V)",ATE_BENCH_01,CH_08,VALID,0,,10.0,synthetic
LOT_D02_C008,LOT_D02,IDSS,24,2.046790444192094,uA,150.0,"HTRB (150°C, 80V)",ATE_BENCH_01,CH_08,VALID,0,,10.0,synthetic
LOT_D02_C008,LOT_D02,IDSS,96,1.8424379811020188,uA,150.0,"HTRB (150°C, 80V)",ATE_BENCH_01,CH_08,VALID,0,,10.0,synthetic
LOT_D02_C008,LOT_D02,IDSS,168,2.1088431360296997,uA,150.0,"HTRB (150°C, 80V)",ATE_BENCH_01,CH_08,VALID,0,,10.0,synthetic
LOT_D02_C008,LOT_D02,VGS(th),0,2.8293789392931386,V,150.0,"HTGB (150°C, 20V)",ATE_BENCH_01,CH_08,VALID,0,2.0,4.0,synthetic
LOT_D02_C008,LOT_D02,VGS(th),24,2.882769234172569,V,150.0,"HTGB (150°C, 20V)",ATE_BENCH_01,CH_08,VALID,0,2.0,4.0,synthetic
LOT_D02_C008,LOT_D02,VGS(th),96,2.8433208261851464,V,150.0,"HTGB (150°C, 20V)",ATE_BENCH_01,CH_08,VALID,0,2.0,4.0,synthetic
LOT_D02_C008,LOT_D02,VGS(th),168,2.8708045890933946,V,150.0,"HTGB (150°C, 20V)",ATE_BENCH_01,CH_08,VALID,0,2.0,4.0,synthetic
LOT_D02_C008,LOT_D02,RDS(on),0,47.630247661561526,mOhm,125.0,Operating Life / Power Conduction (TJ=125-150°C),ATE_BENCH_01,CH_08,VALID,0,,60.0,synthetic
LOT_D02_C008,LOT_D02,RDS(on),24,48.355453869960485,mOhm,125.0,Operating Life / Power Conduction (TJ=125-150°C),ATE_BENCH_01,CH_08,VALID,0,,60.0,synthetic
LOT_D02_C008,LOT_D02,RDS(on),96,48.75556066353495,mOhm,125.0,Operating Life / Power Conduction (TJ=125-150°C),ATE_BENCH_01,CH_08,VALID,0,,60.0,synthetic
LOT_D02_C008,LOT_D02,RDS(on),168,49.95583492571924,mOhm,125.0,Operating Life / Power Conduction (TJ=125-150°C),ATE_BENCH_01,CH_08,VALID,0,,60.0,synthetic
LOT_D02_C008,LOT_D02,IGSS,0,-1.8958318867031003,nA,150.0,"HTGB (150°C, ±20V)",ATE_BENCH_01,CH_08,VALID,0,-100.0,100.0,synthetic
LOT_D02_C008,LOT_D02,IGSS,24,-1.705386062873248,nA,150.0,"HTGB (150°C, ±20V)",ATE_BENCH_01,CH_08,VALID,0,-100.0,100.0,synthetic
LOT_D02_C008,LOT_D02,IGSS,96,-0.9643220136960882,nA,150.0,"HTGB (150°C, ±20V)",ATE_BENCH_01,CH_08,VALID,0,-100.0,100.0,synthetic
LOT_D02_C008,LOT_D02,IGSS,168,-1.6237307225782314,nA,150.0,"HTGB (150°C, ±20V)",ATE_BENCH_01,CH_08,VALID,0,-100.0,100.0,synthetic
LOT_D02_C009,LOT_D02,IDSS,0,0.631305195477529,uA,150.0,"HTRB (150°C, 80V)",ATE_BENCH_01,CH_09,VALID,0,,10.0,synthetic
LOT_D02_C009,LOT_D02,IDSS,24,0.8265447146853611,uA,150.0,"HTRB (150°C, 80V)",ATE_BENCH_01,CH_09,VALID,0,,10.0,synthetic
LOT_D02_C009,LOT_D02,IDSS,96,0.6198694373115462,uA,150.0,"HTRB (150°C, 80V)",ATE_BENCH_01,CH_09,VALID,0,,10.0,synthetic
LOT_D02_C009,LOT_D02,IDSS,168,0.6610317684260206,uA,150.0,"HTRB (150°C, 80V)",ATE_BENCH_01,CH_09,VALID,0,,10.0,synthetic
LOT_D02_C009,LOT_D02,VGS(th),0,2.9434640934567646,V,150.0,"HTGB (150°C, 20V)",ATE_BENCH_01,CH_09,VALID,0,2.0,4.0,synthetic
LOT_D02_C009,LOT_D02,VGS(th),24,2.958187559065394,V,150.0,"HTGB (150°C, 20V)",ATE_BENCH_01,CH_09,VALID,0,2.0,4.0,synthetic
LOT_D02_C009,LOT_D02,VGS(th),96,2.966452732991649,V,150.0,"HTGB (150°C, 20V)",ATE_BENCH_01,CH_09,VALID,0,2.0,4.0,synthetic
LOT_D02_C009,LOT_D02,VGS(th),168,2.9519059179922085,V,150.0,"HTGB (150°C, 20V)",ATE_BENCH_01,CH_09,VALID,0,2.0,4.0,synthetic
LOT_D02_C009,LOT_D02,RDS(on),0,46.03949718898061,mOhm,125.0,Operating Life / Power Conduction (TJ=125-150°C),ATE_BENCH_01,CH_09,VALID,0,,60.0,synthetic
LOT_D02_C009,LOT_D02,RDS(on),24,46.631153861820685,mOhm,125.0,Operating Life / Power Conduction (TJ=125-150°C),ATE_BENCH_01,CH_09,VALID,0,,60.0,synthetic
LOT_D02_C009,LOT_D02,RDS(on),96,46.45611252824978,mOhm,125.0,Operating Life / Power Conduction (TJ=125-150°C),ATE_BENCH_01,CH_09,VALID,0,,60.0,synthetic
LOT_D02_C009,LOT_D02,RDS(on),168,46.34620318438018,mOhm,125.0,Operating Life / Power Conduction (TJ=125-150°C),ATE_BENCH_01,CH_09,VALID,0,,60.0,synthetic
LOT_D02_C009,LOT_D02,IGSS,0,4.545229610068737,nA,150.0,"HTGB (150°C, ±20V)",ATE_BENCH_01,CH_09,VALID,0,-100.0,100.0,synthetic
LOT_D02_C009,LOT_D02,IGSS,24,3.498479146162965,nA,150.0,"HTGB (150°C, ±20V)",ATE_BENCH_01,CH_09,VALID,0,-100.0,100.0,synthetic
LOT_D02_C009,LOT_D02,IGSS,96,5.297700193461278,nA,150.0,"HTGB (150°C, ±20V)",ATE_BENCH_01,CH_09,VALID,0,-100.0,100.0,synthetic
LOT_D02_C009,LOT_D02,IGSS,168,4.177107584726653,nA,150.0,"HTGB (150°C, ±20V)",ATE_BENCH_01,CH_09,VALID,0,-100.0,100.0,synthetic
LOT_D02_C010,LOT_D02,IDSS,0,0.49324568486566633,uA,150.0,"HTRB (150°C, 80V)",ATE_BENCH_01,CH_10,VALID,0,,10.0,synthetic
LOT_D02_C010,LOT_D02,IDSS,24,0.47951492121282563,uA,150.0,"HTRB (150°C, 80V)",ATE_BENCH_01,CH_10,VALID,0,,10.0,synthetic
LOT_D02_C010,LOT_D02,IDSS,96,0.5562946203197013,uA,150.0,"HTRB (150°C, 80V)",ATE_BENCH_01,CH_10,VALID,0,,10.0,synthetic
LOT_D02_C010,LOT_D02,IDSS,168,0.5396820250426807,uA,150.0,"HTRB (150°C, 80V)",ATE_BENCH_01,CH_10,VALID,0,,10.0,synthetic
LOT_D02_C010,LOT_D02,VGS(th),0,3.5023975578234836,V,150.0,"HTGB (150°C, 20V)",ATE_BENCH_01,CH_10,VALID,0,2.0,4.0,synthetic
LOT_D02_C010,LOT_D02,VGS(th),24,3.5073173838669494,V,150.0,"HTGB (150°C, 20V)",ATE_BENCH_01,CH_10,VALID,0,2.0,4.0,synthetic
LOT_D02_C010,LOT_D02,VGS(th),96,3.540933001293868,V,150.0,"HTGB (150°C, 20V)",ATE_BENCH_01,CH_10,VALID,0,2.0,4.0,synthetic
LOT_D02_C010,LOT_D02,VGS(th),168,3.516154439627739,V,150.0,"HTGB (150°C, 20V)",ATE_BENCH_01,CH_10,VALID,0,2.0,4.0,synthetic
LOT_D02_C010,LOT_D02,RDS(on),0,42.12818946697365,mOhm,125.0,Operating Life / Power Conduction (TJ=125-150°C),ATE_BENCH_01,CH_10,VALID,0,,60.0,synthetic
LOT_D02_C010,LOT_D02,RDS(on),24,43.495552432551406,mOhm,125.0,Operating Life / Power Conduction (TJ=125-150°C),ATE_BENCH_01,CH_10,VALID,0,,60.0,synthetic
LOT_D02_C010,LOT_D02,RDS(on),96,42.84162516924249,mOhm,125.0,Operating Life / Power Conduction (TJ=125-150°C),ATE_BENCH_01,CH_10,VALID,0,,60.0,synthetic
LOT_D02_C010,LOT_D02,RDS(on),168,42.42718225402689,mOhm,125.0,Operating Life / Power Conduction (TJ=125-150°C),ATE_BENCH_01,CH_10,VALID,0,,60.0,synthetic
LOT_D02_C010,LOT_D02,IGSS,0,-3.106478955855794,nA,150.0,"HTGB (150°C, ±20V)",ATE_BENCH_01,CH_10,VALID,0,-100.0,100.0,synthetic
LOT_D02_C010,LOT_D02,IGSS,24,-1.906342465224399,nA,150.0,"HTGB (150°C, ±20V)",ATE_BENCH_01,CH_10,VALID,0,-100.0,100.0,synthetic
LOT_D02_C010,LOT_D02,IGSS,96,-4.47369121722741,nA,150.0,"HTGB (150°C, ±20V)",ATE_BENCH_01,CH_10,VALID,0,-100.0,100.0,synthetic
LOT_D02_C010,LOT_D02,IGSS,168,-3.7918761478691687,nA,150.0,"HTGB (150°C, ±20V)",ATE_BENCH_01,CH_10,VALID,0,-100.0,100.0,synthetic
LOT_D02_C011,LOT_D02,IDSS,0,0.6167718275840068,uA,150.0,"HTRB (150°C, 80V)",ATE_BENCH_01,CH_11,VALID,0,,10.0,synthetic
LOT_D02_C011,LOT_D02,IDSS,24,0.6515897705141135,uA,150.0,"HTRB (150°C, 80V)",ATE_BENCH_01,CH_11,VALID,0,,10.0,synthetic
LOT_D02_C011,LOT_D02,IDSS,96,0.6352981943503256,uA,150.0,"HTRB (150°C, 80V)",ATE_BENCH_01,CH_11,VALID,0,,10.0,synthetic
LOT_D02_C011,LOT_D02,IDSS,168,0.6419431004570558,uA,150.0,"HTRB (150°C, 80V)",ATE_BENCH_01,CH_11,VALID,0,,10.0,synthetic
LOT_D02_C011,LOT_D02,VGS(th),0,2.8268827853925167,V,150.0,"HTGB (150°C, 20V)",ATE_BENCH_01,CH_11,VALID,0,2.0,4.0,synthetic
LOT_D02_C011,LOT_D02,VGS(th),24,2.8545243358014987,V,150.0,"HTGB (150°C, 20V)",ATE_BENCH_01,CH_11,VALID,0,2.0,4.0,synthetic
LOT_D02_C011,LOT_D02,VGS(th),96,2.8465116532734087,V,150.0,"HTGB (150°C, 20V)",ATE_BENCH_01,CH_11,VALID,0,2.0,4.0,synthetic
LOT_D02_C011,LOT_D02,VGS(th),168,2.8760810170536937,V,150.0,"HTGB (150°C, 20V)",ATE_BENCH_01,CH_11,VALID,0,2.0,4.0,synthetic
LOT_D02_C011,LOT_D02,RDS(on),0,38.32565532431234,mOhm,125.0,Operating Life / Power Conduction (TJ=125-150°C),ATE_BENCH_01,CH_11,VALID,0,,60.0,synthetic
LOT_D02_C011,LOT_D02,RDS(on),24,38.56075851822637,mOhm,125.0,Operating Life / Power Conduction (TJ=125-150°C),ATE_BENCH_01,CH_11,VALID,0,,60.0,synthetic
LOT_D02_C011,LOT_D02,RDS(on),96,38.62564300734996,mOhm,125.0,Operating Life / Power Conduction (TJ=125-150°C),ATE_BENCH_01,CH_11,VALID,0,,60.0,synthetic
LOT_D02_C011,LOT_D02,RDS(on),168,37.80277824517322,mOhm,125.0,Operating Life / Power Conduction (TJ=125-150°C),ATE_BENCH_01,CH_11,VALID,0,,60.0,synthetic
LOT_D02_C011,LOT_D02,IGSS,0,2.8490309456403073,nA,150.0,"HTGB (150°C, ±20V)",ATE_BENCH_01,CH_11,VALID,0,-100.0,100.0,synthetic
LOT_D02_C011,LOT_D02,IGSS,24,1.9373309024941558,nA,150.0,"HTGB (150°C, ±20V)",ATE_BENCH_01,CH_11,VALID,0,-100.0,100.0,synthetic
LOT_D02_C011,LOT_D02,IGSS,96,2.6038117728128114,nA,150.0,"HTGB (150°C, ±20V)",ATE_BENCH_01,CH_11,VALID,0,-100.0,100.0,synthetic
LOT_D02_C011,LOT_D02,IGSS,168,1.5228579269889355,nA,150.0,"HTGB (150°C, ±20V)",ATE_BENCH_01,CH_11,VALID,0,-100.0,100.0,synthetic
LOT_D02_C012,LOT_D02,IDSS,0,0.4101829057153839,uA,150.0,"HTRB (150°C, 80V)",ATE_BENCH_01,CH_12,VALID,0,,10.0,synthetic
LOT_D02_C012,LOT_D02,IDSS,24,0.45533421553330317,uA,150.0,"HTRB (150°C, 80V)",ATE_BENCH_01,CH_12,VALID,0,,10.0,synthetic
LOT_D02_C012,LOT_D02,IDSS,96,0.5009797804560739,uA,150.0,"HTRB (150°C, 80V)",ATE_BENCH_01,CH_12,VALID,0,,10.0,synthetic
LOT_D02_C012,LOT_D02,IDSS,168,0.4819932349009418,uA,150.0,"HTRB (150°C, 80V)",ATE_BENCH_01,CH_12,VALID,0,,10.0,synthetic
LOT_D02_C012,LOT_D02,VGS(th),0,2.9325170004569556,V,150.0,"HTGB (150°C, 20V)",ATE_BENCH_01,CH_12,VALID,0,2.0,4.0,synthetic
LOT_D02_C012,LOT_D02,VGS(th),24,2.899694439436347,V,150.0,"HTGB (150°C, 20V)",ATE_BENCH_01,CH_12,VALID,0,2.0,4.0,synthetic
LOT_D02_C012,LOT_D02,VGS(th),96,2.927614888157395,V,150.0,"HTGB (150°C, 20V)",ATE_BENCH_01,CH_12,VALID,0,2.0,4.0,synthetic
LOT_D02_C012,LOT_D02,VGS(th),168,2.9523461156109376,V,150.0,"HTGB (150°C, 20V)",ATE_BENCH_01,CH_12,VALID,0,2.0,4.0,synthetic
LOT_D02_C012,LOT_D02,RDS(on),0,54.30902979398226,mOhm,125.0,Operating Life / Power Conduction (TJ=125-150°C),ATE_BENCH_01,CH_12,VALID,0,,60.0,synthetic
LOT_D02_C012,LOT_D02,RDS(on),24,55.389160185002495,mOhm,125.0,Operating Life / Power Conduction (TJ=125-150°C),ATE_BENCH_01,CH_12,VALID,0,,60.0,synthetic
LOT_D02_C012,LOT_D02,RDS(on),96,56.100105216335855,mOhm,125.0,Operating Life / Power Conduction (TJ=125-150°C),ATE_BENCH_01,CH_12,VALID,0,,60.0,synthetic
LOT_D02_C012,LOT_D02,RDS(on),168,55.570497676355274,mOhm,125.0,Operating Life / Power Conduction (TJ=125-150°C),ATE_BENCH_01,CH_12,VALID,0,,60.0,synthetic
LOT_D02_C012,LOT_D02,IGSS,0,-0.6286542835577122,nA,150.0,"HTGB (150°C, ±20V)",ATE_BENCH_01,CH_12,VALID,0,-100.0,100.0,synthetic
LOT_D02_C012,LOT_D02,IGSS,24,-0.3969444648757671,nA,150.0,"HTGB (150°C, ±20V)",ATE_BENCH_01,CH_12,VALID,0,-100.0,100.0,synthetic
LOT_D02_C012,LOT_D02,IGSS,168,-0.22221970147415285,nA,150.0,"HTGB (150°C, ±20V)",ATE_BENCH_01,CH_12,VALID,0,-100.0,100.0,synthetic
LOT_D02_C013,LOT_D02,IDSS,0,0.8124259490794283,uA,150.0,"HTRB (150°C, 80V)",ATE_BENCH_01,CH_13,VALID,0,,10.0,synthetic
LOT_D02_C013,LOT_D02,IDSS,24,0.6526643403931173,uA,150.0,"HTRB (150°C, 80V)",ATE_BENCH_01,CH_13,VALID,0,,10.0,synthetic
LOT_D02_C013,LOT_D02,IDSS,96,0.7514757160683974,uA,150.0,"HTRB (150°C, 80V)",ATE_BENCH_01,CH_13,VALID,0,,10.0,synthetic
LOT_D02_C013,LOT_D02,IDSS,168,0.7541651903015815,uA,150.0,"HTRB (150°C, 80V)",ATE_BENCH_01,CH_13,VALID,0,,10.0,synthetic
LOT_D02_C013,LOT_D02,VGS(th),0,2.7757199392157865,V,150.0,"HTGB (150°C, 20V)",ATE_BENCH_01,CH_13,VALID,0,2.0,4.0,synthetic
LOT_D02_C013,LOT_D02,VGS(th),24,2.7826606274376826,V,150.0,"HTGB (150°C, 20V)",ATE_BENCH_01,CH_13,VALID,0,2.0,4.0,synthetic
LOT_D02_C013,LOT_D02,VGS(th),96,2.746222125381283,V,150.0,"HTGB (150°C, 20V)",ATE_BENCH_01,CH_13,VALID,0,2.0,4.0,synthetic
LOT_D02_C013,LOT_D02,VGS(th),168,2.7904325862524972,V,150.0,"HTGB (150°C, 20V)",ATE_BENCH_01,CH_13,VALID,0,2.0,4.0,synthetic
LOT_D02_C013,LOT_D02,RDS(on),0,44.89705503874626,mOhm,125.0,Operating Life / Power Conduction (TJ=125-150°C),ATE_BENCH_01,CH_13,VALID,0,,60.0,synthetic
LOT_D02_C013,LOT_D02,RDS(on),24,44.30433976884399,mOhm,125.0,Operating Life / Power Conduction (TJ=125-150°C),ATE_BENCH_01,CH_13,VALID,0,,60.0,synthetic
LOT_D02_C013,LOT_D02,RDS(on),96,44.66820254084863,mOhm,125.0,Operating Life / Power Conduction (TJ=125-150°C),ATE_BENCH_01,CH_13,VALID,0,,60.0,synthetic
LOT_D02_C013,LOT_D02,RDS(on),168,45.246057016875156,mOhm,125.0,Operating Life / Power Conduction (TJ=125-150°C),ATE_BENCH_01,CH_13,VALID,0,,60.0,synthetic
LOT_D02_C013,LOT_D02,IGSS,0,4.8428374713122535,nA,150.0,"HTGB (150°C, ±20V)",ATE_BENCH_01,CH_13,VALID,0,-100.0,100.0,synthetic
LOT_D02_C013,LOT_D02,IGSS,24,2.1751735671221613,nA,150.0,"HTGB (150°C, ±20V)",ATE_BENCH_01,CH_13,VALID,0,-100.0,100.0,synthetic
LOT_D02_C013,LOT_D02,IGSS,96,3.044691711651212,nA,150.0,"HTGB (150°C, ±20V)",ATE_BENCH_01,CH_13,VALID,0,-100.0,100.0,synthetic
LOT_D02_C013,LOT_D02,IGSS,168,1.9258914353780336,nA,150.0,"HTGB (150°C, ±20V)",ATE_BENCH_01,CH_13,VALID,0,-100.0,100.0,synthetic
LOT_D02_C014,LOT_D02,IDSS,0,2.2973582547174076,uA,150.0,"HTRB (150°C, 80V)",ATE_BENCH_01,CH_14,VALID,0,,10.0,synthetic
LOT_D02_C014,LOT_D02,IDSS,24,2.1422814307272975,uA,150.0,"HTRB (150°C, 80V)",ATE_BENCH_01,CH_14,VALID,0,,10.0,synthetic
LOT_D02_C014,LOT_D02,IDSS,96,2.3618353895963233,uA,150.0,"HTRB (150°C, 80V)",ATE_BENCH_01,CH_14,VALID,0,,10.0,synthetic
LOT_D02_C014,LOT_D02,IDSS,168,1.970864422342277,uA,150.0,"HTRB (150°C, 80V)",ATE_BENCH_01,CH_14,VALID,0,,10.0,synthetic
LOT_D02_C014,LOT_D02,VGS(th),0,2.667182625166994,V,150.0,"HTGB (150°C, 20V)",ATE_BENCH_01,CH_14,VALID,0,2.0,4.0,synthetic
LOT_D02_C014,LOT_D02,VGS(th),24,2.7312334303778485,V,150.0,"HTGB (150°C, 20V)",ATE_BENCH_01,CH_14,VALID,0,2.0,4.0,synthetic
LOT_D02_C014,LOT_D02,VGS(th),96,2.6979407910734725,V,150.0,"HTGB (150°C, 20V)",ATE_BENCH_01,CH_14,VALID,0,2.0,4.0,synthetic
LOT_D02_C014,LOT_D02,VGS(th),168,2.684675741101292,V,150.0,"HTGB (150°C, 20V)",ATE_BENCH_01,CH_14,VALID,0,2.0,4.0,synthetic
LOT_D02_C014,LOT_D02,RDS(on),0,46.66060642034759,mOhm,125.0,Operating Life / Power Conduction (TJ=125-150°C),ATE_BENCH_01,CH_14,VALID,0,,60.0,synthetic
LOT_D02_C014,LOT_D02,RDS(on),24,46.97069869507122,mOhm,125.0,Operating Life / Power Conduction (TJ=125-150°C),ATE_BENCH_01,CH_14,VALID,0,,60.0,synthetic
LOT_D02_C014,LOT_D02,RDS(on),96,45.827103825229926,mOhm,125.0,Operating Life / Power Conduction (TJ=125-150°C),ATE_BENCH_01,CH_14,VALID,0,,60.0,synthetic
LOT_D02_C014,LOT_D02,RDS(on),168,45.667660256178614,mOhm,125.0,Operating Life / Power Conduction (TJ=125-150°C),ATE_BENCH_01,CH_14,VALID,0,,60.0,synthetic
LOT_D02_C014,LOT_D02,IGSS,0,-2.5487169440122117,nA,150.0,"HTGB (150°C, ±20V)",ATE_BENCH_01,CH_14,VALID,0,-100.0,100.0,synthetic
LOT_D02_C014,LOT_D02,IGSS,24,-1.754923300825246,nA,150.0,"HTGB (150°C, ±20V)",ATE_BENCH_01,CH_14,VALID,0,-100.0,100.0,synthetic
LOT_D02_C014,LOT_D02,IGSS,96,-2.705397771585839,nA,150.0,"HTGB (150°C, ±20V)",ATE_BENCH_01,CH_14,VALID,0,-100.0,100.0,synthetic
LOT_D02_C014,LOT_D02,IGSS,168,-0.8824128347591591,nA,150.0,"HTGB (150°C, ±20V)",ATE_BENCH_01,CH_14,VALID,0,-100.0,100.0,synthetic
LOT_D02_C015,LOT_D02,IDSS,0,0.40593375281968685,uA,150.0,"HTRB (150°C, 80V)",ATE_BENCH_01,CH_15,VALID,0,,10.0,synthetic
LOT_D02_C015,LOT_D02,IDSS,24,0.4775132478641371,uA,150.0,"HTRB (150°C, 80V)",ATE_BENCH_01,CH_15,VALID,0,,10.0,synthetic
LOT_D02_C015,LOT_D02,IDSS,96,0.4625024335768444,uA,150.0,"HTRB (150°C, 80V)",ATE_BENCH_01,CH_15,VALID,0,,10.0,synthetic
LOT_D02_C015,LOT_D02,IDSS,168,0.44744737287564795,uA,150.0,"HTRB (150°C, 80V)",ATE_BENCH_01,CH_15,VALID,0,,10.0,synthetic
LOT_D02_C015,LOT_D02,VGS(th),0,2.9312225698517493,V,150.0,"HTGB (150°C, 20V)",ATE_BENCH_01,CH_15,VALID,0,2.0,4.0,synthetic
LOT_D02_C015,LOT_D02,VGS(th),24,2.951570591704866,V,150.0,"HTGB (150°C, 20V)",ATE_BENCH_01,CH_15,VALID,0,2.0,4.0,synthetic
LOT_D02_C015,LOT_D02,VGS(th),96,2.928671396977254,V,150.0,"HTGB (150°C, 20V)",ATE_BENCH_01,CH_15,VALID,0,2.0,4.0,synthetic
LOT_D02_C015,LOT_D02,VGS(th),168,2.9422688206428713,V,150.0,"HTGB (150°C, 20V)",ATE_BENCH_01,CH_15,VALID,0,2.0,4.0,synthetic
LOT_D02_C015,LOT_D02,RDS(on),0,47.96587933074106,mOhm,125.0,Operating Life / Power Conduction (TJ=125-150°C),ATE_BENCH_01,CH_15,VALID,0,,60.0,synthetic
LOT_D02_C015,LOT_D02,RDS(on),24,48.123031836528135,mOhm,125.0,Operating Life / Power Conduction (TJ=125-150°C),ATE_BENCH_01,CH_15,VALID,0,,60.0,synthetic
LOT_D02_C015,LOT_D02,RDS(on),96,47.88547591098854,mOhm,125.0,Operating Life / Power Conduction (TJ=125-150°C),ATE_BENCH_01,CH_15,VALID,0,,60.0,synthetic
LOT_D02_C015,LOT_D02,RDS(on),168,47.622980085288454,mOhm,125.0,Operating Life / Power Conduction (TJ=125-150°C),ATE_BENCH_01,CH_15,VALID,0,,60.0,synthetic
LOT_D02_C015,LOT_D02,IGSS,0,1.8470613430456,nA,150.0,"HTGB (150°C, ±20V)",ATE_BENCH_01,CH_15,VALID,0,-100.0,100.0,synthetic
LOT_D02_C015,LOT_D02,IGSS,24,2.176591657020726,nA,150.0,"HTGB (150°C, ±20V)",ATE_BENCH_01,CH_15,VALID,0,-100.0,100.0,synthetic
LOT_D02_C015,LOT_D02,IGSS,96,1.6976154048681429,nA,150.0,"HTGB (150°C, ±20V)",ATE_BENCH_01,CH_15,VALID,0,-100.0,100.0,synthetic
LOT_D02_C015,LOT_D02,IGSS,168,2.969192512778471,nA,150.0,"HTGB (150°C, ±20V)",ATE_BENCH_01,CH_15,VALID,0,-100.0,100.0,synthetic
LOT_D02_C016,LOT_D02,IDSS,0,0.7151549250617402,uA,150.0,"HTRB (150°C, 80V)",ATE_BENCH_01,CH_16,VALID,0,,10.0,synthetic
LOT_D02_C016,LOT_D02,IDSS,24,0.648225470522965,uA,150.0,"HTRB (150°C, 80V)",ATE_BENCH_01,CH_16,VALID,0,,10.0,synthetic
LOT_D02_C016,LOT_D02,IDSS,96,0.6326347166165713,uA,150.0,"HTRB (150°C, 80V)",ATE_BENCH_01,CH_16,VALID,0,,10.0,synthetic
LOT_D02_C016,LOT_D02,IDSS,168,0.6628640284970744,uA,150.0,"HTRB (150°C, 80V)",ATE_BENCH_01,CH_16,VALID,0,,10.0,synthetic
LOT_D02_C016,LOT_D02,VGS(th),0,3.398203205508205,V,150.0,"HTGB (150°C, 20V)",ATE_BENCH_01,CH_16,VALID,0,2.0,4.0,synthetic
LOT_D02_C016,LOT_D02,VGS(th),24,3.367888037056263,V,150.0,"HTGB (150°C, 20V)",ATE_BENCH_01,CH_16,VALID,0,2.0,4.0,synthetic
LOT_D02_C016,LOT_D02,VGS(th),96,3.4230670503825653,V,150.0,"HTGB (150°C, 20V)",ATE_BENCH_01,CH_16,VALID,0,2.0,4.0,synthetic
LOT_D02_C016,LOT_D02,VGS(th),168,3.38505663610428,V,150.0,"HTGB (150°C, 20V)",ATE_BENCH_01,CH_16,VALID,0,2.0,4.0,synthetic
LOT_D02_C016,LOT_D02,RDS(on),0,50.57344899259497,mOhm,125.0,Operating Life / Power Conduction (TJ=125-150°C),ATE_BENCH_01,CH_16,VALID,0,,60.0,synthetic
LOT_D02_C016,LOT_D02,RDS(on),24,51.01796362176287,mOhm,125.0,Operating Life / Power Conduction (TJ=125-150°C),ATE_BENCH_01,CH_16,VALID,0,,60.0,synthetic
LOT_D02_C016,LOT_D02,RDS(on),96,50.921876504389466,mOhm,125.0,Operating Life / Power Conduction (TJ=125-150°C),ATE_BENCH_01,CH_16,VALID,0,,60.0,synthetic
LOT_D02_C016,LOT_D02,RDS(on),168,50.65256928795451,mOhm,125.0,Operating Life / Power Conduction (TJ=125-150°C),ATE_BENCH_01,CH_16,VALID,0,,60.0,synthetic
LOT_D02_C016,LOT_D02,IGSS,0,-4.707595648547113,nA,150.0,"HTGB (150°C, ±20V)",ATE_BENCH_01,CH_16,VALID,0,-100.0,100.0,synthetic
LOT_D02_C016,LOT_D02,IGSS,24,-3.2087071872812416,nA,150.0,"HTGB (150°C, ±20V)",ATE_BENCH_01,CH_16,VALID,0,-100.0,100.0,synthetic
LOT_D02_C016,LOT_D02,IGSS,96,-4.150026391090277,nA,150.0,"HTGB (150°C, ±20V)",ATE_BENCH_01,CH_16,VALID,0,-100.0,100.0,synthetic
LOT_D02_C016,LOT_D02,IGSS,168,-2.9216591423092604,nA,150.0,"HTGB (150°C, ±20V)",ATE_BENCH_01,CH_16,VALID,0,-100.0,100.0,synthetic
LOT_D02_C017,LOT_D02,IDSS,0,0.650331633495821,uA,150.0,"HTRB (150°C, 80V)",ATE_BENCH_02,CH_01,VALID,0,,10.0,synthetic
LOT_D02_C017,LOT_D02,IDSS,24,0.575874012031403,uA,150.0,"HTRB (150°C, 80V)",ATE_BENCH_02,CH_01,VALID,0,,10.0,synthetic
LOT_D02_C017,LOT_D02,IDSS,96,0.5980382782635502,uA,150.0,"HTRB (150°C, 80V)",ATE_BENCH_02,CH_01,VALID,0,,10.0,synthetic
LOT_D02_C017,LOT_D02,IDSS,168,0.5456075646153945,uA,150.0,"HTRB (150°C, 80V)",ATE_BENCH_02,CH_01,VALID,0,,10.0,synthetic
LOT_D02_C017,LOT_D02,VGS(th),0,2.929527770948198,V,150.0,"HTGB (150°C, 20V)",ATE_BENCH_02,CH_01,VALID,0,2.0,4.0,synthetic
LOT_D02_C017,LOT_D02,VGS(th),24,2.896208054700349,V,150.0,"HTGB (150°C, 20V)",ATE_BENCH_02,CH_01,VALID,0,2.0,4.0,synthetic
LOT_D02_C017,LOT_D02,VGS(th),96,2.9634695587419904,V,150.0,"HTGB (150°C, 20V)",ATE_BENCH_02,CH_01,VALID,0,2.0,4.0,synthetic
LOT_D02_C017,LOT_D02,VGS(th),168,2.9385743343838855,V,150.0,"HTGB (150°C, 20V)",ATE_BENCH_02,CH_01,VALID,0,2.0,4.0,synthetic
LOT_D02_C017,LOT_D02,RDS(on),0,50.257888582599385,mOhm,125.0,Operating Life / Power Conduction (TJ=125-150°C),ATE_BENCH_02,CH_01,VALID,0,,60.0,synthetic
LOT_D02_C017,LOT_D02,RDS(on),24,49.83987002075803,mOhm,125.0,Operating Life / Power Conduction (TJ=125-150°C),ATE_BENCH_02,CH_01,VALID,0,,60.0,synthetic
LOT_D02_C017,LOT_D02,RDS(on),96,49.29054962429611,mOhm,125.0,Operating Life / Power Conduction (TJ=125-150°C),ATE_BENCH_02,CH_01,VALID,0,,60.0,synthetic
LOT_D02_C017,LOT_D02,RDS(on),168,49.8623705028748,mOhm,125.0,Operating Life / Power Conduction (TJ=125-150°C),ATE_BENCH_02,CH_01,VALID,0,,60.0,synthetic
LOT_D02_C017,LOT_D02,IGSS,0,1.5220822160730392,nA,150.0,"HTGB (150°C, ±20V)",ATE_BENCH_02,CH_01,VALID,0,-100.0,100.0,synthetic
LOT_D02_C017,LOT_D02,IGSS,24,1.0396878556733895,nA,150.0,"HTGB (150°C, ±20V)",ATE_BENCH_02,CH_01,VALID,0,-100.0,100.0,synthetic
LOT_D02_C017,LOT_D02,IGSS,96,1.2343734761512541,nA,150.0,"HTGB (150°C, ±20V)",ATE_BENCH_02,CH_01,VALID,0,-100.0,100.0,synthetic
LOT_D02_C017,LOT_D02,IGSS,168,1.0392104559295459,nA,150.0,"HTGB (150°C, ±20V)",ATE_BENCH_02,CH_01,VALID,0,-100.0,100.0,synthetic
LOT_D02_C018,LOT_D02,IDSS,0,0.6463773703897792,uA,150.0,"HTRB (150°C, 80V)",ATE_BENCH_02,CH_02,VALID,0,,10.0,synthetic
LOT_D02_C018,LOT_D02,IDSS,24,0.5732155440375472,uA,150.0,"HTRB (150°C, 80V)",ATE_BENCH_02,CH_02,VALID,0,,10.0,synthetic
LOT_D02_C018,LOT_D02,IDSS,96,0.6459680228798644,uA,150.0,"HTRB (150°C, 80V)",ATE_BENCH_02,CH_02,VALID,0,,10.0,synthetic
LOT_D02_C018,LOT_D02,IDSS,168,0.6350663632478345,uA,150.0,"HTRB (150°C, 80V)",ATE_BENCH_02,CH_02,VALID,0,,10.0,synthetic
LOT_D02_C018,LOT_D02,VGS(th),0,2.760687616997444,V,150.0,"HTGB (150°C, 20V)",ATE_BENCH_02,CH_02,VALID,0,2.0,4.0,synthetic
LOT_D02_C018,LOT_D02,VGS(th),24,2.7800931823750252,V,150.0,"HTGB (150°C, 20V)",ATE_BENCH_02,CH_02,VALID,0,2.0,4.0,synthetic
LOT_D02_C018,LOT_D02,VGS(th),96,2.7683038448382353,V,150.0,"HTGB (150°C, 20V)",ATE_BENCH_02,CH_02,VALID,0,2.0,4.0,synthetic
LOT_D02_C018,LOT_D02,VGS(th),168,2.729416734696548,V,150.0,"HTGB (150°C, 20V)",ATE_BENCH_02,CH_02,VALID,0,2.0,4.0,synthetic
LOT_D02_C018,LOT_D02,RDS(on),0,57.24432826538634,mOhm,125.0,Operating Life / Power Conduction (TJ=125-150°C),ATE_BENCH_02,CH_02,VALID,0,,60.0,synthetic
LOT_D02_C018,LOT_D02,RDS(on),24,56.36582364625076,mOhm,125.0,Operating Life / Power Conduction (TJ=125-150°C),ATE_BENCH_02,CH_02,VALID,0,,60.0,synthetic
LOT_D02_C018,LOT_D02,RDS(on),96,55.95644358956125,mOhm,125.0,Operating Life / Power Conduction (TJ=125-150°C),ATE_BENCH_02,CH_02,VALID,0,,60.0,synthetic
LOT_D02_C018,LOT_D02,RDS(on),168,56.99332216836251,mOhm,125.0,Operating Life / Power Conduction (TJ=125-150°C),ATE_BENCH_02,CH_02,VALID,0,,60.0,synthetic
LOT_D02_C018,LOT_D02,IGSS,0,-2.09804640135831,nA,150.0,"HTGB (150°C, ±20V)",ATE_BENCH_02,CH_02,VALID,0,-100.0,100.0,synthetic
LOT_D02_C018,LOT_D02,IGSS,24,-2.6817029959015373,nA,150.0,"HTGB (150°C, ±20V)",ATE_BENCH_02,CH_02,VALID,0,-100.0,100.0,synthetic
LOT_D02_C018,LOT_D02,IGSS,96,-2.4470706210821573,nA,150.0,"HTGB (150°C, ±20V)",ATE_BENCH_02,CH_02,VALID,0,-100.0,100.0,synthetic
LOT_D02_C018,LOT_D02,IGSS,168,-2.0314565139482528,nA,150.0,"HTGB (150°C, ±20V)",ATE_BENCH_02,CH_02,VALID,0,-100.0,100.0,synthetic
LOT_D02_C019,LOT_D02,IDSS,0,0.8809275116136897,uA,150.0,"HTRB (150°C, 80V)",ATE_BENCH_02,CH_03,VALID,0,,10.0,synthetic
LOT_D02_C019,LOT_D02,IDSS,24,0.9413900680387066,uA,150.0,"HTRB (150°C, 80V)",ATE_BENCH_02,CH_03,VALID,0,,10.0,synthetic
LOT_D02_C019,LOT_D02,IDSS,96,0.8911864733841667,uA,150.0,"HTRB (150°C, 80V)",ATE_BENCH_02,CH_03,VALID,0,,10.0,synthetic
LOT_D02_C019,LOT_D02,IDSS,168,0.8779357575147965,uA,150.0,"HTRB (150°C, 80V)",ATE_BENCH_02,CH_03,VALID,0,,10.0,synthetic
LOT_D02_C019,LOT_D02,VGS(th),0,2.8394593368629364,V,150.0,"HTGB (150°C, 20V)",ATE_BENCH_02,CH_03,VALID,0,2.0,4.0,synthetic
LOT_D02_C019,LOT_D02,VGS(th),24,2.8618111762441116,V,150.0,"HTGB (150°C, 20V)",ATE_BENCH_02,CH_03,VALID,0,2.0,4.0,synthetic
LOT_D02_C019,LOT_D02,VGS(th),96,2.822274911410452,V,150.0,"HTGB (150°C, 20V)",ATE_BENCH_02,CH_03,VALID,0,2.0,4.0,synthetic
LOT_D02_C019,LOT_D02,VGS(th),168,2.8746255608442213,V,150.0,"HTGB (150°C, 20V)",ATE_BENCH_02,CH_03,VALID,0,2.0,4.0,synthetic
LOT_D02_C019,LOT_D02,RDS(on),0,44.48336590467585,mOhm,125.0,Operating Life / Power Conduction (TJ=125-150°C),ATE_BENCH_02,CH_03,VALID,0,,60.0,synthetic
LOT_D02_C019,LOT_D02,RDS(on),24,45.11205675299821,mOhm,125.0,Operating Life / Power Conduction (TJ=125-150°C),ATE_BENCH_02,CH_03,VALID,0,,60.0,synthetic
LOT_D02_C019,LOT_D02,RDS(on),96,44.49791140910866,mOhm,125.0,Operating Life / Power Conduction (TJ=125-150°C),ATE_BENCH_02,CH_03,VALID,0,,60.0,synthetic
LOT_D02_C019,LOT_D02,RDS(on),168,43.78386361436619,mOhm,125.0,Operating Life / Power Conduction (TJ=125-150°C),ATE_BENCH_02,CH_03,VALID,0,,60.0,synthetic
LOT_D02_C019,LOT_D02,IGSS,0,1.5946110877750006,nA,150.0,"HTGB (150°C, ±20V)",ATE_BENCH_02,CH_03,VALID,0,-100.0,100.0,synthetic
LOT_D02_C019,LOT_D02,IGSS,24,2.8362672878596005,nA,150.0,"HTGB (150°C, ±20V)",ATE_BENCH_02,CH_03,VALID,0,-100.0,100.0,synthetic
LOT_D02_C019,LOT_D02,IGSS,96,2.263336078841255,nA,150.0,"HTGB (150°C, ±20V)",ATE_BENCH_02,CH_03,VALID,0,-100.0,100.0,synthetic
LOT_D02_C019,LOT_D02,IGSS,168,1.568793083942279,nA,150.0,"HTGB (150°C, ±20V)",ATE_BENCH_02,CH_03,VALID,0,-100.0,100.0,synthetic
LOT_D02_C020,LOT_D02,IDSS,0,2.21224986929567,uA,150.0,"HTRB (150°C, 80V)",ATE_BENCH_02,CH_04,VALID,0,,10.0,synthetic
LOT_D02_C020,LOT_D02,IDSS,24,1.6779046005686031,uA,150.0,"HTRB (150°C, 80V)",ATE_BENCH_02,CH_04,VALID,0,,10.0,synthetic
LOT_D02_C020,LOT_D02,IDSS,96,2.183750929979322,uA,150.0,"HTRB (150°C, 80V)",ATE_BENCH_02,CH_04,VALID,0,,10.0,synthetic
LOT_D02_C020,LOT_D02,IDSS,168,2.118165859498133,uA,150.0,"HTRB (150°C, 80V)",ATE_BENCH_02,CH_04,VALID,0,,10.0,synthetic
LOT_D02_C020,LOT_D02,VGS(th),0,2.7296872646761488,V,150.0,"HTGB (150°C, 20V)",ATE_BENCH_02,CH_04,VALID,0,2.0,4.0,synthetic
LOT_D02_C020,LOT_D02,VGS(th),24,2.725193571393233,V,150.0,"HTGB (150°C, 20V)",ATE_BENCH_02,CH_04,VALID,0,2.0,4.0,synthetic
LOT_D02_C020,LOT_D02,VGS(th),96,2.712535858247575,V,150.0,"HTGB (150°C, 20V)",ATE_BENCH_02,CH_04,VALID,0,2.0,4.0,synthetic
LOT_D02_C020,LOT_D02,VGS(th),168,2.719788848509067,V,150.0,"HTGB (150°C, 20V)",ATE_BENCH_02,CH_04,VALID,0,2.0,4.0,synthetic
LOT_D02_C020,LOT_D02,RDS(on),0,49.933622563152795,mOhm,125.0,Operating Life / Power Conduction (TJ=125-150°C),ATE_BENCH_02,CH_04,VALID,0,,60.0,synthetic
LOT_D02_C020,LOT_D02,RDS(on),24,49.753164499820386,mOhm,125.0,Operating Life / Power Conduction (TJ=125-150°C),ATE_BENCH_02,CH_04,VALID,0,,60.0,synthetic
LOT_D02_C020,LOT_D02,RDS(on),96,52.11385450657951,mOhm,125.0,Operating Life / Power Conduction (TJ=125-150°C),ATE_BENCH_02,CH_04,VALID,0,,60.0,synthetic
LOT_D02_C020,LOT_D02,RDS(on),168,50.29702163071838,mOhm,125.0,Operating Life / Power Conduction (TJ=125-150°C),ATE_BENCH_02,CH_04,VALID,0,,60.0,synthetic
LOT_D02_C020,LOT_D02,IGSS,0,-1.874821741233422,nA,150.0,"HTGB (150°C, ±20V)",ATE_BENCH_02,CH_04,VALID,0,-100.0,100.0,synthetic
LOT_D02_C020,LOT_D02,IGSS,24,-3.1980156675575047,nA,150.0,"HTGB (150°C, ±20V)",ATE_BENCH_02,CH_04,VALID,0,-100.0,100.0,synthetic
LOT_D02_C020,LOT_D02,IGSS,96,-1.1483682719407045,nA,150.0,"HTGB (150°C, ±20V)",ATE_BENCH_02,CH_04,VALID,0,-100.0,100.0,synthetic
LOT_D02_C020,LOT_D02,IGSS,168,-1.470592619737059,nA,150.0,"HTGB (150°C, ±20V)",ATE_BENCH_02,CH_04,VALID,0,-100.0,100.0,synthetic
LOT_D02_C021,LOT_D02,IDSS,0,0.6850614522036146,uA,150.0,"HTRB (150°C, 80V)",ATE_BENCH_02,CH_05,VALID,0,,10.0,synthetic
LOT_D02_C021,LOT_D02,IDSS,24,0.6352968936285145,uA,150.0,"HTRB (150°C, 80V)",ATE_BENCH_02,CH_05,VALID,0,,10.0,synthetic
LOT_D02_C021,LOT_D02,IDSS,96,0.7211435848687393,uA,150.0,"HTRB (150°C, 80V)",ATE_BENCH_02,CH_05,VALID,0,,10.0,synthetic
LOT_D02_C021,LOT_D02,IDSS,168,0.6718054700772965,uA,150.0,"HTRB (150°C, 80V)",ATE_BENCH_02,CH_05,VALID,0,,10.0,synthetic
LOT_D02_C021,LOT_D02,VGS(th),0,2.9848407173735194,V,150.0,"HTGB (150°C, 20V)",ATE_BENCH_02,CH_05,VALID,0,2.0,4.0,synthetic
LOT_D02_C021,LOT_D02,VGS(th),24,2.9321789014667967,V,150.0,"HTGB (150°C, 20V)",ATE_BENCH_02,CH_05,VALID,0,2.0,4.0,synthetic
LOT_D02_C021,LOT_D02,VGS(th),96,2.9853028293893553,V,150.0,"HTGB (150°C, 20V)",ATE_BENCH_02,CH_05,VALID,0,2.0,4.0,synthetic
LOT_D02_C021,LOT_D02,VGS(th),168,2.953645911050104,V,150.0,"HTGB (150°C, 20V)",ATE_BENCH_02,CH_05,VALID,0,2.0,4.0,synthetic
LOT_D02_C021,LOT_D02,RDS(on),0,46.75312592030334,mOhm,125.0,Operating Life / Power Conduction (TJ=125-150°C),ATE_BENCH_02,CH_05,VALID,0,,60.0,synthetic
LOT_D02_C021,LOT_D02,RDS(on),24,45.54755168187186,mOhm,125.0,Operating Life / Power Conduction (TJ=125-150°C),ATE_BENCH_02,CH_05,VALID,0,,60.0,synthetic
LOT_D02_C021,LOT_D02,RDS(on),96,46.722550674967316,mOhm,125.0,Operating Life / Power Conduction (TJ=125-150°C),ATE_BENCH_02,CH_05,VALID,0,,60.0,synthetic
LOT_D02_C021,LOT_D02,RDS(on),168,46.20285337682791,mOhm,125.0,Operating Life / Power Conduction (TJ=125-150°C),ATE_BENCH_02,CH_05,VALID,0,,60.0,synthetic
LOT_D02_C021,LOT_D02,IGSS,0,1.753108525722988,nA,150.0,"HTGB (150°C, ±20V)",ATE_BENCH_02,CH_05,VALID,0,-100.0,100.0,synthetic
LOT_D02_C021,LOT_D02,IGSS,24,2.4250437150136555,nA,150.0,"HTGB (150°C, ±20V)",ATE_BENCH_02,CH_05,VALID,0,-100.0,100.0,synthetic
LOT_D02_C021,LOT_D02,IGSS,96,1.994591970200656,nA,150.0,"HTGB (150°C, ±20V)",ATE_BENCH_02,CH_05,VALID,0,-100.0,100.0,synthetic
LOT_D02_C021,LOT_D02,IGSS,168,1.6765679662166943,nA,150.0,"HTGB (150°C, ±20V)",ATE_BENCH_02,CH_05,VALID,0,-100.0,100.0,synthetic
LOT_D02_C022,LOT_D02,IDSS,0,0.8338497675592528,uA,150.0,"HTRB (150°C, 80V)",ATE_BENCH_02,CH_06,VALID,0,,10.0,synthetic
LOT_D02_C022,LOT_D02,IDSS,24,0.8121282611369298,uA,150.0,"HTRB (150°C, 80V)",ATE_BENCH_02,CH_06,VALID,0,,10.0,synthetic
LOT_D02_C022,LOT_D02,IDSS,96,0.8693733797752343,uA,150.0,"HTRB (150°C, 80V)",ATE_BENCH_02,CH_06,VALID,0,,10.0,synthetic
LOT_D02_C022,LOT_D02,IDSS,168,0.8065294721602805,uA,150.0,"HTRB (150°C, 80V)",ATE_BENCH_02,CH_06,VALID,0,,10.0,synthetic
LOT_D02_C022,LOT_D02,VGS(th),0,3.4229026619167096,V,150.0,"HTGB (150°C, 20V)",ATE_BENCH_02,CH_06,VALID,0,2.0,4.0,synthetic
LOT_D02_C022,LOT_D02,VGS(th),24,3.4471543728053273,V,150.0,"HTGB (150°C, 20V)",ATE_BENCH_02,CH_06,VALID,0,2.0,4.0,synthetic
LOT_D02_C022,LOT_D02,VGS(th),96,3.440787840263677,V,150.0,"HTGB (150°C, 20V)",ATE_BENCH_02,CH_06,VALID,0,2.0,4.0,synthetic
LOT_D02_C022,LOT_D02,VGS(th),168,3.4395253887573443,V,150.0,"HTGB (150°C, 20V)",ATE_BENCH_02,CH_06,VALID,0,2.0,4.0,synthetic
LOT_D02_C022,LOT_D02,RDS(on),0,43.92635049404601,mOhm,125.0,Operating Life / Power Conduction (TJ=125-150°C),ATE_BENCH_02,CH_06,VALID,0,,60.0,synthetic
LOT_D02_C022,LOT_D02,RDS(on),24,43.69246839799602,mOhm,125.0,Operating Life / Power Conduction (TJ=125-150°C),ATE_BENCH_02,CH_06,VALID,0,,60.0,synthetic
LOT_D02_C022,LOT_D02,RDS(on),96,42.95728115664982,mOhm,125.0,Operating Life / Power Conduction (TJ=125-150°C),ATE_BENCH_02,CH_06,VALID,0,,60.0,synthetic
LOT_D02_C022,LOT_D02,RDS(on),168,42.6056877553154,mOhm,125.0,Operating Life / Power Conduction (TJ=125-150°C),ATE_BENCH_02,CH_06,VALID,0,,60.0,synthetic
LOT_D02_C022,LOT_D02,IGSS,0,-1.8238774676571732,nA,150.0,"HTGB (150°C, ±20V)",ATE_BENCH_02,CH_06,VALID,0,-100.0,100.0,synthetic
LOT_D02_C022,LOT_D02,IGSS,24,-1.6652884794444245,nA,150.0,"HTGB (150°C, ±20V)",ATE_BENCH_02,CH_06,VALID,0,-100.0,100.0,synthetic
LOT_D02_C022,LOT_D02,IGSS,96,-1.5603294812065391,nA,150.0,"HTGB (150°C, ±20V)",ATE_BENCH_02,CH_06,VALID,0,-100.0,100.0,synthetic
LOT_D02_C022,LOT_D02,IGSS,168,-2.1448371094203775,nA,150.0,"HTGB (150°C, ±20V)",ATE_BENCH_02,CH_06,VALID,0,-100.0,100.0,synthetic
LOT_D02_C023,LOT_D02,IDSS,0,0.5935740587224242,uA,150.0,"HTRB (150°C, 80V)",ATE_BENCH_02,CH_07,VALID,0,,10.0,synthetic
LOT_D02_C023,LOT_D02,IDSS,24,0.527436951721717,uA,150.0,"HTRB (150°C, 80V)",ATE_BENCH_02,CH_07,VALID,0,,10.0,synthetic
LOT_D02_C023,LOT_D02,IDSS,96,0.5572609381788416,uA,150.0,"HTRB (150°C, 80V)",ATE_BENCH_02,CH_07,VALID,0,,10.0,synthetic
LOT_D02_C023,LOT_D02,IDSS,168,0.5354435591553705,uA,150.0,"HTRB (150°C, 80V)",ATE_BENCH_02,CH_07,VALID,0,,10.0,synthetic
LOT_D02_C023,LOT_D02,VGS(th),0,2.887579402232945,V,150.0,"HTGB (150°C, 20V)",ATE_BENCH_02,CH_07,VALID,0,2.0,4.0,synthetic
LOT_D02_C023,LOT_D02,VGS(th),24,2.9162199920373424,V,150.0,"HTGB (150°C, 20V)",ATE_BENCH_02,CH_07,VALID,0,2.0,4.0,synthetic
LOT_D02_C023,LOT_D02,VGS(th),96,2.8769709078187833,V,150.0,"HTGB (150°C, 20V)",ATE_BENCH_02,CH_07,VALID,0,2.0,4.0,synthetic
LOT_D02_C023,LOT_D02,VGS(th),168,2.8662101885319897,V,150.0,"HTGB (150°C, 20V)",ATE_BENCH_02,CH_07,VALID,0,2.0,4.0,synthetic
LOT_D02_C023,LOT_D02,RDS(on),0,47.81274949850057,mOhm,125.0,Operating Life / Power Conduction (TJ=125-150°C),ATE_BENCH_02,CH_07,VALID,0,,60.0,synthetic
LOT_D02_C023,LOT_D02,RDS(on),24,48.83766219188626,mOhm,125.0,Operating Life / Power Conduction (TJ=125-150°C),ATE_BENCH_02,CH_07,VALID,0,,60.0,synthetic
LOT_D02_C023,LOT_D02,RDS(on),96,48.88157428244863,mOhm,125.0,Operating Life / Power Conduction (TJ=125-150°C),ATE_BENCH_02,CH_07,VALID,0,,60.0,synthetic
LOT_D02_C023,LOT_D02,RDS(on),168,47.75761294753741,mOhm,125.0,Operating Life / Power Conduction (TJ=125-150°C),ATE_BENCH_02,CH_07,VALID,0,,60.0,synthetic
LOT_D02_C023,LOT_D02,IGSS,0,1.5245264701368426,nA,150.0,"HTGB (150°C, ±20V)",ATE_BENCH_02,CH_07,VALID,0,-100.0,100.0,synthetic
LOT_D02_C023,LOT_D02,IGSS,24,2.1133065684561925,nA,150.0,"HTGB (150°C, ±20V)",ATE_BENCH_02,CH_07,VALID,0,-100.0,100.0,synthetic
LOT_D02_C023,LOT_D02,IGSS,96,2.4369076398149425,nA,150.0,"HTGB (150°C, ±20V)",ATE_BENCH_02,CH_07,VALID,0,-100.0,100.0,synthetic
LOT_D02_C023,LOT_D02,IGSS,168,2.5577113821578794,nA,150.0,"HTGB (150°C, ±20V)",ATE_BENCH_02,CH_07,VALID,0,-100.0,100.0,synthetic
LOT_D02_C024,LOT_D02,IDSS,0,0.618527500038883,uA,150.0,"HTRB (150°C, 80V)",ATE_BENCH_02,CH_08,VALID,0,,10.0,synthetic
LOT_D02_C024,LOT_D02,IDSS,24,0.640790461536451,uA,150.0,"HTRB (150°C, 80V)",ATE_BENCH_02,CH_08,VALID,0,,10.0,synthetic
LOT_D02_C024,LOT_D02,IDSS,96,0.7298885960521092,uA,150.0,"HTRB (150°C, 80V)",ATE_BENCH_02,CH_08,VALID,0,,10.0,synthetic
LOT_D02_C024,LOT_D02,IDSS,168,0.5924232184363,uA,150.0,"HTRB (150°C, 80V)",ATE_BENCH_02,CH_08,VALID,0,,10.0,synthetic
LOT_D02_C024,LOT_D02,VGS(th),0,2.935945528348256,V,150.0,"HTGB (150°C, 20V)",ATE_BENCH_02,CH_08,VALID,0,2.0,4.0,synthetic
LOT_D02_C024,LOT_D02,VGS(th),24,2.9625467175376587,V,150.0,"HTGB (150°C, 20V)",ATE_BENCH_02,CH_08,VALID,0,2.0,4.0,synthetic
LOT_D02_C024,LOT_D02,VGS(th),96,2.9681106607807233,V,150.0,"HTGB (150°C, 20V)",ATE_BENCH_02,CH_08,VALID,0,2.0,4.0,synthetic
LOT_D02_C024,LOT_D02,VGS(th),168,2.9684922932837137,V,150.0,"HTGB (150°C, 20V)",ATE_BENCH_02,CH_08,VALID,0,2.0,4.0,synthetic
LOT_D02_C024,LOT_D02,RDS(on),0,53.76181910826442,mOhm,125.0,Operating Life / Power Conduction (TJ=125-150°C),ATE_BENCH_02,CH_08,VALID,0,,60.0,synthetic
LOT_D02_C024,LOT_D02,RDS(on),24,53.43274038391442,mOhm,125.0,Operating Life / Power Conduction (TJ=125-150°C),ATE_BENCH_02,CH_08,VALID,0,,60.0,synthetic
LOT_D02_C024,LOT_D02,RDS(on),96,54.01644191394904,mOhm,125.0,Operating Life / Power Conduction (TJ=125-150°C),ATE_BENCH_02,CH_08,VALID,0,,60.0,synthetic
LOT_D02_C024,LOT_D02,RDS(on),168,52.76415269583156,mOhm,125.0,Operating Life / Power Conduction (TJ=125-150°C),ATE_BENCH_02,CH_08,VALID,0,,60.0,synthetic
LOT_D02_C024,LOT_D02,IGSS,0,-1.684513452518123,nA,150.0,"HTGB (150°C, ±20V)",ATE_BENCH_02,CH_08,VALID,0,-100.0,100.0,synthetic
LOT_D02_C024,LOT_D02,IGSS,24,-1.7024509300331319,nA,150.0,"HTGB (150°C, ±20V)",ATE_BENCH_02,CH_08,VALID,0,-100.0,100.0,synthetic
LOT_D02_C024,LOT_D02,IGSS,96,-1.5055989373155612,nA,150.0,"HTGB (150°C, ±20V)",ATE_BENCH_02,CH_08,VALID,0,-100.0,100.0,synthetic
LOT_D02_C024,LOT_D02,IGSS,168,-2.3172921361939296,nA,150.0,"HTGB (150°C, ±20V)",ATE_BENCH_02,CH_08,VALID,0,-100.0,100.0,synthetic
LOT_D02_C025,LOT_D02,IDSS,0,0.5592771315728157,uA,150.0,"HTRB (150°C, 80V)",ATE_BENCH_02,CH_09,VALID,0,,10.0,synthetic
LOT_D02_C025,LOT_D02,IDSS,24,0.5646422751290476,uA,150.0,"HTRB (150°C, 80V)",ATE_BENCH_02,CH_09,VALID,0,,10.0,synthetic
LOT_D02_C025,LOT_D02,IDSS,96,0.6211384005804969,uA,150.0,"HTRB (150°C, 80V)",ATE_BENCH_02,CH_09,VALID,0,,10.0,synthetic
LOT_D02_C025,LOT_D02,IDSS,168,0.5919069787992787,uA,150.0,"HTRB (150°C, 80V)",ATE_BENCH_02,CH_09,VALID,0,,10.0,synthetic
LOT_D02_C025,LOT_D02,VGS(th),0,2.9162276415562727,V,150.0,"HTGB (150°C, 20V)",ATE_BENCH_02,CH_09,VALID,0,2.0,4.0,synthetic
LOT_D02_C025,LOT_D02,VGS(th),24,2.903419200661211,V,150.0,"HTGB (150°C, 20V)",ATE_BENCH_02,CH_09,VALID,0,2.0,4.0,synthetic
LOT_D02_C025,LOT_D02,VGS(th),96,2.9260464680864993,V,150.0,"HTGB (150°C, 20V)",ATE_BENCH_02,CH_09,VALID,0,2.0,4.0,synthetic
LOT_D02_C025,LOT_D02,VGS(th),168,2.9056809527489067,V,150.0,"HTGB (150°C, 20V)",ATE_BENCH_02,CH_09,VALID,0,2.0,4.0,synthetic
LOT_D02_C025,LOT_D02,RDS(on),0,49.51231681984064,mOhm,125.0,Operating Life / Power Conduction (TJ=125-150°C),ATE_BENCH_02,CH_09,VALID,0,,60.0,synthetic
LOT_D02_C025,LOT_D02,RDS(on),24,49.62725886042378,mOhm,125.0,Operating Life / Power Conduction (TJ=125-150°C),ATE_BENCH_02,CH_09,VALID,0,,60.0,synthetic
LOT_D02_C025,LOT_D02,RDS(on),96,49.298106074819266,mOhm,125.0,Operating Life / Power Conduction (TJ=125-150°C),ATE_BENCH_02,CH_09,VALID,0,,60.0,synthetic
LOT_D02_C025,LOT_D02,RDS(on),168,49.85121782554923,mOhm,125.0,Operating Life / Power Conduction (TJ=125-150°C),ATE_BENCH_02,CH_09,VALID,0,,60.0,synthetic
LOT_D02_C025,LOT_D02,IGSS,0,0.45045484934952995,nA,150.0,"HTGB (150°C, ±20V)",ATE_BENCH_02,CH_09,VALID,0,-100.0,100.0,synthetic
LOT_D02_C025,LOT_D02,IGSS,24,0.10459070611420924,nA,150.0,"HTGB (150°C, ±20V)",ATE_BENCH_02,CH_09,VALID,0,-100.0,100.0,synthetic
LOT_D02_C025,LOT_D02,IGSS,96,-0.17227995705704177,nA,150.0,"HTGB (150°C, ±20V)",ATE_BENCH_02,CH_09,VALID,0,-100.0,100.0,synthetic
LOT_D02_C025,LOT_D02,IGSS,168,0.07200361188110113,nA,150.0,"HTGB (150°C, ±20V)",ATE_BENCH_02,CH_09,VALID,0,-100.0,100.0,synthetic
LOT_D02_C026,LOT_D02,IDSS,0,2.2416156833323715,uA,150.0,"HTRB (150°C, 80V)",ATE_BENCH_02,CH_10,VALID,0,,10.0,synthetic
LOT_D02_C026,LOT_D02,IDSS,24,1.8473512244851116,uA,150.0,"HTRB (150°C, 80V)",ATE_BENCH_02,CH_10,VALID,0,,10.0,synthetic
LOT_D02_C026,LOT_D02,IDSS,96,2.1238363598140526,uA,150.0,"HTRB (150°C, 80V)",ATE_BENCH_02,CH_10,VALID,0,,10.0,synthetic
LOT_D02_C026,LOT_D02,IDSS,168,2.010586479649289,uA,150.0,"HTRB (150°C, 80V)",ATE_BENCH_02,CH_10,VALID,0,,10.0,synthetic
LOT_D02_C026,LOT_D02,VGS(th),0,3.0935248875571983,V,150.0,"HTGB (150°C, 20V)",ATE_BENCH_02,CH_10,VALID,0,2.0,4.0,synthetic
LOT_D02_C026,LOT_D02,VGS(th),24,3.123139359808327,V,150.0,"HTGB (150°C, 20V)",ATE_BENCH_02,CH_10,VALID,0,2.0,4.0,synthetic
LOT_D02_C026,LOT_D02,VGS(th),96,3.118446190721999,V,150.0,"HTGB (150°C, 20V)",ATE_BENCH_02,CH_10,VALID,0,2.0,4.0,synthetic
LOT_D02_C026,LOT_D02,VGS(th),168,3.1179946972063,V,150.0,"HTGB (150°C, 20V)",ATE_BENCH_02,CH_10,VALID,0,2.0,4.0,synthetic
LOT_D02_C026,LOT_D02,RDS(on),0,48.8496009207936,mOhm,125.0,Operating Life / Power Conduction (TJ=125-150°C),ATE_BENCH_02,CH_10,VALID,0,,60.0,synthetic
LOT_D02_C026,LOT_D02,RDS(on),24,47.858911188978006,mOhm,125.0,Operating Life / Power Conduction (TJ=125-150°C),ATE_BENCH_02,CH_10,VALID,0,,60.0,synthetic
LOT_D02_C026,LOT_D02,RDS(on),96,47.253033230398756,mOhm,125.0,Operating Life / Power Conduction (TJ=125-150°C),ATE_BENCH_02,CH_10,VALID,0,,60.0,synthetic
LOT_D02_C026,LOT_D02,RDS(on),168,48.63292435662228,mOhm,125.0,Operating Life / Power Conduction (TJ=125-150°C),ATE_BENCH_02,CH_10,VALID,0,,60.0,synthetic
LOT_D02_C026,LOT_D02,IGSS,0,-1.7352093230762298,nA,150.0,"HTGB (150°C, ±20V)",ATE_BENCH_02,CH_10,VALID,0,-100.0,100.0,synthetic
LOT_D02_C026,LOT_D02,IGSS,24,-2.7420865085212243,nA,150.0,"HTGB (150°C, ±20V)",ATE_BENCH_02,CH_10,VALID,0,-100.0,100.0,synthetic
LOT_D02_C026,LOT_D02,IGSS,96,-1.6809551999574506,nA,150.0,"HTGB (150°C, ±20V)",ATE_BENCH_02,CH_10,VALID,0,-100.0,100.0,synthetic
LOT_D02_C026,LOT_D02,IGSS,168,-2.5129901522206715,nA,150.0,"HTGB (150°C, ±20V)",ATE_BENCH_02,CH_10,VALID,0,-100.0,100.0,synthetic
LOT_D02_C027,LOT_D02,IDSS,0,0.5321360928855422,uA,150.0,"HTRB (150°C, 80V)",ATE_BENCH_02,CH_11,VALID,0,,10.0,synthetic
LOT_D02_C027,LOT_D02,IDSS,24,0.6525964930690382,uA,150.0,"HTRB (150°C, 80V)",ATE_BENCH_02,CH_11,VALID,0,,10.0,synthetic
LOT_D02_C027,LOT_D02,IDSS,96,0.5864088955837519,uA,150.0,"HTRB (150°C, 80V)",ATE_BENCH_02,CH_11,VALID,0,,10.0,synthetic
LOT_D02_C027,LOT_D02,IDSS,168,0.6487272170391888,uA,150.0,"HTRB (150°C, 80V)",ATE_BENCH_02,CH_11,VALID,0,,10.0,synthetic
LOT_D02_C027,LOT_D02,VGS(th),0,2.7290261176993633,V,150.0,"HTGB (150°C, 20V)",ATE_BENCH_02,CH_11,VALID,0,2.0,4.0,synthetic
LOT_D02_C027,LOT_D02,VGS(th),24,2.7805863029447844,V,150.0,"HTGB (150°C, 20V)",ATE_BENCH_02,CH_11,VALID,0,2.0,4.0,synthetic
LOT_D02_C027,LOT_D02,VGS(th),96,2.7801423533217995,V,150.0,"HTGB (150°C, 20V)",ATE_BENCH_02,CH_11,VALID,0,2.0,4.0,synthetic
LOT_D02_C027,LOT_D02,VGS(th),168,2.7749636132325297,V,150.0,"HTGB (150°C, 20V)",ATE_BENCH_02,CH_11,VALID,0,2.0,4.0,synthetic
LOT_D02_C027,LOT_D02,RDS(on),0,43.90174518434125,mOhm,125.0,Operating Life / Power Conduction (TJ=125-150°C),ATE_BENCH_02,CH_11,VALID,0,,60.0,synthetic
LOT_D02_C027,LOT_D02,RDS(on),24,43.27106056690014,mOhm,125.0,Operating Life / Power Conduction (TJ=125-150°C),ATE_BENCH_02,CH_11,VALID,0,,60.0,synthetic
LOT_D02_C027,LOT_D02,RDS(on),96,44.28174259298915,mOhm,125.0,Operating Life / Power Conduction (TJ=125-150°C),ATE_BENCH_02,CH_11,VALID,0,,60.0,synthetic
LOT_D02_C027,LOT_D02,RDS(on),168,44.45660727870176,mOhm,125.0,Operating Life / Power Conduction (TJ=125-150°C),ATE_BENCH_02,CH_11,VALID,0,,60.0,synthetic
LOT_D02_C027,LOT_D02,IGSS,0,1.6606625074245533,nA,150.0,"HTGB (150°C, ±20V)",ATE_BENCH_02,CH_11,VALID,0,-100.0,100.0,synthetic
LOT_D02_C027,LOT_D02,IGSS,24,1.1490642275931304,nA,150.0,"HTGB (150°C, ±20V)",ATE_BENCH_02,CH_11,VALID,0,-100.0,100.0,synthetic
LOT_D02_C027,LOT_D02,IGSS,96,2.0312715551028435,nA,150.0,"HTGB (150°C, ±20V)",ATE_BENCH_02,CH_11,VALID,0,-100.0,100.0,synthetic
LOT_D02_C027,LOT_D02,IGSS,168,1.937534344897097,nA,150.0,"HTGB (150°C, ±20V)",ATE_BENCH_02,CH_11,VALID,0,-100.0,100.0,synthetic
LOT_D02_C028,LOT_D02,IDSS,0,0.6640718355788026,uA,150.0,"HTRB (150°C, 80V)",ATE_BENCH_02,CH_12,VALID,0,,10.0,synthetic
LOT_D02_C028,LOT_D02,IDSS,24,0.6252601151054946,uA,150.0,"HTRB (150°C, 80V)",ATE_BENCH_02,CH_12,VALID,0,,10.0,synthetic
LOT_D02_C028,LOT_D02,IDSS,96,0.5615647442349981,uA,150.0,"HTRB (150°C, 80V)",ATE_BENCH_02,CH_12,VALID,0,,10.0,synthetic
LOT_D02_C028,LOT_D02,IDSS,168,0.6084492775314755,uA,150.0,"HTRB (150°C, 80V)",ATE_BENCH_02,CH_12,VALID,0,,10.0,synthetic
LOT_D02_C028,LOT_D02,VGS(th),0,3.726375771840352,V,150.0,"HTGB (150°C, 20V)",ATE_BENCH_02,CH_12,VALID,0,2.0,4.0,synthetic
LOT_D02_C028,LOT_D02,VGS(th),24,3.6739575524776837,V,150.0,"HTGB (150°C, 20V)",ATE_BENCH_02,CH_12,VALID,0,2.0,4.0,synthetic
LOT_D02_C028,LOT_D02,VGS(th),168,3.7189071740572546,V,150.0,"HTGB (150°C, 20V)",ATE_BENCH_02,CH_12,VALID,0,2.0,4.0,synthetic
LOT_D02_C028,LOT_D02,RDS(on),0,45.80234474789723,mOhm,125.0,Operating Life / Power Conduction (TJ=125-150°C),ATE_BENCH_02,CH_12,VALID,0,,60.0,synthetic
LOT_D02_C028,LOT_D02,RDS(on),24,47.06196619404813,mOhm,125.0,Operating Life / Power Conduction (TJ=125-150°C),ATE_BENCH_02,CH_12,VALID,0,,60.0,synthetic
LOT_D02_C028,LOT_D02,RDS(on),96,47.64184761390233,mOhm,125.0,Operating Life / Power Conduction (TJ=125-150°C),ATE_BENCH_02,CH_12,VALID,0,,60.0,synthetic
LOT_D02_C028,LOT_D02,RDS(on),168,46.12178244688963,mOhm,125.0,Operating Life / Power Conduction (TJ=125-150°C),ATE_BENCH_02,CH_12,VALID,0,,60.0,synthetic
LOT_D02_C028,LOT_D02,IGSS,0,-4.73521788685405,nA,150.0,"HTGB (150°C, ±20V)",ATE_BENCH_02,CH_12,VALID,0,-100.0,100.0,synthetic
LOT_D02_C028,LOT_D02,IGSS,24,-3.170222906737848,nA,150.0,"HTGB (150°C, ±20V)",ATE_BENCH_02,CH_12,VALID,0,-100.0,100.0,synthetic
LOT_D02_C028,LOT_D02,IGSS,96,-3.329008716784379,nA,150.0,"HTGB (150°C, ±20V)",ATE_BENCH_02,CH_12,VALID,0,-100.0,100.0,synthetic
LOT_D02_C028,LOT_D02,IGSS,168,-2.446426913957179,nA,150.0,"HTGB (150°C, ±20V)",ATE_BENCH_02,CH_12,VALID,0,-100.0,100.0,synthetic
LOT_D02_C029,LOT_D02,IDSS,0,0.3880665910368953,uA,150.0,"HTRB (150°C, 80V)",ATE_BENCH_02,CH_13,VALID,0,,10.0,synthetic
LOT_D02_C029,LOT_D02,IDSS,24,0.5249591037922339,uA,150.0,"HTRB (150°C, 80V)",ATE_BENCH_02,CH_13,VALID,0,,10.0,synthetic
LOT_D02_C029,LOT_D02,IDSS,96,0.4617646863317394,uA,150.0,"HTRB (150°C, 80V)",ATE_BENCH_02,CH_13,VALID,0,,10.0,synthetic
LOT_D02_C029,LOT_D02,IDSS,168,0.45008197386228754,uA,150.0,"HTRB (150°C, 80V)",ATE_BENCH_02,CH_13,VALID,0,,10.0,synthetic
LOT_D02_C029,LOT_D02,VGS(th),0,2.940883936716876,V,150.0,"HTGB (150°C, 20V)",ATE_BENCH_02,CH_13,VALID,0,2.0,4.0,synthetic
LOT_D02_C029,LOT_D02,VGS(th),24,2.9068323921273236,V,150.0,"HTGB (150°C, 20V)",ATE_BENCH_02,CH_13,VALID,0,2.0,4.0,synthetic
LOT_D02_C029,LOT_D02,VGS(th),96,2.9223339503157697,V,150.0,"HTGB (150°C, 20V)",ATE_BENCH_02,CH_13,VALID,0,2.0,4.0,synthetic
LOT_D02_C029,LOT_D02,VGS(th),168,2.9096845579441193,V,150.0,"HTGB (150°C, 20V)",ATE_BENCH_02,CH_13,VALID,0,2.0,4.0,synthetic
LOT_D02_C029,LOT_D02,RDS(on),0,48.862850203240804,mOhm,125.0,Operating Life / Power Conduction (TJ=125-150°C),ATE_BENCH_02,CH_13,VALID,0,,60.0,synthetic
LOT_D02_C029,LOT_D02,RDS(on),24,47.859993572133924,mOhm,125.0,Operating Life / Power Conduction (TJ=125-150°C),ATE_BENCH_02,CH_13,VALID,0,,60.0,synthetic
LOT_D02_C029,LOT_D02,RDS(on),96,48.35598690484493,mOhm,125.0,Operating Life / Power Conduction (TJ=125-150°C),ATE_BENCH_02,CH_13,VALID,0,,60.0,synthetic
LOT_D02_C029,LOT_D02,RDS(on),168,48.2258113565932,mOhm,125.0,Operating Life / Power Conduction (TJ=125-150°C),ATE_BENCH_02,CH_13,VALID,0,,60.0,synthetic
LOT_D02_C029,LOT_D02,IGSS,0,2.1768197449030438,nA,150.0,"HTGB (150°C, ±20V)",ATE_BENCH_02,CH_13,VALID,0,-100.0,100.0,synthetic
LOT_D02_C029,LOT_D02,IGSS,24,1.8642767129226059,nA,150.0,"HTGB (150°C, ±20V)",ATE_BENCH_02,CH_13,VALID,0,-100.0,100.0,synthetic
LOT_D02_C029,LOT_D02,IGSS,96,1.156383149007315,nA,150.0,"HTGB (150°C, ±20V)",ATE_BENCH_02,CH_13,VALID,0,-100.0,100.0,synthetic
LOT_D02_C029,LOT_D02,IGSS,168,1.416130928996849,nA,150.0,"HTGB (150°C, ±20V)",ATE_BENCH_02,CH_13,VALID,0,-100.0,100.0,synthetic
LOT_D02_C030,LOT_D02,IDSS,0,0.6375458407452913,uA,150.0,"HTRB (150°C, 80V)",ATE_BENCH_02,CH_14,VALID,0,,10.0,synthetic
LOT_D02_C030,LOT_D02,IDSS,24,0.6343353652326063,uA,150.0,"HTRB (150°C, 80V)",ATE_BENCH_02,CH_14,VALID,0,,10.0,synthetic
LOT_D02_C030,LOT_D02,IDSS,96,0.6110926716933202,uA,150.0,"HTRB (150°C, 80V)",ATE_BENCH_02,CH_14,VALID,0,,10.0,synthetic
LOT_D02_C030,LOT_D02,IDSS,168,0.5423575030387422,uA,150.0,"HTRB (150°C, 80V)",ATE_BENCH_02,CH_14,VALID,0,,10.0,synthetic
LOT_D02_C030,LOT_D02,VGS(th),0,2.6385101930960477,V,150.0,"HTGB (150°C, 20V)",ATE_BENCH_02,CH_14,VALID,0,2.0,4.0,synthetic
LOT_D02_C030,LOT_D02,VGS(th),24,2.661502518866649,V,150.0,"HTGB (150°C, 20V)",ATE_BENCH_02,CH_14,VALID,0,2.0,4.0,synthetic
LOT_D02_C030,LOT_D02,VGS(th),96,2.657914317980888,V,150.0,"HTGB (150°C, 20V)",ATE_BENCH_02,CH_14,VALID,0,2.0,4.0,synthetic
LOT_D02_C030,LOT_D02,VGS(th),168,2.6658659048842948,V,150.0,"HTGB (150°C, 20V)",ATE_BENCH_02,CH_14,VALID,0,2.0,4.0,synthetic
LOT_D02_C030,LOT_D02,RDS(on),0,57.2156188717331,mOhm,125.0,Operating Life / Power Conduction (TJ=125-150°C),ATE_BENCH_02,CH_14,VALID,0,,60.0,synthetic
LOT_D02_C030,LOT_D02,RDS(on),24,58.107212906313706,mOhm,125.0,Operating Life / Power Conduction (TJ=125-150°C),ATE_BENCH_02,CH_14,VALID,0,,60.0,synthetic
LOT_D02_C030,LOT_D02,RDS(on),96,56.54019371693966,mOhm,125.0,Operating Life / Power Conduction (TJ=125-150°C),ATE_BENCH_02,CH_14,VALID,0,,60.0,synthetic
LOT_D02_C030,LOT_D02,RDS(on),168,58.45086521099572,mOhm,125.0,Operating Life / Power Conduction (TJ=125-150°C),ATE_BENCH_02,CH_14,VALID,0,,60.0,synthetic
LOT_D02_C030,LOT_D02,IGSS,0,-1.5486880362328144,nA,150.0,"HTGB (150°C, ±20V)",ATE_BENCH_02,CH_14,VALID,0,-100.0,100.0,synthetic
LOT_D02_C030,LOT_D02,IGSS,24,-2.3077357698513925,nA,150.0,"HTGB (150°C, ±20V)",ATE_BENCH_02,CH_14,VALID,0,-100.0,100.0,synthetic
LOT_D02_C030,LOT_D02,IGSS,96,-1.6792099065189974,nA,150.0,"HTGB (150°C, ±20V)",ATE_BENCH_02,CH_14,VALID,0,-100.0,100.0,synthetic
LOT_D02_C030,LOT_D02,IGSS,168,-1.477894550655605,nA,150.0,"HTGB (150°C, ±20V)",ATE_BENCH_02,CH_14,VALID,0,-100.0,100.0,synthetic
LOT_D03_C001,LOT_D03,IDSS,0,0.29812747274345547,uA,150.0,"HTRB (150°C, 80V)",ATE_BENCH_01,CH_01,VALID,0,,10.0,synthetic
LOT_D03_C001,LOT_D03,IDSS,24,0.2720572318294852,uA,150.0,"HTRB (150°C, 80V)",ATE_BENCH_01,CH_01,VALID,0,,10.0,synthetic
LOT_D03_C001,LOT_D03,IDSS,96,0.30662580416311824,uA,150.0,"HTRB (150°C, 80V)",ATE_BENCH_01,CH_01,VALID,0,,10.0,synthetic
LOT_D03_C001,LOT_D03,IDSS,168,0.35223351860750274,uA,150.0,"HTRB (150°C, 80V)",ATE_BENCH_01,CH_01,VALID,0,,10.0,synthetic
LOT_D03_C001,LOT_D03,VGS(th),0,3.0669558909210117,V,150.0,"HTGB (150°C, 20V)",ATE_BENCH_01,CH_01,VALID,0,2.0,4.0,synthetic
LOT_D03_C001,LOT_D03,VGS(th),24,2.9891771154046123,V,150.0,"HTGB (150°C, 20V)",ATE_BENCH_01,CH_01,VALID,0,2.0,4.0,synthetic
LOT_D03_C001,LOT_D03,VGS(th),96,3.0434749539024706,V,150.0,"HTGB (150°C, 20V)",ATE_BENCH_01,CH_01,VALID,0,2.0,4.0,synthetic
LOT_D03_C001,LOT_D03,VGS(th),168,3.031923049136255,V,150.0,"HTGB (150°C, 20V)",ATE_BENCH_01,CH_01,VALID,0,2.0,4.0,synthetic
LOT_D03_C001,LOT_D03,RDS(on),0,44.11352928674406,mOhm,125.0,Operating Life / Power Conduction (TJ=125-150°C),ATE_BENCH_01,CH_01,VALID,0,,60.0,synthetic
LOT_D03_C001,LOT_D03,RDS(on),24,45.265929521178315,mOhm,125.0,Operating Life / Power Conduction (TJ=125-150°C),ATE_BENCH_01,CH_01,VALID,0,,60.0,synthetic
LOT_D03_C001,LOT_D03,RDS(on),96,47.27068605341349,mOhm,125.0,Operating Life / Power Conduction (TJ=125-150°C),ATE_BENCH_01,CH_01,VALID,0,,60.0,synthetic
LOT_D03_C001,LOT_D03,RDS(on),168,62.62052841957493,mOhm,125.0,Operating Life / Power Conduction (TJ=125-150°C),ATE_BENCH_01,CH_01,VALID,0,,60.0,synthetic
LOT_D03_C001,LOT_D03,IGSS,0,2.45202756905359,nA,150.0,"HTGB (150°C, ±20V)",ATE_BENCH_01,CH_01,VALID,0,-100.0,100.0,synthetic
LOT_D03_C001,LOT_D03,IGSS,24,2.5391742807639948,nA,150.0,"HTGB (150°C, ±20V)",ATE_BENCH_01,CH_01,VALID,0,-100.0,100.0,synthetic
LOT_D03_C001,LOT_D03,IGSS,96,1.5237973975545995,nA,150.0,"HTGB (150°C, ±20V)",ATE_BENCH_01,CH_01,VALID,0,-100.0,100.0,synthetic
LOT_D03_C001,LOT_D03,IGSS,168,2.9564445246558133,nA,150.0,"HTGB (150°C, ±20V)",ATE_BENCH_01,CH_01,VALID,0,-100.0,100.0,synthetic
LOT_D03_C002,LOT_D03,IDSS,0,1.6359072703096869,uA,150.0,"HTRB (150°C, 80V)",ATE_BENCH_01,CH_02,VALID,0,,10.0,synthetic
LOT_D03_C002,LOT_D03,IDSS,24,1.7578569883452164,uA,150.0,"HTRB (150°C, 80V)",ATE_BENCH_01,CH_02,VALID,0,,10.0,synthetic
LOT_D03_C002,LOT_D03,IDSS,96,1.983413054507051,uA,150.0,"HTRB (150°C, 80V)",ATE_BENCH_01,CH_02,VALID,0,,10.0,synthetic
LOT_D03_C002,LOT_D03,IDSS,168,1.7490511873920924,uA,150.0,"HTRB (150°C, 80V)",ATE_BENCH_01,CH_02,VALID,0,,10.0,synthetic
LOT_D03_C002,LOT_D03,VGS(th),0,2.9245874893165817,V,150.0,"HTGB (150°C, 20V)",ATE_BENCH_01,CH_02,VALID,0,2.0,4.0,synthetic
LOT_D03_C002,LOT_D03,VGS(th),24,2.891049906361873,V,150.0,"HTGB (150°C, 20V)",ATE_BENCH_01,CH_02,VALID,0,2.0,4.0,synthetic
LOT_D03_C002,LOT_D03,VGS(th),96,2.8887848422960474,V,150.0,"HTGB (150°C, 20V)",ATE_BENCH_01,CH_02,VALID,0,2.0,4.0,synthetic
LOT_D03_C002,LOT_D03,VGS(th),168,2.8931648743747918,V,150.0,"HTGB (150°C, 20V)",ATE_BENCH_01,CH_02,VALID,0,2.0,4.0,synthetic
LOT_D03_C002,LOT_D03,RDS(on),0,47.796336986027406,mOhm,125.0,Operating Life / Power Conduction (TJ=125-150°C),ATE_BENCH_01,CH_02,VALID,0,,60.0,synthetic
LOT_D03_C002,LOT_D03,RDS(on),24,48.857766302953515,mOhm,125.0,Operating Life / Power Conduction (TJ=125-150°C),ATE_BENCH_01,CH_02,VALID,0,,60.0,synthetic
LOT_D03_C002,LOT_D03,RDS(on),96,54.245798911871105,mOhm,125.0,Operating Life / Power Conduction (TJ=125-150°C),ATE_BENCH_01,CH_02,VALID,0,,60.0,synthetic
LOT_D03_C002,LOT_D03,RDS(on),168,77.10646080916618,mOhm,125.0,Operating Life / Power Conduction (TJ=125-150°C),ATE_BENCH_01,CH_02,VALID,0,,60.0,synthetic
LOT_D03_C002,LOT_D03,IGSS,0,-0.8716643276688505,nA,150.0,"HTGB (150°C, ±20V)",ATE_BENCH_01,CH_02,VALID,0,-100.0,100.0,synthetic
LOT_D03_C002,LOT_D03,IGSS,24,-1.2795941773004855,nA,150.0,"HTGB (150°C, ±20V)",ATE_BENCH_01,CH_02,VALID,0,-100.0,100.0,synthetic
LOT_D03_C002,LOT_D03,IGSS,96,-0.8993165725811263,nA,150.0,"HTGB (150°C, ±20V)",ATE_BENCH_01,CH_02,VALID,0,-100.0,100.0,synthetic
LOT_D03_C002,LOT_D03,IGSS,168,-2.117851340759174,nA,150.0,"HTGB (150°C, ±20V)",ATE_BENCH_01,CH_02,VALID,0,-100.0,100.0,synthetic
LOT_D03_C003,LOT_D03,IDSS,0,0.36168747127731943,uA,150.0,"HTRB (150°C, 80V)",ATE_BENCH_01,CH_03,VALID,0,,10.0,synthetic
LOT_D03_C003,LOT_D03,IDSS,24,0.3033527584114133,uA,150.0,"HTRB (150°C, 80V)",ATE_BENCH_01,CH_03,VALID,0,,10.0,synthetic
LOT_D03_C003,LOT_D03,IDSS,96,0.3032096403583298,uA,150.0,"HTRB (150°C, 80V)",ATE_BENCH_01,CH_03,VALID,0,,10.0,synthetic
LOT_D03_C003,LOT_D03,IDSS,168,0.3246161455281046,uA,150.0,"HTRB (150°C, 80V)",ATE_BENCH_01,CH_03,VALID,0,,10.0,synthetic
LOT_D03_C003,LOT_D03,VGS(th),0,2.7942539130955173,V,150.0,"HTGB (150°C, 20V)",ATE_BENCH_01,CH_03,VALID,0,2.0,4.0,synthetic
LOT_D03_C003,LOT_D03,VGS(th),24,2.787035335456624,V,150.0,"HTGB (150°C, 20V)",ATE_BENCH_01,CH_03,VALID,0,2.0,4.0,synthetic
LOT_D03_C003,LOT_D03,VGS(th),96,2.791253062969599,V,150.0,"HTGB (150°C, 20V)",ATE_BENCH_01,CH_03,VALID,0,2.0,4.0,synthetic
LOT_D03_C003,LOT_D03,VGS(th),168,2.754580407579407,V,150.0,"HTGB (150°C, 20V)",ATE_BENCH_01,CH_03,VALID,0,2.0,4.0,synthetic
LOT_D03_C003,LOT_D03,RDS(on),0,46.47759777885276,mOhm,125.0,Operating Life / Power Conduction (TJ=125-150°C),ATE_BENCH_01,CH_03,VALID,0,,60.0,synthetic
LOT_D03_C003,LOT_D03,RDS(on),24,47.973354588962984,mOhm,125.0,Operating Life / Power Conduction (TJ=125-150°C),ATE_BENCH_01,CH_03,VALID,0,,60.0,synthetic
LOT_D03_C003,LOT_D03,RDS(on),96,51.994836038869906,mOhm,125.0,Operating Life / Power Conduction (TJ=125-150°C),ATE_BENCH_01,CH_03,VALID,0,,60.0,synthetic
LOT_D03_C003,LOT_D03,RDS(on),168,60.710745951175824,mOhm,125.0,Operating Life / Power Conduction (TJ=125-150°C),ATE_BENCH_01,CH_03,VALID,0,,60.0,synthetic
LOT_D03_C003,LOT_D03,IGSS,0,2.7649995717816314,nA,150.0,"HTGB (150°C, ±20V)",ATE_BENCH_01,CH_03,VALID,0,-100.0,100.0,synthetic
LOT_D03_C003,LOT_D03,IGSS,24,2.469478498135745,nA,150.0,"HTGB (150°C, ±20V)",ATE_BENCH_01,CH_03,VALID,0,-100.0,100.0,synthetic
LOT_D03_C003,LOT_D03,IGSS,96,1.5505837516080314,nA,150.0,"HTGB (150°C, ±20V)",ATE_BENCH_01,CH_03,VALID,0,-100.0,100.0,synthetic
LOT_D03_C003,LOT_D03,IGSS,168,2.7869167666455033,nA,150.0,"HTGB (150°C, ±20V)",ATE_BENCH_01,CH_03,VALID,0,-100.0,100.0,synthetic
LOT_D03_C004,LOT_D03,IDSS,0,0.3292851837637963,uA,150.0,"HTRB (150°C, 80V)",ATE_BENCH_01,CH_04,VALID,0,,10.0,synthetic
LOT_D03_C004,LOT_D03,IDSS,24,0.2975526123534178,uA,150.0,"HTRB (150°C, 80V)",ATE_BENCH_01,CH_04,VALID,0,,10.0,synthetic
LOT_D03_C004,LOT_D03,IDSS,96,0.31581670603659584,uA,150.0,"HTRB (150°C, 80V)",ATE_BENCH_01,CH_04,VALID,0,,10.0,synthetic
LOT_D03_C004,LOT_D03,IDSS,168,0.26148288119788293,uA,150.0,"HTRB (150°C, 80V)",ATE_BENCH_01,CH_04,VALID,0,,10.0,synthetic
LOT_D03_C004,LOT_D03,VGS(th),0,3.374858863946952,V,150.0,"HTGB (150°C, 20V)",ATE_BENCH_01,CH_04,VALID,0,2.0,4.0,synthetic
LOT_D03_C004,LOT_D03,VGS(th),24,3.399456451945317,V,150.0,"HTGB (150°C, 20V)",ATE_BENCH_01,CH_04,VALID,0,2.0,4.0,synthetic
LOT_D03_C004,LOT_D03,VGS(th),96,3.4069526332507953,V,150.0,"HTGB (150°C, 20V)",ATE_BENCH_01,CH_04,VALID,0,2.0,4.0,synthetic
LOT_D03_C004,LOT_D03,VGS(th),168,3.3687971267657923,V,150.0,"HTGB (150°C, 20V)",ATE_BENCH_01,CH_04,VALID,0,2.0,4.0,synthetic
LOT_D03_C004,LOT_D03,RDS(on),0,50.870519255593294,mOhm,125.0,Operating Life / Power Conduction (TJ=125-150°C),ATE_BENCH_01,CH_04,VALID,0,,60.0,synthetic
LOT_D03_C004,LOT_D03,RDS(on),24,51.57165825234359,mOhm,125.0,Operating Life / Power Conduction (TJ=125-150°C),ATE_BENCH_01,CH_04,VALID,0,,60.0,synthetic
LOT_D03_C004,LOT_D03,RDS(on),96,51.32235890577034,mOhm,125.0,Operating Life / Power Conduction (TJ=125-150°C),ATE_BENCH_01,CH_04,VALID,0,,60.0,synthetic
LOT_D03_C004,LOT_D03,RDS(on),168,50.73106583653073,mOhm,125.0,Operating Life / Power Conduction (TJ=125-150°C),ATE_BENCH_01,CH_04,VALID,0,,60.0,synthetic
LOT_D03_C004,LOT_D03,IGSS,0,-2.2987900248178383,nA,150.0,"HTGB (150°C, ±20V)",ATE_BENCH_01,CH_04,VALID,0,-100.0,100.0,synthetic
LOT_D03_C004,LOT_D03,IGSS,24,-2.9201898746363097,nA,150.0,"HTGB (150°C, ±20V)",ATE_BENCH_01,CH_04,VALID,0,-100.0,100.0,synthetic
LOT_D03_C004,LOT_D03,IGSS,96,-1.0867707681766092,nA,150.0,"HTGB (150°C, ±20V)",ATE_BENCH_01,CH_04,VALID,0,-100.0,100.0,synthetic
LOT_D03_C004,LOT_D03,IGSS,168,-2.086172769995553,nA,150.0,"HTGB (150°C, ±20V)",ATE_BENCH_01,CH_04,VALID,0,-100.0,100.0,synthetic
LOT_D03_C005,LOT_D03,IDSS,0,0.6758820412796018,uA,150.0,"HTRB (150°C, 80V)",ATE_BENCH_01,CH_05,VALID,0,,10.0,synthetic
LOT_D03_C005,LOT_D03,IDSS,24,0.6473707244931728,uA,150.0,"HTRB (150°C, 80V)",ATE_BENCH_01,CH_05,VALID,0,,10.0,synthetic
LOT_D03_C005,LOT_D03,IDSS,96,0.7038464710078918,uA,150.0,"HTRB (150°C, 80V)",ATE_BENCH_01,CH_05,VALID,0,,10.0,synthetic
LOT_D03_C005,LOT_D03,IDSS,168,0.6312849514772781,uA,150.0,"HTRB (150°C, 80V)",ATE_BENCH_01,CH_05,VALID,0,,10.0,synthetic
LOT_D03_C005,LOT_D03,VGS(th),0,3.04809389324974,V,150.0,"HTGB (150°C, 20V)",ATE_BENCH_01,CH_05,VALID,0,2.0,4.0,synthetic
LOT_D03_C005,LOT_D03,VGS(th),24,3.0303274615220657,V,150.0,"HTGB (150°C, 20V)",ATE_BENCH_01,CH_05,VALID,0,2.0,4.0,synthetic
LOT_D03_C005,LOT_D03,VGS(th),96,3.0338409637557393,V,150.0,"HTGB (150°C, 20V)",ATE_BENCH_01,CH_05,VALID,0,2.0,4.0,synthetic
LOT_D03_C005,LOT_D03,VGS(th),168,3.0471137691069945,V,150.0,"HTGB (150°C, 20V)",ATE_BENCH_01,CH_05,VALID,0,2.0,4.0,synthetic
LOT_D03_C005,LOT_D03,RDS(on),0,40.874003441087844,mOhm,125.0,Operating Life / Power Conduction (TJ=125-150°C),ATE_BENCH_01,CH_05,VALID,0,,60.0,synthetic
LOT_D03_C005,LOT_D03,RDS(on),24,41.88414584662563,mOhm,125.0,Operating Life / Power Conduction (TJ=125-150°C),ATE_BENCH_01,CH_05,VALID,0,,60.0,synthetic
LOT_D03_C005,LOT_D03,RDS(on),96,40.401540962898494,mOhm,125.0,Operating Life / Power Conduction (TJ=125-150°C),ATE_BENCH_01,CH_05,VALID,0,,60.0,synthetic
LOT_D03_C005,LOT_D03,RDS(on),168,41.738925695956084,mOhm,125.0,Operating Life / Power Conduction (TJ=125-150°C),ATE_BENCH_01,CH_05,VALID,0,,60.0,synthetic
LOT_D03_C005,LOT_D03,IGSS,0,1.082681759597205,nA,150.0,"HTGB (150°C, ±20V)",ATE_BENCH_01,CH_05,VALID,0,-100.0,100.0,synthetic
LOT_D03_C005,LOT_D03,IGSS,24,1.441426075563569,nA,150.0,"HTGB (150°C, ±20V)",ATE_BENCH_01,CH_05,VALID,0,-100.0,100.0,synthetic
LOT_D03_C005,LOT_D03,IGSS,96,0.6907913070049793,nA,150.0,"HTGB (150°C, ±20V)",ATE_BENCH_01,CH_05,VALID,0,-100.0,100.0,synthetic
LOT_D03_C005,LOT_D03,IGSS,168,0.8701479223202904,nA,150.0,"HTGB (150°C, ±20V)",ATE_BENCH_01,CH_05,VALID,0,-100.0,100.0,synthetic
LOT_D03_C006,LOT_D03,IDSS,0,0.4202967780304875,uA,150.0,"HTRB (150°C, 80V)",ATE_BENCH_01,CH_06,VALID,0,,10.0,synthetic
LOT_D03_C006,LOT_D03,IDSS,24,0.43999384060068447,uA,150.0,"HTRB (150°C, 80V)",ATE_BENCH_01,CH_06,VALID,0,,10.0,synthetic
LOT_D03_C006,LOT_D03,IDSS,96,0.4122833606778122,uA,150.0,"HTRB (150°C, 80V)",ATE_BENCH_01,CH_06,VALID,0,,10.0,synthetic
LOT_D03_C006,LOT_D03,IDSS,168,0.40864262232103116,uA,150.0,"HTRB (150°C, 80V)",ATE_BENCH_01,CH_06,VALID,0,,10.0,synthetic
LOT_D03_C006,LOT_D03,VGS(th),0,2.750573546453826,V,150.0,"HTGB (150°C, 20V)",ATE_BENCH_01,CH_06,VALID,0,2.0,4.0,synthetic
LOT_D03_C006,LOT_D03,VGS(th),24,2.787000851678646,V,150.0,"HTGB (150°C, 20V)",ATE_BENCH_01,CH_06,VALID,0,2.0,4.0,synthetic
LOT_D03_C006,LOT_D03,VGS(th),96,2.766646999768253,V,150.0,"HTGB (150°C, 20V)",ATE_BENCH_01,CH_06,VALID,0,2.0,4.0,synthetic
LOT_D03_C006,LOT_D03,VGS(th),168,2.7626243241984936,V,150.0,"HTGB (150°C, 20V)",ATE_BENCH_01,CH_06,VALID,0,2.0,4.0,synthetic
LOT_D03_C006,LOT_D03,RDS(on),0,55.02231402036396,mOhm,125.0,Operating Life / Power Conduction (TJ=125-150°C),ATE_BENCH_01,CH_06,VALID,0,,60.0,synthetic
LOT_D03_C006,LOT_D03,RDS(on),24,55.141318107166676,mOhm,125.0,Operating Life / Power Conduction (TJ=125-150°C),ATE_BENCH_01,CH_06,VALID,0,,60.0,synthetic
LOT_D03_C006,LOT_D03,RDS(on),96,55.784205601580865,mOhm,125.0,Operating Life / Power Conduction (TJ=125-150°C),ATE_BENCH_01,CH_06,VALID,0,,60.0,synthetic
LOT_D03_C006,LOT_D03,RDS(on),168,56.34029780726414,mOhm,125.0,Operating Life / Power Conduction (TJ=125-150°C),ATE_BENCH_01,CH_06,VALID,0,,60.0,synthetic
LOT_D03_C006,LOT_D03,IGSS,0,-1.2382203761608748,nA,150.0,"HTGB (150°C, ±20V)",ATE_BENCH_01,CH_06,VALID,0,-100.0,100.0,synthetic
LOT_D03_C006,LOT_D03,IGSS,24,-2.4406540202171025,nA,150.0,"HTGB (150°C, ±20V)",ATE_BENCH_01,CH_06,VALID,0,-100.0,100.0,synthetic
LOT_D03_C006,LOT_D03,IGSS,96,-2.102178426848056,nA,150.0,"HTGB (150°C, ±20V)",ATE_BENCH_01,CH_06,VALID,0,-100.0,100.0,synthetic
LOT_D03_C006,LOT_D03,IGSS,168,-1.4243937172165784,nA,150.0,"HTGB (150°C, ±20V)",ATE_BENCH_01,CH_06,VALID,0,-100.0,100.0,synthetic
LOT_D03_C007,LOT_D03,IDSS,0,0.33312628585571996,uA,150.0,"HTRB (150°C, 80V)",ATE_BENCH_01,CH_07,VALID,0,,10.0,synthetic
LOT_D03_C007,LOT_D03,IDSS,24,0.33966005384932973,uA,150.0,"HTRB (150°C, 80V)",ATE_BENCH_01,CH_07,VALID,0,,10.0,synthetic
LOT_D03_C007,LOT_D03,IDSS,96,0.33993979319379625,uA,150.0,"HTRB (150°C, 80V)",ATE_BENCH_01,CH_07,VALID,0,,10.0,synthetic
LOT_D03_C007,LOT_D03,IDSS,168,0.3610223735720934,uA,150.0,"HTRB (150°C, 80V)",ATE_BENCH_01,CH_07,VALID,0,,10.0,synthetic
LOT_D03_C007,LOT_D03,VGS(th),0,2.897521077613445,V,150.0,"HTGB (150°C, 20V)",ATE_BENCH_01,CH_07,VALID,0,2.0,4.0,synthetic
LOT_D03_C007,LOT_D03,VGS(th),24,2.919771430997812,V,150.0,"HTGB (150°C, 20V)",ATE_BENCH_01,CH_07,VALID,0,2.0,4.0,synthetic
LOT_D03_C007,LOT_D03,VGS(th),96,2.9275596724433193,V,150.0,"HTGB (150°C, 20V)",ATE_BENCH_01,CH_07,VALID,0,2.0,4.0,synthetic
LOT_D03_C007,LOT_D03,VGS(th),168,2.9516274352567686,V,150.0,"HTGB (150°C, 20V)",ATE_BENCH_01,CH_07,VALID,0,2.0,4.0,synthetic
LOT_D03_C007,LOT_D03,RDS(on),0,48.73951796700711,mOhm,125.0,Operating Life / Power Conduction (TJ=125-150°C),ATE_BENCH_01,CH_07,VALID,0,,60.0,synthetic
LOT_D03_C007,LOT_D03,RDS(on),24,48.95238682008347,mOhm,125.0,Operating Life / Power Conduction (TJ=125-150°C),ATE_BENCH_01,CH_07,VALID,0,,60.0,synthetic
LOT_D03_C007,LOT_D03,RDS(on),96,48.51086444884898,mOhm,125.0,Operating Life / Power Conduction (TJ=125-150°C),ATE_BENCH_01,CH_07,VALID,0,,60.0,synthetic
LOT_D03_C007,LOT_D03,RDS(on),168,48.891706783910784,mOhm,125.0,Operating Life / Power Conduction (TJ=125-150°C),ATE_BENCH_01,CH_07,VALID,0,,60.0,synthetic
LOT_D03_C007,LOT_D03,IGSS,0,1.4224562716604843,nA,150.0,"HTGB (150°C, ±20V)",ATE_BENCH_01,CH_07,VALID,0,-100.0,100.0,synthetic
LOT_D03_C007,LOT_D03,IGSS,24,1.132667890312572,nA,150.0,"HTGB (150°C, ±20V)",ATE_BENCH_01,CH_07,VALID,0,-100.0,100.0,synthetic
LOT_D03_C007,LOT_D03,IGSS,96,1.2550449224892517,nA,150.0,"HTGB (150°C, ±20V)",ATE_BENCH_01,CH_07,VALID,0,-100.0,100.0,synthetic
LOT_D03_C007,LOT_D03,IGSS,168,2.6817956589400773,nA,150.0,"HTGB (150°C, ±20V)",ATE_BENCH_01,CH_07,VALID,0,-100.0,100.0,synthetic
LOT_D03_C008,LOT_D03,IDSS,0,2.7161954444991085,uA,150.0,"HTRB (150°C, 80V)",ATE_BENCH_01,CH_08,VALID,0,,10.0,synthetic
LOT_D03_C008,LOT_D03,IDSS,24,2.770956053322161,uA,150.0,"HTRB (150°C, 80V)",ATE_BENCH_01,CH_08,VALID,0,,10.0,synthetic
LOT_D03_C008,LOT_D03,IDSS,96,2.51864964922234,uA,150.0,"HTRB (150°C, 80V)",ATE_BENCH_01,CH_08,VALID,0,,10.0,synthetic
LOT_D03_C008,LOT_D03,IDSS,168,2.609274231311502,uA,150.0,"HTRB (150°C, 80V)",ATE_BENCH_01,CH_08,VALID,0,,10.0,synthetic
LOT_D03_C008,LOT_D03,VGS(th),0,2.8635254279195483,V,150.0,"HTGB (150°C, 20V)",ATE_BENCH_01,CH_08,VALID,0,2.0,4.0,synthetic
LOT_D03_C008,LOT_D03,VGS(th),24,2.8688705298256427,V,150.0,"HTGB (150°C, 20V)",ATE_BENCH_01,CH_08,VALID,0,2.0,4.0,synthetic
LOT_D03_C008,LOT_D03,VGS(th),96,2.842044252023757,V,150.0,"HTGB (150°C, 20V)",ATE_BENCH_01,CH_08,VALID,0,2.0,4.0,synthetic
LOT_D03_C008,LOT_D03,VGS(th),168,2.893860645844976,V,150.0,"HTGB (150°C, 20V)",ATE_BENCH_01,CH_08,VALID,0,2.0,4.0,synthetic
LOT_D03_C008,LOT_D03,RDS(on),0,50.43801289067949,mOhm,125.0,Operating Life / Power Conduction (TJ=125-150°C),ATE_BENCH_01,CH_08,VALID,0,,60.0,synthetic
LOT_D03_C008,LOT_D03,RDS(on),24,49.653530788388956,mOhm,125.0,Operating Life / Power Conduction (TJ=125-150°C),ATE_BENCH_01,CH_08,VALID,0,,60.0,synthetic
LOT_D03_C008,LOT_D03,RDS(on),96,49.34081576685923,mOhm,125.0,Operating Life / Power Conduction (TJ=125-150°C),ATE_BENCH_01,CH_08,VALID,0,,60.0,synthetic
LOT_D03_C008,LOT_D03,RDS(on),168,49.20655285874084,mOhm,125.0,Operating Life / Power Conduction (TJ=125-150°C),ATE_BENCH_01,CH_08,VALID,0,,60.0,synthetic
LOT_D03_C008,LOT_D03,IGSS,0,-2.2407670397562653,nA,150.0,"HTGB (150°C, ±20V)",ATE_BENCH_01,CH_08,VALID,0,-100.0,100.0,synthetic
LOT_D03_C008,LOT_D03,IGSS,24,-2.2225857546655776,nA,150.0,"HTGB (150°C, ±20V)",ATE_BENCH_01,CH_08,VALID,0,-100.0,100.0,synthetic
LOT_D03_C008,LOT_D03,IGSS,96,-3.0260138397445084,nA,150.0,"HTGB (150°C, ±20V)",ATE_BENCH_01,CH_08,VALID,0,-100.0,100.0,synthetic
LOT_D03_C008,LOT_D03,IGSS,168,-2.154175607277684,nA,150.0,"HTGB (150°C, ±20V)",ATE_BENCH_01,CH_08,VALID,0,-100.0,100.0,synthetic
LOT_D03_C009,LOT_D03,IDSS,0,0.2730893722802169,uA,150.0,"HTRB (150°C, 80V)",ATE_BENCH_01,CH_09,VALID,0,,10.0,synthetic
LOT_D03_C009,LOT_D03,IDSS,24,0.33460858500704005,uA,150.0,"HTRB (150°C, 80V)",ATE_BENCH_01,CH_09,VALID,0,,10.0,synthetic
LOT_D03_C009,LOT_D03,IDSS,96,0.31535774498612573,uA,150.0,"HTRB (150°C, 80V)",ATE_BENCH_01,CH_09,VALID,0,,10.0,synthetic
LOT_D03_C009,LOT_D03,IDSS,168,0.28583554013005946,uA,150.0,"HTRB (150°C, 80V)",ATE_BENCH_01,CH_09,VALID,0,,10.0,synthetic
LOT_D03_C009,LOT_D03,VGS(th),0,2.8784852339238527,V,150.0,"HTGB (150°C, 20V)",ATE_BENCH_01,CH_09,VALID,0,2.0,4.0,synthetic
LOT_D03_C009,LOT_D03,VGS(th),24,2.8486095792624937,V,150.0,"HTGB (150°C, 20V)",ATE_BENCH_01,CH_09,VALID,0,2.0,4.0,synthetic
LOT_D03_C009,LOT_D03,VGS(th),96,2.8315846211802165,V,150.0,"HTGB (150°C, 20V)",ATE_BENCH_01,CH_09,VALID,0,2.0,4.0,synthetic
LOT_D03_C009,LOT_D03,VGS(th),168,2.870397325341695,V,150.0,"HTGB (150°C, 20V)",ATE_BENCH_01,CH_09,VALID,0,2.0,4.0,synthetic
LOT_D03_C009,LOT_D03,RDS(on),0,47.225086368908855,mOhm,125.0,Operating Life / Power Conduction (TJ=125-150°C),ATE_BENCH_01,CH_09,VALID,0,,60.0,synthetic
LOT_D03_C009,LOT_D03,RDS(on),24,48.661891865497424,mOhm,125.0,Operating Life / Power Conduction (TJ=125-150°C),ATE_BENCH_01,CH_09,VALID,0,,60.0,synthetic
LOT_D03_C009,LOT_D03,RDS(on),96,47.133756565012526,mOhm,125.0,Operating Life / Power Conduction (TJ=125-150°C),ATE_BENCH_01,CH_09,VALID,0,,60.0,synthetic
LOT_D03_C009,LOT_D03,RDS(on),168,48.86878273287544,mOhm,125.0,Operating Life / Power Conduction (TJ=125-150°C),ATE_BENCH_01,CH_09,VALID,0,,60.0,synthetic
LOT_D03_C009,LOT_D03,IGSS,0,2.3681877582296864,nA,150.0,"HTGB (150°C, ±20V)",ATE_BENCH_01,CH_09,VALID,0,-100.0,100.0,synthetic
LOT_D03_C009,LOT_D03,IGSS,24,1.790440672646772,nA,150.0,"HTGB (150°C, ±20V)",ATE_BENCH_01,CH_09,VALID,0,-100.0,100.0,synthetic
LOT_D03_C009,LOT_D03,IGSS,96,1.7648693714844976,nA,150.0,"HTGB (150°C, ±20V)",ATE_BENCH_01,CH_09,VALID,0,-100.0,100.0,synthetic
LOT_D03_C009,LOT_D03,IGSS,168,2.7764871525070682,nA,150.0,"HTGB (150°C, ±20V)",ATE_BENCH_01,CH_09,VALID,0,-100.0,100.0,synthetic
LOT_D03_C010,LOT_D03,IDSS,0,0.32437189834808405,uA,150.0,"HTRB (150°C, 80V)",ATE_BENCH_01,CH_10,VALID,0,,10.0,synthetic
LOT_D03_C010,LOT_D03,IDSS,24,0.42338847071164426,uA,150.0,"HTRB (150°C, 80V)",ATE_BENCH_01,CH_10,VALID,0,,10.0,synthetic
LOT_D03_C010,LOT_D03,IDSS,96,0.3926732622446028,uA,150.0,"HTRB (150°C, 80V)",ATE_BENCH_01,CH_10,VALID,0,,10.0,synthetic
LOT_D03_C010,LOT_D03,IDSS,168,0.37412728627938646,uA,150.0,"HTRB (150°C, 80V)",ATE_BENCH_01,CH_10,VALID,0,,10.0,synthetic
LOT_D03_C010,LOT_D03,VGS(th),0,3.621767277748258,V,150.0,"HTGB (150°C, 20V)",ATE_BENCH_01,CH_10,VALID,0,2.0,4.0,synthetic
LOT_D03_C010,LOT_D03,VGS(th),24,3.628343387925861,V,150.0,"HTGB (150°C, 20V)",ATE_BENCH_01,CH_10,VALID,0,2.0,4.0,synthetic
LOT_D03_C010,LOT_D03,VGS(th),96,3.6181691978407886,V,150.0,"HTGB (150°C, 20V)",ATE_BENCH_01,CH_10,VALID,0,2.0,4.0,synthetic
LOT_D03_C010,LOT_D03,VGS(th),168,3.6116463319478873,V,150.0,"HTGB (150°C, 20V)",ATE_BENCH_01,CH_10,VALID,0,2.0,4.0,synthetic
LOT_D03_C010,LOT_D03,RDS(on),0,55.320969326569184,mOhm,125.0,Operating Life / Power Conduction (TJ=125-150°C),ATE_BENCH_01,CH_10,VALID,0,,60.0,synthetic
LOT_D03_C010,LOT_D03,RDS(on),24,55.48934213527602,mOhm,125.0,Operating Life / Power Conduction (TJ=125-150°C),ATE_BENCH_01,CH_10,VALID,0,,60.0,synthetic
LOT_D03_C010,LOT_D03,RDS(on),96,55.47864843919697,mOhm,125.0,Operating Life / Power Conduction (TJ=125-150°C),ATE_BENCH_01,CH_10,VALID,0,,60.0,synthetic
LOT_D03_C010,LOT_D03,RDS(on),168,55.02408684558664,mOhm,125.0,Operating Life / Power Conduction (TJ=125-150°C),ATE_BENCH_01,CH_10,VALID,0,,60.0,synthetic
LOT_D03_C010,LOT_D03,IGSS,0,-2.792620531578216,nA,150.0,"HTGB (150°C, ±20V)",ATE_BENCH_01,CH_10,VALID,0,-100.0,100.0,synthetic
LOT_D03_C010,LOT_D03,IGSS,24,-2.44330723574154,nA,150.0,"HTGB (150°C, ±20V)",ATE_BENCH_01,CH_10,VALID,0,-100.0,100.0,synthetic
LOT_D03_C010,LOT_D03,IGSS,96,-2.74865380670579,nA,150.0,"HTGB (150°C, ±20V)",ATE_BENCH_01,CH_10,VALID,0,-100.0,100.0,synthetic
LOT_D03_C010,LOT_D03,IGSS,168,-1.3633298513192114,nA,150.0,"HTGB (150°C, ±20V)",ATE_BENCH_01,CH_10,VALID,0,-100.0,100.0,synthetic
LOT_D03_C011,LOT_D03,IDSS,0,0.42047596646679425,uA,150.0,"HTRB (150°C, 80V)",ATE_BENCH_01,CH_11,VALID,0,,10.0,synthetic
LOT_D03_C011,LOT_D03,IDSS,24,0.40747472899733883,uA,150.0,"HTRB (150°C, 80V)",ATE_BENCH_01,CH_11,VALID,0,,10.0,synthetic
LOT_D03_C011,LOT_D03,IDSS,96,0.3954414892043351,uA,150.0,"HTRB (150°C, 80V)",ATE_BENCH_01,CH_11,VALID,0,,10.0,synthetic
LOT_D03_C011,LOT_D03,IDSS,168,0.40432750066392836,uA,150.0,"HTRB (150°C, 80V)",ATE_BENCH_01,CH_11,VALID,0,,10.0,synthetic
LOT_D03_C011,LOT_D03,VGS(th),0,2.963567050736528,V,150.0,"HTGB (150°C, 20V)",ATE_BENCH_01,CH_11,VALID,0,2.0,4.0,synthetic
LOT_D03_C011,LOT_D03,VGS(th),24,3.0010998633385784,V,150.0,"HTGB (150°C, 20V)",ATE_BENCH_01,CH_11,VALID,0,2.0,4.0,synthetic
LOT_D03_C011,LOT_D03,VGS(th),96,2.9713835953767616,V,150.0,"HTGB (150°C, 20V)",ATE_BENCH_01,CH_11,VALID,0,2.0,4.0,synthetic
LOT_D03_C011,LOT_D03,VGS(th),168,3.004600683939682,V,150.0,"HTGB (150°C, 20V)",ATE_BENCH_01,CH_11,VALID,0,2.0,4.0,synthetic
LOT_D03_C011,LOT_D03,RDS(on),0,47.34058570549253,mOhm,125.0,Operating Life / Power Conduction (TJ=125-150°C),ATE_BENCH_01,CH_11,VALID,0,,60.0,synthetic
LOT_D03_C011,LOT_D03,RDS(on),24,47.59799372695952,mOhm,125.0,Operating Life / Power Conduction (TJ=125-150°C),ATE_BENCH_01,CH_11,VALID,0,,60.0,synthetic
LOT_D03_C011,LOT_D03,RDS(on),96,47.42716135210158,mOhm,125.0,Operating Life / Power Conduction (TJ=125-150°C),ATE_BENCH_01,CH_11,VALID,0,,60.0,synthetic
LOT_D03_C011,LOT_D03,RDS(on),168,48.78294302905045,mOhm,125.0,Operating Life / Power Conduction (TJ=125-150°C),ATE_BENCH_01,CH_11,VALID,0,,60.0,synthetic
LOT_D03_C011,LOT_D03,IGSS,0,3.4411881320134654,nA,150.0,"HTGB (150°C, ±20V)",ATE_BENCH_01,CH_11,VALID,0,-100.0,100.0,synthetic
LOT_D03_C011,LOT_D03,IGSS,24,2.6048893282523813,nA,150.0,"HTGB (150°C, ±20V)",ATE_BENCH_01,CH_11,VALID,0,-100.0,100.0,synthetic
LOT_D03_C011,LOT_D03,IGSS,96,2.891188349895641,nA,150.0,"HTGB (150°C, ±20V)",ATE_BENCH_01,CH_11,VALID,0,-100.0,100.0,synthetic
LOT_D03_C011,LOT_D03,IGSS,168,0.9943554921346887,nA,150.0,"HTGB (150°C, ±20V)",ATE_BENCH_01,CH_11,VALID,0,-100.0,100.0,synthetic
LOT_D03_C012,LOT_D03,IDSS,0,0.3154114263126596,uA,150.0,"HTRB (150°C, 80V)",ATE_BENCH_01,CH_12,VALID,0,,10.0,synthetic
LOT_D03_C012,LOT_D03,IDSS,24,0.31130498975216775,uA,150.0,"HTRB (150°C, 80V)",ATE_BENCH_01,CH_12,VALID,0,,10.0,synthetic
LOT_D03_C012,LOT_D03,IDSS,96,0.3497574458602477,uA,150.0,"HTRB (150°C, 80V)",ATE_BENCH_01,CH_12,VALID,0,,10.0,synthetic
LOT_D03_C012,LOT_D03,IDSS,168,0.338854206284713,uA,150.0,"HTRB (150°C, 80V)",ATE_BENCH_01,CH_12,VALID,0,,10.0,synthetic
LOT_D03_C012,LOT_D03,VGS(th),0,2.925715273153143,V,150.0,"HTGB (150°C, 20V)",ATE_BENCH_01,CH_12,VALID,0,2.0,4.0,synthetic
LOT_D03_C012,LOT_D03,VGS(th),24,2.928817483622257,V,150.0,"HTGB (150°C, 20V)",ATE_BENCH_01,CH_12,VALID,0,2.0,4.0,synthetic
LOT_D03_C012,LOT_D03,VGS(th),96,2.9190016328293784,V,150.0,"HTGB (150°C, 20V)",ATE_BENCH_01,CH_12,VALID,0,2.0,4.0,synthetic
LOT_D03_C012,LOT_D03,VGS(th),168,2.9409462153997965,V,150.0,"HTGB (150°C, 20V)",ATE_BENCH_01,CH_12,VALID,0,2.0,4.0,synthetic
LOT_D03_C012,LOT_D03,RDS(on),0,56.218056818612766,mOhm,125.0,Operating Life / Power Conduction (TJ=125-150°C),ATE_BENCH_01,CH_12,VALID,0,,60.0,synthetic
LOT_D03_C012,LOT_D03,RDS(on),24,56.30556558298543,mOhm,125.0,Operating Life / Power Conduction (TJ=125-150°C),ATE_BENCH_01,CH_12,VALID,0,,60.0,synthetic
LOT_D03_C012,LOT_D03,RDS(on),96,55.109642279207065,mOhm,125.0,Operating Life / Power Conduction (TJ=125-150°C),ATE_BENCH_01,CH_12,VALID,0,,60.0,synthetic
LOT_D03_C012,LOT_D03,RDS(on),168,56.94660463876798,mOhm,125.0,Operating Life / Power Conduction (TJ=125-150°C),ATE_BENCH_01,CH_12,VALID,0,,60.0,synthetic
LOT_D03_C012,LOT_D03,IGSS,0,0.1729143565998458,nA,150.0,"HTGB (150°C, ±20V)",ATE_BENCH_01,CH_12,VALID,0,-100.0,100.0,synthetic
LOT_D03_C012,LOT_D03,IGSS,24,-0.15411882653362907,nA,150.0,"HTGB (150°C, ±20V)",ATE_BENCH_01,CH_12,VALID,0,-100.0,100.0,synthetic
LOT_D03_C012,LOT_D03,IGSS,96,-0.5202864459990544,nA,150.0,"HTGB (150°C, ±20V)",ATE_BENCH_01,CH_12,VALID,0,-100.0,100.0,synthetic
LOT_D03_C012,LOT_D03,IGSS,168,0.6681369243555068,nA,150.0,"HTGB (150°C, ±20V)",ATE_BENCH_01,CH_12,VALID,0,-100.0,100.0,synthetic
LOT_D03_C013,LOT_D03,IDSS,0,0.2548768114781084,uA,150.0,"HTRB (150°C, 80V)",ATE_BENCH_01,CH_13,VALID,0,,10.0,synthetic
LOT_D03_C013,LOT_D03,IDSS,24,0.2865631959166189,uA,150.0,"HTRB (150°C, 80V)",ATE_BENCH_01,CH_13,VALID,0,,10.0,synthetic
LOT_D03_C013,LOT_D03,IDSS,96,0.2689867191144645,uA,150.0,"HTRB (150°C, 80V)",ATE_BENCH_01,CH_13,VALID,0,,10.0,synthetic
LOT_D03_C013,LOT_D03,IDSS,168,0.28405250774041285,uA,150.0,"HTRB (150°C, 80V)",ATE_BENCH_01,CH_13,VALID,0,,10.0,synthetic
LOT_D03_C013,LOT_D03,VGS(th),0,2.814723869809899,V,150.0,"HTGB (150°C, 20V)",ATE_BENCH_01,CH_13,VALID,0,2.0,4.0,synthetic
LOT_D03_C013,LOT_D03,VGS(th),24,2.8272257111230688,V,150.0,"HTGB (150°C, 20V)",ATE_BENCH_01,CH_13,VALID,0,2.0,4.0,synthetic
LOT_D03_C013,LOT_D03,VGS(th),96,2.7956846394451373,V,150.0,"HTGB (150°C, 20V)",ATE_BENCH_01,CH_13,VALID,0,2.0,4.0,synthetic
LOT_D03_C013,LOT_D03,VGS(th),168,2.8086308977722005,V,150.0,"HTGB (150°C, 20V)",ATE_BENCH_01,CH_13,VALID,0,2.0,4.0,synthetic
LOT_D03_C013,LOT_D03,RDS(on),0,50.69363413757494,mOhm,125.0,Operating Life / Power Conduction (TJ=125-150°C),ATE_BENCH_01,CH_13,VALID,0,,60.0,synthetic
LOT_D03_C013,LOT_D03,RDS(on),24,50.702904648912835,mOhm,125.0,Operating Life / Power Conduction (TJ=125-150°C),ATE_BENCH_01,CH_13,VALID,0,,60.0,synthetic
LOT_D03_C013,LOT_D03,RDS(on),96,50.64139253857521,mOhm,125.0,Operating Life / Power Conduction (TJ=125-150°C),ATE_BENCH_01,CH_13,VALID,0,,60.0,synthetic
LOT_D03_C013,LOT_D03,RDS(on),168,51.6845973818744,mOhm,125.0,Operating Life / Power Conduction (TJ=125-150°C),ATE_BENCH_01,CH_13,VALID,0,,60.0,synthetic
LOT_D03_C013,LOT_D03,IGSS,0,1.84954287002313,nA,150.0,"HTGB (150°C, ±20V)",ATE_BENCH_01,CH_13,VALID,0,-100.0,100.0,synthetic
LOT_D03_C013,LOT_D03,IGSS,24,2.621036698647446,nA,150.0,"HTGB (150°C, ±20V)",ATE_BENCH_01,CH_13,VALID,0,-100.0,100.0,synthetic
LOT_D03_C013,LOT_D03,IGSS,96,1.83811468810775,nA,150.0,"HTGB (150°C, ±20V)",ATE_BENCH_01,CH_13,VALID,0,-100.0,100.0,synthetic
LOT_D03_C013,LOT_D03,IGSS,168,2.286400635519906,nA,150.0,"HTGB (150°C, ±20V)",ATE_BENCH_01,CH_13,VALID,0,-100.0,100.0,synthetic
LOT_D03_C014,LOT_D03,IDSS,0,2.533491488787111,uA,150.0,"HTRB (150°C, 80V)",ATE_BENCH_01,CH_14,VALID,0,,10.0,synthetic
LOT_D03_C014,LOT_D03,IDSS,24,2.597484745933302,uA,150.0,"HTRB (150°C, 80V)",ATE_BENCH_01,CH_14,VALID,0,,10.0,synthetic
LOT_D03_C014,LOT_D03,IDSS,96,2.231211177007186,uA,150.0,"HTRB (150°C, 80V)",ATE_BENCH_01,CH_14,VALID,0,,10.0,synthetic
LOT_D03_C014,LOT_D03,IDSS,168,2.216160126508005,uA,150.0,"HTRB (150°C, 80V)",ATE_BENCH_01,CH_14,VALID,0,,10.0,synthetic
LOT_D03_C014,LOT_D03,VGS(th),0,2.9488196710377714,V,150.0,"HTGB (150°C, 20V)",ATE_BENCH_01,CH_14,VALID,0,2.0,4.0,synthetic
LOT_D03_C014,LOT_D03,VGS(th),24,2.9246979501531962,V,150.0,"HTGB (150°C, 20V)",ATE_BENCH_01,CH_14,VALID,0,2.0,4.0,synthetic
LOT_D03_C014,LOT_D03,VGS(th),96,2.9309700255350912,V,150.0,"HTGB (150°C, 20V)",ATE_BENCH_01,CH_14,VALID,0,2.0,4.0,synthetic
LOT_D03_C014,LOT_D03,VGS(th),168,2.9333883514076495,V,150.0,"HTGB (150°C, 20V)",ATE_BENCH_01,CH_14,VALID,0,2.0,4.0,synthetic
LOT_D03_C014,LOT_D03,RDS(on),0,54.88397170868384,mOhm,125.0,Operating Life / Power Conduction (TJ=125-150°C),ATE_BENCH_01,CH_14,VALID,0,,60.0,synthetic
LOT_D03_C014,LOT_D03,RDS(on),24,54.902290850884555,mOhm,125.0,Operating Life / Power Conduction (TJ=125-150°C),ATE_BENCH_01,CH_14,VALID,0,,60.0,synthetic
LOT_D03_C014,LOT_D03,RDS(on),96,54.03607296131928,mOhm,125.0,Operating Life / Power Conduction (TJ=125-150°C),ATE_BENCH_01,CH_14,VALID,0,,60.0,synthetic
LOT_D03_C014,LOT_D03,RDS(on),168,54.34841294523242,mOhm,125.0,Operating Life / Power Conduction (TJ=125-150°C),ATE_BENCH_01,CH_14,VALID,0,,60.0,synthetic
LOT_D03_C014,LOT_D03,IGSS,0,-0.8724900398533292,nA,150.0,"HTGB (150°C, ±20V)",ATE_BENCH_01,CH_14,VALID,0,-100.0,100.0,synthetic
LOT_D03_C014,LOT_D03,IGSS,24,-1.7674565452394528,nA,150.0,"HTGB (150°C, ±20V)",ATE_BENCH_01,CH_14,VALID,0,-100.0,100.0,synthetic
LOT_D03_C014,LOT_D03,IGSS,96,-1.7242457462267844,nA,150.0,"HTGB (150°C, ±20V)",ATE_BENCH_01,CH_14,VALID,0,-100.0,100.0,synthetic
LOT_D03_C014,LOT_D03,IGSS,168,-2.4833021400409847,nA,150.0,"HTGB (150°C, ±20V)",ATE_BENCH_01,CH_14,VALID,0,-100.0,100.0,synthetic
LOT_D03_C015,LOT_D03,IDSS,0,0.38264317286620075,uA,150.0,"HTRB (150°C, 80V)",ATE_BENCH_01,CH_15,VALID,0,,10.0,synthetic
LOT_D03_C015,LOT_D03,IDSS,24,0.4047238740545753,uA,150.0,"HTRB (150°C, 80V)",ATE_BENCH_01,CH_15,VALID,0,,10.0,synthetic
LOT_D03_C015,LOT_D03,IDSS,96,0.4485085718989664,uA,150.0,"HTRB (150°C, 80V)",ATE_BENCH_01,CH_15,VALID,0,,10.0,synthetic
LOT_D03_C015,LOT_D03,IDSS,168,0.3817202810303732,uA,150.0,"HTRB (150°C, 80V)",ATE_BENCH_01,CH_15,VALID,0,,10.0,synthetic
LOT_D03_C015,LOT_D03,VGS(th),0,2.9321129454586212,V,150.0,"HTGB (150°C, 20V)",ATE_BENCH_01,CH_15,VALID,0,2.0,4.0,synthetic
LOT_D03_C015,LOT_D03,VGS(th),24,2.9397254016655445,V,150.0,"HTGB (150°C, 20V)",ATE_BENCH_01,CH_15,VALID,0,2.0,4.0,synthetic
LOT_D03_C015,LOT_D03,VGS(th),96,2.934184933407572,V,150.0,"HTGB (150°C, 20V)",ATE_BENCH_01,CH_15,VALID,0,2.0,4.0,synthetic
LOT_D03_C015,LOT_D03,VGS(th),168,2.933195901075009,V,150.0,"HTGB (150°C, 20V)",ATE_BENCH_01,CH_15,VALID,0,2.0,4.0,synthetic
LOT_D03_C015,LOT_D03,RDS(on),0,46.23763442770634,mOhm,125.0,Operating Life / Power Conduction (TJ=125-150°C),ATE_BENCH_01,CH_15,VALID,0,,60.0,synthetic
LOT_D03_C015,LOT_D03,RDS(on),24,45.58981949504679,mOhm,125.0,Operating Life / Power Conduction (TJ=125-150°C),ATE_BENCH_01,CH_15,VALID,0,,60.0,synthetic
LOT_D03_C015,LOT_D03,RDS(on),96,45.415843980116286,mOhm,125.0,Operating Life / Power Conduction (TJ=125-150°C),ATE_BENCH_01,CH_15,VALID,0,,60.0,synthetic
LOT_D03_C015,LOT_D03,RDS(on),168,45.27847279125933,mOhm,125.0,Operating Life / Power Conduction (TJ=125-150°C),ATE_BENCH_01,CH_15,VALID,0,,60.0,synthetic
LOT_D03_C015,LOT_D03,IGSS,0,3.0004596068184832,nA,150.0,"HTGB (150°C, ±20V)",ATE_BENCH_01,CH_15,VALID,0,-100.0,100.0,synthetic
LOT_D03_C015,LOT_D03,IGSS,24,1.1062101736905863,nA,150.0,"HTGB (150°C, ±20V)",ATE_BENCH_01,CH_15,VALID,0,-100.0,100.0,synthetic
LOT_D03_C015,LOT_D03,IGSS,96,1.5006343150435781,nA,150.0,"HTGB (150°C, ±20V)",ATE_BENCH_01,CH_15,VALID,0,-100.0,100.0,synthetic
LOT_D03_C015,LOT_D03,IGSS,168,0.9576710226558551,nA,150.0,"HTGB (150°C, ±20V)",ATE_BENCH_01,CH_15,VALID,0,-100.0,100.0,synthetic
LOT_D03_C016,LOT_D03,IDSS,0,0.34618479521371776,uA,150.0,"HTRB (150°C, 80V)",ATE_BENCH_01,CH_16,VALID,0,,10.0,synthetic
LOT_D03_C016,LOT_D03,IDSS,24,0.26861628723729697,uA,150.0,"HTRB (150°C, 80V)",ATE_BENCH_01,CH_16,VALID,0,,10.0,synthetic
LOT_D03_C016,LOT_D03,IDSS,96,0.33531415769329836,uA,150.0,"HTRB (150°C, 80V)",ATE_BENCH_01,CH_16,VALID,0,,10.0,synthetic
LOT_D03_C016,LOT_D03,IDSS,168,0.30146269865552083,uA,150.0,"HTRB (150°C, 80V)",ATE_BENCH_01,CH_16,VALID,0,,10.0,synthetic
LOT_D03_C016,LOT_D03,VGS(th),0,3.6921737604209413,V,150.0,"HTGB (150°C, 20V)",ATE_BENCH_01,CH_16,VALID,0,2.0,4.0,synthetic
LOT_D03_C016,LOT_D03,VGS(th),24,3.674104713579386,V,150.0,"HTGB (150°C, 20V)",ATE_BENCH_01,CH_16,VALID,0,2.0,4.0,synthetic
LOT_D03_C016,LOT_D03,VGS(th),96,3.654256293957496,V,150.0,"HTGB (150°C, 20V)",ATE_BENCH_01,CH_16,VALID,0,2.0,4.0,synthetic
LOT_D03_C016,LOT_D03,VGS(th),168,3.670554491218873,V,150.0,"HTGB (150°C, 20V)",ATE_BENCH_01,CH_16,VALID,0,2.0,4.0,synthetic
LOT_D03_C016,LOT_D03,RDS(on),0,50.74390151054892,mOhm,125.0,Operating Life / Power Conduction (TJ=125-150°C),ATE_BENCH_01,CH_16,VALID,0,,60.0,synthetic
LOT_D03_C016,LOT_D03,RDS(on),24,51.66920783413563,mOhm,125.0,Operating Life / Power Conduction (TJ=125-150°C),ATE_BENCH_01,CH_16,VALID,0,,60.0,synthetic
LOT_D03_C016,LOT_D03,RDS(on),96,51.591391767939186,mOhm,125.0,Operating Life / Power Conduction (TJ=125-150°C),ATE_BENCH_01,CH_16,VALID,0,,60.0,synthetic
LOT_D03_C016,LOT_D03,RDS(on),168,51.386953975845856,mOhm,125.0,Operating Life / Power Conduction (TJ=125-150°C),ATE_BENCH_01,CH_16,VALID,0,,60.0,synthetic
LOT_D03_C016,LOT_D03,IGSS,0,-1.7382033089823354,nA,150.0,"HTGB (150°C, ±20V)",ATE_BENCH_01,CH_16,VALID,0,-100.0,100.0,synthetic
LOT_D03_C016,LOT_D03,IGSS,24,-1.9667516554806885,nA,150.0,"HTGB (150°C, ±20V)",ATE_BENCH_01,CH_16,VALID,0,-100.0,100.0,synthetic
LOT_D03_C016,LOT_D03,IGSS,96,-1.3727054811819794,nA,150.0,"HTGB (150°C, ±20V)",ATE_BENCH_01,CH_16,VALID,0,-100.0,100.0,synthetic
LOT_D03_C016,LOT_D03,IGSS,168,-1.4011531227161294,nA,150.0,"HTGB (150°C, ±20V)",ATE_BENCH_01,CH_16,VALID,0,-100.0,100.0,synthetic
LOT_D03_C017,LOT_D03,IDSS,0,0.2507136574844998,uA,150.0,"HTRB (150°C, 80V)",ATE_BENCH_02,CH_01,VALID,0,,10.0,synthetic
LOT_D03_C017,LOT_D03,IDSS,24,0.2701446617875283,uA,150.0,"HTRB (150°C, 80V)",ATE_BENCH_02,CH_01,VALID,0,,10.0,synthetic
LOT_D03_C017,LOT_D03,IDSS,96,0.24635895486239065,uA,150.0,"HTRB (150°C, 80V)",ATE_BENCH_02,CH_01,VALID,0,,10.0,synthetic
LOT_D03_C017,LOT_D03,IDSS,168,0.24810561610361823,uA,150.0,"HTRB (150°C, 80V)",ATE_BENCH_02,CH_01,VALID,0,,10.0,synthetic
LOT_D03_C017,LOT_D03,VGS(th),0,2.833178669452637,V,150.0,"HTGB (150°C, 20V)",ATE_BENCH_02,CH_01,VALID,0,2.0,4.0,synthetic
LOT_D03_C017,LOT_D03,VGS(th),24,2.819047608879652,V,150.0,"HTGB (150°C, 20V)",ATE_BENCH_02,CH_01,VALID,0,2.0,4.0,synthetic
LOT_D03_C017,LOT_D03,VGS(th),96,2.805245804157432,V,150.0,"HTGB (150°C, 20V)",ATE_BENCH_02,CH_01,VALID,0,2.0,4.0,synthetic
LOT_D03_C017,LOT_D03,VGS(th),168,2.79825609017223,V,150.0,"HTGB (150°C, 20V)",ATE_BENCH_02,CH_01,VALID,0,2.0,4.0,synthetic
LOT_D03_C017,LOT_D03,RDS(on),0,47.601361406541535,mOhm,125.0,Operating Life / Power Conduction (TJ=125-150°C),ATE_BENCH_02,CH_01,VALID,0,,60.0,synthetic
LOT_D03_C017,LOT_D03,RDS(on),24,46.33291850015712,mOhm,125.0,Operating Life / Power Conduction (TJ=125-150°C),ATE_BENCH_02,CH_01,VALID,0,,60.0,synthetic
LOT_D03_C017,LOT_D03,RDS(on),96,46.75003825464228,mOhm,125.0,Operating Life / Power Conduction (TJ=125-150°C),ATE_BENCH_02,CH_01,VALID,0,,60.0,synthetic
LOT_D03_C017,LOT_D03,RDS(on),168,47.217312008856204,mOhm,125.0,Operating Life / Power Conduction (TJ=125-150°C),ATE_BENCH_02,CH_01,VALID,0,,60.0,synthetic
LOT_D03_C017,LOT_D03,IGSS,0,1.739094217990507,nA,150.0,"HTGB (150°C, ±20V)",ATE_BENCH_02,CH_01,VALID,0,-100.0,100.0,synthetic
LOT_D03_C017,LOT_D03,IGSS,24,2.66381734971837,nA,150.0,"HTGB (150°C, ±20V)",ATE_BENCH_02,CH_01,VALID,0,-100.0,100.0,synthetic
LOT_D03_C017,LOT_D03,IGSS,96,1.3113944111104185,nA,150.0,"HTGB (150°C, ±20V)",ATE_BENCH_02,CH_01,VALID,0,-100.0,100.0,synthetic
LOT_D03_C017,LOT_D03,IGSS,168,1.7215035807760855,nA,150.0,"HTGB (150°C, ±20V)",ATE_BENCH_02,CH_01,VALID,0,-100.0,100.0,synthetic
LOT_D03_C018,LOT_D03,IDSS,0,0.380706464207741,uA,150.0,"HTRB (150°C, 80V)",ATE_BENCH_02,CH_02,VALID,0,,10.0,synthetic
LOT_D03_C018,LOT_D03,IDSS,24,0.33886562489459604,uA,150.0,"HTRB (150°C, 80V)",ATE_BENCH_02,CH_02,VALID,0,,10.0,synthetic
LOT_D03_C018,LOT_D03,IDSS,96,0.38635535206151417,uA,150.0,"HTRB (150°C, 80V)",ATE_BENCH_02,CH_02,VALID,0,,10.0,synthetic
LOT_D03_C018,LOT_D03,IDSS,168,0.3279205758445975,uA,150.0,"HTRB (150°C, 80V)",ATE_BENCH_02,CH_02,VALID,0,,10.0,synthetic
LOT_D03_C018,LOT_D03,VGS(th),0,2.8317311860284273,V,150.0,"HTGB (150°C, 20V)",ATE_BENCH_02,CH_02,VALID,0,2.0,4.0,synthetic
LOT_D03_C018,LOT_D03,VGS(th),24,2.8434892565331635,V,150.0,"HTGB (150°C, 20V)",ATE_BENCH_02,CH_02,VALID,0,2.0,4.0,synthetic
LOT_D03_C018,LOT_D03,VGS(th),96,2.8375451028372605,V,150.0,"HTGB (150°C, 20V)",ATE_BENCH_02,CH_02,VALID,0,2.0,4.0,synthetic
LOT_D03_C018,LOT_D03,VGS(th),168,2.8314784105863944,V,150.0,"HTGB (150°C, 20V)",ATE_BENCH_02,CH_02,VALID,0,2.0,4.0,synthetic
LOT_D03_C018,LOT_D03,RDS(on),0,56.79182097473731,mOhm,125.0,Operating Life / Power Conduction (TJ=125-150°C),ATE_BENCH_02,CH_02,VALID,0,,60.0,synthetic
LOT_D03_C018,LOT_D03,RDS(on),24,56.26195124262208,mOhm,125.0,Operating Life / Power Conduction (TJ=125-150°C),ATE_BENCH_02,CH_02,VALID,0,,60.0,synthetic
LOT_D03_C018,LOT_D03,RDS(on),96,56.93176475582773,mOhm,125.0,Operating Life / Power Conduction (TJ=125-150°C),ATE_BENCH_02,CH_02,VALID,0,,60.0,synthetic
LOT_D03_C018,LOT_D03,RDS(on),168,56.150901729117635,mOhm,125.0,Operating Life / Power Conduction (TJ=125-150°C),ATE_BENCH_02,CH_02,VALID,0,,60.0,synthetic
LOT_D03_C018,LOT_D03,IGSS,0,-1.5797669120585986,nA,150.0,"HTGB (150°C, ±20V)",ATE_BENCH_02,CH_02,VALID,0,-100.0,100.0,synthetic
LOT_D03_C018,LOT_D03,IGSS,24,-1.1667660771456234,nA,150.0,"HTGB (150°C, ±20V)",ATE_BENCH_02,CH_02,VALID,0,-100.0,100.0,synthetic
LOT_D03_C018,LOT_D03,IGSS,96,-1.1619455347409178,nA,150.0,"HTGB (150°C, ±20V)",ATE_BENCH_02,CH_02,VALID,0,-100.0,100.0,synthetic
LOT_D03_C018,LOT_D03,IGSS,168,-1.4922035737826231,nA,150.0,"HTGB (150°C, ±20V)",ATE_BENCH_02,CH_02,VALID,0,-100.0,100.0,synthetic
LOT_D03_C019,LOT_D03,IDSS,0,0.27671491490870237,uA,150.0,"HTRB (150°C, 80V)",ATE_BENCH_02,CH_03,VALID,0,,10.0,synthetic
LOT_D03_C019,LOT_D03,IDSS,24,0.31751952734234773,uA,150.0,"HTRB (150°C, 80V)",ATE_BENCH_02,CH_03,VALID,0,,10.0,synthetic
LOT_D03_C019,LOT_D03,IDSS,96,0.30146014661742065,uA,150.0,"HTRB (150°C, 80V)",ATE_BENCH_02,CH_03,VALID,0,,10.0,synthetic
LOT_D03_C019,LOT_D03,IDSS,168,0.2770580694290868,uA,150.0,"HTRB (150°C, 80V)",ATE_BENCH_02,CH_03,VALID,0,,10.0,synthetic
LOT_D03_C019,LOT_D03,VGS(th),0,3.0631955459246414,V,150.0,"HTGB (150°C, 20V)",ATE_BENCH_02,CH_03,VALID,0,2.0,4.0,synthetic
LOT_D03_C019,LOT_D03,VGS(th),24,3.0713667477251274,V,150.0,"HTGB (150°C, 20V)",ATE_BENCH_02,CH_03,VALID,0,2.0,4.0,synthetic
LOT_D03_C019,LOT_D03,VGS(th),96,3.0821349214926004,V,150.0,"HTGB (150°C, 20V)",ATE_BENCH_02,CH_03,VALID,0,2.0,4.0,synthetic
LOT_D03_C019,LOT_D03,VGS(th),168,3.086336793925626,V,150.0,"HTGB (150°C, 20V)",ATE_BENCH_02,CH_03,VALID,0,2.0,4.0,synthetic
LOT_D03_C019,LOT_D03,RDS(on),0,45.018687840343034,mOhm,125.0,Operating Life / Power Conduction (TJ=125-150°C),ATE_BENCH_02,CH_03,VALID,0,,60.0,synthetic
LOT_D03_C019,LOT_D03,RDS(on),24,44.87874392891234,mOhm,125.0,Operating Life / Power Conduction (TJ=125-150°C),ATE_BENCH_02,CH_03,VALID,0,,60.0,synthetic
LOT_D03_C019,LOT_D03,RDS(on),96,44.733594891314254,mOhm,125.0,Operating Life / Power Conduction (TJ=125-150°C),ATE_BENCH_02,CH_03,VALID,0,,60.0,synthetic
LOT_D03_C019,LOT_D03,RDS(on),168,45.452819680928215,mOhm,125.0,Operating Life / Power Conduction (TJ=125-150°C),ATE_BENCH_02,CH_03,VALID,0,,60.0,synthetic
LOT_D03_C019,LOT_D03,IGSS,0,1.3762378126457586,nA,150.0,"HTGB (150°C, ±20V)",ATE_BENCH_02,CH_03,VALID,0,-100.0,100.0,synthetic
LOT_D03_C019,LOT_D03,IGSS,24,1.6005610651894504,nA,150.0,"HTGB (150°C, ±20V)",ATE_BENCH_02,CH_03,VALID,0,-100.0,100.0,synthetic
LOT_D03_C019,LOT_D03,IGSS,96,2.4793896528158115,nA,150.0,"HTGB (150°C, ±20V)",ATE_BENCH_02,CH_03,VALID,0,-100.0,100.0,synthetic
LOT_D03_C019,LOT_D03,IGSS,168,1.7087562566616947,nA,150.0,"HTGB (150°C, ±20V)",ATE_BENCH_02,CH_03,VALID,0,-100.0,100.0,synthetic
LOT_D03_C020,LOT_D03,IDSS,0,3.029234531921694,uA,150.0,"HTRB (150°C, 80V)",ATE_BENCH_02,CH_04,VALID,0,,10.0,synthetic
LOT_D03_C020,LOT_D03,IDSS,24,3.2126968640323765,uA,150.0,"HTRB (150°C, 80V)",ATE_BENCH_02,CH_04,VALID,0,,10.0,synthetic
LOT_D03_C020,LOT_D03,IDSS,96,3.6852891533327155,uA,150.0,"HTRB (150°C, 80V)",ATE_BENCH_02,CH_04,VALID,0,,10.0,synthetic
LOT_D03_C020,LOT_D03,IDSS,168,3.256489926432297,uA,150.0,"HTRB (150°C, 80V)",ATE_BENCH_02,CH_04,VALID,0,,10.0,synthetic
LOT_D03_C020,LOT_D03,VGS(th),0,2.9006994643918596,V,150.0,"HTGB (150°C, 20V)",ATE_BENCH_02,CH_04,VALID,0,2.0,4.0,synthetic
LOT_D03_C020,LOT_D03,VGS(th),24,2.9356500247994046,V,150.0,"HTGB (150°C, 20V)",ATE_BENCH_02,CH_04,VALID,0,2.0,4.0,synthetic
LOT_D03_C020,LOT_D03,VGS(th),96,2.9231073552931113,V,150.0,"HTGB (150°C, 20V)",ATE_BENCH_02,CH_04,VALID,0,2.0,4.0,synthetic
LOT_D03_C020,LOT_D03,VGS(th),168,2.9159736255871795,V,150.0,"HTGB (150°C, 20V)",ATE_BENCH_02,CH_04,VALID,0,2.0,4.0,synthetic
LOT_D03_C020,LOT_D03,RDS(on),0,47.238605863716934,mOhm,125.0,Operating Life / Power Conduction (TJ=125-150°C),ATE_BENCH_02,CH_04,VALID,0,,60.0,synthetic
LOT_D03_C020,LOT_D03,RDS(on),24,45.89458520605361,mOhm,125.0,Operating Life / Power Conduction (TJ=125-150°C),ATE_BENCH_02,CH_04,VALID,0,,60.0,synthetic
LOT_D03_C020,LOT_D03,RDS(on),96,47.38198995727209,mOhm,125.0,Operating Life / Power Conduction (TJ=125-150°C),ATE_BENCH_02,CH_04,VALID,0,,60.0,synthetic
LOT_D03_C020,LOT_D03,RDS(on),168,48.089912959770224,mOhm,125.0,Operating Life / Power Conduction (TJ=125-150°C),ATE_BENCH_02,CH_04,VALID,0,,60.0,synthetic
LOT_D03_C020,LOT_D03,IGSS,0,-1.314367101279871,nA,150.0,"HTGB (150°C, ±20V)",ATE_BENCH_02,CH_04,VALID,0,-100.0,100.0,synthetic
LOT_D03_C020,LOT_D03,IGSS,24,-1.7445458159552196,nA,150.0,"HTGB (150°C, ±20V)",ATE_BENCH_02,CH_04,VALID,0,-100.0,100.0,synthetic
LOT_D03_C020,LOT_D03,IGSS,96,-2.2166858909657705,nA,150.0,"HTGB (150°C, ±20V)",ATE_BENCH_02,CH_04,VALID,0,-100.0,100.0,synthetic
LOT_D03_C020,LOT_D03,IGSS,168,-1.1286934335309253,nA,150.0,"HTGB (150°C, ±20V)",ATE_BENCH_02,CH_04,VALID,0,-100.0,100.0,synthetic
LOT_D03_C021,LOT_D03,IDSS,0,0.40369504728139405,uA,150.0,"HTRB (150°C, 80V)",ATE_BENCH_02,CH_05,VALID,0,,10.0,synthetic
LOT_D03_C021,LOT_D03,IDSS,24,0.36254813556352533,uA,150.0,"HTRB (150°C, 80V)",ATE_BENCH_02,CH_05,VALID,0,,10.0,synthetic
LOT_D03_C021,LOT_D03,IDSS,96,0.3664180315060069,uA,150.0,"HTRB (150°C, 80V)",ATE_BENCH_02,CH_05,VALID,0,,10.0,synthetic
LOT_D03_C021,LOT_D03,IDSS,168,0.3591907495032617,uA,150.0,"HTRB (150°C, 80V)",ATE_BENCH_02,CH_05,VALID,0,,10.0,synthetic
LOT_D03_C021,LOT_D03,VGS(th),0,3.1017027411812967,V,150.0,"HTGB (150°C, 20V)",ATE_BENCH_02,CH_05,VALID,0,2.0,4.0,synthetic
LOT_D03_C021,LOT_D03,VGS(th),24,3.08566616422354,V,150.0,"HTGB (150°C, 20V)",ATE_BENCH_02,CH_05,VALID,0,2.0,4.0,synthetic
LOT_D03_C021,LOT_D03,VGS(th),96,3.048705607799621,V,150.0,"HTGB (150°C, 20V)",ATE_BENCH_02,CH_05,VALID,0,2.0,4.0,synthetic
LOT_D03_C021,LOT_D03,VGS(th),168,3.085836426742332,V,150.0,"HTGB (150°C, 20V)",ATE_BENCH_02,CH_05,VALID,0,2.0,4.0,synthetic
LOT_D03_C021,LOT_D03,RDS(on),0,46.827233971485136,mOhm,125.0,Operating Life / Power Conduction (TJ=125-150°C),ATE_BENCH_02,CH_05,VALID,0,,60.0,synthetic
LOT_D03_C021,LOT_D03,RDS(on),24,47.97183179687641,mOhm,125.0,Operating Life / Power Conduction (TJ=125-150°C),ATE_BENCH_02,CH_05,VALID,0,,60.0,synthetic
LOT_D03_C021,LOT_D03,RDS(on),96,47.52783633731803,mOhm,125.0,Operating Life / Power Conduction (TJ=125-150°C),ATE_BENCH_02,CH_05,VALID,0,,60.0,synthetic
LOT_D03_C021,LOT_D03,RDS(on),168,47.11281480553451,mOhm,125.0,Operating Life / Power Conduction (TJ=125-150°C),ATE_BENCH_02,CH_05,VALID,0,,60.0,synthetic
LOT_D03_C021,LOT_D03,IGSS,0,1.7597190589858813,nA,150.0,"HTGB (150°C, ±20V)",ATE_BENCH_02,CH_05,VALID,0,-100.0,100.0,synthetic
LOT_D03_C021,LOT_D03,IGSS,24,2.0740024159065347,nA,150.0,"HTGB (150°C, ±20V)",ATE_BENCH_02,CH_05,VALID,0,-100.0,100.0,synthetic
LOT_D03_C021,LOT_D03,IGSS,96,1.3443711267205574,nA,150.0,"HTGB (150°C, ±20V)",ATE_BENCH_02,CH_05,VALID,0,-100.0,100.0,synthetic
LOT_D03_C021,LOT_D03,IGSS,168,2.3467944872283226,nA,150.0,"HTGB (150°C, ±20V)",ATE_BENCH_02,CH_05,VALID,0,-100.0,100.0,synthetic
LOT_D03_C022,LOT_D03,IDSS,0,0.2790731237638422,uA,150.0,"HTRB (150°C, 80V)",ATE_BENCH_02,CH_06,VALID,0,,10.0,synthetic
LOT_D03_C022,LOT_D03,IDSS,24,0.21918627369044746,uA,150.0,"HTRB (150°C, 80V)",ATE_BENCH_02,CH_06,VALID,0,,10.0,synthetic
LOT_D03_C022,LOT_D03,IDSS,96,0.23839617393272916,uA,150.0,"HTRB (150°C, 80V)",ATE_BENCH_02,CH_06,VALID,0,,10.0,synthetic
LOT_D03_C022,LOT_D03,IDSS,168,0.20672595918256662,uA,150.0,"HTRB (150°C, 80V)",ATE_BENCH_02,CH_06,VALID,0,,10.0,synthetic
LOT_D03_C022,LOT_D03,VGS(th),0,3.702850783752554,V,150.0,"HTGB (150°C, 20V)",ATE_BENCH_02,CH_06,VALID,0,2.0,4.0,synthetic
LOT_D03_C022,LOT_D03,VGS(th),24,3.6777216413022,V,150.0,"HTGB (150°C, 20V)",ATE_BENCH_02,CH_06,VALID,0,2.0,4.0,synthetic
LOT_D03_C022,LOT_D03,VGS(th),96,3.717798159449501,V,150.0,"HTGB (150°C, 20V)",ATE_BENCH_02,CH_06,VALID,0,2.0,4.0,synthetic
LOT_D03_C022,LOT_D03,VGS(th),168,3.7403316376808333,V,150.0,"HTGB (150°C, 20V)",ATE_BENCH_02,CH_06,VALID,0,2.0,4.0,synthetic
LOT_D03_C022,LOT_D03,RDS(on),0,48.452657189856566,mOhm,125.0,Operating Life / Power Conduction (TJ=125-150°C),ATE_BENCH_02,CH_06,VALID,0,,60.0,synthetic
LOT_D03_C022,LOT_D03,RDS(on),24,48.39455191507367,mOhm,125.0,Operating Life / Power Conduction (TJ=125-150°C),ATE_BENCH_02,CH_06,VALID,0,,60.0,synthetic
LOT_D03_C022,LOT_D03,RDS(on),96,48.62095171879304,mOhm,125.0,Operating Life / Power Conduction (TJ=125-150°C),ATE_BENCH_02,CH_06,VALID,0,,60.0,synthetic
LOT_D03_C022,LOT_D03,RDS(on),168,47.60345220941903,mOhm,125.0,Operating Life / Power Conduction (TJ=125-150°C),ATE_BENCH_02,CH_06,VALID,0,,60.0,synthetic
LOT_D03_C022,LOT_D03,IGSS,0,-1.3272349998704829,nA,150.0,"HTGB (150°C, ±20V)",ATE_BENCH_02,CH_06,VALID,0,-100.0,100.0,synthetic
LOT_D03_C022,LOT_D03,IGSS,24,-1.1135134815597256,nA,150.0,"HTGB (150°C, ±20V)",ATE_BENCH_02,CH_06,VALID,0,-100.0,100.0,synthetic
LOT_D03_C022,LOT_D03,IGSS,96,-1.2472658337997167,nA,150.0,"HTGB (150°C, ±20V)",ATE_BENCH_02,CH_06,VALID,0,-100.0,100.0,synthetic
LOT_D03_C022,LOT_D03,IGSS,168,-1.133274103542913,nA,150.0,"HTGB (150°C, ±20V)",ATE_BENCH_02,CH_06,VALID,0,-100.0,100.0,synthetic
LOT_D03_C023,LOT_D03,IDSS,0,0.4339437204583452,uA,150.0,"HTRB (150°C, 80V)",ATE_BENCH_02,CH_07,VALID,0,,10.0,synthetic
LOT_D03_C023,LOT_D03,IDSS,24,0.40320222512438414,uA,150.0,"HTRB (150°C, 80V)",ATE_BENCH_02,CH_07,VALID,0,,10.0,synthetic
LOT_D03_C023,LOT_D03,IDSS,96,0.433648188945306,uA,150.0,"HTRB (150°C, 80V)",ATE_BENCH_02,CH_07,VALID,0,,10.0,synthetic
LOT_D03_C023,LOT_D03,IDSS,168,0.44596626415518875,uA,150.0,"HTRB (150°C, 80V)",ATE_BENCH_02,CH_07,VALID,0,,10.0,synthetic
LOT_D03_C023,LOT_D03,VGS(th),0,3.0070163588974794,V,150.0,"HTGB (150°C, 20V)",ATE_BENCH_02,CH_07,VALID,0,2.0,4.0,synthetic
LOT_D03_C023,LOT_D03,VGS(th),24,2.979521718382645,V,150.0,"HTGB (150°C, 20V)",ATE_BENCH_02,CH_07,VALID,0,2.0,4.0,synthetic
LOT_D03_C023,LOT_D03,VGS(th),96,3.0518316815934226,V,150.0,"HTGB (150°C, 20V)",ATE_BENCH_02,CH_07,VALID,0,2.0,4.0,synthetic
LOT_D03_C023,LOT_D03,VGS(th),168,2.997888054978159,V,150.0,"HTGB (150°C, 20V)",ATE_BENCH_02,CH_07,VALID,0,2.0,4.0,synthetic
LOT_D03_C023,LOT_D03,RDS(on),0,48.881795160290714,mOhm,125.0,Operating Life / Power Conduction (TJ=125-150°C),ATE_BENCH_02,CH_07,VALID,0,,60.0,synthetic
LOT_D03_C023,LOT_D03,RDS(on),24,49.610114754607594,mOhm,125.0,Operating Life / Power Conduction (TJ=125-150°C),ATE_BENCH_02,CH_07,VALID,0,,60.0,synthetic
LOT_D03_C023,LOT_D03,RDS(on),96,49.13156798941137,mOhm,125.0,Operating Life / Power Conduction (TJ=125-150°C),ATE_BENCH_02,CH_07,VALID,0,,60.0,synthetic
LOT_D03_C023,LOT_D03,RDS(on),168,49.58792619651228,mOhm,125.0,Operating Life / Power Conduction (TJ=125-150°C),ATE_BENCH_02,CH_07,VALID,0,,60.0,synthetic
LOT_D03_C023,LOT_D03,IGSS,0,1.4132208244381232,nA,150.0,"HTGB (150°C, ±20V)",ATE_BENCH_02,CH_07,VALID,0,-100.0,100.0,synthetic
LOT_D03_C023,LOT_D03,IGSS,24,1.496193060719357,nA,150.0,"HTGB (150°C, ±20V)",ATE_BENCH_02,CH_07,VALID,0,-100.0,100.0,synthetic
LOT_D03_C023,LOT_D03,IGSS,96,2.426568488784329,nA,150.0,"HTGB (150°C, ±20V)",ATE_BENCH_02,CH_07,VALID,0,-100.0,100.0,synthetic
LOT_D03_C023,LOT_D03,IGSS,168,1.6237916944660213,nA,150.0,"HTGB (150°C, ±20V)",ATE_BENCH_02,CH_07,VALID,0,-100.0,100.0,synthetic
LOT_D03_C024,LOT_D03,IDSS,0,0.3289429094941393,uA,150.0,"HTRB (150°C, 80V)",ATE_BENCH_02,CH_08,VALID,0,,10.0,synthetic
LOT_D03_C024,LOT_D03,IDSS,24,0.3226220039446882,uA,150.0,"HTRB (150°C, 80V)",ATE_BENCH_02,CH_08,VALID,0,,10.0,synthetic
LOT_D03_C024,LOT_D03,IDSS,96,0.35029227157028237,uA,150.0,"HTRB (150°C, 80V)",ATE_BENCH_02,CH_08,VALID,0,,10.0,synthetic
LOT_D03_C024,LOT_D03,IDSS,168,0.3651442025356909,uA,150.0,"HTRB (150°C, 80V)",ATE_BENCH_02,CH_08,VALID,0,,10.0,synthetic
LOT_D03_C024,LOT_D03,VGS(th),0,2.856704803410765,V,150.0,"HTGB (150°C, 20V)",ATE_BENCH_02,CH_08,VALID,0,2.0,4.0,synthetic
LOT_D03_C024,LOT_D03,VGS(th),24,2.859741527784703,V,150.0,"HTGB (150°C, 20V)",ATE_BENCH_02,CH_08,VALID,0,2.0,4.0,synthetic
LOT_D03_C024,LOT_D03,VGS(th),96,2.8685939883218645,V,150.0,"HTGB (150°C, 20V)",ATE_BENCH_02,CH_08,VALID,0,2.0,4.0,synthetic
LOT_D03_C024,LOT_D03,VGS(th),168,2.8735292387310296,V,150.0,"HTGB (150°C, 20V)",ATE_BENCH_02,CH_08,VALID,0,2.0,4.0,synthetic
LOT_D03_C024,LOT_D03,RDS(on),0,55.534775030648994,mOhm,125.0,Operating Life / Power Conduction (TJ=125-150°C),ATE_BENCH_02,CH_08,VALID,0,,60.0,synthetic
LOT_D03_C024,LOT_D03,RDS(on),24,56.40398648295016,mOhm,125.0,Operating Life / Power Conduction (TJ=125-150°C),ATE_BENCH_02,CH_08,VALID,0,,60.0,synthetic
LOT_D03_C024,LOT_D03,RDS(on),96,57.33370457202557,mOhm,125.0,Operating Life / Power Conduction (TJ=125-150°C),ATE_BENCH_02,CH_08,VALID,0,,60.0,synthetic
LOT_D03_C024,LOT_D03,RDS(on),168,56.77813295053114,mOhm,125.0,Operating Life / Power Conduction (TJ=125-150°C),ATE_BENCH_02,CH_08,VALID,0,,60.0,synthetic
LOT_D03_C024,LOT_D03,IGSS,0,-1.4730172803992951,nA,150.0,"HTGB (150°C, ±20V)",ATE_BENCH_02,CH_08,VALID,0,-100.0,100.0,synthetic
LOT_D03_C024,LOT_D03,IGSS,24,-2.0811776361563035,nA,150.0,"HTGB (150°C, ±20V)",ATE_BENCH_02,CH_08,VALID,0,-100.0,100.0,synthetic
LOT_D03_C024,LOT_D03,IGSS,96,-1.2503927804661004,nA,150.0,"HTGB (150°C, ±20V)",ATE_BENCH_02,CH_08,VALID,0,-100.0,100.0,synthetic
LOT_D03_C024,LOT_D03,IGSS,168,-1.9891806854158747,nA,150.0,"HTGB (150°C, ±20V)",ATE_BENCH_02,CH_08,VALID,0,-100.0,100.0,synthetic
LOT_D03_C025,LOT_D03,IDSS,0,0.3466243799642425,uA,150.0,"HTRB (150°C, 80V)",ATE_BENCH_02,CH_09,VALID,0,,10.0,synthetic
LOT_D03_C025,LOT_D03,IDSS,24,0.3646724649782264,uA,150.0,"HTRB (150°C, 80V)",ATE_BENCH_02,CH_09,VALID,0,,10.0,synthetic
LOT_D03_C025,LOT_D03,IDSS,96,0.2983181161064067,uA,150.0,"HTRB (150°C, 80V)",ATE_BENCH_02,CH_09,VALID,0,,10.0,synthetic
LOT_D03_C025,LOT_D03,IDSS,168,0.3791029013568271,uA,150.0,"HTRB (150°C, 80V)",ATE_BENCH_02,CH_09,VALID,0,,10.0,synthetic
LOT_D03_C025,LOT_D03,VGS(th),0,2.9147302091839804,V,150.0,"HTGB (150°C, 20V)",ATE_BENCH_02,CH_09,VALID,0,2.0,4.0,synthetic
LOT_D03_C025,LOT_D03,VGS(th),24,2.9010149960452365,V,150.0,"HTGB (150°C, 20V)",ATE_BENCH_02,CH_09,VALID,0,2.0,4.0,synthetic
LOT_D03_C025,LOT_D03,VGS(th),96,2.903921099561597,V,150.0,"HTGB (150°C, 20V)",ATE_BENCH_02,CH_09,VALID,0,2.0,4.0,synthetic
LOT_D03_C025,LOT_D03,VGS(th),168,2.881535902563096,V,150.0,"HTGB (150°C, 20V)",ATE_BENCH_02,CH_09,VALID,0,2.0,4.0,synthetic
LOT_D03_C025,LOT_D03,RDS(on),0,45.819895489890975,mOhm,125.0,Operating Life / Power Conduction (TJ=125-150°C),ATE_BENCH_02,CH_09,VALID,0,,60.0,synthetic
LOT_D03_C025,LOT_D03,RDS(on),24,46.78954580708844,mOhm,125.0,Operating Life / Power Conduction (TJ=125-150°C),ATE_BENCH_02,CH_09,VALID,0,,60.0,synthetic
LOT_D03_C025,LOT_D03,RDS(on),96,46.065742775187594,mOhm,125.0,Operating Life / Power Conduction (TJ=125-150°C),ATE_BENCH_02,CH_09,VALID,0,,60.0,synthetic
LOT_D03_C025,LOT_D03,RDS(on),168,46.495381582520764,mOhm,125.0,Operating Life / Power Conduction (TJ=125-150°C),ATE_BENCH_02,CH_09,VALID,0,,60.0,synthetic
LOT_D03_C025,LOT_D03,IGSS,0,-0.1502375866617483,nA,150.0,"HTGB (150°C, ±20V)",ATE_BENCH_02,CH_09,VALID,0,-100.0,100.0,synthetic
LOT_D03_C025,LOT_D03,IGSS,24,0.0007944828314676175,nA,150.0,"HTGB (150°C, ±20V)",ATE_BENCH_02,CH_09,VALID,0,-100.0,100.0,synthetic
LOT_D03_C025,LOT_D03,IGSS,96,0.007221493529300286,nA,150.0,"HTGB (150°C, ±20V)",ATE_BENCH_02,CH_09,VALID,0,-100.0,100.0,synthetic
LOT_D03_C025,LOT_D03,IGSS,168,0.1557633693719765,nA,150.0,"HTGB (150°C, ±20V)",ATE_BENCH_02,CH_09,VALID,0,-100.0,100.0,synthetic
LOT_D03_C026,LOT_D03,IDSS,0,2.0307509748983965,uA,150.0,"HTRB (150°C, 80V)",ATE_BENCH_02,CH_10,VALID,0,,10.0,synthetic
LOT_D03_C026,LOT_D03,IDSS,24,2.1210858706668,uA,150.0,"HTRB (150°C, 80V)",ATE_BENCH_02,CH_10,VALID,0,,10.0,synthetic
LOT_D03_C026,LOT_D03,IDSS,96,2.072182925222955,uA,150.0,"HTRB (150°C, 80V)",ATE_BENCH_02,CH_10,VALID,0,,10.0,synthetic
LOT_D03_C026,LOT_D03,IDSS,168,2.1889438355997144,uA,150.0,"HTRB (150°C, 80V)",ATE_BENCH_02,CH_10,VALID,0,,10.0,synthetic
LOT_D03_C026,LOT_D03,VGS(th),0,2.890241732339736,V,150.0,"HTGB (150°C, 20V)",ATE_BENCH_02,CH_10,VALID,0,2.0,4.0,synthetic
LOT_D03_C026,LOT_D03,VGS(th),24,2.885845909565747,V,150.0,"HTGB (150°C, 20V)",ATE_BENCH_02,CH_10,VALID,0,2.0,4.0,synthetic
LOT_D03_C026,LOT_D03,VGS(th),96,2.8811464696471485,V,150.0,"HTGB (150°C, 20V)",ATE_BENCH_02,CH_10,VALID,0,2.0,4.0,synthetic
LOT_D03_C026,LOT_D03,VGS(th),168,2.8679470351203418,V,150.0,"HTGB (150°C, 20V)",ATE_BENCH_02,CH_10,VALID,0,2.0,4.0,synthetic
LOT_D03_C026,LOT_D03,RDS(on),0,52.70728691256548,mOhm,125.0,Operating Life / Power Conduction (TJ=125-150°C),ATE_BENCH_02,CH_10,VALID,0,,60.0,synthetic
LOT_D03_C026,LOT_D03,RDS(on),24,52.792983612186525,mOhm,125.0,Operating Life / Power Conduction (TJ=125-150°C),ATE_BENCH_02,CH_10,VALID,0,,60.0,synthetic
LOT_D03_C026,LOT_D03,RDS(on),96,50.940129285924236,mOhm,125.0,Operating Life / Power Conduction (TJ=125-150°C),ATE_BENCH_02,CH_10,VALID,0,,60.0,synthetic
LOT_D03_C026,LOT_D03,RDS(on),168,51.67709504036997,mOhm,125.0,Operating Life / Power Conduction (TJ=125-150°C),ATE_BENCH_02,CH_10,VALID,0,,60.0,synthetic
LOT_D03_C026,LOT_D03,IGSS,0,-1.9226329885107072,nA,150.0,"HTGB (150°C, ±20V)",ATE_BENCH_02,CH_10,VALID,0,-100.0,100.0,synthetic
LOT_D03_C026,LOT_D03,IGSS,24,-1.6940531329568391,nA,150.0,"HTGB (150°C, ±20V)",ATE_BENCH_02,CH_10,VALID,0,-100.0,100.0,synthetic
LOT_D03_C026,LOT_D03,IGSS,96,-1.2260801613404877,nA,150.0,"HTGB (150°C, ±20V)",ATE_BENCH_02,CH_10,VALID,0,-100.0,100.0,synthetic
LOT_D03_C026,LOT_D03,IGSS,168,-1.646426921922512,nA,150.0,"HTGB (150°C, ±20V)",ATE_BENCH_02,CH_10,VALID,0,-100.0,100.0,synthetic
LOT_D03_C027,LOT_D03,IDSS,0,0.3606202737466824,uA,150.0,"HTRB (150°C, 80V)",ATE_BENCH_02,CH_11,VALID,0,,10.0,synthetic
LOT_D03_C027,LOT_D03,IDSS,24,0.384901682116709,uA,150.0,"HTRB (150°C, 80V)",ATE_BENCH_02,CH_11,VALID,0,,10.0,synthetic
LOT_D03_C027,LOT_D03,IDSS,96,0.44036535568909324,uA,150.0,"HTRB (150°C, 80V)",ATE_BENCH_02,CH_11,VALID,0,,10.0,synthetic
LOT_D03_C027,LOT_D03,IDSS,168,0.45521520257004555,uA,150.0,"HTRB (150°C, 80V)",ATE_BENCH_02,CH_11,VALID,0,,10.0,synthetic
LOT_D03_C027,LOT_D03,VGS(th),0,2.9021542376882197,V,150.0,"HTGB (150°C, 20V)",ATE_BENCH_02,CH_11,VALID,0,2.0,4.0,synthetic
LOT_D03_C027,LOT_D03,VGS(th),24,2.9102504156923774,V,150.0,"HTGB (150°C, 20V)",ATE_BENCH_02,CH_11,VALID,0,2.0,4.0,synthetic
LOT_D03_C027,LOT_D03,VGS(th),96,2.923450895035052,V,150.0,"HTGB (150°C, 20V)",ATE_BENCH_02,CH_11,VALID,0,2.0,4.0,synthetic
LOT_D03_C027,LOT_D03,VGS(th),168,2.9370834485176585,V,150.0,"HTGB (150°C, 20V)",ATE_BENCH_02,CH_11,VALID,0,2.0,4.0,synthetic
LOT_D03_C027,LOT_D03,RDS(on),0,51.011575766287905,mOhm,125.0,Operating Life / Power Conduction (TJ=125-150°C),ATE_BENCH_02,CH_11,VALID,0,,60.0,synthetic
LOT_D03_C027,LOT_D03,RDS(on),24,50.47234932644007,mOhm,125.0,Operating Life / Power Conduction (TJ=125-150°C),ATE_BENCH_02,CH_11,VALID,0,,60.0,synthetic
LOT_D03_C027,LOT_D03,RDS(on),96,50.11789805647266,mOhm,125.0,Operating Life / Power Conduction (TJ=125-150°C),ATE_BENCH_02,CH_11,VALID,0,,60.0,synthetic
LOT_D03_C027,LOT_D03,RDS(on),168,50.29224993637546,mOhm,125.0,Operating Life / Power Conduction (TJ=125-150°C),ATE_BENCH_02,CH_11,VALID,0,,60.0,synthetic
LOT_D03_C027,LOT_D03,IGSS,0,1.4301810606643055,nA,150.0,"HTGB (150°C, ±20V)",ATE_BENCH_02,CH_11,VALID,0,-100.0,100.0,synthetic
LOT_D03_C027,LOT_D03,IGSS,24,2.252705434738631,nA,150.0,"HTGB (150°C, ±20V)",ATE_BENCH_02,CH_11,VALID,0,-100.0,100.0,synthetic
LOT_D03_C027,LOT_D03,IGSS,96,2.305468229653239,nA,150.0,"HTGB (150°C, ±20V)",ATE_BENCH_02,CH_11,VALID,0,-100.0,100.0,synthetic
LOT_D03_C027,LOT_D03,IGSS,168,3.14448678461711,nA,150.0,"HTGB (150°C, ±20V)",ATE_BENCH_02,CH_11,VALID,0,-100.0,100.0,synthetic
LOT_D03_C028,LOT_D03,IDSS,0,0.31491483926631064,uA,150.0,"HTRB (150°C, 80V)",ATE_BENCH_02,CH_12,VALID,0,,10.0,synthetic
LOT_D03_C028,LOT_D03,IDSS,24,0.38040038120310354,uA,150.0,"HTRB (150°C, 80V)",ATE_BENCH_02,CH_12,VALID,0,,10.0,synthetic
LOT_D03_C028,LOT_D03,IDSS,96,0.35190760388374137,uA,150.0,"HTRB (150°C, 80V)",ATE_BENCH_02,CH_12,VALID,0,,10.0,synthetic
LOT_D03_C028,LOT_D03,IDSS,168,0.2926224480410742,uA,150.0,"HTRB (150°C, 80V)",ATE_BENCH_02,CH_12,VALID,0,,10.0,synthetic
LOT_D03_C028,LOT_D03,VGS(th),0,3.3919659277915213,V,150.0,"HTGB (150°C, 20V)",ATE_BENCH_02,CH_12,VALID,0,2.0,4.0,synthetic
LOT_D03_C028,LOT_D03,VGS(th),24,3.405087406408687,V,150.0,"HTGB (150°C, 20V)",ATE_BENCH_02,CH_12,VALID,0,2.0,4.0,synthetic
LOT_D03_C028,LOT_D03,VGS(th),96,3.38583626247836,V,150.0,"HTGB (150°C, 20V)",ATE_BENCH_02,CH_12,VALID,0,2.0,4.0,synthetic
LOT_D03_C028,LOT_D03,VGS(th),168,3.3872374319362772,V,150.0,"HTGB (150°C, 20V)",ATE_BENCH_02,CH_12,VALID,0,2.0,4.0,synthetic
LOT_D03_C028,LOT_D03,RDS(on),0,48.23253736571813,mOhm,125.0,Operating Life / Power Conduction (TJ=125-150°C),ATE_BENCH_02,CH_12,VALID,0,,60.0,synthetic
LOT_D03_C028,LOT_D03,RDS(on),24,48.524099035987106,mOhm,125.0,Operating Life / Power Conduction (TJ=125-150°C),ATE_BENCH_02,CH_12,VALID,0,,60.0,synthetic
LOT_D03_C028,LOT_D03,RDS(on),96,50.72390915523662,mOhm,125.0,Operating Life / Power Conduction (TJ=125-150°C),ATE_BENCH_02,CH_12,VALID,0,,60.0,synthetic
LOT_D03_C028,LOT_D03,RDS(on),168,49.01584502832648,mOhm,125.0,Operating Life / Power Conduction (TJ=125-150°C),ATE_BENCH_02,CH_12,VALID,0,,60.0,synthetic
LOT_D03_C028,LOT_D03,IGSS,0,-1.6068946192434894,nA,150.0,"HTGB (150°C, ±20V)",ATE_BENCH_02,CH_12,VALID,0,-100.0,100.0,synthetic
LOT_D03_C028,LOT_D03,IGSS,24,-1.7679395630708545,nA,150.0,"HTGB (150°C, ±20V)",ATE_BENCH_02,CH_12,VALID,0,-100.0,100.0,synthetic
LOT_D03_C028,LOT_D03,IGSS,96,-1.1157893620185135,nA,150.0,"HTGB (150°C, ±20V)",ATE_BENCH_02,CH_12,VALID,0,-100.0,100.0,synthetic
LOT_D03_C028,LOT_D03,IGSS,168,-0.9192793395952801,nA,150.0,"HTGB (150°C, ±20V)",ATE_BENCH_02,CH_12,VALID,0,-100.0,100.0,synthetic
LOT_D03_C029,LOT_D03,IDSS,0,0.3765698527544157,uA,150.0,"HTRB (150°C, 80V)",ATE_BENCH_02,CH_13,VALID,0,,10.0,synthetic
LOT_D03_C029,LOT_D03,IDSS,24,0.3799919063081955,uA,150.0,"HTRB (150°C, 80V)",ATE_BENCH_02,CH_13,VALID,0,,10.0,synthetic
LOT_D03_C029,LOT_D03,IDSS,96,0.3586193585402127,uA,150.0,"HTRB (150°C, 80V)",ATE_BENCH_02,CH_13,VALID,0,,10.0,synthetic
LOT_D03_C029,LOT_D03,IDSS,168,0.30430479736036503,uA,150.0,"HTRB (150°C, 80V)",ATE_BENCH_02,CH_13,VALID,0,,10.0,synthetic
LOT_D03_C029,LOT_D03,VGS(th),0,3.0069339753591278,V,150.0,"HTGB (150°C, 20V)",ATE_BENCH_02,CH_13,VALID,0,2.0,4.0,synthetic
LOT_D03_C029,LOT_D03,VGS(th),24,3.042864199512131,V,150.0,"HTGB (150°C, 20V)",ATE_BENCH_02,CH_13,VALID,0,2.0,4.0,synthetic
LOT_D03_C029,LOT_D03,VGS(th),96,2.9854140077962916,V,150.0,"HTGB (150°C, 20V)",ATE_BENCH_02,CH_13,VALID,0,2.0,4.0,synthetic
LOT_D03_C029,LOT_D03,VGS(th),168,2.9792279373529196,V,150.0,"HTGB (150°C, 20V)",ATE_BENCH_02,CH_13,VALID,0,2.0,4.0,synthetic
LOT_D03_C029,LOT_D03,RDS(on),0,44.54203060914286,mOhm,125.0,Operating Life / Power Conduction (TJ=125-150°C),ATE_BENCH_02,CH_13,VALID,0,,60.0,synthetic
LOT_D03_C029,LOT_D03,RDS(on),24,43.53511127872085,mOhm,125.0,Operating Life / Power Conduction (TJ=125-150°C),ATE_BENCH_02,CH_13,VALID,0,,60.0,synthetic
LOT_D03_C029,LOT_D03,RDS(on),96,44.26276049456535,mOhm,125.0,Operating Life / Power Conduction (TJ=125-150°C),ATE_BENCH_02,CH_13,VALID,0,,60.0,synthetic
LOT_D03_C029,LOT_D03,RDS(on),168,44.38033325088435,mOhm,125.0,Operating Life / Power Conduction (TJ=125-150°C),ATE_BENCH_02,CH_13,VALID,0,,60.0,synthetic
LOT_D03_C029,LOT_D03,IGSS,0,1.6684330435024688,nA,150.0,"HTGB (150°C, ±20V)",ATE_BENCH_02,CH_13,VALID,0,-100.0,100.0,synthetic
LOT_D03_C029,LOT_D03,IGSS,24,1.5457474467563541,nA,150.0,"HTGB (150°C, ±20V)",ATE_BENCH_02,CH_13,VALID,0,-100.0,100.0,synthetic
LOT_D03_C029,LOT_D03,IGSS,96,1.0656128289094673,nA,150.0,"HTGB (150°C, ±20V)",ATE_BENCH_02,CH_13,VALID,0,-100.0,100.0,synthetic
LOT_D03_C029,LOT_D03,IGSS,168,1.5022618365476623,nA,150.0,"HTGB (150°C, ±20V)",ATE_BENCH_02,CH_13,VALID,0,-100.0,100.0,synthetic
LOT_D03_C030,LOT_D03,IDSS,0,0.29637649323246296,uA,150.0,"HTRB (150°C, 80V)",ATE_BENCH_02,CH_14,VALID,0,,10.0,synthetic
LOT_D03_C030,LOT_D03,IDSS,24,0.2790719392423373,uA,150.0,"HTRB (150°C, 80V)",ATE_BENCH_02,CH_14,VALID,0,,10.0,synthetic
LOT_D03_C030,LOT_D03,IDSS,96,0.27022841903636474,uA,150.0,"HTRB (150°C, 80V)",ATE_BENCH_02,CH_14,VALID,0,,10.0,synthetic
LOT_D03_C030,LOT_D03,IDSS,168,0.3143934886465076,uA,150.0,"HTRB (150°C, 80V)",ATE_BENCH_02,CH_14,VALID,0,,10.0,synthetic
LOT_D03_C030,LOT_D03,VGS(th),0,2.9110966135190472,V,150.0,"HTGB (150°C, 20V)",ATE_BENCH_02,CH_14,VALID,0,2.0,4.0,synthetic
LOT_D03_C030,LOT_D03,VGS(th),24,2.9092827940231545,V,150.0,"HTGB (150°C, 20V)",ATE_BENCH_02,CH_14,VALID,0,2.0,4.0,synthetic
LOT_D03_C030,LOT_D03,VGS(th),96,2.906460123695308,V,150.0,"HTGB (150°C, 20V)",ATE_BENCH_02,CH_14,VALID,0,2.0,4.0,synthetic
LOT_D03_C030,LOT_D03,VGS(th),168,2.9015177463128037,V,150.0,"HTGB (150°C, 20V)",ATE_BENCH_02,CH_14,VALID,0,2.0,4.0,synthetic
LOT_D03_C030,LOT_D03,RDS(on),0,56.40264827703527,mOhm,125.0,Operating Life / Power Conduction (TJ=125-150°C),ATE_BENCH_02,CH_14,VALID,0,,60.0,synthetic
LOT_D03_C030,LOT_D03,RDS(on),24,57.790247405685,mOhm,125.0,Operating Life / Power Conduction (TJ=125-150°C),ATE_BENCH_02,CH_14,VALID,0,,60.0,synthetic
LOT_D03_C030,LOT_D03,RDS(on),96,58.00287838385946,mOhm,125.0,Operating Life / Power Conduction (TJ=125-150°C),ATE_BENCH_02,CH_14,VALID,0,,60.0,synthetic
LOT_D03_C030,LOT_D03,RDS(on),168,57.321871152664,mOhm,125.0,Operating Life / Power Conduction (TJ=125-150°C),ATE_BENCH_02,CH_14,VALID,0,,60.0,synthetic
LOT_D03_C030,LOT_D03,IGSS,0,-1.4247777592123434,nA,150.0,"HTGB (150°C, ±20V)",ATE_BENCH_02,CH_14,VALID,0,-100.0,100.0,synthetic
LOT_D03_C030,LOT_D03,IGSS,24,-2.6232234893249307,nA,150.0,"HTGB (150°C, ±20V)",ATE_BENCH_02,CH_14,VALID,0,-100.0,100.0,synthetic
LOT_D03_C030,LOT_D03,IGSS,96,-1.7269056080570957,nA,150.0,"HTGB (150°C, ±20V)",ATE_BENCH_02,CH_14,VALID,0,-100.0,100.0,synthetic
LOT_D03_C030,LOT_D03,IGSS,168,-2.683828687455304,nA,150.0,"HTGB (150°C, ±20V)",ATE_BENCH_02,CH_14,VALID,0,-100.0,100.0,synthetic
LOT_D04_C001,LOT_D04,IDSS,0,0.5762385544580507,uA,150.0,"HTRB (150°C, 80V)",ATE_BENCH_01,CH_01,VALID,0,,10.0,synthetic
LOT_D04_C001,LOT_D04,IDSS,24,0.6031362736795509,uA,150.0,"HTRB (150°C, 80V)",ATE_BENCH_01,CH_01,VALID,0,,10.0,synthetic
LOT_D04_C001,LOT_D04,IDSS,96,0.5494761910884637,uA,150.0,"HTRB (150°C, 80V)",ATE_BENCH_01,CH_01,VALID,0,,10.0,synthetic
LOT_D04_C001,LOT_D04,IDSS,168,0.6454469417272067,uA,150.0,"HTRB (150°C, 80V)",ATE_BENCH_01,CH_01,VALID,0,,10.0,synthetic
LOT_D04_C001,LOT_D04,VGS(th),0,3.3321612457859557,V,150.0,"HTGB (150°C, 20V)",ATE_BENCH_01,CH_01,VALID,0,2.0,4.0,synthetic
LOT_D04_C001,LOT_D04,VGS(th),24,3.3574227782953785,V,150.0,"HTGB (150°C, 20V)",ATE_BENCH_01,CH_01,VALID,0,2.0,4.0,synthetic
LOT_D04_C001,LOT_D04,VGS(th),96,3.3230790834088593,V,150.0,"HTGB (150°C, 20V)",ATE_BENCH_01,CH_01,VALID,0,2.0,4.0,synthetic
LOT_D04_C001,LOT_D04,VGS(th),168,3.3166178989496276,V,150.0,"HTGB (150°C, 20V)",ATE_BENCH_01,CH_01,VALID,0,2.0,4.0,synthetic
LOT_D04_C001,LOT_D04,RDS(on),0,48.43334500330716,mOhm,125.0,Operating Life / Power Conduction (TJ=125-150°C),ATE_BENCH_01,CH_01,VALID,0,,60.0,synthetic
LOT_D04_C001,LOT_D04,RDS(on),24,48.44227369079886,mOhm,125.0,Operating Life / Power Conduction (TJ=125-150°C),ATE_BENCH_01,CH_01,VALID,0,,60.0,synthetic
LOT_D04_C001,LOT_D04,RDS(on),96,47.8788833870938,mOhm,125.0,Operating Life / Power Conduction (TJ=125-150°C),ATE_BENCH_01,CH_01,VALID,0,,60.0,synthetic
LOT_D04_C001,LOT_D04,RDS(on),168,49.14645433501314,mOhm,125.0,Operating Life / Power Conduction (TJ=125-150°C),ATE_BENCH_01,CH_01,VALID,0,,60.0,synthetic
LOT_D04_C001,LOT_D04,IGSS,0,1.9959293818004324,nA,150.0,"HTGB (150°C, ±20V)",ATE_BENCH_01,CH_01,VALID,0,-100.0,100.0,synthetic
LOT_D04_C001,LOT_D04,IGSS,24,5.880590577630996,nA,150.0,"HTGB (150°C, ±20V)",ATE_BENCH_01,CH_01,VALID,0,-100.0,100.0,synthetic
LOT_D04_C001,LOT_D04,IGSS,96,3.3172143317970844,nA,150.0,"HTGB (150°C, ±20V)",ATE_BENCH_01,CH_01,VALID,0,-100.0,100.0,synthetic
LOT_D04_C001,LOT_D04,IGSS,168,3.5515439099839217,nA,150.0,"HTGB (150°C, ±20V)",ATE_BENCH_01,CH_01,VALID,0,-100.0,100.0,synthetic
LOT_D04_C002,LOT_D04,IDSS,0,1.877429409368478,uA,150.0,"HTRB (150°C, 80V)",ATE_BENCH_01,CH_02,VALID,0,,10.0,synthetic
LOT_D04_C002,LOT_D04,IDSS,24,1.677115694162169,uA,150.0,"HTRB (150°C, 80V)",ATE_BENCH_01,CH_02,VALID,0,,10.0,synthetic
LOT_D04_C002,LOT_D04,IDSS,96,2.143867940353127,uA,150.0,"HTRB (150°C, 80V)",ATE_BENCH_01,CH_02,VALID,0,,10.0,synthetic
LOT_D04_C002,LOT_D04,IDSS,168,1.7503936691447628,uA,150.0,"HTRB (150°C, 80V)",ATE_BENCH_01,CH_02,VALID,0,,10.0,synthetic
LOT_D04_C002,LOT_D04,VGS(th),0,3.025744384004535,V,150.0,"HTGB (150°C, 20V)",ATE_BENCH_01,CH_02,VALID,0,2.0,4.0,synthetic
LOT_D04_C002,LOT_D04,VGS(th),24,3.0159943882292337,V,150.0,"HTGB (150°C, 20V)",ATE_BENCH_01,CH_02,VALID,0,2.0,4.0,synthetic
LOT_D04_C002,LOT_D04,VGS(th),96,3.0300167648704215,V,150.0,"HTGB (150°C, 20V)",ATE_BENCH_01,CH_02,VALID,0,2.0,4.0,synthetic
LOT_D04_C002,LOT_D04,VGS(th),168,2.9874888191625044,V,150.0,"HTGB (150°C, 20V)",ATE_BENCH_01,CH_02,VALID,0,2.0,4.0,synthetic
LOT_D04_C002,LOT_D04,RDS(on),0,42.09073860650443,mOhm,125.0,Operating Life / Power Conduction (TJ=125-150°C),ATE_BENCH_01,CH_02,VALID,0,,60.0,synthetic
LOT_D04_C002,LOT_D04,RDS(on),24,42.09754530764354,mOhm,125.0,Operating Life / Power Conduction (TJ=125-150°C),ATE_BENCH_01,CH_02,VALID,0,,60.0,synthetic
LOT_D04_C002,LOT_D04,RDS(on),96,41.968087273050855,mOhm,125.0,Operating Life / Power Conduction (TJ=125-150°C),ATE_BENCH_01,CH_02,VALID,0,,60.0,synthetic
LOT_D04_C002,LOT_D04,RDS(on),168,41.944215016311055,mOhm,125.0,Operating Life / Power Conduction (TJ=125-150°C),ATE_BENCH_01,CH_02,VALID,0,,60.0,synthetic
LOT_D04_C002,LOT_D04,IGSS,0,-1.8965953083731875,nA,150.0,"HTGB (150°C, ±20V)",ATE_BENCH_01,CH_02,VALID,0,-100.0,100.0,synthetic
LOT_D04_C002,LOT_D04,IGSS,24,-2.384465181560766,nA,150.0,"HTGB (150°C, ±20V)",ATE_BENCH_01,CH_02,VALID,0,-100.0,100.0,synthetic
LOT_D04_C002,LOT_D04,IGSS,96,-1.3812321672471624,nA,150.0,"HTGB (150°C, ±20V)",ATE_BENCH_01,CH_02,VALID,0,-100.0,100.0,synthetic
LOT_D04_C002,LOT_D04,IGSS,168,-1.3677196807286696,nA,150.0,"HTGB (150°C, ±20V)",ATE_BENCH_01,CH_02,VALID,0,-100.0,100.0,synthetic
LOT_D04_C003,LOT_D04,IDSS,0,0.5442576651254211,uA,150.0,"HTRB (150°C, 80V)",ATE_BENCH_01,CH_03,VALID,0,,10.0,synthetic
LOT_D04_C003,LOT_D04,IDSS,24,0.5522078421574413,uA,150.0,"HTRB (150°C, 80V)",ATE_BENCH_01,CH_03,VALID,0,,10.0,synthetic
LOT_D04_C003,LOT_D04,IDSS,96,0.5260848643081607,uA,150.0,"HTRB (150°C, 80V)",ATE_BENCH_01,CH_03,VALID,0,,10.0,synthetic
LOT_D04_C003,LOT_D04,IDSS,168,0.6205886007752837,uA,150.0,"HTRB (150°C, 80V)",ATE_BENCH_01,CH_03,VALID,0,,10.0,synthetic
LOT_D04_C003,LOT_D04,VGS(th),0,2.978007601562815,V,150.0,"HTGB (150°C, 20V)",ATE_BENCH_01,CH_03,VALID,0,2.0,4.0,synthetic
LOT_D04_C003,LOT_D04,VGS(th),24,2.9520034571898264,V,150.0,"HTGB (150°C, 20V)",ATE_BENCH_01,CH_03,VALID,0,2.0,4.0,synthetic
LOT_D04_C003,LOT_D04,VGS(th),96,3.0055399784223193,V,150.0,"HTGB (150°C, 20V)",ATE_BENCH_01,CH_03,VALID,0,2.0,4.0,synthetic
LOT_D04_C003,LOT_D04,VGS(th),168,2.962948538562333,V,150.0,"HTGB (150°C, 20V)",ATE_BENCH_01,CH_03,VALID,0,2.0,4.0,synthetic
LOT_D04_C003,LOT_D04,RDS(on),0,49.55569017630134,mOhm,125.0,Operating Life / Power Conduction (TJ=125-150°C),ATE_BENCH_01,CH_03,VALID,0,,60.0,synthetic
LOT_D04_C003,LOT_D04,RDS(on),24,48.35166242657703,mOhm,125.0,Operating Life / Power Conduction (TJ=125-150°C),ATE_BENCH_01,CH_03,VALID,0,,60.0,synthetic
LOT_D04_C003,LOT_D04,RDS(on),96,48.968245900740385,mOhm,125.0,Operating Life / Power Conduction (TJ=125-150°C),ATE_BENCH_01,CH_03,VALID,0,,60.0,synthetic
LOT_D04_C003,LOT_D04,RDS(on),168,48.44546108391261,mOhm,125.0,Operating Life / Power Conduction (TJ=125-150°C),ATE_BENCH_01,CH_03,VALID,0,,60.0,synthetic
LOT_D04_C003,LOT_D04,IGSS,0,1.7318537959662856,nA,150.0,"HTGB (150°C, ±20V)",ATE_BENCH_01,CH_03,VALID,0,-100.0,100.0,synthetic
LOT_D04_C003,LOT_D04,IGSS,24,3.364785717462588,nA,150.0,"HTGB (150°C, ±20V)",ATE_BENCH_01,CH_03,VALID,0,-100.0,100.0,synthetic
LOT_D04_C003,LOT_D04,IGSS,96,2.9136810367300363,nA,150.0,"HTGB (150°C, ±20V)",ATE_BENCH_01,CH_03,VALID,0,-100.0,100.0,synthetic
LOT_D04_C003,LOT_D04,IGSS,168,3.6846994808157754,nA,150.0,"HTGB (150°C, ±20V)",ATE_BENCH_01,CH_03,VALID,0,-100.0,100.0,synthetic
LOT_D04_C004,LOT_D04,IDSS,0,0.3364633721341583,uA,150.0,"HTRB (150°C, 80V)",ATE_BENCH_01,CH_04,VALID,0,,10.0,synthetic
LOT_D04_C004,LOT_D04,IDSS,24,0.3649145501553337,uA,150.0,"HTRB (150°C, 80V)",ATE_BENCH_01,CH_04,VALID,0,,10.0,synthetic
LOT_D04_C004,LOT_D04,IDSS,96,0.3508153361769073,uA,150.0,"HTRB (150°C, 80V)",ATE_BENCH_01,CH_04,VALID,0,,10.0,synthetic
LOT_D04_C004,LOT_D04,IDSS,168,0.39961157416038,uA,150.0,"HTRB (150°C, 80V)",ATE_BENCH_01,CH_04,VALID,0,,10.0,synthetic
LOT_D04_C004,LOT_D04,VGS(th),0,3.384794077598728,V,150.0,"HTGB (150°C, 20V)",ATE_BENCH_01,CH_04,VALID,0,2.0,4.0,synthetic
LOT_D04_C004,LOT_D04,VGS(th),24,3.4198896072939653,V,150.0,"HTGB (150°C, 20V)",ATE_BENCH_01,CH_04,VALID,0,2.0,4.0,synthetic
LOT_D04_C004,LOT_D04,VGS(th),96,3.3930287596167705,V,150.0,"HTGB (150°C, 20V)",ATE_BENCH_01,CH_04,VALID,0,2.0,4.0,synthetic
LOT_D04_C004,LOT_D04,VGS(th),168,3.4114058703118104,V,150.0,"HTGB (150°C, 20V)",ATE_BENCH_01,CH_04,VALID,0,2.0,4.0,synthetic
LOT_D04_C004,LOT_D04,RDS(on),0,50.427907208358306,mOhm,125.0,Operating Life / Power Conduction (TJ=125-150°C),ATE_BENCH_01,CH_04,VALID,0,,60.0,synthetic
LOT_D04_C004,LOT_D04,RDS(on),24,48.707439997690415,mOhm,125.0,Operating Life / Power Conduction (TJ=125-150°C),ATE_BENCH_01,CH_04,VALID,0,,60.0,synthetic
LOT_D04_C004,LOT_D04,RDS(on),96,49.645536398987204,mOhm,125.0,Operating Life / Power Conduction (TJ=125-150°C),ATE_BENCH_01,CH_04,VALID,0,,60.0,synthetic
LOT_D04_C004,LOT_D04,RDS(on),168,49.299214205455904,mOhm,125.0,Operating Life / Power Conduction (TJ=125-150°C),ATE_BENCH_01,CH_04,VALID,0,,60.0,synthetic
LOT_D04_C004,LOT_D04,IGSS,0,-1.4300601702017839,nA,150.0,"HTGB (150°C, ±20V)",ATE_BENCH_01,CH_04,VALID,0,-100.0,100.0,synthetic
LOT_D04_C004,LOT_D04,IGSS,24,-2.113848759668011,nA,150.0,"HTGB (150°C, ±20V)",ATE_BENCH_01,CH_04,VALID,0,-100.0,100.0,synthetic
LOT_D04_C004,LOT_D04,IGSS,96,-1.1163554993310554,nA,150.0,"HTGB (150°C, ±20V)",ATE_BENCH_01,CH_04,VALID,0,-100.0,100.0,synthetic
LOT_D04_C004,LOT_D04,IGSS,168,-1.5829610085466759,nA,150.0,"HTGB (150°C, ±20V)",ATE_BENCH_01,CH_04,VALID,0,-100.0,100.0,synthetic
LOT_D04_C005,LOT_D04,IDSS,0,0.39846971242155843,uA,150.0,"HTRB (150°C, 80V)",ATE_BENCH_01,CH_05,VALID,0,,10.0,synthetic
LOT_D04_C005,LOT_D04,IDSS,24,0.41889291995549954,uA,150.0,"HTRB (150°C, 80V)",ATE_BENCH_01,CH_05,VALID,0,,10.0,synthetic
LOT_D04_C005,LOT_D04,IDSS,96,0.45480802717767443,uA,150.0,"HTRB (150°C, 80V)",ATE_BENCH_01,CH_05,VALID,0,,10.0,synthetic
LOT_D04_C005,LOT_D04,IDSS,168,0.3807182051796951,uA,150.0,"HTRB (150°C, 80V)",ATE_BENCH_01,CH_05,VALID,0,,10.0,synthetic
LOT_D04_C005,LOT_D04,VGS(th),0,2.980054106423391,V,150.0,"HTGB (150°C, 20V)",ATE_BENCH_01,CH_05,VALID,0,2.0,4.0,synthetic
LOT_D04_C005,LOT_D04,VGS(th),24,3.0203308492999486,V,150.0,"HTGB (150°C, 20V)",ATE_BENCH_01,CH_05,VALID,0,2.0,4.0,synthetic
LOT_D04_C005,LOT_D04,VGS(th),96,3.01838799428489,V,150.0,"HTGB (150°C, 20V)",ATE_BENCH_01,CH_05,VALID,0,2.0,4.0,synthetic
LOT_D04_C005,LOT_D04,VGS(th),168,3.0552145821752426,V,150.0,"HTGB (150°C, 20V)",ATE_BENCH_01,CH_05,VALID,0,2.0,4.0,synthetic
LOT_D04_C005,LOT_D04,RDS(on),0,47.159381966710974,mOhm,125.0,Operating Life / Power Conduction (TJ=125-150°C),ATE_BENCH_01,CH_05,VALID,0,,60.0,synthetic
LOT_D04_C005,LOT_D04,RDS(on),24,47.66173584961367,mOhm,125.0,Operating Life / Power Conduction (TJ=125-150°C),ATE_BENCH_01,CH_05,VALID,0,,60.0,synthetic
LOT_D04_C005,LOT_D04,RDS(on),96,46.53685921909563,mOhm,125.0,Operating Life / Power Conduction (TJ=125-150°C),ATE_BENCH_01,CH_05,VALID,0,,60.0,synthetic
LOT_D04_C005,LOT_D04,RDS(on),168,47.97447885696971,mOhm,125.0,Operating Life / Power Conduction (TJ=125-150°C),ATE_BENCH_01,CH_05,VALID,0,,60.0,synthetic
LOT_D04_C005,LOT_D04,IGSS,0,2.862086302806646,nA,150.0,"HTGB (150°C, ±20V)",ATE_BENCH_01,CH_05,VALID,0,-100.0,100.0,synthetic
LOT_D04_C005,LOT_D04,IGSS,24,1.574131866276001,nA,150.0,"HTGB (150°C, ±20V)",ATE_BENCH_01,CH_05,VALID,0,-100.0,100.0,synthetic
LOT_D04_C005,LOT_D04,IGSS,96,1.1322803807082173,nA,150.0,"HTGB (150°C, ±20V)",ATE_BENCH_01,CH_05,VALID,0,-100.0,100.0,synthetic
LOT_D04_C005,LOT_D04,IGSS,168,1.2915704808425277,nA,150.0,"HTGB (150°C, ±20V)",ATE_BENCH_01,CH_05,VALID,0,-100.0,100.0,synthetic
LOT_D04_C006,LOT_D04,IDSS,0,1.0000907671899042,uA,150.0,"HTRB (150°C, 80V)",ATE_BENCH_01,CH_06,VALID,0,,10.0,synthetic
LOT_D04_C006,LOT_D04,IDSS,24,0.9652192398423588,uA,150.0,"HTRB (150°C, 80V)",ATE_BENCH_01,CH_06,VALID,0,,10.0,synthetic
LOT_D04_C006,LOT_D04,IDSS,96,1.0368144260475836,uA,150.0,"HTRB (150°C, 80V)",ATE_BENCH_01,CH_06,VALID,0,,10.0,synthetic
LOT_D04_C006,LOT_D04,IDSS,168,1.1050368162568611,uA,150.0,"HTRB (150°C, 80V)",ATE_BENCH_01,CH_06,VALID,0,,10.0,synthetic
LOT_D04_C006,LOT_D04,VGS(th),0,3.023940669569164,V,150.0,"HTGB (150°C, 20V)",ATE_BENCH_01,CH_06,VALID,0,2.0,4.0,synthetic
LOT_D04_C006,LOT_D04,VGS(th),24,3.0397158574622947,V,150.0,"HTGB (150°C, 20V)",ATE_BENCH_01,CH_06,VALID,0,2.0,4.0,synthetic
LOT_D04_C006,LOT_D04,VGS(th),96,3.0113484950359806,V,150.0,"HTGB (150°C, 20V)",ATE_BENCH_01,CH_06,VALID,0,2.0,4.0,synthetic
LOT_D04_C006,LOT_D04,VGS(th),168,3.038584338091483,V,150.0,"HTGB (150°C, 20V)",ATE_BENCH_01,CH_06,VALID,0,2.0,4.0,synthetic
LOT_D04_C006,LOT_D04,RDS(on),0,57.032292722462536,mOhm,125.0,Operating Life / Power Conduction (TJ=125-150°C),ATE_BENCH_01,CH_06,VALID,0,,60.0,synthetic
LOT_D04_C006,LOT_D04,RDS(on),24,59.177861349308074,mOhm,125.0,Operating Life / Power Conduction (TJ=125-150°C),ATE_BENCH_01,CH_06,VALID,0,,60.0,synthetic
LOT_D04_C006,LOT_D04,RDS(on),96,58.75810900671986,mOhm,125.0,Operating Life / Power Conduction (TJ=125-150°C),ATE_BENCH_01,CH_06,VALID,0,,60.0,synthetic
LOT_D04_C006,LOT_D04,RDS(on),168,57.98604571985655,mOhm,125.0,Operating Life / Power Conduction (TJ=125-150°C),ATE_BENCH_01,CH_06,VALID,0,,60.0,synthetic
LOT_D04_C006,LOT_D04,IGSS,0,-3.5832010315791667,nA,150.0,"HTGB (150°C, ±20V)",ATE_BENCH_01,CH_06,VALID,0,-100.0,100.0,synthetic
LOT_D04_C006,LOT_D04,IGSS,24,-2.3678502510413595,nA,150.0,"HTGB (150°C, ±20V)",ATE_BENCH_01,CH_06,VALID,0,-100.0,100.0,synthetic
LOT_D04_C006,LOT_D04,IGSS,96,-1.9729357970715615,nA,150.0,"HTGB (150°C, ±20V)",ATE_BENCH_01,CH_06,VALID,0,-100.0,100.0,synthetic
LOT_D04_C006,LOT_D04,IGSS,168,-2.716158614621223,nA,150.0,"HTGB (150°C, ±20V)",ATE_BENCH_01,CH_06,VALID,0,-100.0,100.0,synthetic
LOT_D04_C007,LOT_D04,IDSS,0,0.47286891651198304,uA,150.0,"HTRB (150°C, 80V)",ATE_BENCH_01,CH_07,VALID,0,,10.0,synthetic
LOT_D04_C007,LOT_D04,IDSS,24,0.4562551198844048,uA,150.0,"HTRB (150°C, 80V)",ATE_BENCH_01,CH_07,VALID,0,,10.0,synthetic
LOT_D04_C007,LOT_D04,IDSS,96,0.39389729645744337,uA,150.0,"HTRB (150°C, 80V)",ATE_BENCH_01,CH_07,VALID,0,,10.0,synthetic
LOT_D04_C007,LOT_D04,IDSS,168,0.5154261451408138,uA,150.0,"HTRB (150°C, 80V)",ATE_BENCH_01,CH_07,VALID,0,,10.0,synthetic
LOT_D04_C007,LOT_D04,VGS(th),0,3.140811598517174,V,150.0,"HTGB (150°C, 20V)",ATE_BENCH_01,CH_07,VALID,0,2.0,4.0,synthetic
LOT_D04_C007,LOT_D04,VGS(th),24,3.091881913353239,V,150.0,"HTGB (150°C, 20V)",ATE_BENCH_01,CH_07,VALID,0,2.0,4.0,synthetic
LOT_D04_C007,LOT_D04,VGS(th),96,3.119054907629561,V,150.0,"HTGB (150°C, 20V)",ATE_BENCH_01,CH_07,VALID,0,2.0,4.0,synthetic
LOT_D04_C007,LOT_D04,VGS(th),168,3.1265825174952298,V,150.0,"HTGB (150°C, 20V)",ATE_BENCH_01,CH_07,VALID,0,2.0,4.0,synthetic
LOT_D04_C007,LOT_D04,RDS(on),0,43.266357716529456,mOhm,125.0,Operating Life / Power Conduction (TJ=125-150°C),ATE_BENCH_01,CH_07,VALID,0,,60.0,synthetic
LOT_D04_C007,LOT_D04,RDS(on),24,43.306964510056375,mOhm,125.0,Operating Life / Power Conduction (TJ=125-150°C),ATE_BENCH_01,CH_07,VALID,0,,60.0,synthetic
LOT_D04_C007,LOT_D04,RDS(on),96,44.41085781053697,mOhm,125.0,Operating Life / Power Conduction (TJ=125-150°C),ATE_BENCH_01,CH_07,VALID,0,,60.0,synthetic
LOT_D04_C007,LOT_D04,RDS(on),168,43.011034295373555,mOhm,125.0,Operating Life / Power Conduction (TJ=125-150°C),ATE_BENCH_01,CH_07,VALID,0,,60.0,synthetic
LOT_D04_C007,LOT_D04,IGSS,0,1.5474533381126112,nA,150.0,"HTGB (150°C, ±20V)",ATE_BENCH_01,CH_07,VALID,0,-100.0,100.0,synthetic
LOT_D04_C007,LOT_D04,IGSS,24,0.7311639330713852,nA,150.0,"HTGB (150°C, ±20V)",ATE_BENCH_01,CH_07,VALID,0,-100.0,100.0,synthetic
LOT_D04_C007,LOT_D04,IGSS,96,0.8597748207846666,nA,150.0,"HTGB (150°C, ±20V)",ATE_BENCH_01,CH_07,VALID,0,-100.0,100.0,synthetic
LOT_D04_C007,LOT_D04,IGSS,168,1.9798627999200202,nA,150.0,"HTGB (150°C, ±20V)",ATE_BENCH_01,CH_07,VALID,0,-100.0,100.0,synthetic
LOT_D04_C008,LOT_D04,IDSS,0,1.7423353400934212,uA,150.0,"HTRB (150°C, 80V)",ATE_BENCH_01,CH_08,VALID,0,,10.0,synthetic
LOT_D04_C008,LOT_D04,IDSS,24,2.2471381767656045,uA,150.0,"HTRB (150°C, 80V)",ATE_BENCH_01,CH_08,VALID,0,,10.0,synthetic
LOT_D04_C008,LOT_D04,IDSS,96,1.875426073782648,uA,150.0,"HTRB (150°C, 80V)",ATE_BENCH_01,CH_08,VALID,0,,10.0,synthetic
LOT_D04_C008,LOT_D04,IDSS,168,1.727074153916814,uA,150.0,"HTRB (150°C, 80V)",ATE_BENCH_01,CH_08,VALID,0,,10.0,synthetic
LOT_D04_C008,LOT_D04,VGS(th),0,3.0728176993184713,V,150.0,"HTGB (150°C, 20V)",ATE_BENCH_01,CH_08,VALID,0,2.0,4.0,synthetic
LOT_D04_C008,LOT_D04,VGS(th),24,3.119764981582007,V,150.0,"HTGB (150°C, 20V)",ATE_BENCH_01,CH_08,VALID,0,2.0,4.0,synthetic
LOT_D04_C008,LOT_D04,VGS(th),96,3.1084800956576024,V,150.0,"HTGB (150°C, 20V)",ATE_BENCH_01,CH_08,VALID,0,2.0,4.0,synthetic
LOT_D04_C008,LOT_D04,VGS(th),168,3.1354747513332395,V,150.0,"HTGB (150°C, 20V)",ATE_BENCH_01,CH_08,VALID,0,2.0,4.0,synthetic
LOT_D04_C008,LOT_D04,RDS(on),0,45.99406684424483,mOhm,125.0,Operating Life / Power Conduction (TJ=125-150°C),ATE_BENCH_01,CH_08,VALID,0,,60.0,synthetic
LOT_D04_C008,LOT_D04,RDS(on),24,46.567512241269874,mOhm,125.0,Operating Life / Power Conduction (TJ=125-150°C),ATE_BENCH_01,CH_08,VALID,0,,60.0,synthetic
LOT_D04_C008,LOT_D04,RDS(on),96,46.76614440011192,mOhm,125.0,Operating Life / Power Conduction (TJ=125-150°C),ATE_BENCH_01,CH_08,VALID,0,,60.0,synthetic
LOT_D04_C008,LOT_D04,RDS(on),168,45.63148703195339,mOhm,125.0,Operating Life / Power Conduction (TJ=125-150°C),ATE_BENCH_01,CH_08,VALID,0,,60.0,synthetic
LOT_D04_C008,LOT_D04,IGSS,0,-2.188928843747431,nA,150.0,"HTGB (150°C, ±20V)",ATE_BENCH_01,CH_08,VALID,0,-100.0,100.0,synthetic
LOT_D04_C008,LOT_D04,IGSS,24,-2.51557197632229,nA,150.0,"HTGB (150°C, ±20V)",ATE_BENCH_01,CH_08,VALID,0,-100.0,100.0,synthetic
LOT_D04_C008,LOT_D04,IGSS,96,-2.251845303177398,nA,150.0,"HTGB (150°C, ±20V)",ATE_BENCH_01,CH_08,VALID,0,-100.0,100.0,synthetic
LOT_D04_C008,LOT_D04,IGSS,168,-1.8095802068725428,nA,150.0,"HTGB (150°C, ±20V)",ATE_BENCH_01,CH_08,VALID,0,-100.0,100.0,synthetic
LOT_D04_C009,LOT_D04,IDSS,0,0.6643271286326232,uA,150.0,"HTRB (150°C, 80V)",ATE_BENCH_01,CH_09,VALID,0,,10.0,synthetic
LOT_D04_C009,LOT_D04,IDSS,24,0.585306605892731,uA,150.0,"HTRB (150°C, 80V)",ATE_BENCH_01,CH_09,VALID,0,,10.0,synthetic
LOT_D04_C009,LOT_D04,IDSS,96,0.6253828617220532,uA,150.0,"HTRB (150°C, 80V)",ATE_BENCH_01,CH_09,VALID,0,,10.0,synthetic
LOT_D04_C009,LOT_D04,IDSS,168,0.651794720513084,uA,150.0,"HTRB (150°C, 80V)",ATE_BENCH_01,CH_09,VALID,0,,10.0,synthetic
LOT_D04_C009,LOT_D04,VGS(th),0,2.9193323112157485,V,150.0,"HTGB (150°C, 20V)",ATE_BENCH_01,CH_09,VALID,0,2.0,4.0,synthetic
LOT_D04_C009,LOT_D04,VGS(th),24,2.9130092755732724,V,150.0,"HTGB (150°C, 20V)",ATE_BENCH_01,CH_09,VALID,0,2.0,4.0,synthetic
LOT_D04_C009,LOT_D04,VGS(th),96,2.9549000180253033,V,150.0,"HTGB (150°C, 20V)",ATE_BENCH_01,CH_09,VALID,0,2.0,4.0,synthetic
LOT_D04_C009,LOT_D04,VGS(th),168,2.9226026039217126,V,150.0,"HTGB (150°C, 20V)",ATE_BENCH_01,CH_09,VALID,0,2.0,4.0,synthetic
LOT_D04_C009,LOT_D04,RDS(on),0,50.04875701397376,mOhm,125.0,Operating Life / Power Conduction (TJ=125-150°C),ATE_BENCH_01,CH_09,VALID,0,,60.0,synthetic
LOT_D04_C009,LOT_D04,RDS(on),24,48.042162921728774,mOhm,125.0,Operating Life / Power Conduction (TJ=125-150°C),ATE_BENCH_01,CH_09,VALID,0,,60.0,synthetic
LOT_D04_C009,LOT_D04,RDS(on),96,47.93591812820908,mOhm,125.0,Operating Life / Power Conduction (TJ=125-150°C),ATE_BENCH_01,CH_09,VALID,0,,60.0,synthetic
LOT_D04_C009,LOT_D04,RDS(on),168,48.17982618163722,mOhm,125.0,Operating Life / Power Conduction (TJ=125-150°C),ATE_BENCH_01,CH_09,VALID,0,,60.0,synthetic
LOT_D04_C009,LOT_D04,IGSS,0,1.0715087135857264,nA,150.0,"HTGB (150°C, ±20V)",ATE_BENCH_01,CH_09,VALID,0,-100.0,100.0,synthetic
LOT_D04_C009,LOT_D04,IGSS,24,1.6457070317918507,nA,150.0,"HTGB (150°C, ±20V)",ATE_BENCH_01,CH_09,VALID,0,-100.0,100.0,synthetic
LOT_D04_C009,LOT_D04,IGSS,96,2.366857457945734,nA,150.0,"HTGB (150°C, ±20V)",ATE_BENCH_01,CH_09,VALID,0,-100.0,100.0,synthetic
LOT_D04_C009,LOT_D04,IGSS,168,2.576857179122237,nA,150.0,"HTGB (150°C, ±20V)",ATE_BENCH_01,CH_09,VALID,0,-100.0,100.0,synthetic
LOT_D04_C010,LOT_D04,IDSS,0,0.38761708267055595,uA,150.0,"HTRB (150°C, 80V)",ATE_BENCH_01,CH_10,VALID,0,,10.0,synthetic
LOT_D04_C010,LOT_D04,IDSS,24,0.4180559430354597,uA,150.0,"HTRB (150°C, 80V)",ATE_BENCH_01,CH_10,VALID,0,,10.0,synthetic
LOT_D04_C010,LOT_D04,IDSS,96,0.4247431536199356,uA,150.0,"HTRB (150°C, 80V)",ATE_BENCH_01,CH_10,VALID,0,,10.0,synthetic
LOT_D04_C010,LOT_D04,IDSS,168,0.43059122862062466,uA,150.0,"HTRB (150°C, 80V)",ATE_BENCH_01,CH_10,VALID,0,,10.0,synthetic
LOT_D04_C010,LOT_D04,VGS(th),0,3.3557866502744376,V,150.0,"HTGB (150°C, 20V)",ATE_BENCH_01,CH_10,VALID,0,2.0,4.0,synthetic
LOT_D04_C010,LOT_D04,VGS(th),24,3.3889242165244817,V,150.0,"HTGB (150°C, 20V)",ATE_BENCH_01,CH_10,VALID,0,2.0,4.0,synthetic
LOT_D04_C010,LOT_D04,VGS(th),96,3.3944970414263635,V,150.0,"HTGB (150°C, 20V)",ATE_BENCH_01,CH_10,VALID,0,2.0,4.0,synthetic
LOT_D04_C010,LOT_D04,VGS(th),168,3.3858222472671153,V,150.0,"HTGB (150°C, 20V)",ATE_BENCH_01,CH_10,VALID,0,2.0,4.0,synthetic
LOT_D04_C010,LOT_D04,RDS(on),0,50.15102641494245,mOhm,125.0,Operating Life / Power Conduction (TJ=125-150°C),ATE_BENCH_01,CH_10,VALID,0,,60.0,synthetic
LOT_D04_C010,LOT_D04,RDS(on),24,50.4073597848849,mOhm,125.0,Operating Life / Power Conduction (TJ=125-150°C),ATE_BENCH_01,CH_10,VALID,0,,60.0,synthetic
LOT_D04_C010,LOT_D04,RDS(on),96,50.480175434533656,mOhm,125.0,Operating Life / Power Conduction (TJ=125-150°C),ATE_BENCH_01,CH_10,VALID,0,,60.0,synthetic
LOT_D04_C010,LOT_D04,RDS(on),168,50.3565840784613,mOhm,125.0,Operating Life / Power Conduction (TJ=125-150°C),ATE_BENCH_01,CH_10,VALID,0,,60.0,synthetic
LOT_D04_C010,LOT_D04,IGSS,0,-2.1975745092129775,nA,150.0,"HTGB (150°C, ±20V)",ATE_BENCH_01,CH_10,VALID,0,-100.0,100.0,synthetic
LOT_D04_C010,LOT_D04,IGSS,24,-2.164999781235306,nA,150.0,"HTGB (150°C, ±20V)",ATE_BENCH_01,CH_10,VALID,0,-100.0,100.0,synthetic
LOT_D04_C010,LOT_D04,IGSS,96,-0.9589506998162496,nA,150.0,"HTGB (150°C, ±20V)",ATE_BENCH_01,CH_10,VALID,0,-100.0,100.0,synthetic
LOT_D04_C010,LOT_D04,IGSS,168,-1.452745225992012,nA,150.0,"HTGB (150°C, ±20V)",ATE_BENCH_01,CH_10,VALID,0,-100.0,100.0,synthetic
LOT_D04_C011,LOT_D04,IDSS,0,0.4837682790463509,uA,150.0,"HTRB (150°C, 80V)",ATE_BENCH_01,CH_11,VALID,0,,10.0,synthetic
LOT_D04_C011,LOT_D04,IDSS,24,0.49917044260777105,uA,150.0,"HTRB (150°C, 80V)",ATE_BENCH_01,CH_11,VALID,0,,10.0,synthetic
LOT_D04_C011,LOT_D04,IDSS,96,0.4268229325971202,uA,150.0,"HTRB (150°C, 80V)",ATE_BENCH_01,CH_11,VALID,0,,10.0,synthetic
LOT_D04_C011,LOT_D04,IDSS,168,0.428786003557,uA,150.0,"HTRB (150°C, 80V)",ATE_BENCH_01,CH_11,VALID,0,,10.0,synthetic
LOT_D04_C011,LOT_D04,VGS(th),0,2.9426617950863996,V,150.0,"HTGB (150°C, 20V)",ATE_BENCH_01,CH_11,VALID,0,2.0,4.0,synthetic
LOT_D04_C011,LOT_D04,VGS(th),24,2.931053305828732,V,150.0,"HTGB (150°C, 20V)",ATE_BENCH_01,CH_11,VALID,0,2.0,4.0,synthetic
LOT_D04_C011,LOT_D04,VGS(th),96,2.956448612300925,V,150.0,"HTGB (150°C, 20V)",ATE_BENCH_01,CH_11,VALID,0,2.0,4.0,synthetic
LOT_D04_C011,LOT_D04,VGS(th),168,2.9687505104817404,V,150.0,"HTGB (150°C, 20V)",ATE_BENCH_01,CH_11,VALID,0,2.0,4.0,synthetic
LOT_D04_C011,LOT_D04,RDS(on),0,45.221678196915356,mOhm,125.0,Operating Life / Power Conduction (TJ=125-150°C),ATE_BENCH_01,CH_11,VALID,0,,60.0,synthetic
LOT_D04_C011,LOT_D04,RDS(on),24,44.81746087579219,mOhm,125.0,Operating Life / Power Conduction (TJ=125-150°C),ATE_BENCH_01,CH_11,VALID,0,,60.0,synthetic
LOT_D04_C011,LOT_D04,RDS(on),96,45.42596631666306,mOhm,125.0,Operating Life / Power Conduction (TJ=125-150°C),ATE_BENCH_01,CH_11,VALID,0,,60.0,synthetic
LOT_D04_C011,LOT_D04,RDS(on),168,45.65642038557986,mOhm,125.0,Operating Life / Power Conduction (TJ=125-150°C),ATE_BENCH_01,CH_11,VALID,0,,60.0,synthetic
LOT_D04_C011,LOT_D04,IGSS,0,1.6114417834308385,nA,150.0,"HTGB (150°C, ±20V)",ATE_BENCH_01,CH_11,VALID,0,-100.0,100.0,synthetic
LOT_D04_C011,LOT_D04,IGSS,24,1.5576542567896774,nA,150.0,"HTGB (150°C, ±20V)",ATE_BENCH_01,CH_11,VALID,0,-100.0,100.0,synthetic
LOT_D04_C011,LOT_D04,IGSS,96,1.7798393681442022,nA,150.0,"HTGB (150°C, ±20V)",ATE_BENCH_01,CH_11,VALID,0,-100.0,100.0,synthetic
LOT_D04_C011,LOT_D04,IGSS,168,1.8207841381599388,nA,150.0,"HTGB (150°C, ±20V)",ATE_BENCH_01,CH_11,VALID,0,-100.0,100.0,synthetic
LOT_D04_C012,LOT_D04,IDSS,0,0.5822567442213978,uA,150.0,"HTRB (150°C, 80V)",ATE_BENCH_01,CH_12,VALID,0,,10.0,synthetic
LOT_D04_C012,LOT_D04,IDSS,24,0.5406838194905416,uA,150.0,"HTRB (150°C, 80V)",ATE_BENCH_01,CH_12,VALID,0,,10.0,synthetic
LOT_D04_C012,LOT_D04,IDSS,96,0.5252496237614158,uA,150.0,"HTRB (150°C, 80V)",ATE_BENCH_01,CH_12,VALID,0,,10.0,synthetic
LOT_D04_C012,LOT_D04,IDSS,168,0.5059150272196239,uA,150.0,"HTRB (150°C, 80V)",ATE_BENCH_01,CH_12,VALID,0,,10.0,synthetic
LOT_D04_C012,LOT_D04,VGS(th),0,3.0978665937767613,V,150.0,"HTGB (150°C, 20V)",ATE_BENCH_01,CH_12,VALID,0,2.0,4.0,synthetic
LOT_D04_C012,LOT_D04,VGS(th),24,3.14453500620936,V,150.0,"HTGB (150°C, 20V)",ATE_BENCH_01,CH_12,VALID,0,2.0,4.0,synthetic
LOT_D04_C012,LOT_D04,VGS(th),96,3.1230532505334088,V,150.0,"HTGB (150°C, 20V)",ATE_BENCH_01,CH_12,VALID,0,2.0,4.0,synthetic
LOT_D04_C012,LOT_D04,VGS(th),168,3.1511588476759336,V,150.0,"HTGB (150°C, 20V)",ATE_BENCH_01,CH_12,VALID,0,2.0,4.0,synthetic
LOT_D04_C012,LOT_D04,RDS(on),0,54.569108288783795,mOhm,125.0,Operating Life / Power Conduction (TJ=125-150°C),ATE_BENCH_01,CH_12,VALID,0,,60.0,synthetic
LOT_D04_C012,LOT_D04,RDS(on),24,54.890624766907095,mOhm,125.0,Operating Life / Power Conduction (TJ=125-150°C),ATE_BENCH_01,CH_12,VALID,0,,60.0,synthetic
LOT_D04_C012,LOT_D04,RDS(on),96,54.994451308381315,mOhm,125.0,Operating Life / Power Conduction (TJ=125-150°C),ATE_BENCH_01,CH_12,VALID,0,,60.0,synthetic
LOT_D04_C012,LOT_D04,RDS(on),168,55.11475575266037,mOhm,125.0,Operating Life / Power Conduction (TJ=125-150°C),ATE_BENCH_01,CH_12,VALID,0,,60.0,synthetic
LOT_D04_C012,LOT_D04,IGSS,0,0.17566448100348867,nA,150.0,"HTGB (150°C, ±20V)",ATE_BENCH_01,CH_12,VALID,0,-100.0,100.0,synthetic
LOT_D04_C012,LOT_D04,IGSS,24,0.013053957130072086,nA,150.0,"HTGB (150°C, ±20V)",ATE_BENCH_01,CH_12,VALID,0,-100.0,100.0,synthetic
LOT_D04_C012,LOT_D04,IGSS,96,-0.049668151020409355,nA,150.0,"HTGB (150°C, ±20V)",ATE_BENCH_01,CH_12,VALID,0,-100.0,100.0,synthetic
LOT_D04_C012,LOT_D04,IGSS,168,-0.1116404362226324,nA,150.0,"HTGB (150°C, ±20V)",ATE_BENCH_01,CH_12,VALID,0,-100.0,100.0,synthetic
LOT_D04_C013,LOT_D04,IDSS,0,0.56226870009629,uA,150.0,"HTRB (150°C, 80V)",ATE_BENCH_01,CH_13,VALID,0,,10.0,synthetic
LOT_D04_C013,LOT_D04,IDSS,24,0.6061632423944612,uA,150.0,"HTRB (150°C, 80V)",ATE_BENCH_01,CH_13,VALID,0,,10.0,synthetic
LOT_D04_C013,LOT_D04,IDSS,96,0.5076943094450082,uA,150.0,"HTRB (150°C, 80V)",ATE_BENCH_01,CH_13,VALID,0,,10.0,synthetic
LOT_D04_C013,LOT_D04,IDSS,168,0.657102925085298,uA,150.0,"HTRB (150°C, 80V)",ATE_BENCH_01,CH_13,VALID,0,,10.0,synthetic
LOT_D04_C013,LOT_D04,VGS(th),0,3.0393864131799817,V,150.0,"HTGB (150°C, 20V)",ATE_BENCH_01,CH_13,VALID,0,2.0,4.0,synthetic
LOT_D04_C013,LOT_D04,VGS(th),24,3.042198577668689,V,150.0,"HTGB (150°C, 20V)",ATE_BENCH_01,CH_13,VALID,0,2.0,4.0,synthetic
LOT_D04_C013,LOT_D04,VGS(th),96,2.9924296593590536,V,150.0,"HTGB (150°C, 20V)",ATE_BENCH_01,CH_13,VALID,0,2.0,4.0,synthetic
LOT_D04_C013,LOT_D04,VGS(th),168,3.019014464442218,V,150.0,"HTGB (150°C, 20V)",ATE_BENCH_01,CH_13,VALID,0,2.0,4.0,synthetic
LOT_D04_C013,LOT_D04,RDS(on),0,42.468887308819546,mOhm,125.0,Operating Life / Power Conduction (TJ=125-150°C),ATE_BENCH_01,CH_13,VALID,0,,60.0,synthetic
LOT_D04_C013,LOT_D04,RDS(on),24,42.00809596569148,mOhm,125.0,Operating Life / Power Conduction (TJ=125-150°C),ATE_BENCH_01,CH_13,VALID,0,,60.0,synthetic
LOT_D04_C013,LOT_D04,RDS(on),96,41.78268654115582,mOhm,125.0,Operating Life / Power Conduction (TJ=125-150°C),ATE_BENCH_01,CH_13,VALID,0,,60.0,synthetic
LOT_D04_C013,LOT_D04,RDS(on),168,42.652796909405644,mOhm,125.0,Operating Life / Power Conduction (TJ=125-150°C),ATE_BENCH_01,CH_13,VALID,0,,60.0,synthetic
LOT_D04_C013,LOT_D04,IGSS,0,1.5725029113223847,nA,150.0,"HTGB (150°C, ±20V)",ATE_BENCH_01,CH_13,VALID,0,-100.0,100.0,synthetic
LOT_D04_C013,LOT_D04,IGSS,24,1.9992918035438862,nA,150.0,"HTGB (150°C, ±20V)",ATE_BENCH_01,CH_13,VALID,0,-100.0,100.0,synthetic
LOT_D04_C013,LOT_D04,IGSS,96,1.2941850858616486,nA,150.0,"HTGB (150°C, ±20V)",ATE_BENCH_01,CH_13,VALID,0,-100.0,100.0,synthetic
LOT_D04_C013,LOT_D04,IGSS,168,2.2125193061036557,nA,150.0,"HTGB (150°C, ±20V)",ATE_BENCH_01,CH_13,VALID,0,-100.0,100.0,synthetic
LOT_D04_C014,LOT_D04,IDSS,0,2.0034585876338418,uA,150.0,"HTRB (150°C, 80V)",ATE_BENCH_01,CH_14,VALID,0,,10.0,synthetic
LOT_D04_C014,LOT_D04,IDSS,24,1.7058922711349322,uA,150.0,"HTRB (150°C, 80V)",ATE_BENCH_01,CH_14,VALID,0,,10.0,synthetic
LOT_D04_C014,LOT_D04,IDSS,96,1.9689685642162975,uA,150.0,"HTRB (150°C, 80V)",ATE_BENCH_01,CH_14,VALID,0,,10.0,synthetic
LOT_D04_C014,LOT_D04,IDSS,168,1.706709651907695,uA,150.0,"HTRB (150°C, 80V)",ATE_BENCH_01,CH_14,VALID,0,,10.0,synthetic
LOT_D04_C014,LOT_D04,VGS(th),0,3.086536063216453,V,150.0,"HTGB (150°C, 20V)",ATE_BENCH_01,CH_14,VALID,0,2.0,4.0,synthetic
LOT_D04_C014,LOT_D04,VGS(th),24,3.044869062014958,V,150.0,"HTGB (150°C, 20V)",ATE_BENCH_01,CH_14,VALID,0,2.0,4.0,synthetic
LOT_D04_C014,LOT_D04,VGS(th),96,3.065603823245624,V,150.0,"HTGB (150°C, 20V)",ATE_BENCH_01,CH_14,VALID,0,2.0,4.0,synthetic
LOT_D04_C014,LOT_D04,VGS(th),168,3.0941273394535025,V,150.0,"HTGB (150°C, 20V)",ATE_BENCH_01,CH_14,VALID,0,2.0,4.0,synthetic
LOT_D04_C014,LOT_D04,RDS(on),0,43.46394123233648,mOhm,125.0,Operating Life / Power Conduction (TJ=125-150°C),ATE_BENCH_01,CH_14,VALID,0,,60.0,synthetic
LOT_D04_C014,LOT_D04,RDS(on),24,44.06424785943022,mOhm,125.0,Operating Life / Power Conduction (TJ=125-150°C),ATE_BENCH_01,CH_14,VALID,0,,60.0,synthetic
LOT_D04_C014,LOT_D04,RDS(on),96,43.78801866618416,mOhm,125.0,Operating Life / Power Conduction (TJ=125-150°C),ATE_BENCH_01,CH_14,VALID,0,,60.0,synthetic
LOT_D04_C014,LOT_D04,RDS(on),168,43.00731292926808,mOhm,125.0,Operating Life / Power Conduction (TJ=125-150°C),ATE_BENCH_01,CH_14,VALID,0,,60.0,synthetic
LOT_D04_C014,LOT_D04,IGSS,0,-1.7675743573437515,nA,150.0,"HTGB (150°C, ±20V)",ATE_BENCH_01,CH_14,VALID,0,-100.0,100.0,synthetic
LOT_D04_C014,LOT_D04,IGSS,24,-3.297210853905114,nA,150.0,"HTGB (150°C, ±20V)",ATE_BENCH_01,CH_14,VALID,0,-100.0,100.0,synthetic
LOT_D04_C014,LOT_D04,IGSS,96,-2.793380007552502,nA,150.0,"HTGB (150°C, ±20V)",ATE_BENCH_01,CH_14,VALID,0,-100.0,100.0,synthetic
LOT_D04_C014,LOT_D04,IGSS,168,-1.4382499427614626,nA,150.0,"HTGB (150°C, ±20V)",ATE_BENCH_01,CH_14,VALID,0,-100.0,100.0,synthetic
LOT_D04_C015,LOT_D04,IDSS,0,0.5723338911108046,uA,150.0,"HTRB (150°C, 80V)",ATE_BENCH_01,CH_15,VALID,0,,10.0,synthetic
LOT_D04_C015,LOT_D04,IDSS,24,0.5355021206567115,uA,150.0,"HTRB (150°C, 80V)",ATE_BENCH_01,CH_15,VALID,0,,10.0,synthetic
LOT_D04_C015,LOT_D04,IDSS,96,0.5307999268966269,uA,150.0,"HTRB (150°C, 80V)",ATE_BENCH_01,CH_15,VALID,0,,10.0,synthetic
LOT_D04_C015,LOT_D04,IDSS,168,0.6197339856473498,uA,150.0,"HTRB (150°C, 80V)",ATE_BENCH_01,CH_15,VALID,0,,10.0,synthetic
LOT_D04_C015,LOT_D04,VGS(th),0,3.1601935237016447,V,150.0,"HTGB (150°C, 20V)",ATE_BENCH_01,CH_15,VALID,0,2.0,4.0,synthetic
LOT_D04_C015,LOT_D04,VGS(th),24,3.130489642781998,V,150.0,"HTGB (150°C, 20V)",ATE_BENCH_01,CH_15,VALID,0,2.0,4.0,synthetic
LOT_D04_C015,LOT_D04,VGS(th),96,3.132118051256058,V,150.0,"HTGB (150°C, 20V)",ATE_BENCH_01,CH_15,VALID,0,2.0,4.0,synthetic
LOT_D04_C015,LOT_D04,VGS(th),168,3.1592746760355834,V,150.0,"HTGB (150°C, 20V)",ATE_BENCH_01,CH_15,VALID,0,2.0,4.0,synthetic
LOT_D04_C015,LOT_D04,RDS(on),0,43.09849734413375,mOhm,125.0,Operating Life / Power Conduction (TJ=125-150°C),ATE_BENCH_01,CH_15,VALID,0,,60.0,synthetic
LOT_D04_C015,LOT_D04,RDS(on),24,42.742602991249846,mOhm,125.0,Operating Life / Power Conduction (TJ=125-150°C),ATE_BENCH_01,CH_15,VALID,0,,60.0,synthetic
LOT_D04_C015,LOT_D04,RDS(on),96,43.54307890705603,mOhm,125.0,Operating Life / Power Conduction (TJ=125-150°C),ATE_BENCH_01,CH_15,VALID,0,,60.0,synthetic
LOT_D04_C015,LOT_D04,RDS(on),168,44.018189645172654,mOhm,125.0,Operating Life / Power Conduction (TJ=125-150°C),ATE_BENCH_01,CH_15,VALID,0,,60.0,synthetic
LOT_D04_C015,LOT_D04,IGSS,0,1.1749728576456964,nA,150.0,"HTGB (150°C, ±20V)",ATE_BENCH_01,CH_15,VALID,0,-100.0,100.0,synthetic
LOT_D04_C015,LOT_D04,IGSS,24,2.291135693190452,nA,150.0,"HTGB (150°C, ±20V)",ATE_BENCH_01,CH_15,VALID,0,-100.0,100.0,synthetic
LOT_D04_C015,LOT_D04,IGSS,96,1.5583782532078165,nA,150.0,"HTGB (150°C, ±20V)",ATE_BENCH_01,CH_15,VALID,0,-100.0,100.0,synthetic
LOT_D04_C015,LOT_D04,IGSS,168,1.1509786161448634,nA,150.0,"HTGB (150°C, ±20V)",ATE_BENCH_01,CH_15,VALID,0,-100.0,100.0,synthetic
LOT_D04_C016,LOT_D04,IDSS,0,0.586296077835531,uA,150.0,"HTRB (150°C, 80V)",ATE_BENCH_01,CH_16,VALID,0,,10.0,synthetic
LOT_D04_C016,LOT_D04,IDSS,24,0.5366570241674063,uA,150.0,"HTRB (150°C, 80V)",ATE_BENCH_01,CH_16,VALID,0,,10.0,synthetic
LOT_D04_C016,LOT_D04,IDSS,96,0.4871758421011004,uA,150.0,"HTRB (150°C, 80V)",ATE_BENCH_01,CH_16,VALID,0,,10.0,synthetic
LOT_D04_C016,LOT_D04,IDSS,168,0.5834738864971867,uA,150.0,"HTRB (150°C, 80V)",ATE_BENCH_01,CH_16,VALID,0,,10.0,synthetic
LOT_D04_C016,LOT_D04,VGS(th),0,3.607019464908875,V,150.0,"HTGB (150°C, 20V)",ATE_BENCH_01,CH_16,VALID,0,2.0,4.0,synthetic
LOT_D04_C016,LOT_D04,VGS(th),24,3.605339298102253,V,150.0,"HTGB (150°C, 20V)",ATE_BENCH_01,CH_16,VALID,0,2.0,4.0,synthetic
LOT_D04_C016,LOT_D04,VGS(th),96,3.57676124456707,V,150.0,"HTGB (150°C, 20V)",ATE_BENCH_01,CH_16,VALID,0,2.0,4.0,synthetic
LOT_D04_C016,LOT_D04,VGS(th),168,3.586881459230597,V,150.0,"HTGB (150°C, 20V)",ATE_BENCH_01,CH_16,VALID,0,2.0,4.0,synthetic
LOT_D04_C016,LOT_D04,RDS(on),0,41.761048084326006,mOhm,125.0,Operating Life / Power Conduction (TJ=125-150°C),ATE_BENCH_01,CH_16,VALID,0,,60.0,synthetic
LOT_D04_C016,LOT_D04,RDS(on),24,43.28885120961379,mOhm,125.0,Operating Life / Power Conduction (TJ=125-150°C),ATE_BENCH_01,CH_16,VALID,0,,60.0,synthetic
LOT_D04_C016,LOT_D04,RDS(on),96,41.12725439928976,mOhm,125.0,Operating Life / Power Conduction (TJ=125-150°C),ATE_BENCH_01,CH_16,VALID,0,,60.0,synthetic
LOT_D04_C016,LOT_D04,RDS(on),168,41.44213790241781,mOhm,125.0,Operating Life / Power Conduction (TJ=125-150°C),ATE_BENCH_01,CH_16,VALID,0,,60.0,synthetic
LOT_D04_C016,LOT_D04,IGSS,0,-1.384527724911944,nA,150.0,"HTGB (150°C, ±20V)",ATE_BENCH_01,CH_16,VALID,0,-100.0,100.0,synthetic
LOT_D04_C016,LOT_D04,IGSS,24,-1.6725230337502532,nA,150.0,"HTGB (150°C, ±20V)",ATE_BENCH_01,CH_16,VALID,0,-100.0,100.0,synthetic
LOT_D04_C016,LOT_D04,IGSS,96,-2.0495513289539202,nA,150.0,"HTGB (150°C, ±20V)",ATE_BENCH_01,CH_16,VALID,0,-100.0,100.0,synthetic
LOT_D04_C016,LOT_D04,IGSS,168,-2.458232311972439,nA,150.0,"HTGB (150°C, ±20V)",ATE_BENCH_01,CH_16,VALID,0,-100.0,100.0,synthetic
LOT_D04_C017,LOT_D04,IDSS,0,0.4521652995088635,uA,150.0,"HTRB (150°C, 80V)",ATE_BENCH_02,CH_01,VALID,0,,10.0,synthetic
LOT_D04_C017,LOT_D04,IDSS,24,0.497435457632126,uA,150.0,"HTRB (150°C, 80V)",ATE_BENCH_02,CH_01,VALID,0,,10.0,synthetic
LOT_D04_C017,LOT_D04,IDSS,96,0.471800660055989,uA,150.0,"HTRB (150°C, 80V)",ATE_BENCH_02,CH_01,VALID,0,,10.0,synthetic
LOT_D04_C017,LOT_D04,IDSS,168,0.4647613922220518,uA,150.0,"HTRB (150°C, 80V)",ATE_BENCH_02,CH_01,VALID,0,,10.0,synthetic
LOT_D04_C017,LOT_D04,VGS(th),0,2.903284879913829,V,150.0,"HTGB (150°C, 20V)",ATE_BENCH_02,CH_01,VALID,0,2.0,4.0,synthetic
LOT_D04_C017,LOT_D04,VGS(th),24,2.878820988742994,V,150.0,"HTGB (150°C, 20V)",ATE_BENCH_02,CH_01,VALID,0,2.0,4.0,synthetic
LOT_D04_C017,LOT_D04,VGS(th),96,2.96187607625965,V,150.0,"HTGB (150°C, 20V)",ATE_BENCH_02,CH_01,VALID,0,2.0,4.0,synthetic
LOT_D04_C017,LOT_D04,VGS(th),168,2.884778189067233,V,150.0,"HTGB (150°C, 20V)",ATE_BENCH_02,CH_01,VALID,0,2.0,4.0,synthetic
LOT_D04_C017,LOT_D04,RDS(on),0,47.844415894318196,mOhm,125.0,Operating Life / Power Conduction (TJ=125-150°C),ATE_BENCH_02,CH_01,VALID,0,,60.0,synthetic
LOT_D04_C017,LOT_D04,RDS(on),24,47.36696588533396,mOhm,125.0,Operating Life / Power Conduction (TJ=125-150°C),ATE_BENCH_02,CH_01,VALID,0,,60.0,synthetic
LOT_D04_C017,LOT_D04,RDS(on),96,46.82236695060061,mOhm,125.0,Operating Life / Power Conduction (TJ=125-150°C),ATE_BENCH_02,CH_01,VALID,0,,60.0,synthetic
LOT_D04_C017,LOT_D04,RDS(on),168,48.56013781953075,mOhm,125.0,Operating Life / Power Conduction (TJ=125-150°C),ATE_BENCH_02,CH_01,VALID,0,,60.0,synthetic
LOT_D04_C017,LOT_D04,IGSS,0,1.559252406948071,nA,150.0,"HTGB (150°C, ±20V)",ATE_BENCH_02,CH_01,VALID,0,-100.0,100.0,synthetic
LOT_D04_C017,LOT_D04,IGSS,24,1.2764957606180423,nA,150.0,"HTGB (150°C, ±20V)",ATE_BENCH_02,CH_01,VALID,0,-100.0,100.0,synthetic
LOT_D04_C017,LOT_D04,IGSS,96,1.2628044936705833,nA,150.0,"HTGB (150°C, ±20V)",ATE_BENCH_02,CH_01,VALID,0,-100.0,100.0,synthetic
LOT_D04_C017,LOT_D04,IGSS,168,2.2490169835773597,nA,150.0,"HTGB (150°C, ±20V)",ATE_BENCH_02,CH_01,VALID,0,-100.0,100.0,synthetic
LOT_D04_C018,LOT_D04,IDSS,0,0.44990889339331536,uA,150.0,"HTRB (150°C, 80V)",ATE_BENCH_02,CH_02,VALID,0,,10.0,synthetic
LOT_D04_C018,LOT_D04,IDSS,24,0.4999737717672656,uA,150.0,"HTRB (150°C, 80V)",ATE_BENCH_02,CH_02,VALID,0,,10.0,synthetic
LOT_D04_C018,LOT_D04,IDSS,96,0.4138805038712808,uA,150.0,"HTRB (150°C, 80V)",ATE_BENCH_02,CH_02,VALID,0,,10.0,synthetic
LOT_D04_C018,LOT_D04,IDSS,168,0.48181804239347104,uA,150.0,"HTRB (150°C, 80V)",ATE_BENCH_02,CH_02,VALID,0,,10.0,synthetic
LOT_D04_C018,LOT_D04,VGS(th),0,3.139158375710158,V,150.0,"HTGB (150°C, 20V)",ATE_BENCH_02,CH_02,VALID,0,2.0,4.0,synthetic
LOT_D04_C018,LOT_D04,VGS(th),24,3.1321559257670764,V,150.0,"HTGB (150°C, 20V)",ATE_BENCH_02,CH_02,VALID,0,2.0,4.0,synthetic
LOT_D04_C018,LOT_D04,VGS(th),96,3.115216727557016,V,150.0,"HTGB (150°C, 20V)",ATE_BENCH_02,CH_02,VALID,0,2.0,4.0,synthetic
LOT_D04_C018,LOT_D04,VGS(th),168,3.137247162544327,V,150.0,"HTGB (150°C, 20V)",ATE_BENCH_02,CH_02,VALID,0,2.0,4.0,synthetic
LOT_D04_C018,LOT_D04,RDS(on),0,58.43190346223013,mOhm,125.0,Operating Life / Power Conduction (TJ=125-150°C),ATE_BENCH_02,CH_02,VALID,0,,60.0,synthetic
LOT_D04_C018,LOT_D04,RDS(on),24,58.01485717628352,mOhm,125.0,Operating Life / Power Conduction (TJ=125-150°C),ATE_BENCH_02,CH_02,VALID,0,,60.0,synthetic
LOT_D04_C018,LOT_D04,RDS(on),96,57.65527280037552,mOhm,125.0,Operating Life / Power Conduction (TJ=125-150°C),ATE_BENCH_02,CH_02,VALID,0,,60.0,synthetic
LOT_D04_C018,LOT_D04,RDS(on),168,58.42543551752226,mOhm,125.0,Operating Life / Power Conduction (TJ=125-150°C),ATE_BENCH_02,CH_02,VALID,0,,60.0,synthetic
LOT_D04_C018,LOT_D04,IGSS,0,-2.7803432106509334,nA,150.0,"HTGB (150°C, ±20V)",ATE_BENCH_02,CH_02,VALID,0,-100.0,100.0,synthetic
LOT_D04_C018,LOT_D04,IGSS,24,-3.1793985228131874,nA,150.0,"HTGB (150°C, ±20V)",ATE_BENCH_02,CH_02,VALID,0,-100.0,100.0,synthetic
LOT_D04_C018,LOT_D04,IGSS,96,-2.330191117683581,nA,150.0,"HTGB (150°C, ±20V)",ATE_BENCH_02,CH_02,VALID,0,-100.0,100.0,synthetic
LOT_D04_C018,LOT_D04,IGSS,168,-2.6667839025681905,nA,150.0,"HTGB (150°C, ±20V)",ATE_BENCH_02,CH_02,VALID,0,-100.0,100.0,synthetic
LOT_D04_C019,LOT_D04,IDSS,0,0.4889818228421238,uA,150.0,"HTRB (150°C, 80V)",ATE_BENCH_02,CH_03,VALID,0,,10.0,synthetic
LOT_D04_C019,LOT_D04,IDSS,24,0.5352741342927624,uA,150.0,"HTRB (150°C, 80V)",ATE_BENCH_02,CH_03,VALID,0,,10.0,synthetic
LOT_D04_C019,LOT_D04,IDSS,96,0.4802163526493059,uA,150.0,"HTRB (150°C, 80V)",ATE_BENCH_02,CH_03,VALID,0,,10.0,synthetic
LOT_D04_C019,LOT_D04,IDSS,168,0.4945251929115401,uA,150.0,"HTRB (150°C, 80V)",ATE_BENCH_02,CH_03,VALID,0,,10.0,synthetic
LOT_D04_C019,LOT_D04,VGS(th),0,3.0937103482082517,V,150.0,"HTGB (150°C, 20V)",ATE_BENCH_02,CH_03,VALID,0,2.0,4.0,synthetic
LOT_D04_C019,LOT_D04,VGS(th),24,3.062930551696919,V,150.0,"HTGB (150°C, 20V)",ATE_BENCH_02,CH_03,VALID,0,2.0,4.0,synthetic
LOT_D04_C019,LOT_D04,VGS(th),96,3.0592289463219564,V,150.0,"HTGB (150°C, 20V)",ATE_BENCH_02,CH_03,VALID,0,2.0,4.0,synthetic
LOT_D04_C019,LOT_D04,VGS(th),168,3.0744000415807284,V,150.0,"HTGB (150°C, 20V)",ATE_BENCH_02,CH_03,VALID,0,2.0,4.0,synthetic
LOT_D04_C019,LOT_D04,RDS(on),0,45.442612223210844,mOhm,125.0,Operating Life / Power Conduction (TJ=125-150°C),ATE_BENCH_02,CH_03,VALID,0,,60.0,synthetic
LOT_D04_C019,LOT_D04,RDS(on),24,45.18253771364056,mOhm,125.0,Operating Life / Power Conduction (TJ=125-150°C),ATE_BENCH_02,CH_03,VALID,0,,60.0,synthetic
LOT_D04_C019,LOT_D04,RDS(on),96,44.77962620894063,mOhm,125.0,Operating Life / Power Conduction (TJ=125-150°C),ATE_BENCH_02,CH_03,VALID,0,,60.0,synthetic
LOT_D04_C019,LOT_D04,RDS(on),168,45.59527240242075,mOhm,125.0,Operating Life / Power Conduction (TJ=125-150°C),ATE_BENCH_02,CH_03,VALID,0,,60.0,synthetic
LOT_D04_C019,LOT_D04,IGSS,0,2.0159208845546597,nA,150.0,"HTGB (150°C, ±20V)",ATE_BENCH_02,CH_03,VALID,0,-100.0,100.0,synthetic
LOT_D04_C019,LOT_D04,IGSS,24,1.4643309736682866,nA,150.0,"HTGB (150°C, ±20V)",ATE_BENCH_02,CH_03,VALID,0,-100.0,100.0,synthetic
LOT_D04_C019,LOT_D04,IGSS,96,2.700186093461071,nA,150.0,"HTGB (150°C, ±20V)",ATE_BENCH_02,CH_03,VALID,0,-100.0,100.0,synthetic
LOT_D04_C019,LOT_D04,IGSS,168,1.3818820121913329,nA,150.0,"HTGB (150°C, ±20V)",ATE_BENCH_02,CH_03,VALID,0,-100.0,100.0,synthetic
LOT_D04_C020,LOT_D04,IDSS,0,2.842530685119665,uA,150.0,"HTRB (150°C, 80V)",ATE_BENCH_02,CH_04,VALID,0,,10.0,synthetic
LOT_D04_C020,LOT_D04,IDSS,24,2.888215648660936,uA,150.0,"HTRB (150°C, 80V)",ATE_BENCH_02,CH_04,VALID,0,,10.0,synthetic
LOT_D04_C020,LOT_D04,IDSS,96,3.024387488519026,uA,150.0,"HTRB (150°C, 80V)",ATE_BENCH_02,CH_04,VALID,0,,10.0,synthetic
LOT_D04_C020,LOT_D04,IDSS,168,3.157998100246904,uA,150.0,"HTRB (150°C, 80V)",ATE_BENCH_02,CH_04,VALID,0,,10.0,synthetic
LOT_D04_C020,LOT_D04,VGS(th),0,3.056116889012043,V,150.0,"HTGB (150°C, 20V)",ATE_BENCH_02,CH_04,VALID,0,2.0,4.0,synthetic
LOT_D04_C020,LOT_D04,VGS(th),24,3.0525258646128535,V,150.0,"HTGB (150°C, 20V)",ATE_BENCH_02,CH_04,VALID,0,2.0,4.0,synthetic
LOT_D04_C020,LOT_D04,VGS(th),96,3.082701671050505,V,150.0,"HTGB (150°C, 20V)",ATE_BENCH_02,CH_04,VALID,0,2.0,4.0,synthetic
LOT_D04_C020,LOT_D04,VGS(th),168,3.0472941488779766,V,150.0,"HTGB (150°C, 20V)",ATE_BENCH_02,CH_04,VALID,0,2.0,4.0,synthetic
LOT_D04_C020,LOT_D04,RDS(on),0,42.40411510713724,mOhm,125.0,Operating Life / Power Conduction (TJ=125-150°C),ATE_BENCH_02,CH_04,VALID,0,,60.0,synthetic
LOT_D04_C020,LOT_D04,RDS(on),24,41.958880284150176,mOhm,125.0,Operating Life / Power Conduction (TJ=125-150°C),ATE_BENCH_02,CH_04,VALID,0,,60.0,synthetic
LOT_D04_C020,LOT_D04,RDS(on),96,41.742790525073644,mOhm,125.0,Operating Life / Power Conduction (TJ=125-150°C),ATE_BENCH_02,CH_04,VALID,0,,60.0,synthetic
LOT_D04_C020,LOT_D04,RDS(on),168,41.768172241575044,mOhm,125.0,Operating Life / Power Conduction (TJ=125-150°C),ATE_BENCH_02,CH_04,VALID,0,,60.0,synthetic
LOT_D04_C020,LOT_D04,IGSS,0,-2.109405725755117,nA,150.0,"HTGB (150°C, ±20V)",ATE_BENCH_02,CH_04,VALID,0,-100.0,100.0,synthetic
LOT_D04_C020,LOT_D04,IGSS,24,-1.7215904338155694,nA,150.0,"HTGB (150°C, ±20V)",ATE_BENCH_02,CH_04,VALID,0,-100.0,100.0,synthetic
LOT_D04_C020,LOT_D04,IGSS,96,-1.7560239783948794,nA,150.0,"HTGB (150°C, ±20V)",ATE_BENCH_02,CH_04,VALID,0,-100.0,100.0,synthetic
LOT_D04_C020,LOT_D04,IGSS,168,-2.0960923198626387,nA,150.0,"HTGB (150°C, ±20V)",ATE_BENCH_02,CH_04,VALID,0,-100.0,100.0,synthetic
LOT_D04_C021,LOT_D04,IDSS,0,0.45088341877373617,uA,150.0,"HTRB (150°C, 80V)",ATE_BENCH_02,CH_05,VALID,0,,10.0,synthetic
LOT_D04_C021,LOT_D04,IDSS,24,0.42747329989218397,uA,150.0,"HTRB (150°C, 80V)",ATE_BENCH_02,CH_05,VALID,0,,10.0,synthetic
LOT_D04_C021,LOT_D04,IDSS,96,0.5681420566501175,uA,150.0,"HTRB (150°C, 80V)",ATE_BENCH_02,CH_05,VALID,0,,10.0,synthetic
LOT_D04_C021,LOT_D04,IDSS,168,0.4449679755283141,uA,150.0,"HTRB (150°C, 80V)",ATE_BENCH_02,CH_05,VALID,0,,10.0,synthetic
LOT_D04_C021,LOT_D04,VGS(th),0,3.050433643816985,V,150.0,"HTGB (150°C, 20V)",ATE_BENCH_02,CH_05,VALID,0,2.0,4.0,synthetic
LOT_D04_C021,LOT_D04,VGS(th),24,3.0539517240583085,V,150.0,"HTGB (150°C, 20V)",ATE_BENCH_02,CH_05,VALID,0,2.0,4.0,synthetic
LOT_D04_C021,LOT_D04,VGS(th),96,3.0749482938177106,V,150.0,"HTGB (150°C, 20V)",ATE_BENCH_02,CH_05,VALID,0,2.0,4.0,synthetic
LOT_D04_C021,LOT_D04,VGS(th),168,3.0229558077513152,V,150.0,"HTGB (150°C, 20V)",ATE_BENCH_02,CH_05,VALID,0,2.0,4.0,synthetic
LOT_D04_C021,LOT_D04,RDS(on),0,45.41188470243159,mOhm,125.0,Operating Life / Power Conduction (TJ=125-150°C),ATE_BENCH_02,CH_05,VALID,0,,60.0,synthetic
LOT_D04_C021,LOT_D04,RDS(on),24,46.917056246214585,mOhm,125.0,Operating Life / Power Conduction (TJ=125-150°C),ATE_BENCH_02,CH_05,VALID,0,,60.0,synthetic
LOT_D04_C021,LOT_D04,RDS(on),96,44.48677081741043,mOhm,125.0,Operating Life / Power Conduction (TJ=125-150°C),ATE_BENCH_02,CH_05,VALID,0,,60.0,synthetic
LOT_D04_C021,LOT_D04,RDS(on),168,46.09904985886927,mOhm,125.0,Operating Life / Power Conduction (TJ=125-150°C),ATE_BENCH_02,CH_05,VALID,0,,60.0,synthetic
LOT_D04_C021,LOT_D04,IGSS,0,1.521944134294726,nA,150.0,"HTGB (150°C, ±20V)",ATE_BENCH_02,CH_05,VALID,0,-100.0,100.0,synthetic
LOT_D04_C021,LOT_D04,IGSS,24,2.7127876320970343,nA,150.0,"HTGB (150°C, ±20V)",ATE_BENCH_02,CH_05,VALID,0,-100.0,100.0,synthetic
LOT_D04_C021,LOT_D04,IGSS,96,1.6869361931024602,nA,150.0,"HTGB (150°C, ±20V)",ATE_BENCH_02,CH_05,VALID,0,-100.0,100.0,synthetic
LOT_D04_C021,LOT_D04,IGSS,168,2.5903328183108156,nA,150.0,"HTGB (150°C, ±20V)",ATE_BENCH_02,CH_05,VALID,0,-100.0,100.0,synthetic
LOT_D04_C022,LOT_D04,IDSS,0,0.6647480514257997,uA,150.0,"HTRB (150°C, 80V)",ATE_BENCH_02,CH_06,VALID,0,,10.0,synthetic
LOT_D04_C022,LOT_D04,IDSS,24,0.6286883394341052,uA,150.0,"HTRB (150°C, 80V)",ATE_BENCH_02,CH_06,VALID,0,,10.0,synthetic
LOT_D04_C022,LOT_D04,IDSS,96,0.6582351429518121,uA,150.0,"HTRB (150°C, 80V)",ATE_BENCH_02,CH_06,VALID,0,,10.0,synthetic
LOT_D04_C022,LOT_D04,IDSS,168,0.6957025054689171,uA,150.0,"HTRB (150°C, 80V)",ATE_BENCH_02,CH_06,VALID,0,,10.0,synthetic
LOT_D04_C022,LOT_D04,VGS(th),0,3.407678024080575,V,150.0,"HTGB (150°C, 20V)",ATE_BENCH_02,CH_06,VALID,0,2.0,4.0,synthetic
LOT_D04_C022,LOT_D04,VGS(th),24,3.394253228934425,V,150.0,"HTGB (150°C, 20V)",ATE_BENCH_02,CH_06,VALID,0,2.0,4.0,synthetic
LOT_D04_C022,LOT_D04,VGS(th),96,3.410765086521615,V,150.0,"HTGB (150°C, 20V)",ATE_BENCH_02,CH_06,VALID,0,2.0,4.0,synthetic
LOT_D04_C022,LOT_D04,VGS(th),168,3.3923254243889542,V,150.0,"HTGB (150°C, 20V)",ATE_BENCH_02,CH_06,VALID,0,2.0,4.0,synthetic
LOT_D04_C022,LOT_D04,RDS(on),0,46.96812223551342,mOhm,125.0,Operating Life / Power Conduction (TJ=125-150°C),ATE_BENCH_02,CH_06,VALID,0,,60.0,synthetic
LOT_D04_C022,LOT_D04,RDS(on),24,47.021560137048645,mOhm,125.0,Operating Life / Power Conduction (TJ=125-150°C),ATE_BENCH_02,CH_06,VALID,0,,60.0,synthetic
LOT_D04_C022,LOT_D04,RDS(on),96,46.89946784289262,mOhm,125.0,Operating Life / Power Conduction (TJ=125-150°C),ATE_BENCH_02,CH_06,VALID,0,,60.0,synthetic
LOT_D04_C022,LOT_D04,RDS(on),168,46.922133634584924,mOhm,125.0,Operating Life / Power Conduction (TJ=125-150°C),ATE_BENCH_02,CH_06,VALID,0,,60.0,synthetic
LOT_D04_C022,LOT_D04,IGSS,0,-1.5802936591597323,nA,150.0,"HTGB (150°C, ±20V)",ATE_BENCH_02,CH_06,VALID,0,-100.0,100.0,synthetic
LOT_D04_C022,LOT_D04,IGSS,24,-1.7110377789741769,nA,150.0,"HTGB (150°C, ±20V)",ATE_BENCH_02,CH_06,VALID,0,-100.0,100.0,synthetic
LOT_D04_C022,LOT_D04,IGSS,96,-1.509375230546285,nA,150.0,"HTGB (150°C, ±20V)",ATE_BENCH_02,CH_06,VALID,0,-100.0,100.0,synthetic
LOT_D04_C022,LOT_D04,IGSS,168,-0.9442665530176376,nA,150.0,"HTGB (150°C, ±20V)",ATE_BENCH_02,CH_06,VALID,0,-100.0,100.0,synthetic
LOT_D04_C023,LOT_D04,IDSS,0,0.9134511181705667,uA,150.0,"HTRB (150°C, 80V)",ATE_BENCH_02,CH_07,VALID,0,,10.0,synthetic
LOT_D04_C023,LOT_D04,IDSS,24,1.1611217434788594,uA,150.0,"HTRB (150°C, 80V)",ATE_BENCH_02,CH_07,VALID,0,,10.0,synthetic
LOT_D04_C023,LOT_D04,IDSS,96,0.8238477757106875,uA,150.0,"HTRB (150°C, 80V)",ATE_BENCH_02,CH_07,VALID,0,,10.0,synthetic
LOT_D04_C023,LOT_D04,IDSS,168,0.9117842584828096,uA,150.0,"HTRB (150°C, 80V)",ATE_BENCH_02,CH_07,VALID,0,,10.0,synthetic
LOT_D04_C023,LOT_D04,VGS(th),0,3.208439974041713,V,150.0,"HTGB (150°C, 20V)",ATE_BENCH_02,CH_07,VALID,0,2.0,4.0,synthetic
LOT_D04_C023,LOT_D04,VGS(th),24,3.2127207408855325,V,150.0,"HTGB (150°C, 20V)",ATE_BENCH_02,CH_07,VALID,0,2.0,4.0,synthetic
LOT_D04_C023,LOT_D04,VGS(th),96,3.2054376301465073,V,150.0,"HTGB (150°C, 20V)",ATE_BENCH_02,CH_07,VALID,0,2.0,4.0,synthetic
LOT_D04_C023,LOT_D04,VGS(th),168,3.2610669134416526,V,150.0,"HTGB (150°C, 20V)",ATE_BENCH_02,CH_07,VALID,0,2.0,4.0,synthetic
LOT_D04_C023,LOT_D04,RDS(on),0,50.43810236712659,mOhm,125.0,Operating Life / Power Conduction (TJ=125-150°C),ATE_BENCH_02,CH_07,VALID,0,,60.0,synthetic
LOT_D04_C023,LOT_D04,RDS(on),24,49.89651136338639,mOhm,125.0,Operating Life / Power Conduction (TJ=125-150°C),ATE_BENCH_02,CH_07,VALID,0,,60.0,synthetic
LOT_D04_C023,LOT_D04,RDS(on),96,50.20594257086706,mOhm,125.0,Operating Life / Power Conduction (TJ=125-150°C),ATE_BENCH_02,CH_07,VALID,0,,60.0,synthetic
LOT_D04_C023,LOT_D04,RDS(on),168,50.023638496333206,mOhm,125.0,Operating Life / Power Conduction (TJ=125-150°C),ATE_BENCH_02,CH_07,VALID,0,,60.0,synthetic
LOT_D04_C023,LOT_D04,IGSS,0,2.0544525427220224,nA,150.0,"HTGB (150°C, ±20V)",ATE_BENCH_02,CH_07,VALID,0,-100.0,100.0,synthetic
LOT_D04_C023,LOT_D04,IGSS,24,2.211801940508189,nA,150.0,"HTGB (150°C, ±20V)",ATE_BENCH_02,CH_07,VALID,0,-100.0,100.0,synthetic
LOT_D04_C023,LOT_D04,IGSS,96,3.134708815017729,nA,150.0,"HTGB (150°C, ±20V)",ATE_BENCH_02,CH_07,VALID,0,-100.0,100.0,synthetic
LOT_D04_C023,LOT_D04,IGSS,168,3.0087760885626547,nA,150.0,"HTGB (150°C, ±20V)",ATE_BENCH_02,CH_07,VALID,0,-100.0,100.0,synthetic
LOT_D04_C024,LOT_D04,IDSS,0,0.5814573561340277,uA,150.0,"HTRB (150°C, 80V)",ATE_BENCH_02,CH_08,VALID,0,,10.0,synthetic
LOT_D04_C024,LOT_D04,IDSS,24,0.6486999754623112,uA,150.0,"HTRB (150°C, 80V)",ATE_BENCH_02,CH_08,VALID,0,,10.0,synthetic
LOT_D04_C024,LOT_D04,IDSS,96,0.6657597334479992,uA,150.0,"HTRB (150°C, 80V)",ATE_BENCH_02,CH_08,VALID,0,,10.0,synthetic
LOT_D04_C024,LOT_D04,IDSS,168,0.6279381840336598,uA,150.0,"HTRB (150°C, 80V)",ATE_BENCH_02,CH_08,VALID,0,,10.0,synthetic
LOT_D04_C024,LOT_D04,VGS(th),0,3.092270841752746,V,150.0,"HTGB (150°C, 20V)",ATE_BENCH_02,CH_08,VALID,0,2.0,4.0,synthetic
LOT_D04_C024,LOT_D04,VGS(th),24,3.0774878988229246,V,150.0,"HTGB (150°C, 20V)",ATE_BENCH_02,CH_08,VALID,0,2.0,4.0,synthetic
LOT_D04_C024,LOT_D04,VGS(th),96,3.063237835837064,V,150.0,"HTGB (150°C, 20V)",ATE_BENCH_02,CH_08,VALID,0,2.0,4.0,synthetic
LOT_D04_C024,LOT_D04,VGS(th),168,3.1169793709477736,V,150.0,"HTGB (150°C, 20V)",ATE_BENCH_02,CH_08,VALID,0,2.0,4.0,synthetic
LOT_D04_C024,LOT_D04,RDS(on),0,56.474860330282695,mOhm,125.0,Operating Life / Power Conduction (TJ=125-150°C),ATE_BENCH_02,CH_08,VALID,0,,60.0,synthetic
LOT_D04_C024,LOT_D04,RDS(on),24,54.417477181664744,mOhm,125.0,Operating Life / Power Conduction (TJ=125-150°C),ATE_BENCH_02,CH_08,VALID,0,,60.0,synthetic
LOT_D04_C024,LOT_D04,RDS(on),96,54.488258817912666,mOhm,125.0,Operating Life / Power Conduction (TJ=125-150°C),ATE_BENCH_02,CH_08,VALID,0,,60.0,synthetic
LOT_D04_C024,LOT_D04,RDS(on),168,53.79944183337141,mOhm,125.0,Operating Life / Power Conduction (TJ=125-150°C),ATE_BENCH_02,CH_08,VALID,0,,60.0,synthetic
LOT_D04_C024,LOT_D04,IGSS,0,-1.8160560897396765,nA,150.0,"HTGB (150°C, ±20V)",ATE_BENCH_02,CH_08,VALID,0,-100.0,100.0,synthetic
LOT_D04_C024,LOT_D04,IGSS,24,-2.2054395048434827,nA,150.0,"HTGB (150°C, ±20V)",ATE_BENCH_02,CH_08,VALID,0,-100.0,100.0,synthetic
LOT_D04_C024,LOT_D04,IGSS,96,-0.7645676383692006,nA,150.0,"HTGB (150°C, ±20V)",ATE_BENCH_02,CH_08,VALID,0,-100.0,100.0,synthetic
LOT_D04_C024,LOT_D04,IGSS,168,-0.9048103231584261,nA,150.0,"HTGB (150°C, ±20V)",ATE_BENCH_02,CH_08,VALID,0,-100.0,100.0,synthetic
LOT_D04_C025,LOT_D04,IDSS,0,0.7255091042086278,uA,150.0,"HTRB (150°C, 80V)",ATE_BENCH_02,CH_09,VALID,0,,10.0,synthetic
LOT_D04_C025,LOT_D04,IDSS,24,0.5682461595551879,uA,150.0,"HTRB (150°C, 80V)",ATE_BENCH_02,CH_09,VALID,0,,10.0,synthetic
LOT_D04_C025,LOT_D04,IDSS,96,0.633387929548317,uA,150.0,"HTRB (150°C, 80V)",ATE_BENCH_02,CH_09,VALID,0,,10.0,synthetic
LOT_D04_C025,LOT_D04,IDSS,168,0.638118642365501,uA,150.0,"HTRB (150°C, 80V)",ATE_BENCH_02,CH_09,VALID,0,,10.0,synthetic
LOT_D04_C025,LOT_D04,VGS(th),0,3.072805354158724,V,150.0,"HTGB (150°C, 20V)",ATE_BENCH_02,CH_09,VALID,0,2.0,4.0,synthetic
LOT_D04_C025,LOT_D04,VGS(th),24,3.062111887742447,V,150.0,"HTGB (150°C, 20V)",ATE_BENCH_02,CH_09,VALID,0,2.0,4.0,synthetic
LOT_D04_C025,LOT_D04,VGS(th),96,3.074734935933084,V,150.0,"HTGB (150°C, 20V)",ATE_BENCH_02,CH_09,VALID,0,2.0,4.0,synthetic
LOT_D04_C025,LOT_D04,VGS(th),168,3.0744177368264816,V,150.0,"HTGB (150°C, 20V)",ATE_BENCH_02,CH_09,VALID,0,2.0,4.0,synthetic
LOT_D04_C025,LOT_D04,RDS(on),0,47.023039729828525,mOhm,125.0,Operating Life / Power Conduction (TJ=125-150°C),ATE_BENCH_02,CH_09,VALID,0,,60.0,synthetic
LOT_D04_C025,LOT_D04,RDS(on),24,45.76832002111729,mOhm,125.0,Operating Life / Power Conduction (TJ=125-150°C),ATE_BENCH_02,CH_09,VALID,0,,60.0,synthetic
LOT_D04_C025,LOT_D04,RDS(on),96,47.42373765382859,mOhm,125.0,Operating Life / Power Conduction (TJ=125-150°C),ATE_BENCH_02,CH_09,VALID,0,,60.0,synthetic
LOT_D04_C025,LOT_D04,RDS(on),168,46.289766472824475,mOhm,125.0,Operating Life / Power Conduction (TJ=125-150°C),ATE_BENCH_02,CH_09,VALID,0,,60.0,synthetic
LOT_D04_C025,LOT_D04,IGSS,0,-0.29442297048053584,nA,150.0,"HTGB (150°C, ±20V)",ATE_BENCH_02,CH_09,VALID,0,-100.0,100.0,synthetic
LOT_D04_C025,LOT_D04,IGSS,24,-0.5374799521415538,nA,150.0,"HTGB (150°C, ±20V)",ATE_BENCH_02,CH_09,VALID,0,-100.0,100.0,synthetic
LOT_D04_C025,LOT_D04,IGSS,96,0.09373166660922216,nA,150.0,"HTGB (150°C, ±20V)",ATE_BENCH_02,CH_09,VALID,0,-100.0,100.0,synthetic
LOT_D04_C025,LOT_D04,IGSS,168,-0.5019390079871625,nA,150.0,"HTGB (150°C, ±20V)",ATE_BENCH_02,CH_09,VALID,0,-100.0,100.0,synthetic
LOT_D04_C026,LOT_D04,IDSS,0,2.2397894699851246,uA,150.0,"HTRB (150°C, 80V)",ATE_BENCH_02,CH_10,VALID,0,,10.0,synthetic
LOT_D04_C026,LOT_D04,IDSS,24,2.5595347469561376,uA,150.0,"HTRB (150°C, 80V)",ATE_BENCH_02,CH_10,VALID,0,,10.0,synthetic
LOT_D04_C026,LOT_D04,IDSS,96,2.5897667032938894,uA,150.0,"HTRB (150°C, 80V)",ATE_BENCH_02,CH_10,VALID,0,,10.0,synthetic
LOT_D04_C026,LOT_D04,IDSS,168,2.7333224775426026,uA,150.0,"HTRB (150°C, 80V)",ATE_BENCH_02,CH_10,VALID,0,,10.0,synthetic
LOT_D04_C026,LOT_D04,VGS(th),0,3.076558387128922,V,150.0,"HTGB (150°C, 20V)",ATE_BENCH_02,CH_10,VALID,0,2.0,4.0,synthetic
LOT_D04_C026,LOT_D04,VGS(th),24,3.098890561481095,V,150.0,"HTGB (150°C, 20V)",ATE_BENCH_02,CH_10,VALID,0,2.0,4.0,synthetic
LOT_D04_C026,LOT_D04,VGS(th),96,3.0433607270045746,V,150.0,"HTGB (150°C, 20V)",ATE_BENCH_02,CH_10,VALID,0,2.0,4.0,synthetic
LOT_D04_C026,LOT_D04,VGS(th),168,3.070966999965965,V,150.0,"HTGB (150°C, 20V)",ATE_BENCH_02,CH_10,VALID,0,2.0,4.0,synthetic
LOT_D04_C026,LOT_D04,RDS(on),0,46.58630118913222,mOhm,125.0,Operating Life / Power Conduction (TJ=125-150°C),ATE_BENCH_02,CH_10,VALID,0,,60.0,synthetic
LOT_D04_C026,LOT_D04,RDS(on),24,46.979931070078266,mOhm,125.0,Operating Life / Power Conduction (TJ=125-150°C),ATE_BENCH_02,CH_10,VALID,0,,60.0,synthetic
LOT_D04_C026,LOT_D04,RDS(on),96,46.376082820415995,mOhm,125.0,Operating Life / Power Conduction (TJ=125-150°C),ATE_BENCH_02,CH_10,VALID,0,,60.0,synthetic
LOT_D04_C026,LOT_D04,RDS(on),168,45.66952153992222,mOhm,125.0,Operating Life / Power Conduction (TJ=125-150°C),ATE_BENCH_02,CH_10,VALID,0,,60.0,synthetic
LOT_D04_C026,LOT_D04,IGSS,0,-1.4148588663452595,nA,150.0,"HTGB (150°C, ±20V)",ATE_BENCH_02,CH_10,VALID,0,-100.0,100.0,synthetic
LOT_D04_C026,LOT_D04,IGSS,24,-1.857009205040291,nA,150.0,"HTGB (150°C, ±20V)",ATE_BENCH_02,CH_10,VALID,0,-100.0,100.0,synthetic
LOT_D04_C026,LOT_D04,IGSS,96,-1.2045036979683488,nA,150.0,"HTGB (150°C, ±20V)",ATE_BENCH_02,CH_10,VALID,0,-100.0,100.0,synthetic
LOT_D04_C026,LOT_D04,IGSS,168,-1.324488071576776,nA,150.0,"HTGB (150°C, ±20V)",ATE_BENCH_02,CH_10,VALID,0,-100.0,100.0,synthetic
LOT_D04_C027,LOT_D04,IDSS,0,0.4161774410376474,uA,150.0,"HTRB (150°C, 80V)",ATE_BENCH_02,CH_11,VALID,0,,10.0,synthetic
LOT_D04_C027,LOT_D04,IDSS,24,0.47407360030089046,uA,150.0,"HTRB (150°C, 80V)",ATE_BENCH_02,CH_11,VALID,0,,10.0,synthetic
LOT_D04_C027,LOT_D04,IDSS,96,0.4285823550397501,uA,150.0,"HTRB (150°C, 80V)",ATE_BENCH_02,CH_11,VALID,0,,10.0,synthetic
LOT_D04_C027,LOT_D04,IDSS,168,0.4480264173545645,uA,150.0,"HTRB (150°C, 80V)",ATE_BENCH_02,CH_11,VALID,0,,10.0,synthetic
LOT_D04_C027,LOT_D04,VGS(th),0,3.010851179423305,V,150.0,"HTGB (150°C, 20V)",ATE_BENCH_02,CH_11,VALID,0,2.0,4.0,synthetic
LOT_D04_C027,LOT_D04,VGS(th),24,2.9720301938165936,V,150.0,"HTGB (150°C, 20V)",ATE_BENCH_02,CH_11,VALID,0,2.0,4.0,synthetic
LOT_D04_C027,LOT_D04,VGS(th),96,2.972616400178346,V,150.0,"HTGB (150°C, 20V)",ATE_BENCH_02,CH_11,VALID,0,2.0,4.0,synthetic
LOT_D04_C027,LOT_D04,VGS(th),168,2.9589249503905073,V,150.0,"HTGB (150°C, 20V)",ATE_BENCH_02,CH_11,VALID,0,2.0,4.0,synthetic
LOT_D04_C027,LOT_D04,RDS(on),0,50.53062240362004,mOhm,125.0,Operating Life / Power Conduction (TJ=125-150°C),ATE_BENCH_02,CH_11,VALID,0,,60.0,synthetic
LOT_D04_C027,LOT_D04,RDS(on),24,49.25702436986981,mOhm,125.0,Operating Life / Power Conduction (TJ=125-150°C),ATE_BENCH_02,CH_11,VALID,0,,60.0,synthetic
LOT_D04_C027,LOT_D04,RDS(on),96,50.383019576407925,mOhm,125.0,Operating Life / Power Conduction (TJ=125-150°C),ATE_BENCH_02,CH_11,VALID,0,,60.0,synthetic
LOT_D04_C027,LOT_D04,RDS(on),168,51.343657309157,mOhm,125.0,Operating Life / Power Conduction (TJ=125-150°C),ATE_BENCH_02,CH_11,VALID,0,,60.0,synthetic
LOT_D04_C027,LOT_D04,IGSS,0,2.904353426142401,nA,150.0,"HTGB (150°C, ±20V)",ATE_BENCH_02,CH_11,VALID,0,-100.0,100.0,synthetic
LOT_D04_C027,LOT_D04,IGSS,24,2.002074195275873,nA,150.0,"HTGB (150°C, ±20V)",ATE_BENCH_02,CH_11,VALID,0,-100.0,100.0,synthetic
LOT_D04_C027,LOT_D04,IGSS,96,1.9932510952095917,nA,150.0,"HTGB (150°C, ±20V)",ATE_BENCH_02,CH_11,VALID,0,-100.0,100.0,synthetic
LOT_D04_C027,LOT_D04,IGSS,168,2.694296396523429,nA,150.0,"HTGB (150°C, ±20V)",ATE_BENCH_02,CH_11,VALID,0,-100.0,100.0,synthetic
LOT_D04_C028,LOT_D04,IDSS,0,0.49862392098788033,uA,150.0,"HTRB (150°C, 80V)",ATE_BENCH_02,CH_12,VALID,0,,10.0,synthetic
LOT_D04_C028,LOT_D04,IDSS,24,0.5169336625875967,uA,150.0,"HTRB (150°C, 80V)",ATE_BENCH_02,CH_12,VALID,0,,10.0,synthetic
LOT_D04_C028,LOT_D04,IDSS,96,0.4795452424236263,uA,150.0,"HTRB (150°C, 80V)",ATE_BENCH_02,CH_12,VALID,0,,10.0,synthetic
LOT_D04_C028,LOT_D04,IDSS,168,0.43767692450319057,uA,150.0,"HTRB (150°C, 80V)",ATE_BENCH_02,CH_12,VALID,0,,10.0,synthetic
LOT_D04_C028,LOT_D04,VGS(th),0,3.673583905638332,V,150.0,"HTGB (150°C, 20V)",ATE_BENCH_02,CH_12,VALID,0,2.0,4.0,synthetic
LOT_D04_C028,LOT_D04,VGS(th),24,3.6943869403422376,V,150.0,"HTGB (150°C, 20V)",ATE_BENCH_02,CH_12,VALID,0,2.0,4.0,synthetic
LOT_D04_C028,LOT_D04,VGS(th),96,3.6665333076148587,V,150.0,"HTGB (150°C, 20V)",ATE_BENCH_02,CH_12,VALID,0,2.0,4.0,synthetic
LOT_D04_C028,LOT_D04,VGS(th),168,3.665806935920029,V,150.0,"HTGB (150°C, 20V)",ATE_BENCH_02,CH_12,VALID,0,2.0,4.0,synthetic
LOT_D04_C028,LOT_D04,RDS(on),0,40.13276962494905,mOhm,125.0,Operating Life / Power Conduction (TJ=125-150°C),ATE_BENCH_02,CH_12,VALID,0,,60.0,synthetic
LOT_D04_C028,LOT_D04,RDS(on),24,40.29063816625364,mOhm,125.0,Operating Life / Power Conduction (TJ=125-150°C),ATE_BENCH_02,CH_12,VALID,0,,60.0,synthetic
LOT_D04_C028,LOT_D04,RDS(on),96,39.57516212035667,mOhm,125.0,Operating Life / Power Conduction (TJ=125-150°C),ATE_BENCH_02,CH_12,VALID,0,,60.0,synthetic
LOT_D04_C028,LOT_D04,RDS(on),168,39.72047120489804,mOhm,125.0,Operating Life / Power Conduction (TJ=125-150°C),ATE_BENCH_02,CH_12,VALID,0,,60.0,synthetic
LOT_D04_C028,LOT_D04,IGSS,0,-3.214151722637185,nA,150.0,"HTGB (150°C, ±20V)",ATE_BENCH_02,CH_12,VALID,0,-100.0,100.0,synthetic
LOT_D04_C028,LOT_D04,IGSS,24,-3.1423151421300797,nA,150.0,"HTGB (150°C, ±20V)",ATE_BENCH_02,CH_12,VALID,0,-100.0,100.0,synthetic
LOT_D04_C028,LOT_D04,IGSS,96,-5.37469894211445,nA,150.0,"HTGB (150°C, ±20V)",ATE_BENCH_02,CH_12,VALID,0,-100.0,100.0,synthetic
LOT_D04_C028,LOT_D04,IGSS,168,-3.221812904681192,nA,150.0,"HTGB (150°C, ±20V)",ATE_BENCH_02,CH_12,VALID,0,-100.0,100.0,synthetic
LOT_D04_C029,LOT_D04,IDSS,0,0.554026127810035,uA,150.0,"HTRB (150°C, 80V)",ATE_BENCH_02,CH_13,VALID,0,,10.0,synthetic
LOT_D04_C029,LOT_D04,IDSS,24,0.5399085114299327,uA,150.0,"HTRB (150°C, 80V)",ATE_BENCH_02,CH_13,VALID,0,,10.0,synthetic
LOT_D04_C029,LOT_D04,IDSS,96,0.5793284750832919,uA,150.0,"HTRB (150°C, 80V)",ATE_BENCH_02,CH_13,VALID,0,,10.0,synthetic
LOT_D04_C029,LOT_D04,IDSS,168,0.5844800786646939,uA,150.0,"HTRB (150°C, 80V)",ATE_BENCH_02,CH_13,VALID,0,,10.0,synthetic
LOT_D04_C029,LOT_D04,VGS(th),0,3.0542086602763234,V,150.0,"HTGB (150°C, 20V)",ATE_BENCH_02,CH_13,VALID,0,2.0,4.0,synthetic
LOT_D04_C029,LOT_D04,VGS(th),24,3.067123569689796,V,150.0,"HTGB (150°C, 20V)",ATE_BENCH_02,CH_13,VALID,0,2.0,4.0,synthetic
LOT_D04_C029,LOT_D04,VGS(th),96,3.0877653414596935,V,150.0,"HTGB (150°C, 20V)",ATE_BENCH_02,CH_13,VALID,0,2.0,4.0,synthetic
LOT_D04_C029,LOT_D04,VGS(th),168,3.089738644754203,V,150.0,"HTGB (150°C, 20V)",ATE_BENCH_02,CH_13,VALID,0,2.0,4.0,synthetic
LOT_D04_C029,LOT_D04,RDS(on),0,54.105802938829825,mOhm,125.0,Operating Life / Power Conduction (TJ=125-150°C),ATE_BENCH_02,CH_13,VALID,0,,60.0,synthetic
LOT_D04_C029,LOT_D04,RDS(on),24,54.72255962057195,mOhm,125.0,Operating Life / Power Conduction (TJ=125-150°C),ATE_BENCH_02,CH_13,VALID,0,,60.0,synthetic
LOT_D04_C029,LOT_D04,RDS(on),96,52.24882570873227,mOhm,125.0,Operating Life / Power Conduction (TJ=125-150°C),ATE_BENCH_02,CH_13,VALID,0,,60.0,synthetic
LOT_D04_C029,LOT_D04,RDS(on),168,54.5133454806614,mOhm,125.0,Operating Life / Power Conduction (TJ=125-150°C),ATE_BENCH_02,CH_13,VALID,0,,60.0,synthetic
LOT_D04_C029,LOT_D04,IGSS,0,2.7893188869698804,nA,150.0,"HTGB (150°C, ±20V)",ATE_BENCH_02,CH_13,VALID,0,-100.0,100.0,synthetic
LOT_D04_C029,LOT_D04,IGSS,24,2.864734494468594,nA,150.0,"HTGB (150°C, ±20V)",ATE_BENCH_02,CH_13,VALID,0,-100.0,100.0,synthetic
LOT_D04_C029,LOT_D04,IGSS,96,3.6313769669164793,nA,150.0,"HTGB (150°C, ±20V)",ATE_BENCH_02,CH_13,VALID,0,-100.0,100.0,synthetic
LOT_D04_C029,LOT_D04,IGSS,168,2.342804044459899,nA,150.0,"HTGB (150°C, ±20V)",ATE_BENCH_02,CH_13,VALID,0,-100.0,100.0,synthetic
LOT_D04_C030,LOT_D04,IDSS,0,0.443328023692524,uA,150.0,"HTRB (150°C, 80V)",ATE_BENCH_02,CH_14,VALID,0,,10.0,synthetic
LOT_D04_C030,LOT_D04,IDSS,24,0.517595527002077,uA,150.0,"HTRB (150°C, 80V)",ATE_BENCH_02,CH_14,VALID,0,,10.0,synthetic
LOT_D04_C030,LOT_D04,IDSS,96,0.43597622983520196,uA,150.0,"HTRB (150°C, 80V)",ATE_BENCH_02,CH_14,VALID,0,,10.0,synthetic
LOT_D04_C030,LOT_D04,IDSS,168,0.45563402006140075,uA,150.0,"HTRB (150°C, 80V)",ATE_BENCH_02,CH_14,VALID,0,,10.0,synthetic
LOT_D04_C030,LOT_D04,VGS(th),0,3.063635965453748,V,150.0,"HTGB (150°C, 20V)",ATE_BENCH_02,CH_14,VALID,0,2.0,4.0,synthetic
LOT_D04_C030,LOT_D04,VGS(th),24,3.050239560857373,V,150.0,"HTGB (150°C, 20V)",ATE_BENCH_02,CH_14,VALID,0,2.0,4.0,synthetic
LOT_D04_C030,LOT_D04,VGS(th),96,3.069340064425624,V,150.0,"HTGB (150°C, 20V)",ATE_BENCH_02,CH_14,VALID,0,2.0,4.0,synthetic
LOT_D04_C030,LOT_D04,VGS(th),168,3.052424636706644,V,150.0,"HTGB (150°C, 20V)",ATE_BENCH_02,CH_14,VALID,0,2.0,4.0,synthetic
LOT_D04_C030,LOT_D04,RDS(on),0,58.942739220364686,mOhm,125.0,Operating Life / Power Conduction (TJ=125-150°C),ATE_BENCH_02,CH_14,VALID,0,,60.0,synthetic
LOT_D04_C030,LOT_D04,RDS(on),24,57.06151075255708,mOhm,125.0,Operating Life / Power Conduction (TJ=125-150°C),ATE_BENCH_02,CH_14,VALID,0,,60.0,synthetic
LOT_D04_C030,LOT_D04,RDS(on),96,58.25913370757574,mOhm,125.0,Operating Life / Power Conduction (TJ=125-150°C),ATE_BENCH_02,CH_14,VALID,0,,60.0,synthetic
LOT_D04_C030,LOT_D04,RDS(on),168,58.50277093034531,mOhm,125.0,Operating Life / Power Conduction (TJ=125-150°C),ATE_BENCH_02,CH_14,VALID,0,,60.0,synthetic
LOT_D04_C030,LOT_D04,IGSS,0,-3.2576165880192454,nA,150.0,"HTGB (150°C, ±20V)",ATE_BENCH_02,CH_14,VALID,0,-100.0,100.0,synthetic
LOT_D04_C030,LOT_D04,IGSS,24,-3.376630058689028,nA,150.0,"HTGB (150°C, ±20V)",ATE_BENCH_02,CH_14,VALID,0,-100.0,100.0,synthetic
LOT_D04_C030,LOT_D04,IGSS,96,-3.430648182439447,nA,150.0,"HTGB (150°C, ±20V)",ATE_BENCH_02,CH_14,VALID,0,-100.0,100.0,synthetic
LOT_D04_C030,LOT_D04,IGSS,168,-4.057987721544904,nA,150.0,"HTGB (150°C, ±20V)",ATE_BENCH_02,CH_14,VALID,0,-100.0,100.0,synthetic
LOT_L01_C001,LOT_L01,IDSS,0,12.085529843327135,uA,150.0,"HTRB (150°C, 80V)",ATE_BENCH_01,CH_01,VALID,0,,10.0,synthetic
LOT_L01_C001,LOT_L01,IDSS,24,9.422226401809855,uA,150.0,"HTRB (150°C, 80V)",ATE_BENCH_01,CH_01,VALID,0,,10.0,synthetic
LOT_L01_C001,LOT_L01,IDSS,96,13.728652442567466,uA,150.0,"HTRB (150°C, 80V)",ATE_BENCH_01,CH_01,VALID,0,,10.0,synthetic
LOT_L01_C001,LOT_L01,IDSS,168,11.345948470368851,uA,150.0,"HTRB (150°C, 80V)",ATE_BENCH_01,CH_01,VALID,0,,10.0,synthetic
LOT_L01_C001,LOT_L01,VGS(th),0,3.0072981922517643,V,150.0,"HTGB (150°C, 20V)",ATE_BENCH_01,CH_01,VALID,0,2.0,4.0,synthetic
LOT_L01_C001,LOT_L01,VGS(th),24,2.9912595598414478,V,150.0,"HTGB (150°C, 20V)",ATE_BENCH_01,CH_01,VALID,0,2.0,4.0,synthetic
LOT_L01_C001,LOT_L01,VGS(th),96,2.9919674301733497,V,150.0,"HTGB (150°C, 20V)",ATE_BENCH_01,CH_01,VALID,0,2.0,4.0,synthetic
LOT_L01_C001,LOT_L01,VGS(th),168,3.0022373129201894,V,150.0,"HTGB (150°C, 20V)",ATE_BENCH_01,CH_01,VALID,0,2.0,4.0,synthetic
LOT_L01_C001,LOT_L01,RDS(on),0,45.786791653424245,mOhm,125.0,Operating Life / Power Conduction (TJ=125-150°C),ATE_BENCH_01,CH_01,VALID,0,,60.0,synthetic
LOT_L01_C001,LOT_L01,RDS(on),24,45.19756309443676,mOhm,125.0,Operating Life / Power Conduction (TJ=125-150°C),ATE_BENCH_01,CH_01,VALID,0,,60.0,synthetic
LOT_L01_C001,LOT_L01,RDS(on),96,46.46800609810307,mOhm,125.0,Operating Life / Power Conduction (TJ=125-150°C),ATE_BENCH_01,CH_01,VALID,0,,60.0,synthetic
LOT_L01_C001,LOT_L01,RDS(on),168,46.36824984552631,mOhm,125.0,Operating Life / Power Conduction (TJ=125-150°C),ATE_BENCH_01,CH_01,VALID,0,,60.0,synthetic
LOT_L01_C001,LOT_L01,IGSS,0,2.6480492738399564,nA,150.0,"HTGB (150°C, ±20V)",ATE_BENCH_01,CH_01,VALID,0,-100.0,100.0,synthetic
LOT_L01_C001,LOT_L01,IGSS,24,2.725284828189864,nA,150.0,"HTGB (150°C, ±20V)",ATE_BENCH_01,CH_01,VALID,0,-100.0,100.0,synthetic
LOT_L01_C001,LOT_L01,IGSS,96,2.261630040241868,nA,150.0,"HTGB (150°C, ±20V)",ATE_BENCH_01,CH_01,VALID,0,-100.0,100.0,synthetic
LOT_L01_C001,LOT_L01,IGSS,168,2.581551499324361,nA,150.0,"HTGB (150°C, ±20V)",ATE_BENCH_01,CH_01,VALID,0,-100.0,100.0,synthetic
LOT_L01_C002,LOT_L01,IDSS,0,12.144033346394448,uA,150.0,"HTRB (150°C, 80V)",ATE_BENCH_01,CH_02,VALID,0,,10.0,synthetic
LOT_L01_C002,LOT_L01,IDSS,24,11.035998401073224,uA,150.0,"HTRB (150°C, 80V)",ATE_BENCH_01,CH_02,VALID,0,,10.0,synthetic
LOT_L01_C002,LOT_L01,IDSS,96,11.193749968345525,uA,150.0,"HTRB (150°C, 80V)",ATE_BENCH_01,CH_02,VALID,0,,10.0,synthetic
LOT_L01_C002,LOT_L01,IDSS,168,12.340838753961862,uA,150.0,"HTRB (150°C, 80V)",ATE_BENCH_01,CH_02,VALID,0,,10.0,synthetic
LOT_L01_C002,LOT_L01,VGS(th),0,2.910417911670241,V,150.0,"HTGB (150°C, 20V)",ATE_BENCH_01,CH_02,VALID,0,2.0,4.0,synthetic
LOT_L01_C002,LOT_L01,VGS(th),24,2.904232509240517,V,150.0,"HTGB (150°C, 20V)",ATE_BENCH_01,CH_02,VALID,0,2.0,4.0,synthetic
LOT_L01_C002,LOT_L01,VGS(th),96,2.9035753703378564,V,150.0,"HTGB (150°C, 20V)",ATE_BENCH_01,CH_02,VALID,0,2.0,4.0,synthetic
LOT_L01_C002,LOT_L01,VGS(th),168,2.901188972501611,V,150.0,"HTGB (150°C, 20V)",ATE_BENCH_01,CH_02,VALID,0,2.0,4.0,synthetic
LOT_L01_C002,LOT_L01,RDS(on),0,42.68189818374309,mOhm,125.0,Operating Life / Power Conduction (TJ=125-150°C),ATE_BENCH_01,CH_02,VALID,0,,60.0,synthetic
LOT_L01_C002,LOT_L01,RDS(on),24,41.30730248916303,mOhm,125.0,Operating Life / Power Conduction (TJ=125-150°C),ATE_BENCH_01,CH_02,VALID,0,,60.0,synthetic
LOT_L01_C002,LOT_L01,RDS(on),96,42.546408996715,mOhm,125.0,Operating Life / Power Conduction (TJ=125-150°C),ATE_BENCH_01,CH_02,VALID,0,,60.0,synthetic
LOT_L01_C002,LOT_L01,RDS(on),168,43.24721533726415,mOhm,125.0,Operating Life / Power Conduction (TJ=125-150°C),ATE_BENCH_01,CH_02,VALID,0,,60.0,synthetic
LOT_L01_C002,LOT_L01,IGSS,0,-1.1587426636077656,nA,150.0,"HTGB (150°C, ±20V)",ATE_BENCH_01,CH_02,VALID,0,-100.0,100.0,synthetic
LOT_L01_C002,LOT_L01,IGSS,24,-1.2220587391452595,nA,150.0,"HTGB (150°C, ±20V)",ATE_BENCH_01,CH_02,VALID,0,-100.0,100.0,synthetic
LOT_L01_C002,LOT_L01,IGSS,96,-0.7254162009266006,nA,150.0,"HTGB (150°C, ±20V)",ATE_BENCH_01,CH_02,VALID,0,-100.0,100.0,synthetic
LOT_L01_C002,LOT_L01,IGSS,168,-1.5794323621037876,nA,150.0,"HTGB (150°C, ±20V)",ATE_BENCH_01,CH_02,VALID,0,-100.0,100.0,synthetic
LOT_L01_C003,LOT_L01,IDSS,0,0.5636863643933195,uA,150.0,"HTRB (150°C, 80V)",ATE_BENCH_01,CH_03,VALID,0,,10.0,synthetic
LOT_L01_C003,LOT_L01,IDSS,24,0.46383939907143523,uA,150.0,"HTRB (150°C, 80V)",ATE_BENCH_01,CH_03,VALID,0,,10.0,synthetic
LOT_L01_C003,LOT_L01,IDSS,96,0.4604541551021692,uA,150.0,"HTRB (150°C, 80V)",ATE_BENCH_01,CH_03,VALID,0,,10.0,synthetic
LOT_L01_C003,LOT_L01,IDSS,168,0.4746937723011731,uA,150.0,"HTRB (150°C, 80V)",ATE_BENCH_01,CH_03,VALID,0,,10.0,synthetic
LOT_L01_C003,LOT_L01,VGS(th),0,1.8250285965934752,V,150.0,"HTGB (150°C, 20V)",ATE_BENCH_01,CH_03,VALID,0,2.0,4.0,synthetic
LOT_L01_C003,LOT_L01,VGS(th),24,1.848392863021103,V,150.0,"HTGB (150°C, 20V)",ATE_BENCH_01,CH_03,VALID,0,2.0,4.0,synthetic
LOT_L01_C003,LOT_L01,VGS(th),96,1.8177727414891507,V,150.0,"HTGB (150°C, 20V)",ATE_BENCH_01,CH_03,VALID,0,2.0,4.0,synthetic
LOT_L01_C003,LOT_L01,VGS(th),168,1.8729672155261288,V,150.0,"HTGB (150°C, 20V)",ATE_BENCH_01,CH_03,VALID,0,2.0,4.0,synthetic
LOT_L01_C003,LOT_L01,RDS(on),0,42.82835585465178,mOhm,125.0,Operating Life / Power Conduction (TJ=125-150°C),ATE_BENCH_01,CH_03,VALID,0,,60.0,synthetic
LOT_L01_C003,LOT_L01,RDS(on),24,42.02252063948994,mOhm,125.0,Operating Life / Power Conduction (TJ=125-150°C),ATE_BENCH_01,CH_03,VALID,0,,60.0,synthetic
LOT_L01_C003,LOT_L01,RDS(on),96,42.50237893129381,mOhm,125.0,Operating Life / Power Conduction (TJ=125-150°C),ATE_BENCH_01,CH_03,VALID,0,,60.0,synthetic
LOT_L01_C003,LOT_L01,RDS(on),168,43.340290668581325,mOhm,125.0,Operating Life / Power Conduction (TJ=125-150°C),ATE_BENCH_01,CH_03,VALID,0,,60.0,synthetic
LOT_L01_C003,LOT_L01,IGSS,0,2.125936391865854,nA,150.0,"HTGB (150°C, ±20V)",ATE_BENCH_01,CH_03,VALID,0,-100.0,100.0,synthetic
LOT_L01_C003,LOT_L01,IGSS,24,1.5836665879345533,nA,150.0,"HTGB (150°C, ±20V)",ATE_BENCH_01,CH_03,VALID,0,-100.0,100.0,synthetic
LOT_L01_C003,LOT_L01,IGSS,96,1.9562206481147633,nA,150.0,"HTGB (150°C, ±20V)",ATE_BENCH_01,CH_03,VALID,0,-100.0,100.0,synthetic
LOT_L01_C003,LOT_L01,IGSS,168,2.7762458541780957,nA,150.0,"HTGB (150°C, ±20V)",ATE_BENCH_01,CH_03,VALID,0,-100.0,100.0,synthetic
LOT_L01_C004,LOT_L01,IDSS,0,0.5731253044905961,uA,150.0,"HTRB (150°C, 80V)",ATE_BENCH_01,CH_04,VALID,0,,10.0,synthetic
LOT_L01_C004,LOT_L01,IDSS,24,0.4857950471677313,uA,150.0,"HTRB (150°C, 80V)",ATE_BENCH_01,CH_04,VALID,0,,10.0,synthetic
LOT_L01_C004,LOT_L01,IDSS,96,0.5035008598538431,uA,150.0,"HTRB (150°C, 80V)",ATE_BENCH_01,CH_04,VALID,0,,10.0,synthetic
LOT_L01_C004,LOT_L01,IDSS,168,0.5087922128178077,uA,150.0,"HTRB (150°C, 80V)",ATE_BENCH_01,CH_04,VALID,0,,10.0,synthetic
LOT_L01_C004,LOT_L01,VGS(th),0,3.4451145516451027,V,150.0,"HTGB (150°C, 20V)",ATE_BENCH_01,CH_04,VALID,0,2.0,4.0,synthetic
LOT_L01_C004,LOT_L01,VGS(th),24,3.434022972279463,V,150.0,"HTGB (150°C, 20V)",ATE_BENCH_01,CH_04,VALID,0,2.0,4.0,synthetic
LOT_L01_C004,LOT_L01,VGS(th),96,3.4438745186858757,V,150.0,"HTGB (150°C, 20V)",ATE_BENCH_01,CH_04,VALID,0,2.0,4.0,synthetic
LOT_L01_C004,LOT_L01,VGS(th),168,3.4404636616946966,V,150.0,"HTGB (150°C, 20V)",ATE_BENCH_01,CH_04,VALID,0,2.0,4.0,synthetic
LOT_L01_C004,LOT_L01,RDS(on),0,46.08087316129972,mOhm,125.0,Operating Life / Power Conduction (TJ=125-150°C),ATE_BENCH_01,CH_04,VALID,0,,60.0,synthetic
LOT_L01_C004,LOT_L01,RDS(on),24,47.24947528448271,mOhm,125.0,Operating Life / Power Conduction (TJ=125-150°C),ATE_BENCH_01,CH_04,VALID,0,,60.0,synthetic
LOT_L01_C004,LOT_L01,RDS(on),96,45.60418155379617,mOhm,125.0,Operating Life / Power Conduction (TJ=125-150°C),ATE_BENCH_01,CH_04,VALID,0,,60.0,synthetic
LOT_L01_C004,LOT_L01,RDS(on),168,45.793076911764764,mOhm,125.0,Operating Life / Power Conduction (TJ=125-150°C),ATE_BENCH_01,CH_04,VALID,0,,60.0,synthetic
LOT_L01_C004,LOT_L01,IGSS,0,-145.0404450170136,nA,150.0,"HTGB (150°C, ±20V)",ATE_BENCH_01,CH_04,VALID,0,-100.0,100.0,synthetic
LOT_L01_C004,LOT_L01,IGSS,24,-110.95722169131162,nA,150.0,"HTGB (150°C, ±20V)",ATE_BENCH_01,CH_04,VALID,0,-100.0,100.0,synthetic
LOT_L01_C004,LOT_L01,IGSS,96,-101.65718699001623,nA,150.0,"HTGB (150°C, ±20V)",ATE_BENCH_01,CH_04,VALID,0,-100.0,100.0,synthetic
LOT_L01_C004,LOT_L01,IGSS,168,-215.75295172312775,nA,150.0,"HTGB (150°C, ±20V)",ATE_BENCH_01,CH_04,VALID,0,-100.0,100.0,synthetic
LOT_L01_C005,LOT_L01,IDSS,0,0.6279218781458052,uA,150.0,"HTRB (150°C, 80V)",ATE_BENCH_01,CH_05,VALID,0,,10.0,synthetic
LOT_L01_C005,LOT_L01,IDSS,24,0.6169284853211566,uA,150.0,"HTRB (150°C, 80V)",ATE_BENCH_01,CH_05,VALID,0,,10.0,synthetic
LOT_L01_C005,LOT_L01,IDSS,96,0.6767644547854443,uA,150.0,"HTRB (150°C, 80V)",ATE_BENCH_01,CH_05,VALID,0,,10.0,synthetic
LOT_L01_C005,LOT_L01,IDSS,168,0.676822372567546,uA,150.0,"HTRB (150°C, 80V)",ATE_BENCH_01,CH_05,VALID,0,,10.0,synthetic
LOT_L01_C005,LOT_L01,VGS(th),0,2.865941225784702,V,150.0,"HTGB (150°C, 20V)",ATE_BENCH_01,CH_05,VALID,0,2.0,4.0,synthetic
LOT_L01_C005,LOT_L01,VGS(th),24,2.8620210284328165,V,150.0,"HTGB (150°C, 20V)",ATE_BENCH_01,CH_05,VALID,0,2.0,4.0,synthetic
LOT_L01_C005,LOT_L01,VGS(th),96,2.8795174156011982,V,150.0,"HTGB (150°C, 20V)",ATE_BENCH_01,CH_05,VALID,0,2.0,4.0,synthetic
LOT_L01_C005,LOT_L01,VGS(th),168,2.896026046628946,V,150.0,"HTGB (150°C, 20V)",ATE_BENCH_01,CH_05,VALID,0,2.0,4.0,synthetic
LOT_L01_C005,LOT_L01,RDS(on),0,47.44633075366092,mOhm,125.0,Operating Life / Power Conduction (TJ=125-150°C),ATE_BENCH_01,CH_05,VALID,0,,60.0,synthetic
LOT_L01_C005,LOT_L01,RDS(on),24,46.89225522969204,mOhm,125.0,Operating Life / Power Conduction (TJ=125-150°C),ATE_BENCH_01,CH_05,VALID,0,,60.0,synthetic
LOT_L01_C005,LOT_L01,RDS(on),96,48.13819382594488,mOhm,125.0,Operating Life / Power Conduction (TJ=125-150°C),ATE_BENCH_01,CH_05,VALID,0,,60.0,synthetic
LOT_L01_C005,LOT_L01,RDS(on),168,46.730149051175644,mOhm,125.0,Operating Life / Power Conduction (TJ=125-150°C),ATE_BENCH_01,CH_05,VALID,0,,60.0,synthetic
LOT_L01_C005,LOT_L01,IGSS,0,100.30170558836735,nA,150.0,"HTGB (150°C, ±20V)",ATE_BENCH_01,CH_05,VALID,0,-100.0,100.0,synthetic
LOT_L01_C005,LOT_L01,IGSS,24,131.86561103193122,nA,150.0,"HTGB (150°C, ±20V)",ATE_BENCH_01,CH_05,VALID,0,-100.0,100.0,synthetic
LOT_L01_C005,LOT_L01,IGSS,96,147.6297140489975,nA,150.0,"HTGB (150°C, ±20V)",ATE_BENCH_01,CH_05,VALID,0,-100.0,100.0,synthetic
LOT_L01_C005,LOT_L01,IGSS,168,97.57869649837092,nA,150.0,"HTGB (150°C, ±20V)",ATE_BENCH_01,CH_05,VALID,0,-100.0,100.0,synthetic
LOT_L01_C006,LOT_L01,IDSS,0,0.4834833976790153,uA,150.0,"HTRB (150°C, 80V)",ATE_BENCH_01,CH_06,VALID,0,,10.0,synthetic
LOT_L01_C006,LOT_L01,IDSS,24,0.4823243111291196,uA,150.0,"HTRB (150°C, 80V)",ATE_BENCH_01,CH_06,VALID,0,,10.0,synthetic
LOT_L01_C006,LOT_L01,IDSS,96,0.48117632559862344,uA,150.0,"HTRB (150°C, 80V)",ATE_BENCH_01,CH_06,VALID,0,,10.0,synthetic
LOT_L01_C006,LOT_L01,IDSS,168,0.4681399349034272,uA,150.0,"HTRB (150°C, 80V)",ATE_BENCH_01,CH_06,VALID,0,,10.0,synthetic
LOT_L01_C006,LOT_L01,VGS(th),0,3.08625881496255,V,150.0,"HTGB (150°C, 20V)",ATE_BENCH_01,CH_06,VALID,0,2.0,4.0,synthetic
LOT_L01_C006,LOT_L01,VGS(th),24,3.0441672810873652,V,150.0,"HTGB (150°C, 20V)",ATE_BENCH_01,CH_06,VALID,0,2.0,4.0,synthetic
LOT_L01_C006,LOT_L01,VGS(th),96,3.0175016246685566,V,150.0,"HTGB (150°C, 20V)",ATE_BENCH_01,CH_06,VALID,0,2.0,4.0,synthetic
LOT_L01_C006,LOT_L01,VGS(th),168,3.022480026943299,V,150.0,"HTGB (150°C, 20V)",ATE_BENCH_01,CH_06,VALID,0,2.0,4.0,synthetic
LOT_L01_C006,LOT_L01,RDS(on),0,67.25417169300147,mOhm,125.0,Operating Life / Power Conduction (TJ=125-150°C),ATE_BENCH_01,CH_06,VALID,0,,60.0,synthetic
LOT_L01_C006,LOT_L01,RDS(on),24,67.00348118474425,mOhm,125.0,Operating Life / Power Conduction (TJ=125-150°C),ATE_BENCH_01,CH_06,VALID,0,,60.0,synthetic
LOT_L01_C006,LOT_L01,RDS(on),96,67.1836132812899,mOhm,125.0,Operating Life / Power Conduction (TJ=125-150°C),ATE_BENCH_01,CH_06,VALID,0,,60.0,synthetic
LOT_L01_C006,LOT_L01,RDS(on),168,68.08075528353993,mOhm,125.0,Operating Life / Power Conduction (TJ=125-150°C),ATE_BENCH_01,CH_06,VALID,0,,60.0,synthetic
LOT_L01_C006,LOT_L01,IGSS,0,-2.230050361811709,nA,150.0,"HTGB (150°C, ±20V)",ATE_BENCH_01,CH_06,VALID,0,-100.0,100.0,synthetic
LOT_L01_C006,LOT_L01,IGSS,24,-2.7630182865998907,nA,150.0,"HTGB (150°C, ±20V)",ATE_BENCH_01,CH_06,VALID,0,-100.0,100.0,synthetic
LOT_L01_C006,LOT_L01,IGSS,96,-2.0533724796112933,nA,150.0,"HTGB (150°C, ±20V)",ATE_BENCH_01,CH_06,VALID,0,-100.0,100.0,synthetic
LOT_L01_C006,LOT_L01,IGSS,168,-2.2041634973246187,nA,150.0,"HTGB (150°C, ±20V)",ATE_BENCH_01,CH_06,VALID,0,-100.0,100.0,synthetic
LOT_L01_C007,LOT_L01,IDSS,0,0.33857615779754346,uA,150.0,"HTRB (150°C, 80V)",ATE_BENCH_01,CH_07,VALID,0,,10.0,synthetic
LOT_L01_C007,LOT_L01,IDSS,24,0.32342261003077355,uA,150.0,"HTRB (150°C, 80V)",ATE_BENCH_01,CH_07,VALID,0,,10.0,synthetic
LOT_L01_C007,LOT_L01,IDSS,96,0.38322328273455913,uA,150.0,"HTRB (150°C, 80V)",ATE_BENCH_01,CH_07,VALID,0,,10.0,synthetic
LOT_L01_C007,LOT_L01,IDSS,168,0.3028434598407783,uA,150.0,"HTRB (150°C, 80V)",ATE_BENCH_01,CH_07,VALID,0,,10.0,synthetic
LOT_L01_C007,LOT_L01,VGS(th),0,2.9725414135128183,V,150.0,"HTGB (150°C, 20V)",ATE_BENCH_01,CH_07,VALID,0,2.0,4.0,synthetic
LOT_L01_C007,LOT_L01,VGS(th),24,2.915697108388946,V,150.0,"HTGB (150°C, 20V)",ATE_BENCH_01,CH_07,VALID,0,2.0,4.0,synthetic
LOT_L01_C007,LOT_L01,VGS(th),96,2.964019087310957,V,150.0,"HTGB (150°C, 20V)",ATE_BENCH_01,CH_07,VALID,0,2.0,4.0,synthetic
LOT_L01_C007,LOT_L01,VGS(th),168,2.946257847233612,V,150.0,"HTGB (150°C, 20V)",ATE_BENCH_01,CH_07,VALID,0,2.0,4.0,synthetic
LOT_L01_C007,LOT_L01,RDS(on),0,54.172277672773056,mOhm,125.0,Operating Life / Power Conduction (TJ=125-150°C),ATE_BENCH_01,CH_07,VALID,0,,60.0,synthetic
LOT_L01_C007,LOT_L01,RDS(on),24,55.421504157858436,mOhm,125.0,Operating Life / Power Conduction (TJ=125-150°C),ATE_BENCH_01,CH_07,VALID,0,,60.0,synthetic
LOT_L01_C007,LOT_L01,RDS(on),96,53.57975622991905,mOhm,125.0,Operating Life / Power Conduction (TJ=125-150°C),ATE_BENCH_01,CH_07,VALID,0,,60.0,synthetic
LOT_L01_C007,LOT_L01,RDS(on),168,54.85216938238,mOhm,125.0,Operating Life / Power Conduction (TJ=125-150°C),ATE_BENCH_01,CH_07,VALID,0,,60.0,synthetic
LOT_L01_C007,LOT_L01,IGSS,0,0.0,nA,150.0,"HTGB (150°C, ±20V)",ATE_BENCH_01,CH_07,VALID,0,-100.0,100.0,synthetic
LOT_L01_C007,LOT_L01,IGSS,24,0.0,nA,150.0,"HTGB (150°C, ±20V)",ATE_BENCH_01,CH_07,VALID,0,-100.0,100.0,synthetic
LOT_L01_C007,LOT_L01,IGSS,96,0.0,nA,150.0,"HTGB (150°C, ±20V)",ATE_BENCH_01,CH_07,VALID,0,-100.0,100.0,synthetic
LOT_L01_C007,LOT_L01,IGSS,168,0.0,nA,150.0,"HTGB (150°C, ±20V)",ATE_BENCH_01,CH_07,VALID,0,-100.0,100.0,synthetic
LOT_L01_C008,LOT_L01,IDSS,0,1.917978884138928,uA,150.0,"HTRB (150°C, 80V)",ATE_BENCH_01,CH_08,VALID,0,,10.0,synthetic
LOT_L01_C008,LOT_L01,IDSS,24,1.754442338760897,uA,150.0,"HTRB (150°C, 80V)",ATE_BENCH_01,CH_08,VALID,0,,10.0,synthetic
LOT_L01_C008,LOT_L01,IDSS,96,1.8848146275707502,uA,150.0,"HTRB (150°C, 80V)",ATE_BENCH_01,CH_08,VALID,0,,10.0,synthetic
LOT_L01_C008,LOT_L01,IDSS,168,2.105441963189576,uA,150.0,"HTRB (150°C, 80V)",ATE_BENCH_01,CH_08,VALID,0,,10.0,synthetic
LOT_L01_C008,LOT_L01,VGS(th),0,3.0246922526872853,V,150.0,"HTGB (150°C, 20V)",ATE_BENCH_01,CH_08,VALID,0,2.0,4.0,synthetic
LOT_L01_C008,LOT_L01,VGS(th),24,3.021825900359642,V,150.0,"HTGB (150°C, 20V)",ATE_BENCH_01,CH_08,VALID,0,2.0,4.0,synthetic
LOT_L01_C008,LOT_L01,VGS(th),96,3.038307354907942,V,150.0,"HTGB (150°C, 20V)",ATE_BENCH_01,CH_08,VALID,0,2.0,4.0,synthetic
LOT_L01_C008,LOT_L01,VGS(th),168,2.995530086418654,V,150.0,"HTGB (150°C, 20V)",ATE_BENCH_01,CH_08,VALID,0,2.0,4.0,synthetic
LOT_L01_C008,LOT_L01,RDS(on),0,57.22860761043214,mOhm,125.0,Operating Life / Power Conduction (TJ=125-150°C),ATE_BENCH_01,CH_08,VALID,0,,60.0,synthetic
LOT_L01_C008,LOT_L01,RDS(on),24,56.628044627387595,mOhm,125.0,Operating Life / Power Conduction (TJ=125-150°C),ATE_BENCH_01,CH_08,VALID,0,,60.0,synthetic
LOT_L01_C008,LOT_L01,RDS(on),96,56.44056520275155,mOhm,125.0,Operating Life / Power Conduction (TJ=125-150°C),ATE_BENCH_01,CH_08,VALID,0,,60.0,synthetic
LOT_L01_C008,LOT_L01,RDS(on),168,58.350979209969076,mOhm,125.0,Operating Life / Power Conduction (TJ=125-150°C),ATE_BENCH_01,CH_08,VALID,0,,60.0,synthetic
LOT_L01_C008,LOT_L01,IGSS,0,0.22308227933741573,nA,150.0,"HTGB (150°C, ±20V)",ATE_BENCH_01,CH_08,VALID,0,-100.0,100.0,synthetic
LOT_L01_C008,LOT_L01,IGSS,24,0.3085460436127402,nA,150.0,"HTGB (150°C, ±20V)",ATE_BENCH_01,CH_08,VALID,0,-100.0,100.0,synthetic
LOT_L01_C008,LOT_L01,IGSS,96,0.04467912833885916,nA,150.0,"HTGB (150°C, ±20V)",ATE_BENCH_01,CH_08,VALID,0,-100.0,100.0,synthetic
LOT_L01_C008,LOT_L01,IGSS,168,0.03876639128312659,nA,150.0,"HTGB (150°C, ±20V)",ATE_BENCH_01,CH_08,VALID,0,-100.0,100.0,synthetic
LOT_L01_C009,LOT_L01,IDSS,0,0.367294537534167,uA,150.0,"HTRB (150°C, 80V)",ATE_BENCH_01,CH_09,VALID,0,,10.0,synthetic
LOT_L01_C009,LOT_L01,IDSS,24,0.38312823081556263,uA,150.0,"HTRB (150°C, 80V)",ATE_BENCH_01,CH_09,VALID,0,,10.0,synthetic
LOT_L01_C009,LOT_L01,IDSS,96,0.40352900618526333,uA,150.0,"HTRB (150°C, 80V)",ATE_BENCH_01,CH_09,VALID,0,,10.0,synthetic
LOT_L01_C009,LOT_L01,IDSS,168,0.47037772490835456,uA,150.0,"HTRB (150°C, 80V)",ATE_BENCH_01,CH_09,VALID,0,,10.0,synthetic
LOT_L01_C009,LOT_L01,VGS(th),0,3.2263610997594836,V,150.0,"HTGB (150°C, 20V)",ATE_BENCH_01,CH_09,VALID,0,2.0,4.0,synthetic
LOT_L01_C009,LOT_L01,VGS(th),24,3.2507210078182602,V,150.0,"HTGB (150°C, 20V)",ATE_BENCH_01,CH_09,VALID,0,2.0,4.0,synthetic
LOT_L01_C009,LOT_L01,VGS(th),96,3.251789685996937,V,150.0,"HTGB (150°C, 20V)",ATE_BENCH_01,CH_09,VALID,0,2.0,4.0,synthetic
LOT_L01_C009,LOT_L01,VGS(th),168,3.2539320441861364,V,150.0,"HTGB (150°C, 20V)",ATE_BENCH_01,CH_09,VALID,0,2.0,4.0,synthetic
LOT_L01_C009,LOT_L01,RDS(on),0,46.602512609156896,mOhm,125.0,Operating Life / Power Conduction (TJ=125-150°C),ATE_BENCH_01,CH_09,VALID,0,,60.0,synthetic
LOT_L01_C009,LOT_L01,RDS(on),24,46.754153480549704,mOhm,125.0,Operating Life / Power Conduction (TJ=125-150°C),ATE_BENCH_01,CH_09,VALID,0,,60.0,synthetic
LOT_L01_C009,LOT_L01,RDS(on),96,47.23872510892353,mOhm,125.0,Operating Life / Power Conduction (TJ=125-150°C),ATE_BENCH_01,CH_09,VALID,0,,60.0,synthetic
LOT_L01_C009,LOT_L01,RDS(on),168,47.539946856844,mOhm,125.0,Operating Life / Power Conduction (TJ=125-150°C),ATE_BENCH_01,CH_09,VALID,0,,60.0,synthetic
LOT_L01_C009,LOT_L01,IGSS,0,2.6437177327791046,nA,150.0,"HTGB (150°C, ±20V)",ATE_BENCH_01,CH_09,VALID,0,-100.0,100.0,synthetic
LOT_L01_C009,LOT_L01,IGSS,24,0.8816851929983333,nA,150.0,"HTGB (150°C, ±20V)",ATE_BENCH_01,CH_09,VALID,0,-100.0,100.0,synthetic
LOT_L01_C009,LOT_L01,IGSS,96,2.7371814257850144,nA,150.0,"HTGB (150°C, ±20V)",ATE_BENCH_01,CH_09,VALID,0,-100.0,100.0,synthetic
LOT_L01_C009,LOT_L01,IGSS,168,1.8707543041665982,nA,150.0,"HTGB (150°C, ±20V)",ATE_BENCH_01,CH_09,VALID,0,-100.0,100.0,synthetic
LOT_L01_C010,LOT_L01,IDSS,0,0.5599496807775979,uA,150.0,"HTRB (150°C, 80V)",ATE_BENCH_01,CH_10,VALID,0,,10.0,synthetic
LOT_L01_C010,LOT_L01,IDSS,24,0.6188669781901892,uA,150.0,"HTRB (150°C, 80V)",ATE_BENCH_01,CH_10,VALID,0,,10.0,synthetic
LOT_L01_C010,LOT_L01,IDSS,96,0.558966807737034,uA,150.0,"HTRB (150°C, 80V)",ATE_BENCH_01,CH_10,VALID,0,,10.0,synthetic
LOT_L01_C010,LOT_L01,IDSS,168,0.4850772467565024,uA,150.0,"HTRB (150°C, 80V)",ATE_BENCH_01,CH_10,VALID,0,,10.0,synthetic
LOT_L01_C010,LOT_L01,VGS(th),0,3.718815072616482,V,150.0,"HTGB (150°C, 20V)",ATE_BENCH_01,CH_10,VALID,0,2.0,4.0,synthetic
LOT_L01_C010,LOT_L01,VGS(th),24,3.689244321874614,V,150.0,"HTGB (150°C, 20V)",ATE_BENCH_01,CH_10,VALID,0,2.0,4.0,synthetic
LOT_L01_C010,LOT_L01,VGS(th),96,3.7097030823030535,V,150.0,"HTGB (150°C, 20V)",ATE_BENCH_01,CH_10,VALID,0,2.0,4.0,synthetic
LOT_L01_C010,LOT_L01,VGS(th),168,3.7263910108929443,V,150.0,"HTGB (150°C, 20V)",ATE_BENCH_01,CH_10,VALID,0,2.0,4.0,synthetic
LOT_L01_C010,LOT_L01,RDS(on),0,45.51294449392766,mOhm,125.0,Operating Life / Power Conduction (TJ=125-150°C),ATE_BENCH_01,CH_10,VALID,0,,60.0,synthetic
LOT_L01_C010,LOT_L01,RDS(on),24,44.84216952535347,mOhm,125.0,Operating Life / Power Conduction (TJ=125-150°C),ATE_BENCH_01,CH_10,VALID,0,,60.0,synthetic
LOT_L01_C010,LOT_L01,RDS(on),96,44.90963304672582,mOhm,125.0,Operating Life / Power Conduction (TJ=125-150°C),ATE_BENCH_01,CH_10,VALID,0,,60.0,synthetic
LOT_L01_C010,LOT_L01,RDS(on),168,45.10975372080666,mOhm,125.0,Operating Life / Power Conduction (TJ=125-150°C),ATE_BENCH_01,CH_10,VALID,0,,60.0,synthetic
LOT_L01_C010,LOT_L01,IGSS,0,-2.8961228368535616,nA,150.0,"HTGB (150°C, ±20V)",ATE_BENCH_01,CH_10,VALID,0,-100.0,100.0,synthetic
LOT_L01_C010,LOT_L01,IGSS,24,-1.3820788396724761,nA,150.0,"HTGB (150°C, ±20V)",ATE_BENCH_01,CH_10,VALID,0,-100.0,100.0,synthetic
LOT_L01_C010,LOT_L01,IGSS,96,-2.0661174194010403,nA,150.0,"HTGB (150°C, ±20V)",ATE_BENCH_01,CH_10,VALID,0,-100.0,100.0,synthetic
LOT_L01_C010,LOT_L01,IGSS,168,-1.7623193047040435,nA,150.0,"HTGB (150°C, ±20V)",ATE_BENCH_01,CH_10,VALID,0,-100.0,100.0,synthetic
LOT_L01_C011,LOT_L01,IDSS,0,0.3970385214587404,uA,150.0,"HTRB (150°C, 80V)",ATE_BENCH_01,CH_11,VALID,0,,10.0,synthetic
LOT_L01_C011,LOT_L01,IDSS,24,0.44626248634159005,uA,150.0,"HTRB (150°C, 80V)",ATE_BENCH_01,CH_11,VALID,0,,10.0,synthetic
LOT_L01_C011,LOT_L01,IDSS,96,0.4194595685530484,uA,150.0,"HTRB (150°C, 80V)",ATE_BENCH_01,CH_11,VALID,0,,10.0,synthetic
LOT_L01_C011,LOT_L01,IDSS,168,0.4148409365390179,uA,150.0,"HTRB (150°C, 80V)",ATE_BENCH_01,CH_11,VALID,0,,10.0,synthetic
LOT_L01_C011,LOT_L01,VGS(th),0,2.875059830174301,V,150.0,"HTGB (150°C, 20V)",ATE_BENCH_01,CH_11,VALID,0,2.0,4.0,synthetic
LOT_L01_C011,LOT_L01,VGS(th),24,2.920723274995971,V,150.0,"HTGB (150°C, 20V)",ATE_BENCH_01,CH_11,VALID,0,2.0,4.0,synthetic
LOT_L01_C011,LOT_L01,VGS(th),96,2.8726798272603844,V,150.0,"HTGB (150°C, 20V)",ATE_BENCH_01,CH_11,VALID,0,2.0,4.0,synthetic
LOT_L01_C011,LOT_L01,VGS(th),168,2.8731096931390714,V,150.0,"HTGB (150°C, 20V)",ATE_BENCH_01,CH_11,VALID,0,2.0,4.0,synthetic
LOT_L01_C011,LOT_L01,RDS(on),0,49.564361188244206,mOhm,125.0,Operating Life / Power Conduction (TJ=125-150°C),ATE_BENCH_01,CH_11,VALID,0,,60.0,synthetic
LOT_L01_C011,LOT_L01,RDS(on),24,49.40457855091241,mOhm,125.0,Operating Life / Power Conduction (TJ=125-150°C),ATE_BENCH_01,CH_11,VALID,0,,60.0,synthetic
LOT_L01_C011,LOT_L01,RDS(on),96,49.41520879937566,mOhm,125.0,Operating Life / Power Conduction (TJ=125-150°C),ATE_BENCH_01,CH_11,VALID,0,,60.0,synthetic
LOT_L01_C011,LOT_L01,RDS(on),168,49.519663426886304,mOhm,125.0,Operating Life / Power Conduction (TJ=125-150°C),ATE_BENCH_01,CH_11,VALID,0,,60.0,synthetic
LOT_L01_C011,LOT_L01,IGSS,0,2.5877225245127056,nA,150.0,"HTGB (150°C, ±20V)",ATE_BENCH_01,CH_11,VALID,0,-100.0,100.0,synthetic
LOT_L01_C011,LOT_L01,IGSS,24,1.534541904626731,nA,150.0,"HTGB (150°C, ±20V)",ATE_BENCH_01,CH_11,VALID,0,-100.0,100.0,synthetic
LOT_L01_C011,LOT_L01,IGSS,96,2.611725672080226,nA,150.0,"HTGB (150°C, ±20V)",ATE_BENCH_01,CH_11,VALID,0,-100.0,100.0,synthetic
LOT_L01_C011,LOT_L01,IGSS,168,2.121637919739844,nA,150.0,"HTGB (150°C, ±20V)",ATE_BENCH_01,CH_11,VALID,0,-100.0,100.0,synthetic
LOT_L01_C012,LOT_L01,IDSS,0,0.5921635996173003,uA,150.0,"HTRB (150°C, 80V)",ATE_BENCH_01,CH_12,VALID,0,,10.0,synthetic
LOT_L01_C012,LOT_L01,IDSS,24,0.5647944929837692,uA,150.0,"HTRB (150°C, 80V)",ATE_BENCH_01,CH_12,VALID,0,,10.0,synthetic
LOT_L01_C012,LOT_L01,IDSS,96,0.6030435399487455,uA,150.0,"HTRB (150°C, 80V)",ATE_BENCH_01,CH_12,VALID,0,,10.0,synthetic
LOT_L01_C012,LOT_L01,IDSS,168,0.6241232448936161,uA,150.0,"HTRB (150°C, 80V)",ATE_BENCH_01,CH_12,VALID,0,,10.0,synthetic
LOT_L01_C012,LOT_L01,VGS(th),0,2.979189871593229,V,150.0,"HTGB (150°C, 20V)",ATE_BENCH_01,CH_12,VALID,0,2.0,4.0,synthetic
LOT_L01_C012,LOT_L01,VGS(th),24,2.9926973081769983,V,150.0,"HTGB (150°C, 20V)",ATE_BENCH_01,CH_12,VALID,0,2.0,4.0,synthetic
LOT_L01_C012,LOT_L01,VGS(th),96,2.9664313063887793,V,150.0,"HTGB (150°C, 20V)",ATE_BENCH_01,CH_12,VALID,0,2.0,4.0,synthetic
LOT_L01_C012,LOT_L01,VGS(th),168,2.972458416084169,V,150.0,"HTGB (150°C, 20V)",ATE_BENCH_01,CH_12,VALID,0,2.0,4.0,synthetic
LOT_L01_C012,LOT_L01,RDS(on),0,53.50868516992872,mOhm,125.0,Operating Life / Power Conduction (TJ=125-150°C),ATE_BENCH_01,CH_12,VALID,0,,60.0,synthetic
LOT_L01_C012,LOT_L01,RDS(on),24,53.031335365580055,mOhm,125.0,Operating Life / Power Conduction (TJ=125-150°C),ATE_BENCH_01,CH_12,VALID,0,,60.0,synthetic
LOT_L01_C012,LOT_L01,RDS(on),96,53.16090001312513,mOhm,125.0,Operating Life / Power Conduction (TJ=125-150°C),ATE_BENCH_01,CH_12,VALID,0,,60.0,synthetic
LOT_L01_C012,LOT_L01,RDS(on),168,52.18758687546338,mOhm,125.0,Operating Life / Power Conduction (TJ=125-150°C),ATE_BENCH_01,CH_12,VALID,0,,60.0,synthetic
LOT_L01_C012,LOT_L01,IGSS,0,-0.18256338262068392,nA,150.0,"HTGB (150°C, ±20V)",ATE_BENCH_01,CH_12,VALID,0,-100.0,100.0,synthetic
LOT_L01_C012,LOT_L01,IGSS,24,0.022850802563541172,nA,150.0,"HTGB (150°C, ±20V)",ATE_BENCH_01,CH_12,VALID,0,-100.0,100.0,synthetic
LOT_L01_C012,LOT_L01,IGSS,96,-0.15603769102245207,nA,150.0,"HTGB (150°C, ±20V)",ATE_BENCH_01,CH_12,VALID,0,-100.0,100.0,synthetic
LOT_L01_C012,LOT_L01,IGSS,168,-0.20870223486554493,nA,150.0,"HTGB (150°C, ±20V)",ATE_BENCH_01,CH_12,VALID,0,-100.0,100.0,synthetic
LOT_L01_C013,LOT_L01,IDSS,0,0.6736218321075795,uA,150.0,"HTRB (150°C, 80V)",ATE_BENCH_01,CH_13,VALID,0,,10.0,synthetic
LOT_L01_C013,LOT_L01,IDSS,24,0.6773880164029598,uA,150.0,"HTRB (150°C, 80V)",ATE_BENCH_01,CH_13,VALID,0,,10.0,synthetic
LOT_L01_C013,LOT_L01,IDSS,96,0.6407417163829587,uA,150.0,"HTRB (150°C, 80V)",ATE_BENCH_01,CH_13,VALID,0,,10.0,synthetic
LOT_L01_C013,LOT_L01,IDSS,168,0.7388072186493146,uA,150.0,"HTRB (150°C, 80V)",ATE_BENCH_01,CH_13,VALID,0,,10.0,synthetic
LOT_L01_C013,LOT_L01,VGS(th),0,2.8796746550056906,V,150.0,"HTGB (150°C, 20V)",ATE_BENCH_01,CH_13,VALID,0,2.0,4.0,synthetic
LOT_L01_C013,LOT_L01,VGS(th),24,2.916164150272369,V,150.0,"HTGB (150°C, 20V)",ATE_BENCH_01,CH_13,VALID,0,2.0,4.0,synthetic
LOT_L01_C013,LOT_L01,VGS(th),96,2.920970672240898,V,150.0,"HTGB (150°C, 20V)",ATE_BENCH_01,CH_13,VALID,0,2.0,4.0,synthetic
LOT_L01_C013,LOT_L01,VGS(th),168,2.9070380621503356,V,150.0,"HTGB (150°C, 20V)",ATE_BENCH_01,CH_13,VALID,0,2.0,4.0,synthetic
LOT_L01_C013,LOT_L01,RDS(on),0,45.86890856434581,mOhm,125.0,Operating Life / Power Conduction (TJ=125-150°C),ATE_BENCH_01,CH_13,VALID,0,,60.0,synthetic
LOT_L01_C013,LOT_L01,RDS(on),24,46.51690402019598,mOhm,125.0,Operating Life / Power Conduction (TJ=125-150°C),ATE_BENCH_01,CH_13,VALID,0,,60.0,synthetic
LOT_L01_C013,LOT_L01,RDS(on),96,45.98294085645824,mOhm,125.0,Operating Life / Power Conduction (TJ=125-150°C),ATE_BENCH_01,CH_13,VALID,0,,60.0,synthetic
LOT_L01_C013,LOT_L01,RDS(on),168,46.66133630317522,mOhm,125.0,Operating Life / Power Conduction (TJ=125-150°C),ATE_BENCH_01,CH_13,VALID,0,,60.0,synthetic
LOT_L01_C013,LOT_L01,IGSS,0,2.7613707641077347,nA,150.0,"HTGB (150°C, ±20V)",ATE_BENCH_01,CH_13,VALID,0,-100.0,100.0,synthetic
LOT_L01_C013,LOT_L01,IGSS,24,2.3001295987482764,nA,150.0,"HTGB (150°C, ±20V)",ATE_BENCH_01,CH_13,VALID,0,-100.0,100.0,synthetic
LOT_L01_C013,LOT_L01,IGSS,96,5.094875439864561,nA,150.0,"HTGB (150°C, ±20V)",ATE_BENCH_01,CH_13,VALID,0,-100.0,100.0,synthetic
LOT_L01_C013,LOT_L01,IGSS,168,2.9504724076890407,nA,150.0,"HTGB (150°C, ±20V)",ATE_BENCH_01,CH_13,VALID,0,-100.0,100.0,synthetic
LOT_L01_C014,LOT_L01,IDSS,0,2.03384912840511,uA,150.0,"HTRB (150°C, 80V)",ATE_BENCH_01,CH_14,VALID,0,,10.0,synthetic
LOT_L01_C014,LOT_L01,IDSS,24,1.9463880306311923,uA,150.0,"HTRB (150°C, 80V)",ATE_BENCH_01,CH_14,VALID,0,,10.0,synthetic
LOT_L01_C014,LOT_L01,IDSS,96,2.102254379392638,uA,150.0,"HTRB (150°C, 80V)",ATE_BENCH_01,CH_14,VALID,0,,10.0,synthetic
LOT_L01_C014,LOT_L01,IDSS,168,1.7108301211110206,uA,150.0,"HTRB (150°C, 80V)",ATE_BENCH_01,CH_14,VALID,0,,10.0,synthetic
LOT_L01_C014,LOT_L01,VGS(th),0,2.987871037427605,V,150.0,"HTGB (150°C, 20V)",ATE_BENCH_01,CH_14,VALID,0,2.0,4.0,synthetic
LOT_L01_C014,LOT_L01,VGS(th),24,3.0041848665559145,V,150.0,"HTGB (150°C, 20V)",ATE_BENCH_01,CH_14,VALID,0,2.0,4.0,synthetic
LOT_L01_C014,LOT_L01,VGS(th),96,2.9621610365695865,V,150.0,"HTGB (150°C, 20V)",ATE_BENCH_01,CH_14,VALID,0,2.0,4.0,synthetic
LOT_L01_C014,LOT_L01,VGS(th),168,2.938167617978005,V,150.0,"HTGB (150°C, 20V)",ATE_BENCH_01,CH_14,VALID,0,2.0,4.0,synthetic
LOT_L01_C014,LOT_L01,RDS(on),0,46.830096009731015,mOhm,125.0,Operating Life / Power Conduction (TJ=125-150°C),ATE_BENCH_01,CH_14,VALID,0,,60.0,synthetic
LOT_L01_C014,LOT_L01,RDS(on),24,46.87880622356684,mOhm,125.0,Operating Life / Power Conduction (TJ=125-150°C),ATE_BENCH_01,CH_14,VALID,0,,60.0,synthetic
LOT_L01_C014,LOT_L01,RDS(on),96,47.951600519664964,mOhm,125.0,Operating Life / Power Conduction (TJ=125-150°C),ATE_BENCH_01,CH_14,VALID,0,,60.0,synthetic
LOT_L01_C014,LOT_L01,RDS(on),168,47.87241589206229,mOhm,125.0,Operating Life / Power Conduction (TJ=125-150°C),ATE_BENCH_01,CH_14,VALID,0,,60.0,synthetic
LOT_L01_C014,LOT_L01,IGSS,0,-3.238886408925458,nA,150.0,"HTGB (150°C, ±20V)",ATE_BENCH_01,CH_14,VALID,0,-100.0,100.0,synthetic
LOT_L01_C014,LOT_L01,IGSS,24,-1.6139698759329348,nA,150.0,"HTGB (150°C, ±20V)",ATE_BENCH_01,CH_14,VALID,0,-100.0,100.0,synthetic
LOT_L01_C014,LOT_L01,IGSS,96,-3.6922638554041005,nA,150.0,"HTGB (150°C, ±20V)",ATE_BENCH_01,CH_14,VALID,0,-100.0,100.0,synthetic
LOT_L01_C014,LOT_L01,IGSS,168,-2.8835739326245524,nA,150.0,"HTGB (150°C, ±20V)",ATE_BENCH_01,CH_14,VALID,0,-100.0,100.0,synthetic
LOT_L01_C015,LOT_L01,IDSS,0,0.5655536856232654,uA,150.0,"HTRB (150°C, 80V)",ATE_BENCH_01,CH_15,VALID,0,,10.0,synthetic
LOT_L01_C015,LOT_L01,IDSS,24,0.5867166644017257,uA,150.0,"HTRB (150°C, 80V)",ATE_BENCH_01,CH_15,VALID,0,,10.0,synthetic
LOT_L01_C015,LOT_L01,IDSS,96,0.5172731837904527,uA,150.0,"HTRB (150°C, 80V)",ATE_BENCH_01,CH_15,VALID,0,,10.0,synthetic
LOT_L01_C015,LOT_L01,IDSS,168,0.6559356260540222,uA,150.0,"HTRB (150°C, 80V)",ATE_BENCH_01,CH_15,VALID,0,,10.0,synthetic
LOT_L01_C015,LOT_L01,VGS(th),0,2.8890668229573535,V,150.0,"HTGB (150°C, 20V)",ATE_BENCH_01,CH_15,VALID,0,2.0,4.0,synthetic
LOT_L01_C015,LOT_L01,VGS(th),24,2.9013556716262,V,150.0,"HTGB (150°C, 20V)",ATE_BENCH_01,CH_15,VALID,0,2.0,4.0,synthetic
LOT_L01_C015,LOT_L01,VGS(th),96,2.8902636205203693,V,150.0,"HTGB (150°C, 20V)",ATE_BENCH_01,CH_15,VALID,0,2.0,4.0,synthetic
LOT_L01_C015,LOT_L01,VGS(th),168,2.8601962844955406,V,150.0,"HTGB (150°C, 20V)",ATE_BENCH_01,CH_15,VALID,0,2.0,4.0,synthetic
LOT_L01_C015,LOT_L01,RDS(on),0,47.19972473705653,mOhm,125.0,Operating Life / Power Conduction (TJ=125-150°C),ATE_BENCH_01,CH_15,VALID,0,,60.0,synthetic
LOT_L01_C015,LOT_L01,RDS(on),24,47.84177427709518,mOhm,125.0,Operating Life / Power Conduction (TJ=125-150°C),ATE_BENCH_01,CH_15,VALID,0,,60.0,synthetic
LOT_L01_C015,LOT_L01,RDS(on),96,46.10045424213059,mOhm,125.0,Operating Life / Power Conduction (TJ=125-150°C),ATE_BENCH_01,CH_15,VALID,0,,60.0,synthetic
LOT_L01_C015,LOT_L01,RDS(on),168,45.791202301924216,mOhm,125.0,Operating Life / Power Conduction (TJ=125-150°C),ATE_BENCH_01,CH_15,VALID,0,,60.0,synthetic
LOT_L01_C015,LOT_L01,IGSS,0,1.9115290762132078,nA,150.0,"HTGB (150°C, ±20V)",ATE_BENCH_01,CH_15,VALID,0,-100.0,100.0,synthetic
LOT_L01_C015,LOT_L01,IGSS,24,0.6968657784641348,nA,150.0,"HTGB (150°C, ±20V)",ATE_BENCH_01,CH_15,VALID,0,-100.0,100.0,synthetic
LOT_L01_C015,LOT_L01,IGSS,96,2.3550134120568225,nA,150.0,"HTGB (150°C, ±20V)",ATE_BENCH_01,CH_15,VALID,0,-100.0,100.0,synthetic
LOT_L01_C015,LOT_L01,IGSS,168,1.0869318517575874,nA,150.0,"HTGB (150°C, ±20V)",ATE_BENCH_01,CH_15,VALID,0,-100.0,100.0,synthetic
LOT_L01_C016,LOT_L01,IDSS,0,0.3123422360161856,uA,150.0,"HTRB (150°C, 80V)",ATE_BENCH_01,CH_16,VALID,0,,10.0,synthetic
LOT_L01_C016,LOT_L01,IDSS,24,0.3013126924595265,uA,150.0,"HTRB (150°C, 80V)",ATE_BENCH_01,CH_16,VALID,0,,10.0,synthetic
LOT_L01_C016,LOT_L01,IDSS,96,0.27231203594163317,uA,150.0,"HTRB (150°C, 80V)",ATE_BENCH_01,CH_16,VALID,0,,10.0,synthetic
LOT_L01_C016,LOT_L01,IDSS,168,0.25634448817730265,uA,150.0,"HTRB (150°C, 80V)",ATE_BENCH_01,CH_16,VALID,0,,10.0,synthetic
LOT_L01_C016,LOT_L01,VGS(th),0,3.6410176801701235,V,150.0,"HTGB (150°C, 20V)",ATE_BENCH_01,CH_16,VALID,0,2.0,4.0,synthetic
LOT_L01_C016,LOT_L01,VGS(th),24,3.637539853735586,V,150.0,"HTGB (150°C, 20V)",ATE_BENCH_01,CH_16,VALID,0,2.0,4.0,synthetic
LOT_L01_C016,LOT_L01,VGS(th),96,3.655265206497079,V,150.0,"HTGB (150°C, 20V)",ATE_BENCH_01,CH_16,VALID,0,2.0,4.0,synthetic
LOT_L01_C016,LOT_L01,VGS(th),168,3.640453868648219,V,150.0,"HTGB (150°C, 20V)",ATE_BENCH_01,CH_16,VALID,0,2.0,4.0,synthetic
LOT_L01_C016,LOT_L01,RDS(on),0,51.980898510345746,mOhm,125.0,Operating Life / Power Conduction (TJ=125-150°C),ATE_BENCH_01,CH_16,VALID,0,,60.0,synthetic
LOT_L01_C016,LOT_L01,RDS(on),24,51.682415858296,mOhm,125.0,Operating Life / Power Conduction (TJ=125-150°C),ATE_BENCH_01,CH_16,VALID,0,,60.0,synthetic
LOT_L01_C016,LOT_L01,RDS(on),96,52.41973492776448,mOhm,125.0,Operating Life / Power Conduction (TJ=125-150°C),ATE_BENCH_01,CH_16,VALID,0,,60.0,synthetic
LOT_L01_C016,LOT_L01,RDS(on),168,51.84977252732558,mOhm,125.0,Operating Life / Power Conduction (TJ=125-150°C),ATE_BENCH_01,CH_16,VALID,0,,60.0,synthetic
LOT_L01_C016,LOT_L01,IGSS,0,-0.43320301011812834,nA,150.0,"HTGB (150°C, ±20V)",ATE_BENCH_01,CH_16,VALID,0,-100.0,100.0,synthetic
LOT_L01_C016,LOT_L01,IGSS,24,-1.1595232516191967,nA,150.0,"HTGB (150°C, ±20V)",ATE_BENCH_01,CH_16,VALID,0,-100.0,100.0,synthetic
LOT_L01_C016,LOT_L01,IGSS,96,-0.8220215650841364,nA,150.0,"HTGB (150°C, ±20V)",ATE_BENCH_01,CH_16,VALID,0,-100.0,100.0,synthetic
LOT_L01_C016,LOT_L01,IGSS,168,-0.9904518770165932,nA,150.0,"HTGB (150°C, ±20V)",ATE_BENCH_01,CH_16,VALID,0,-100.0,100.0,synthetic
LOT_L01_C017,LOT_L01,IDSS,0,0.479079257745261,uA,150.0,"HTRB (150°C, 80V)",ATE_BENCH_02,CH_01,VALID,0,,10.0,synthetic
LOT_L01_C017,LOT_L01,IDSS,24,0.48126043612592445,uA,150.0,"HTRB (150°C, 80V)",ATE_BENCH_02,CH_01,VALID,0,,10.0,synthetic
LOT_L01_C017,LOT_L01,IDSS,96,0.48010565309032804,uA,150.0,"HTRB (150°C, 80V)",ATE_BENCH_02,CH_01,VALID,0,,10.0,synthetic
LOT_L01_C017,LOT_L01,IDSS,168,0.507023069935557,uA,150.0,"HTRB (150°C, 80V)",ATE_BENCH_02,CH_01,VALID,0,,10.0,synthetic
LOT_L01_C017,LOT_L01,VGS(th),0,2.996675516000668,V,150.0,"HTGB (150°C, 20V)",ATE_BENCH_02,CH_01,VALID,0,2.0,4.0,synthetic
LOT_L01_C017,LOT_L01,VGS(th),24,3.0360816493682337,V,150.0,"HTGB (150°C, 20V)",ATE_BENCH_02,CH_01,VALID,0,2.0,4.0,synthetic
LOT_L01_C017,LOT_L01,VGS(th),96,3.017138167707239,V,150.0,"HTGB (150°C, 20V)",ATE_BENCH_02,CH_01,VALID,0,2.0,4.0,synthetic
LOT_L01_C017,LOT_L01,VGS(th),168,2.9947666864017815,V,150.0,"HTGB (150°C, 20V)",ATE_BENCH_02,CH_01,VALID,0,2.0,4.0,synthetic
LOT_L01_C017,LOT_L01,RDS(on),0,50.66552517384352,mOhm,125.0,Operating Life / Power Conduction (TJ=125-150°C),ATE_BENCH_02,CH_01,VALID,0,,60.0,synthetic
LOT_L01_C017,LOT_L01,RDS(on),24,50.277807771015866,mOhm,125.0,Operating Life / Power Conduction (TJ=125-150°C),ATE_BENCH_02,CH_01,VALID,0,,60.0,synthetic
LOT_L01_C017,LOT_L01,RDS(on),96,50.48045068845874,mOhm,125.0,Operating Life / Power Conduction (TJ=125-150°C),ATE_BENCH_02,CH_01,VALID,0,,60.0,synthetic
LOT_L01_C017,LOT_L01,RDS(on),168,49.25089412516896,mOhm,125.0,Operating Life / Power Conduction (TJ=125-150°C),ATE_BENCH_02,CH_01,VALID,0,,60.0,synthetic
LOT_L01_C017,LOT_L01,IGSS,0,1.8469138032794832,nA,150.0,"HTGB (150°C, ±20V)",ATE_BENCH_02,CH_01,VALID,0,-100.0,100.0,synthetic
LOT_L01_C017,LOT_L01,IGSS,24,1.4632052151016892,nA,150.0,"HTGB (150°C, ±20V)",ATE_BENCH_02,CH_01,VALID,0,-100.0,100.0,synthetic
LOT_L01_C017,LOT_L01,IGSS,96,1.6238580332173285,nA,150.0,"HTGB (150°C, ±20V)",ATE_BENCH_02,CH_01,VALID,0,-100.0,100.0,synthetic
LOT_L01_C017,LOT_L01,IGSS,168,1.1976422338260142,nA,150.0,"HTGB (150°C, ±20V)",ATE_BENCH_02,CH_01,VALID,0,-100.0,100.0,synthetic
LOT_L01_C018,LOT_L01,IDSS,0,0.5744153673217882,uA,150.0,"HTRB (150°C, 80V)",ATE_BENCH_02,CH_02,VALID,0,,10.0,synthetic
LOT_L01_C018,LOT_L01,IDSS,24,0.5842631205222525,uA,150.0,"HTRB (150°C, 80V)",ATE_BENCH_02,CH_02,VALID,0,,10.0,synthetic
LOT_L01_C018,LOT_L01,IDSS,96,0.42519407619592764,uA,150.0,"HTRB (150°C, 80V)",ATE_BENCH_02,CH_02,VALID,0,,10.0,synthetic
LOT_L01_C018,LOT_L01,IDSS,168,0.5504301692646895,uA,150.0,"HTRB (150°C, 80V)",ATE_BENCH_02,CH_02,VALID,0,,10.0,synthetic
LOT_L01_C018,LOT_L01,VGS(th),0,2.9367731892971407,V,150.0,"HTGB (150°C, 20V)",ATE_BENCH_02,CH_02,VALID,0,2.0,4.0,synthetic
LOT_L01_C018,LOT_L01,VGS(th),24,2.964610089539829,V,150.0,"HTGB (150°C, 20V)",ATE_BENCH_02,CH_02,VALID,0,2.0,4.0,synthetic
LOT_L01_C018,LOT_L01,VGS(th),96,2.969556290661996,V,150.0,"HTGB (150°C, 20V)",ATE_BENCH_02,CH_02,VALID,0,2.0,4.0,synthetic
LOT_L01_C018,LOT_L01,VGS(th),168,2.9255502973825083,V,150.0,"HTGB (150°C, 20V)",ATE_BENCH_02,CH_02,VALID,0,2.0,4.0,synthetic
LOT_L01_C018,LOT_L01,RDS(on),0,55.04550162480246,mOhm,125.0,Operating Life / Power Conduction (TJ=125-150°C),ATE_BENCH_02,CH_02,VALID,0,,60.0,synthetic
LOT_L01_C018,LOT_L01,RDS(on),24,56.74979929916775,mOhm,125.0,Operating Life / Power Conduction (TJ=125-150°C),ATE_BENCH_02,CH_02,VALID,0,,60.0,synthetic
LOT_L01_C018,LOT_L01,RDS(on),96,55.38013210228976,mOhm,125.0,Operating Life / Power Conduction (TJ=125-150°C),ATE_BENCH_02,CH_02,VALID,0,,60.0,synthetic
LOT_L01_C018,LOT_L01,RDS(on),168,56.32033080629112,mOhm,125.0,Operating Life / Power Conduction (TJ=125-150°C),ATE_BENCH_02,CH_02,VALID,0,,60.0,synthetic
LOT_L01_C018,LOT_L01,IGSS,0,-2.530975070204975,nA,150.0,"HTGB (150°C, ±20V)",ATE_BENCH_02,CH_02,VALID,0,-100.0,100.0,synthetic
LOT_L01_C018,LOT_L01,IGSS,24,-2.2680176534175116,nA,150.0,"HTGB (150°C, ±20V)",ATE_BENCH_02,CH_02,VALID,0,-100.0,100.0,synthetic
LOT_L01_C018,LOT_L01,IGSS,96,-2.7292097025807545,nA,150.0,"HTGB (150°C, ±20V)",ATE_BENCH_02,CH_02,VALID,0,-100.0,100.0,synthetic
LOT_L01_C018,LOT_L01,IGSS,168,-1.3853337643258996,nA,150.0,"HTGB (150°C, ±20V)",ATE_BENCH_02,CH_02,VALID,0,-100.0,100.0,synthetic
LOT_L01_C019,LOT_L01,IDSS,0,0.2909175548964086,uA,150.0,"HTRB (150°C, 80V)",ATE_BENCH_02,CH_03,VALID,0,,10.0,synthetic
LOT_L01_C019,LOT_L01,IDSS,24,0.3527622180669561,uA,150.0,"HTRB (150°C, 80V)",ATE_BENCH_02,CH_03,VALID,0,,10.0,synthetic
LOT_L01_C019,LOT_L01,IDSS,96,0.34694117369039423,uA,150.0,"HTRB (150°C, 80V)",ATE_BENCH_02,CH_03,VALID,0,,10.0,synthetic
LOT_L01_C019,LOT_L01,IDSS,168,0.28472071201503013,uA,150.0,"HTRB (150°C, 80V)",ATE_BENCH_02,CH_03,VALID,0,,10.0,synthetic
LOT_L01_C019,LOT_L01,VGS(th),0,2.9536012589379506,V,150.0,"HTGB (150°C, 20V)",ATE_BENCH_02,CH_03,VALID,0,2.0,4.0,synthetic
LOT_L01_C019,LOT_L01,VGS(th),24,2.9761813993812525,V,150.0,"HTGB (150°C, 20V)",ATE_BENCH_02,CH_03,VALID,0,2.0,4.0,synthetic
LOT_L01_C019,LOT_L01,VGS(th),96,2.981668567585951,V,150.0,"HTGB (150°C, 20V)",ATE_BENCH_02,CH_03,VALID,0,2.0,4.0,synthetic
LOT_L01_C019,LOT_L01,VGS(th),168,2.952245911576543,V,150.0,"HTGB (150°C, 20V)",ATE_BENCH_02,CH_03,VALID,0,2.0,4.0,synthetic
LOT_L01_C019,LOT_L01,RDS(on),0,44.63450196587853,mOhm,125.0,Operating Life / Power Conduction (TJ=125-150°C),ATE_BENCH_02,CH_03,VALID,0,,60.0,synthetic
LOT_L01_C019,LOT_L01,RDS(on),24,44.495845838300355,mOhm,125.0,Operating Life / Power Conduction (TJ=125-150°C),ATE_BENCH_02,CH_03,VALID,0,,60.0,synthetic
LOT_L01_C019,LOT_L01,RDS(on),96,43.545823915333315,mOhm,125.0,Operating Life / Power Conduction (TJ=125-150°C),ATE_BENCH_02,CH_03,VALID,0,,60.0,synthetic
LOT_L01_C019,LOT_L01,RDS(on),168,45.327725686350924,mOhm,125.0,Operating Life / Power Conduction (TJ=125-150°C),ATE_BENCH_02,CH_03,VALID,0,,60.0,synthetic
LOT_L01_C019,LOT_L01,IGSS,0,4.9906956249555865,nA,150.0,"HTGB (150°C, ±20V)",ATE_BENCH_02,CH_03,VALID,0,-100.0,100.0,synthetic
LOT_L01_C019,LOT_L01,IGSS,24,2.8670291279805835,nA,150.0,"HTGB (150°C, ±20V)",ATE_BENCH_02,CH_03,VALID,0,-100.0,100.0,synthetic
LOT_L01_C019,LOT_L01,IGSS,96,3.2820060089961083,nA,150.0,"HTGB (150°C, ±20V)",ATE_BENCH_02,CH_03,VALID,0,-100.0,100.0,synthetic
LOT_L01_C019,LOT_L01,IGSS,168,3.6200800878619814,nA,150.0,"HTGB (150°C, ±20V)",ATE_BENCH_02,CH_03,VALID,0,-100.0,100.0,synthetic
LOT_L01_C020,LOT_L01,IDSS,0,1.997343595089841,uA,150.0,"HTRB (150°C, 80V)",ATE_BENCH_02,CH_04,VALID,0,,10.0,synthetic
LOT_L01_C020,LOT_L01,IDSS,24,2.3121781255799476,uA,150.0,"HTRB (150°C, 80V)",ATE_BENCH_02,CH_04,VALID,0,,10.0,synthetic
LOT_L01_C020,LOT_L01,IDSS,96,2.325863265467612,uA,150.0,"HTRB (150°C, 80V)",ATE_BENCH_02,CH_04,VALID,0,,10.0,synthetic
LOT_L01_C020,LOT_L01,IDSS,168,2.121762761766314,uA,150.0,"HTRB (150°C, 80V)",ATE_BENCH_02,CH_04,VALID,0,,10.0,synthetic
LOT_L01_C020,LOT_L01,VGS(th),0,3.069093629227977,V,150.0,"HTGB (150°C, 20V)",ATE_BENCH_02,CH_04,VALID,0,2.0,4.0,synthetic
LOT_L01_C020,LOT_L01,VGS(th),24,3.0870932277979826,V,150.0,"HTGB (150°C, 20V)",ATE_BENCH_02,CH_04,VALID,0,2.0,4.0,synthetic
LOT_L01_C020,LOT_L01,VGS(th),96,3.0946769182168117,V,150.0,"HTGB (150°C, 20V)",ATE_BENCH_02,CH_04,VALID,0,2.0,4.0,synthetic
LOT_L01_C020,LOT_L01,VGS(th),168,3.0860883169050832,V,150.0,"HTGB (150°C, 20V)",ATE_BENCH_02,CH_04,VALID,0,2.0,4.0,synthetic
LOT_L01_C020,LOT_L01,RDS(on),0,46.31098678712491,mOhm,125.0,Operating Life / Power Conduction (TJ=125-150°C),ATE_BENCH_02,CH_04,VALID,0,,60.0,synthetic
LOT_L01_C020,LOT_L01,RDS(on),24,45.458305461221634,mOhm,125.0,Operating Life / Power Conduction (TJ=125-150°C),ATE_BENCH_02,CH_04,VALID,0,,60.0,synthetic
LOT_L01_C020,LOT_L01,RDS(on),96,45.395465932371195,mOhm,125.0,Operating Life / Power Conduction (TJ=125-150°C),ATE_BENCH_02,CH_04,VALID,0,,60.0,synthetic
LOT_L01_C020,LOT_L01,RDS(on),168,45.75949008089829,mOhm,125.0,Operating Life / Power Conduction (TJ=125-150°C),ATE_BENCH_02,CH_04,VALID,0,,60.0,synthetic
LOT_L01_C020,LOT_L01,IGSS,0,-1.6765835382124026,nA,150.0,"HTGB (150°C, ±20V)",ATE_BENCH_02,CH_04,VALID,0,-100.0,100.0,synthetic
LOT_L01_C020,LOT_L01,IGSS,24,-2.2245159933452605,nA,150.0,"HTGB (150°C, ±20V)",ATE_BENCH_02,CH_04,VALID,0,-100.0,100.0,synthetic
LOT_L01_C020,LOT_L01,IGSS,96,-2.5179573381094675,nA,150.0,"HTGB (150°C, ±20V)",ATE_BENCH_02,CH_04,VALID,0,-100.0,100.0,synthetic
LOT_L01_C020,LOT_L01,IGSS,168,-2.0685676375223356,nA,150.0,"HTGB (150°C, ±20V)",ATE_BENCH_02,CH_04,VALID,0,-100.0,100.0,synthetic
LOT_L01_C021,LOT_L01,IDSS,0,0.5603361544138249,uA,150.0,"HTRB (150°C, 80V)",ATE_BENCH_02,CH_05,VALID,0,,10.0,synthetic
LOT_L01_C021,LOT_L01,IDSS,24,0.5594147095030462,uA,150.0,"HTRB (150°C, 80V)",ATE_BENCH_02,CH_05,VALID,0,,10.0,synthetic
LOT_L01_C021,LOT_L01,IDSS,96,0.5617885920042003,uA,150.0,"HTRB (150°C, 80V)",ATE_BENCH_02,CH_05,VALID,0,,10.0,synthetic
LOT_L01_C021,LOT_L01,IDSS,168,0.5396838535880444,uA,150.0,"HTRB (150°C, 80V)",ATE_BENCH_02,CH_05,VALID,0,,10.0,synthetic
LOT_L01_C021,LOT_L01,VGS(th),0,2.9445613629830993,V,150.0,"HTGB (150°C, 20V)",ATE_BENCH_02,CH_05,VALID,0,2.0,4.0,synthetic
LOT_L01_C021,LOT_L01,VGS(th),24,2.9716665871958035,V,150.0,"HTGB (150°C, 20V)",ATE_BENCH_02,CH_05,VALID,0,2.0,4.0,synthetic
LOT_L01_C021,LOT_L01,VGS(th),96,2.9591699062304064,V,150.0,"HTGB (150°C, 20V)",ATE_BENCH_02,CH_05,VALID,0,2.0,4.0,synthetic
LOT_L01_C021,LOT_L01,VGS(th),168,2.969356196850436,V,150.0,"HTGB (150°C, 20V)",ATE_BENCH_02,CH_05,VALID,0,2.0,4.0,synthetic
LOT_L01_C021,LOT_L01,RDS(on),0,44.729819173902314,mOhm,125.0,Operating Life / Power Conduction (TJ=125-150°C),ATE_BENCH_02,CH_05,VALID,0,,60.0,synthetic
LOT_L01_C021,LOT_L01,RDS(on),24,44.65938717525957,mOhm,125.0,Operating Life / Power Conduction (TJ=125-150°C),ATE_BENCH_02,CH_05,VALID,0,,60.0,synthetic
LOT_L01_C021,LOT_L01,RDS(on),96,43.767801911122206,mOhm,125.0,Operating Life / Power Conduction (TJ=125-150°C),ATE_BENCH_02,CH_05,VALID,0,,60.0,synthetic
LOT_L01_C021,LOT_L01,RDS(on),168,43.73064016440992,mOhm,125.0,Operating Life / Power Conduction (TJ=125-150°C),ATE_BENCH_02,CH_05,VALID,0,,60.0,synthetic
LOT_L01_C021,LOT_L01,IGSS,0,1.2920121857508944,nA,150.0,"HTGB (150°C, ±20V)",ATE_BENCH_02,CH_05,VALID,0,-100.0,100.0,synthetic
LOT_L01_C021,LOT_L01,IGSS,24,0.6838199501901978,nA,150.0,"HTGB (150°C, ±20V)",ATE_BENCH_02,CH_05,VALID,0,-100.0,100.0,synthetic
LOT_L01_C021,LOT_L01,IGSS,96,0.7392493497230179,nA,150.0,"HTGB (150°C, ±20V)",ATE_BENCH_02,CH_05,VALID,0,-100.0,100.0,synthetic
LOT_L01_C021,LOT_L01,IGSS,168,1.4559268456380632,nA,150.0,"HTGB (150°C, ±20V)",ATE_BENCH_02,CH_05,VALID,0,-100.0,100.0,synthetic
LOT_L01_C022,LOT_L01,IDSS,0,0.5153863383610812,uA,150.0,"HTRB (150°C, 80V)",ATE_BENCH_02,CH_06,VALID,0,,10.0,synthetic
LOT_L01_C022,LOT_L01,IDSS,24,0.5013216835237587,uA,150.0,"HTRB (150°C, 80V)",ATE_BENCH_02,CH_06,VALID,0,,10.0,synthetic
LOT_L01_C022,LOT_L01,IDSS,96,0.47816074540267506,uA,150.0,"HTRB (150°C, 80V)",ATE_BENCH_02,CH_06,VALID,0,,10.0,synthetic
LOT_L01_C022,LOT_L01,IDSS,168,0.5133118117925617,uA,150.0,"HTRB (150°C, 80V)",ATE_BENCH_02,CH_06,VALID,0,,10.0,synthetic
LOT_L01_C022,LOT_L01,VGS(th),0,3.598725496356639,V,150.0,"HTGB (150°C, 20V)",ATE_BENCH_02,CH_06,VALID,0,2.0,4.0,synthetic
LOT_L01_C022,LOT_L01,VGS(th),24,3.5503401623727866,V,150.0,"HTGB (150°C, 20V)",ATE_BENCH_02,CH_06,VALID,0,2.0,4.0,synthetic
LOT_L01_C022,LOT_L01,VGS(th),96,3.5848800163116175,V,150.0,"HTGB (150°C, 20V)",ATE_BENCH_02,CH_06,VALID,0,2.0,4.0,synthetic
LOT_L01_C022,LOT_L01,VGS(th),168,3.566045755571201,V,150.0,"HTGB (150°C, 20V)",ATE_BENCH_02,CH_06,VALID,0,2.0,4.0,synthetic
LOT_L01_C022,LOT_L01,RDS(on),0,44.98962946283117,mOhm,125.0,Operating Life / Power Conduction (TJ=125-150°C),ATE_BENCH_02,CH_06,VALID,0,,60.0,synthetic
LOT_L01_C022,LOT_L01,RDS(on),24,45.6350228184798,mOhm,125.0,Operating Life / Power Conduction (TJ=125-150°C),ATE_BENCH_02,CH_06,VALID,0,,60.0,synthetic
LOT_L01_C022,LOT_L01,RDS(on),96,45.0588881907539,mOhm,125.0,Operating Life / Power Conduction (TJ=125-150°C),ATE_BENCH_02,CH_06,VALID,0,,60.0,synthetic
LOT_L01_C022,LOT_L01,RDS(on),168,45.05999414082612,mOhm,125.0,Operating Life / Power Conduction (TJ=125-150°C),ATE_BENCH_02,CH_06,VALID,0,,60.0,synthetic
LOT_L01_C022,LOT_L01,IGSS,0,-2.1034848617743935,nA,150.0,"HTGB (150°C, ±20V)",ATE_BENCH_02,CH_06,VALID,0,-100.0,100.0,synthetic
LOT_L01_C022,LOT_L01,IGSS,24,-3.2192022624810366,nA,150.0,"HTGB (150°C, ±20V)",ATE_BENCH_02,CH_06,VALID,0,-100.0,100.0,synthetic
LOT_L01_C022,LOT_L01,IGSS,96,-3.2574338901020505,nA,150.0,"HTGB (150°C, ±20V)",ATE_BENCH_02,CH_06,VALID,0,-100.0,100.0,synthetic
LOT_L01_C022,LOT_L01,IGSS,168,-2.439222992489624,nA,150.0,"HTGB (150°C, ±20V)",ATE_BENCH_02,CH_06,VALID,0,-100.0,100.0,synthetic
LOT_L01_C023,LOT_L01,IDSS,0,0.4038941389716016,uA,150.0,"HTRB (150°C, 80V)",ATE_BENCH_02,CH_07,VALID,0,,10.0,synthetic
LOT_L01_C023,LOT_L01,IDSS,24,0.47556822106742286,uA,150.0,"HTRB (150°C, 80V)",ATE_BENCH_02,CH_07,VALID,0,,10.0,synthetic
LOT_L01_C023,LOT_L01,IDSS,96,0.442518850382015,uA,150.0,"HTRB (150°C, 80V)",ATE_BENCH_02,CH_07,VALID,0,,10.0,synthetic
LOT_L01_C023,LOT_L01,IDSS,168,0.45270468788136964,uA,150.0,"HTRB (150°C, 80V)",ATE_BENCH_02,CH_07,VALID,0,,10.0,synthetic
LOT_L01_C023,LOT_L01,VGS(th),0,3.1416231563453625,V,150.0,"HTGB (150°C, 20V)",ATE_BENCH_02,CH_07,VALID,0,2.0,4.0,synthetic
LOT_L01_C023,LOT_L01,VGS(th),24,3.1771223011566945,V,150.0,"HTGB (150°C, 20V)",ATE_BENCH_02,CH_07,VALID,0,2.0,4.0,synthetic
LOT_L01_C023,LOT_L01,VGS(th),96,3.1781178676890787,V,150.0,"HTGB (150°C, 20V)",ATE_BENCH_02,CH_07,VALID,0,2.0,4.0,synthetic
LOT_L01_C023,LOT_L01,VGS(th),168,3.1573677180884525,V,150.0,"HTGB (150°C, 20V)",ATE_BENCH_02,CH_07,VALID,0,2.0,4.0,synthetic
LOT_L01_C023,LOT_L01,RDS(on),0,51.50873870082318,mOhm,125.0,Operating Life / Power Conduction (TJ=125-150°C),ATE_BENCH_02,CH_07,VALID,0,,60.0,synthetic
LOT_L01_C023,LOT_L01,RDS(on),24,51.83420215248784,mOhm,125.0,Operating Life / Power Conduction (TJ=125-150°C),ATE_BENCH_02,CH_07,VALID,0,,60.0,synthetic
LOT_L01_C023,LOT_L01,RDS(on),96,51.68152871384429,mOhm,125.0,Operating Life / Power Conduction (TJ=125-150°C),ATE_BENCH_02,CH_07,VALID,0,,60.0,synthetic
LOT_L01_C023,LOT_L01,RDS(on),168,50.73034707804356,mOhm,125.0,Operating Life / Power Conduction (TJ=125-150°C),ATE_BENCH_02,CH_07,VALID,0,,60.0,synthetic
LOT_L01_C023,LOT_L01,IGSS,0,4.030515994355617,nA,150.0,"HTGB (150°C, ±20V)",ATE_BENCH_02,CH_07,VALID,0,-100.0,100.0,synthetic
LOT_L01_C023,LOT_L01,IGSS,24,1.5483795596417922,nA,150.0,"HTGB (150°C, ±20V)",ATE_BENCH_02,CH_07,VALID,0,-100.0,100.0,synthetic
LOT_L01_C023,LOT_L01,IGSS,96,1.4200022381343615,nA,150.0,"HTGB (150°C, ±20V)",ATE_BENCH_02,CH_07,VALID,0,-100.0,100.0,synthetic
LOT_L01_C023,LOT_L01,IGSS,168,3.0237489515667813,nA,150.0,"HTGB (150°C, ±20V)",ATE_BENCH_02,CH_07,VALID,0,-100.0,100.0,synthetic
LOT_L01_C024,LOT_L01,IDSS,0,0.5731165525341257,uA,150.0,"HTRB (150°C, 80V)",ATE_BENCH_02,CH_08,VALID,0,,10.0,synthetic
LOT_L01_C024,LOT_L01,IDSS,24,0.5958045664522126,uA,150.0,"HTRB (150°C, 80V)",ATE_BENCH_02,CH_08,VALID,0,,10.0,synthetic
LOT_L01_C024,LOT_L01,IDSS,96,0.5648581596980028,uA,150.0,"HTRB (150°C, 80V)",ATE_BENCH_02,CH_08,VALID,0,,10.0,synthetic
LOT_L01_C024,LOT_L01,IDSS,168,0.5580460368040429,uA,150.0,"HTRB (150°C, 80V)",ATE_BENCH_02,CH_08,VALID,0,,10.0,synthetic
LOT_L01_C024,LOT_L01,VGS(th),0,3.0221688964851636,V,150.0,"HTGB (150°C, 20V)",ATE_BENCH_02,CH_08,VALID,0,2.0,4.0,synthetic
LOT_L01_C024,LOT_L01,VGS(th),24,2.990764637627728,V,150.0,"HTGB (150°C, 20V)",ATE_BENCH_02,CH_08,VALID,0,2.0,4.0,synthetic
LOT_L01_C024,LOT_L01,VGS(th),96,3.02159262044675,V,150.0,"HTGB (150°C, 20V)",ATE_BENCH_02,CH_08,VALID,0,2.0,4.0,synthetic
LOT_L01_C024,LOT_L01,VGS(th),168,3.007180814239484,V,150.0,"HTGB (150°C, 20V)",ATE_BENCH_02,CH_08,VALID,0,2.0,4.0,synthetic
LOT_L01_C024,LOT_L01,RDS(on),0,55.024906052472545,mOhm,125.0,Operating Life / Power Conduction (TJ=125-150°C),ATE_BENCH_02,CH_08,VALID,0,,60.0,synthetic
LOT_L01_C024,LOT_L01,RDS(on),24,55.69494921215594,mOhm,125.0,Operating Life / Power Conduction (TJ=125-150°C),ATE_BENCH_02,CH_08,VALID,0,,60.0,synthetic
LOT_L01_C024,LOT_L01,RDS(on),96,55.55281123109879,mOhm,125.0,Operating Life / Power Conduction (TJ=125-150°C),ATE_BENCH_02,CH_08,VALID,0,,60.0,synthetic
LOT_L01_C024,LOT_L01,RDS(on),168,54.68035622589084,mOhm,125.0,Operating Life / Power Conduction (TJ=125-150°C),ATE_BENCH_02,CH_08,VALID,0,,60.0,synthetic
LOT_L01_C024,LOT_L01,IGSS,0,-1.8744609458312609,nA,150.0,"HTGB (150°C, ±20V)",ATE_BENCH_02,CH_08,VALID,0,-100.0,100.0,synthetic
LOT_L01_C024,LOT_L01,IGSS,24,-1.7078477253055098,nA,150.0,"HTGB (150°C, ±20V)",ATE_BENCH_02,CH_08,VALID,0,-100.0,100.0,synthetic
LOT_L01_C024,LOT_L01,IGSS,96,-3.2916799457677586,nA,150.0,"HTGB (150°C, ±20V)",ATE_BENCH_02,CH_08,VALID,0,-100.0,100.0,synthetic
LOT_L01_C024,LOT_L01,IGSS,168,-1.482842044423078,nA,150.0,"HTGB (150°C, ±20V)",ATE_BENCH_02,CH_08,VALID,0,-100.0,100.0,synthetic
LOT_L01_C025,LOT_L01,IDSS,0,0.5851113875265885,uA,150.0,"HTRB (150°C, 80V)",ATE_BENCH_02,CH_09,VALID,0,,10.0,synthetic
LOT_L01_C025,LOT_L01,IDSS,24,0.637935667562222,uA,150.0,"HTRB (150°C, 80V)",ATE_BENCH_02,CH_09,VALID,0,,10.0,synthetic
LOT_L01_C025,LOT_L01,IDSS,96,0.5420706089780727,uA,150.0,"HTRB (150°C, 80V)",ATE_BENCH_02,CH_09,VALID,0,,10.0,synthetic
LOT_L01_C025,LOT_L01,IDSS,168,0.5839495229373015,uA,150.0,"HTRB (150°C, 80V)",ATE_BENCH_02,CH_09,VALID,0,,10.0,synthetic
LOT_L01_C025,LOT_L01,VGS(th),0,2.9640198317947375,V,150.0,"HTGB (150°C, 20V)",ATE_BENCH_02,CH_09,VALID,0,2.0,4.0,synthetic
LOT_L01_C025,LOT_L01,VGS(th),24,2.9680762022083282,V,150.0,"HTGB (150°C, 20V)",ATE_BENCH_02,CH_09,VALID,0,2.0,4.0,synthetic
LOT_L01_C025,LOT_L01,VGS(th),96,2.945683376960606,V,150.0,"HTGB (150°C, 20V)",ATE_BENCH_02,CH_09,VALID,0,2.0,4.0,synthetic
LOT_L01_C025,LOT_L01,VGS(th),168,2.983248837210793,V,150.0,"HTGB (150°C, 20V)",ATE_BENCH_02,CH_09,VALID,0,2.0,4.0,synthetic
LOT_L01_C025,LOT_L01,RDS(on),0,44.36448873634247,mOhm,125.0,Operating Life / Power Conduction (TJ=125-150°C),ATE_BENCH_02,CH_09,VALID,0,,60.0,synthetic
LOT_L01_C025,LOT_L01,RDS(on),24,43.32136604092941,mOhm,125.0,Operating Life / Power Conduction (TJ=125-150°C),ATE_BENCH_02,CH_09,VALID,0,,60.0,synthetic
LOT_L01_C025,LOT_L01,RDS(on),96,44.40505168752092,mOhm,125.0,Operating Life / Power Conduction (TJ=125-150°C),ATE_BENCH_02,CH_09,VALID,0,,60.0,synthetic
LOT_L01_C025,LOT_L01,RDS(on),168,44.180400258687605,mOhm,125.0,Operating Life / Power Conduction (TJ=125-150°C),ATE_BENCH_02,CH_09,VALID,0,,60.0,synthetic
LOT_L01_C025,LOT_L01,IGSS,0,1.0333410965063754,nA,150.0,"HTGB (150°C, ±20V)",ATE_BENCH_02,CH_09,VALID,0,-100.0,100.0,synthetic
LOT_L01_C025,LOT_L01,IGSS,24,0.09297529895738539,nA,150.0,"HTGB (150°C, ±20V)",ATE_BENCH_02,CH_09,VALID,0,-100.0,100.0,synthetic
LOT_L01_C025,LOT_L01,IGSS,96,0.017175476509284186,nA,150.0,"HTGB (150°C, ±20V)",ATE_BENCH_02,CH_09,VALID,0,-100.0,100.0,synthetic
LOT_L01_C025,LOT_L01,IGSS,168,0.03209048245222068,nA,150.0,"HTGB (150°C, ±20V)",ATE_BENCH_02,CH_09,VALID,0,-100.0,100.0,synthetic
LOT_L01_C026,LOT_L01,IDSS,0,2.3659756306198023,uA,150.0,"HTRB (150°C, 80V)",ATE_BENCH_02,CH_10,VALID,0,,10.0,synthetic
LOT_L01_C026,LOT_L01,IDSS,24,2.5404262802740125,uA,150.0,"HTRB (150°C, 80V)",ATE_BENCH_02,CH_10,VALID,0,,10.0,synthetic
LOT_L01_C026,LOT_L01,IDSS,96,2.709068852203003,uA,150.0,"HTRB (150°C, 80V)",ATE_BENCH_02,CH_10,VALID,0,,10.0,synthetic
LOT_L01_C026,LOT_L01,IDSS,168,2.426009888277995,uA,150.0,"HTRB (150°C, 80V)",ATE_BENCH_02,CH_10,VALID,0,,10.0,synthetic
LOT_L01_C026,LOT_L01,VGS(th),0,2.814803791721778,V,150.0,"HTGB (150°C, 20V)",ATE_BENCH_02,CH_10,VALID,0,2.0,4.0,synthetic
LOT_L01_C026,LOT_L01,VGS(th),24,2.8266173564708272,V,150.0,"HTGB (150°C, 20V)",ATE_BENCH_02,CH_10,VALID,0,2.0,4.0,synthetic
LOT_L01_C026,LOT_L01,VGS(th),96,2.823351463973438,V,150.0,"HTGB (150°C, 20V)",ATE_BENCH_02,CH_10,VALID,0,2.0,4.0,synthetic
LOT_L01_C026,LOT_L01,VGS(th),168,2.7691766526032557,V,150.0,"HTGB (150°C, 20V)",ATE_BENCH_02,CH_10,VALID,0,2.0,4.0,synthetic
LOT_L01_C026,LOT_L01,RDS(on),0,45.716982730151734,mOhm,125.0,Operating Life / Power Conduction (TJ=125-150°C),ATE_BENCH_02,CH_10,VALID,0,,60.0,synthetic
LOT_L01_C026,LOT_L01,RDS(on),24,46.53161770440618,mOhm,125.0,Operating Life / Power Conduction (TJ=125-150°C),ATE_BENCH_02,CH_10,VALID,0,,60.0,synthetic
LOT_L01_C026,LOT_L01,RDS(on),96,46.63347873623008,mOhm,125.0,Operating Life / Power Conduction (TJ=125-150°C),ATE_BENCH_02,CH_10,VALID,0,,60.0,synthetic
LOT_L01_C026,LOT_L01,RDS(on),168,46.0049070590788,mOhm,125.0,Operating Life / Power Conduction (TJ=125-150°C),ATE_BENCH_02,CH_10,VALID,0,,60.0,synthetic
LOT_L01_C026,LOT_L01,IGSS,0,-2.1730997101535845,nA,150.0,"HTGB (150°C, ±20V)",ATE_BENCH_02,CH_10,VALID,0,-100.0,100.0,synthetic
LOT_L01_C026,LOT_L01,IGSS,24,-2.3150828526549287,nA,150.0,"HTGB (150°C, ±20V)",ATE_BENCH_02,CH_10,VALID,0,-100.0,100.0,synthetic
LOT_L01_C026,LOT_L01,IGSS,96,-2.351090666254415,nA,150.0,"HTGB (150°C, ±20V)",ATE_BENCH_02,CH_10,VALID,0,-100.0,100.0,synthetic
LOT_L01_C026,LOT_L01,IGSS,168,-2.7770734567034023,nA,150.0,"HTGB (150°C, ±20V)",ATE_BENCH_02,CH_10,VALID,0,-100.0,100.0,synthetic
LOT_L01_C027,LOT_L01,IDSS,0,0.4001489923774144,uA,150.0,"HTRB (150°C, 80V)",ATE_BENCH_02,CH_11,VALID,0,,10.0,synthetic
LOT_L01_C027,LOT_L01,IDSS,24,0.40311553946187795,uA,150.0,"HTRB (150°C, 80V)",ATE_BENCH_02,CH_11,VALID,0,,10.0,synthetic
LOT_L01_C027,LOT_L01,IDSS,96,0.3772668076910356,uA,150.0,"HTRB (150°C, 80V)",ATE_BENCH_02,CH_11,VALID,0,,10.0,synthetic
LOT_L01_C027,LOT_L01,IDSS,168,0.4238729477465367,uA,150.0,"HTRB (150°C, 80V)",ATE_BENCH_02,CH_11,VALID,0,,10.0,synthetic
LOT_L01_C027,LOT_L01,VGS(th),0,3.1340332032868834,V,150.0,"HTGB (150°C, 20V)",ATE_BENCH_02,CH_11,VALID,0,2.0,4.0,synthetic
LOT_L01_C027,LOT_L01,VGS(th),24,3.1397099849495023,V,150.0,"HTGB (150°C, 20V)",ATE_BENCH_02,CH_11,VALID,0,2.0,4.0,synthetic
LOT_L01_C027,LOT_L01,VGS(th),96,3.1134834063100576,V,150.0,"HTGB (150°C, 20V)",ATE_BENCH_02,CH_11,VALID,0,2.0,4.0,synthetic
LOT_L01_C027,LOT_L01,VGS(th),168,3.171380445500847,V,150.0,"HTGB (150°C, 20V)",ATE_BENCH_02,CH_11,VALID,0,2.0,4.0,synthetic
LOT_L01_C027,LOT_L01,RDS(on),0,47.73165086411403,mOhm,125.0,Operating Life / Power Conduction (TJ=125-150°C),ATE_BENCH_02,CH_11,VALID,0,,60.0,synthetic
LOT_L01_C027,LOT_L01,RDS(on),24,48.096520720725195,mOhm,125.0,Operating Life / Power Conduction (TJ=125-150°C),ATE_BENCH_02,CH_11,VALID,0,,60.0,synthetic
LOT_L01_C027,LOT_L01,RDS(on),96,49.268409607392215,mOhm,125.0,Operating Life / Power Conduction (TJ=125-150°C),ATE_BENCH_02,CH_11,VALID,0,,60.0,synthetic
LOT_L01_C027,LOT_L01,RDS(on),168,48.791543207303135,mOhm,125.0,Operating Life / Power Conduction (TJ=125-150°C),ATE_BENCH_02,CH_11,VALID,0,,60.0,synthetic
LOT_L01_C027,LOT_L01,IGSS,0,1.7600769418660012,nA,150.0,"HTGB (150°C, ±20V)",ATE_BENCH_02,CH_11,VALID,0,-100.0,100.0,synthetic
LOT_L01_C027,LOT_L01,IGSS,24,2.500238564273331,nA,150.0,"HTGB (150°C, ±20V)",ATE_BENCH_02,CH_11,VALID,0,-100.0,100.0,synthetic
LOT_L01_C027,LOT_L01,IGSS,96,2.192501914285704,nA,150.0,"HTGB (150°C, ±20V)",ATE_BENCH_02,CH_11,VALID,0,-100.0,100.0,synthetic
LOT_L01_C027,LOT_L01,IGSS,168,0.825013266787398,nA,150.0,"HTGB (150°C, ±20V)",ATE_BENCH_02,CH_11,VALID,0,-100.0,100.0,synthetic
LOT_L01_C028,LOT_L01,IDSS,0,0.46259296475238537,uA,150.0,"HTRB (150°C, 80V)",ATE_BENCH_02,CH_12,VALID,0,,10.0,synthetic
LOT_L01_C028,LOT_L01,IDSS,24,0.3975689934375146,uA,150.0,"HTRB (150°C, 80V)",ATE_BENCH_02,CH_12,VALID,0,,10.0,synthetic
LOT_L01_C028,LOT_L01,IDSS,96,0.4349198801387747,uA,150.0,"HTRB (150°C, 80V)",ATE_BENCH_02,CH_12,VALID,0,,10.0,synthetic
LOT_L01_C028,LOT_L01,IDSS,168,0.3984281504247573,uA,150.0,"HTRB (150°C, 80V)",ATE_BENCH_02,CH_12,VALID,0,,10.0,synthetic
LOT_L01_C028,LOT_L01,VGS(th),0,3.534087455836387,V,150.0,"HTGB (150°C, 20V)",ATE_BENCH_02,CH_12,VALID,0,2.0,4.0,synthetic
LOT_L01_C028,LOT_L01,VGS(th),24,3.552006528631074,V,150.0,"HTGB (150°C, 20V)",ATE_BENCH_02,CH_12,VALID,0,2.0,4.0,synthetic
LOT_L01_C028,LOT_L01,VGS(th),96,3.556165065324595,V,150.0,"HTGB (150°C, 20V)",ATE_BENCH_02,CH_12,VALID,0,2.0,4.0,synthetic
LOT_L01_C028,LOT_L01,VGS(th),168,3.5469028638706073,V,150.0,"HTGB (150°C, 20V)",ATE_BENCH_02,CH_12,VALID,0,2.0,4.0,synthetic
LOT_L01_C028,LOT_L01,RDS(on),0,52.66246766069417,mOhm,125.0,Operating Life / Power Conduction (TJ=125-150°C),ATE_BENCH_02,CH_12,VALID,0,,60.0,synthetic
LOT_L01_C028,LOT_L01,RDS(on),24,53.13897107107566,mOhm,125.0,Operating Life / Power Conduction (TJ=125-150°C),ATE_BENCH_02,CH_12,VALID,0,,60.0,synthetic
LOT_L01_C028,LOT_L01,RDS(on),96,53.36122195505835,mOhm,125.0,Operating Life / Power Conduction (TJ=125-150°C),ATE_BENCH_02,CH_12,VALID,0,,60.0,synthetic
LOT_L01_C028,LOT_L01,RDS(on),168,53.51159358464155,mOhm,125.0,Operating Life / Power Conduction (TJ=125-150°C),ATE_BENCH_02,CH_12,VALID,0,,60.0,synthetic
LOT_L01_C028,LOT_L01,IGSS,0,-1.9710327909602907,nA,150.0,"HTGB (150°C, ±20V)",ATE_BENCH_02,CH_12,VALID,0,-100.0,100.0,synthetic
LOT_L01_C028,LOT_L01,IGSS,24,-2.5405034152171995,nA,150.0,"HTGB (150°C, ±20V)",ATE_BENCH_02,CH_12,VALID,0,-100.0,100.0,synthetic
LOT_L01_C028,LOT_L01,IGSS,96,-2.0278836670432403,nA,150.0,"HTGB (150°C, ±20V)",ATE_BENCH_02,CH_12,VALID,0,-100.0,100.0,synthetic
LOT_L01_C028,LOT_L01,IGSS,168,-3.0584697408747843,nA,150.0,"HTGB (150°C, ±20V)",ATE_BENCH_02,CH_12,VALID,0,-100.0,100.0,synthetic
LOT_L01_C029,LOT_L01,IDSS,0,0.3088137317913506,uA,150.0,"HTRB (150°C, 80V)",ATE_BENCH_02,CH_13,VALID,0,,10.0,synthetic
LOT_L01_C029,LOT_L01,IDSS,24,0.3020909657792505,uA,150.0,"HTRB (150°C, 80V)",ATE_BENCH_02,CH_13,VALID,0,,10.0,synthetic
LOT_L01_C029,LOT_L01,IDSS,96,0.350660132589649,uA,150.0,"HTRB (150°C, 80V)",ATE_BENCH_02,CH_13,VALID,0,,10.0,synthetic
LOT_L01_C029,LOT_L01,IDSS,168,0.2880909317864891,uA,150.0,"HTRB (150°C, 80V)",ATE_BENCH_02,CH_13,VALID,0,,10.0,synthetic
LOT_L01_C029,LOT_L01,VGS(th),0,3.0914445626068674,V,150.0,"HTGB (150°C, 20V)",ATE_BENCH_02,CH_13,VALID,0,2.0,4.0,synthetic
LOT_L01_C029,LOT_L01,VGS(th),24,3.062730076034194,V,150.0,"HTGB (150°C, 20V)",ATE_BENCH_02,CH_13,VALID,0,2.0,4.0,synthetic
LOT_L01_C029,LOT_L01,VGS(th),96,3.082918667491127,V,150.0,"HTGB (150°C, 20V)",ATE_BENCH_02,CH_13,VALID,0,2.0,4.0,synthetic
LOT_L01_C029,LOT_L01,VGS(th),168,3.0892749830949255,V,150.0,"HTGB (150°C, 20V)",ATE_BENCH_02,CH_13,VALID,0,2.0,4.0,synthetic
LOT_L01_C029,LOT_L01,RDS(on),0,45.00348788876909,mOhm,125.0,Operating Life / Power Conduction (TJ=125-150°C),ATE_BENCH_02,CH_13,VALID,0,,60.0,synthetic
LOT_L01_C029,LOT_L01,RDS(on),24,44.915125835306384,mOhm,125.0,Operating Life / Power Conduction (TJ=125-150°C),ATE_BENCH_02,CH_13,VALID,0,,60.0,synthetic
LOT_L01_C029,LOT_L01,RDS(on),96,44.860730589867195,mOhm,125.0,Operating Life / Power Conduction (TJ=125-150°C),ATE_BENCH_02,CH_13,VALID,0,,60.0,synthetic
LOT_L01_C029,LOT_L01,RDS(on),168,44.928255746728894,mOhm,125.0,Operating Life / Power Conduction (TJ=125-150°C),ATE_BENCH_02,CH_13,VALID,0,,60.0,synthetic
LOT_L01_C029,LOT_L01,IGSS,0,3.5010857703244267,nA,150.0,"HTGB (150°C, ±20V)",ATE_BENCH_02,CH_13,VALID,0,-100.0,100.0,synthetic
LOT_L01_C029,LOT_L01,IGSS,24,1.9683116944982104,nA,150.0,"HTGB (150°C, ±20V)",ATE_BENCH_02,CH_13,VALID,0,-100.0,100.0,synthetic
LOT_L01_C029,LOT_L01,IGSS,96,3.3171072958598673,nA,150.0,"HTGB (150°C, ±20V)",ATE_BENCH_02,CH_13,VALID,0,-100.0,100.0,synthetic
LOT_L01_C029,LOT_L01,IGSS,168,2.1550836304107692,nA,150.0,"HTGB (150°C, ±20V)",ATE_BENCH_02,CH_13,VALID,0,-100.0,100.0,synthetic
LOT_L01_C030,LOT_L01,IDSS,0,0.668582569241351,uA,150.0,"HTRB (150°C, 80V)",ATE_BENCH_02,CH_14,VALID,0,,10.0,synthetic
LOT_L01_C030,LOT_L01,IDSS,24,0.7092895811929426,uA,150.0,"HTRB (150°C, 80V)",ATE_BENCH_02,CH_14,VALID,0,,10.0,synthetic
LOT_L01_C030,LOT_L01,IDSS,96,0.6304635326788616,uA,150.0,"HTRB (150°C, 80V)",ATE_BENCH_02,CH_14,VALID,0,,10.0,synthetic
LOT_L01_C030,LOT_L01,IDSS,168,0.6110922222520607,uA,150.0,"HTRB (150°C, 80V)",ATE_BENCH_02,CH_14,VALID,0,,10.0,synthetic
LOT_L01_C030,LOT_L01,VGS(th),0,2.997535915216985,V,150.0,"HTGB (150°C, 20V)",ATE_BENCH_02,CH_14,VALID,0,2.0,4.0,synthetic
LOT_L01_C030,LOT_L01,VGS(th),24,2.990100513961652,V,150.0,"HTGB (150°C, 20V)",ATE_BENCH_02,CH_14,VALID,0,2.0,4.0,synthetic
LOT_L01_C030,LOT_L01,VGS(th),96,2.969455805711119,V,150.0,"HTGB (150°C, 20V)",ATE_BENCH_02,CH_14,VALID,0,2.0,4.0,synthetic
LOT_L01_C030,LOT_L01,VGS(th),168,2.991777825383541,V,150.0,"HTGB (150°C, 20V)",ATE_BENCH_02,CH_14,VALID,0,2.0,4.0,synthetic
LOT_L01_C030,LOT_L01,RDS(on),0,57.507772126494295,mOhm,125.0,Operating Life / Power Conduction (TJ=125-150°C),ATE_BENCH_02,CH_14,VALID,0,,60.0,synthetic
LOT_L01_C030,LOT_L01,RDS(on),24,56.8619745911422,mOhm,125.0,Operating Life / Power Conduction (TJ=125-150°C),ATE_BENCH_02,CH_14,VALID,0,,60.0,synthetic
LOT_L01_C030,LOT_L01,RDS(on),96,57.97442362280164,mOhm,125.0,Operating Life / Power Conduction (TJ=125-150°C),ATE_BENCH_02,CH_14,VALID,0,,60.0,synthetic
LOT_L01_C030,LOT_L01,RDS(on),168,57.614107125649426,mOhm,125.0,Operating Life / Power Conduction (TJ=125-150°C),ATE_BENCH_02,CH_14,VALID,0,,60.0,synthetic
LOT_L01_C030,LOT_L01,IGSS,0,-3.6842135329983585,nA,150.0,"HTGB (150°C, ±20V)",ATE_BENCH_02,CH_14,VALID,0,-100.0,100.0,synthetic
LOT_L01_C030,LOT_L01,IGSS,24,-1.9646261288960256,nA,150.0,"HTGB (150°C, ±20V)",ATE_BENCH_02,CH_14,VALID,0,-100.0,100.0,synthetic
LOT_L01_C030,LOT_L01,IGSS,96,-1.8113664963356821,nA,150.0,"HTGB (150°C, ±20V)",ATE_BENCH_02,CH_14,VALID,0,-100.0,100.0,synthetic
LOT_L01_C030,LOT_L01,IGSS,168,-2.7844784176845225,nA,150.0,"HTGB (150°C, ±20V)",ATE_BENCH_02,CH_14,VALID,0,-100.0,100.0,synthetic
LOT_E01_C001,LOT_E01,IDSS,0,0.37053259933315696,uA,150.0,"HTRB (150°C, 80V)",ATE_BENCH_01,CH_01,VALID,0,,10.0,synthetic
LOT_E01_C001,LOT_E01,IDSS,24,0.34352944910082106,uA,150.0,"HTRB (150°C, 80V)",ATE_BENCH_01,CH_01,VALID,0,,10.0,synthetic
LOT_E01_C001,LOT_E01,IDSS,96,0.44491321024214414,uA,150.0,"HTRB (150°C, 80V)",ATE_BENCH_01,CH_01,VALID,0,,10.0,synthetic
LOT_E01_C001,LOT_E01,IDSS,168,0.28900442001579224,uA,150.0,"HTRB (150°C, 80V)",ATE_BENCH_01,CH_01,VALID,0,,10.0,synthetic
LOT_E01_C001,LOT_E01,VGS(th),0,3.056667866129651,V,150.0,"HTGB (150°C, 20V)",ATE_BENCH_01,CH_01,VALID,0,2.0,4.0,synthetic
LOT_E01_C001,LOT_E01,VGS(th),24,3.046034740839451,V,150.0,"HTGB (150°C, 20V)",ATE_BENCH_01,CH_01,VALID,0,2.0,4.0,synthetic
LOT_E01_C001,LOT_E01,VGS(th),96,2.975388415956258,V,150.0,"HTGB (150°C, 20V)",ATE_BENCH_01,CH_01,VALID,0,2.0,4.0,synthetic
LOT_E01_C001,LOT_E01,VGS(th),168,3.0296665164642267,V,150.0,"HTGB (150°C, 20V)",ATE_BENCH_01,CH_01,VALID,0,2.0,4.0,synthetic
LOT_E01_C001,LOT_E01,RDS(on),0,44.850769755061485,mOhm,125.0,Operating Life / Power Conduction (TJ=125-150°C),ATE_BENCH_01,CH_01,VALID,0,,60.0,synthetic
LOT_E01_C001,LOT_E01,RDS(on),24,44.826562756692034,mOhm,125.0,Operating Life / Power Conduction (TJ=125-150°C),ATE_BENCH_01,CH_01,VALID,0,,60.0,synthetic
LOT_E01_C001,LOT_E01,RDS(on),96,45.492412958121555,mOhm,125.0,Operating Life / Power Conduction (TJ=125-150°C),ATE_BENCH_01,CH_01,VALID,0,,60.0,synthetic
LOT_E01_C001,LOT_E01,RDS(on),168,45.61055448061473,mOhm,125.0,Operating Life / Power Conduction (TJ=125-150°C),ATE_BENCH_01,CH_01,VALID,0,,60.0,synthetic
LOT_E01_C001,LOT_E01,IGSS,0,2.2551216713511186,nA,150.0,"HTGB (150°C, ±20V)",ATE_BENCH_01,CH_01,VALID,0,-100.0,100.0,synthetic
LOT_E01_C001,LOT_E01,IGSS,24,4.233602516145006,nA,150.0,"HTGB (150°C, ±20V)",ATE_BENCH_01,CH_01,VALID,0,-100.0,100.0,synthetic
LOT_E01_C001,LOT_E01,IGSS,96,2.2018620086423732,nA,150.0,"HTGB (150°C, ±20V)",ATE_BENCH_01,CH_01,VALID,0,-100.0,100.0,synthetic
LOT_E01_C001,LOT_E01,IGSS,168,3.827924536762123,nA,150.0,"HTGB (150°C, ±20V)",ATE_BENCH_01,CH_01,VALID,0,-100.0,100.0,synthetic
LOT_E01_C002,LOT_E01,IDSS,0,2.9102681626757283,uA,150.0,"HTRB (150°C, 80V)",ATE_BENCH_01,CH_02,VALID,0,,10.0,synthetic
LOT_E01_C002,LOT_E01,IDSS,24,2.4387381732566173,uA,150.0,"HTRB (150°C, 80V)",ATE_BENCH_01,CH_02,VALID,0,,10.0,synthetic
LOT_E01_C002,LOT_E01,IDSS,96,4.8627950212694975,uA,150.0,"HTRB (150°C, 80V)",ATE_BENCH_01,CH_02,VALID,0,,10.0,synthetic
LOT_E01_C002,LOT_E01,IDSS,168,3.203544172521592,uA,150.0,"HTRB (150°C, 80V)",ATE_BENCH_01,CH_02,VALID,0,,10.0,synthetic
LOT_E01_C002,LOT_E01,VGS(th),0,3.028343939480785,V,150.0,"HTGB (150°C, 20V)",ATE_BENCH_01,CH_02,VALID,0,2.0,4.0,synthetic
LOT_E01_C002,LOT_E01,VGS(th),24,3.0081233300672463,V,150.0,"HTGB (150°C, 20V)",ATE_BENCH_01,CH_02,VALID,0,2.0,4.0,synthetic
LOT_E01_C002,LOT_E01,VGS(th),96,2.99386553586449,V,150.0,"HTGB (150°C, 20V)",ATE_BENCH_01,CH_02,VALID,0,2.0,4.0,synthetic
LOT_E01_C002,LOT_E01,VGS(th),168,3.000897565168757,V,150.0,"HTGB (150°C, 20V)",ATE_BENCH_01,CH_02,VALID,0,2.0,4.0,synthetic
LOT_E01_C002,LOT_E01,RDS(on),0,46.37252907756343,mOhm,125.0,Operating Life / Power Conduction (TJ=125-150°C),ATE_BENCH_01,CH_02,VALID,0,,60.0,synthetic
LOT_E01_C002,LOT_E01,RDS(on),24,47.25153880870415,mOhm,125.0,Operating Life / Power Conduction (TJ=125-150°C),ATE_BENCH_01,CH_02,VALID,0,,60.0,synthetic
LOT_E01_C002,LOT_E01,RDS(on),96,47.994696263755905,mOhm,125.0,Operating Life / Power Conduction (TJ=125-150°C),ATE_BENCH_01,CH_02,VALID,0,,60.0,synthetic
LOT_E01_C002,LOT_E01,RDS(on),168,47.598943035421115,mOhm,125.0,Operating Life / Power Conduction (TJ=125-150°C),ATE_BENCH_01,CH_02,VALID,0,,60.0,synthetic
LOT_E01_C002,LOT_E01,IGSS,0,-1.9941484092181605,nA,150.0,"HTGB (150°C, ±20V)",ATE_BENCH_01,CH_02,VALID,0,-100.0,100.0,synthetic
LOT_E01_C002,LOT_E01,IGSS,24,-1.8120041412832946,nA,150.0,"HTGB (150°C, ±20V)",ATE_BENCH_01,CH_02,VALID,0,-100.0,100.0,synthetic
LOT_E01_C002,LOT_E01,IGSS,96,-1.9138888264832221,nA,150.0,"HTGB (150°C, ±20V)",ATE_BENCH_01,CH_02,VALID,0,-100.0,100.0,synthetic
LOT_E01_C002,LOT_E01,IGSS,168,-1.0184081504800424,nA,150.0,"HTGB (150°C, ±20V)",ATE_BENCH_01,CH_02,VALID,0,-100.0,100.0,synthetic
LOT_E01_C003,LOT_E01,IDSS,0,0.3065098748662801,uA,150.0,"HTRB (150°C, 80V)",ATE_BENCH_01,CH_03,VALID,0,,10.0,synthetic
LOT_E01_C003,LOT_E01,IDSS,24,0.2929016878074745,uA,150.0,"HTRB (150°C, 80V)",ATE_BENCH_01,CH_03,VALID,0,,10.0,synthetic
LOT_E01_C003,LOT_E01,IDSS,96,0.434358101544966,uA,150.0,"HTRB (150°C, 80V)",ATE_BENCH_01,CH_03,VALID,0,,10.0,synthetic
LOT_E01_C003,LOT_E01,IDSS,168,0.2809634578539382,uA,150.0,"HTRB (150°C, 80V)",ATE_BENCH_01,CH_03,VALID,0,,10.0,synthetic
LOT_E01_C003,LOT_E01,VGS(th),0,2.9986502076486454,V,150.0,"HTGB (150°C, 20V)",ATE_BENCH_01,CH_03,VALID,0,2.0,4.0,synthetic
LOT_E01_C003,LOT_E01,VGS(th),24,3.028683237492553,V,150.0,"HTGB (150°C, 20V)",ATE_BENCH_01,CH_03,VALID,0,2.0,4.0,synthetic
LOT_E01_C003,LOT_E01,VGS(th),96,2.965296191257395,V,150.0,"HTGB (150°C, 20V)",ATE_BENCH_01,CH_03,VALID,0,2.0,4.0,synthetic
LOT_E01_C003,LOT_E01,VGS(th),168,3.031262024742053,V,150.0,"HTGB (150°C, 20V)",ATE_BENCH_01,CH_03,VALID,0,2.0,4.0,synthetic
LOT_E01_C003,LOT_E01,RDS(on),0,46.635513374299165,mOhm,125.0,Operating Life / Power Conduction (TJ=125-150°C),ATE_BENCH_01,CH_03,VALID,0,,60.0,synthetic
LOT_E01_C003,LOT_E01,RDS(on),24,47.492961210414485,mOhm,125.0,Operating Life / Power Conduction (TJ=125-150°C),ATE_BENCH_01,CH_03,VALID,0,,60.0,synthetic
LOT_E01_C003,LOT_E01,RDS(on),96,48.567853068233,mOhm,125.0,Operating Life / Power Conduction (TJ=125-150°C),ATE_BENCH_01,CH_03,VALID,0,,60.0,synthetic
LOT_E01_C003,LOT_E01,RDS(on),168,46.81783951473206,mOhm,125.0,Operating Life / Power Conduction (TJ=125-150°C),ATE_BENCH_01,CH_03,VALID,0,,60.0,synthetic
LOT_E01_C003,LOT_E01,IGSS,0,2.191745065803327,nA,150.0,"HTGB (150°C, ±20V)",ATE_BENCH_01,CH_03,VALID,0,-100.0,100.0,synthetic
LOT_E01_C003,LOT_E01,IGSS,24,1.5033716282831044,nA,150.0,"HTGB (150°C, ±20V)",ATE_BENCH_01,CH_03,VALID,0,-100.0,100.0,synthetic
LOT_E01_C003,LOT_E01,IGSS,96,2.25389463934935,nA,150.0,"HTGB (150°C, ±20V)",ATE_BENCH_01,CH_03,VALID,0,-100.0,100.0,synthetic
LOT_E01_C003,LOT_E01,IGSS,168,1.3165587118669813,nA,150.0,"HTGB (150°C, ±20V)",ATE_BENCH_01,CH_03,VALID,0,-100.0,100.0,synthetic
LOT_E01_C004,LOT_E01,IDSS,0,0.3833648047966868,uA,150.0,"HTRB (150°C, 80V)",ATE_BENCH_01,CH_04,VALID,0,,10.0,synthetic
LOT_E01_C004,LOT_E01,IDSS,24,0.465668856215383,uA,150.0,"HTRB (150°C, 80V)",ATE_BENCH_01,CH_04,VALID,0,,10.0,synthetic
LOT_E01_C004,LOT_E01,IDSS,96,0.6274609962694724,uA,150.0,"HTRB (150°C, 80V)",ATE_BENCH_01,CH_04,VALID,0,,10.0,synthetic
LOT_E01_C004,LOT_E01,IDSS,168,0.4474876901032701,uA,150.0,"HTRB (150°C, 80V)",ATE_BENCH_01,CH_04,VALID,0,,10.0,synthetic
LOT_E01_C004,LOT_E01,VGS(th),0,3.3634918206599154,V,150.0,"HTGB (150°C, 20V)",ATE_BENCH_01,CH_04,VALID,0,2.0,4.0,synthetic
LOT_E01_C004,LOT_E01,VGS(th),24,3.4191446993669508,V,150.0,"HTGB (150°C, 20V)",ATE_BENCH_01,CH_04,VALID,0,2.0,4.0,synthetic
LOT_E01_C004,LOT_E01,VGS(th),96,3.384782090262,V,150.0,"HTGB (150°C, 20V)",ATE_BENCH_01,CH_04,VALID,0,2.0,4.0,synthetic
LOT_E01_C004,LOT_E01,VGS(th),168,3.3929446618620154,V,150.0,"HTGB (150°C, 20V)",ATE_BENCH_01,CH_04,VALID,0,2.0,4.0,synthetic
LOT_E01_C004,LOT_E01,RDS(on),0,52.60766421689924,mOhm,125.0,Operating Life / Power Conduction (TJ=125-150°C),ATE_BENCH_01,CH_04,VALID,0,,60.0,synthetic
LOT_E01_C004,LOT_E01,RDS(on),24,53.093881085922895,mOhm,125.0,Operating Life / Power Conduction (TJ=125-150°C),ATE_BENCH_01,CH_04,VALID,0,,60.0,synthetic
LOT_E01_C004,LOT_E01,RDS(on),96,54.32149605409035,mOhm,125.0,Operating Life / Power Conduction (TJ=125-150°C),ATE_BENCH_01,CH_04,VALID,0,,60.0,synthetic
LOT_E01_C004,LOT_E01,RDS(on),168,53.67911158404219,mOhm,125.0,Operating Life / Power Conduction (TJ=125-150°C),ATE_BENCH_01,CH_04,VALID,0,,60.0,synthetic
LOT_E01_C004,LOT_E01,IGSS,0,-1.1059471276616537,nA,150.0,"HTGB (150°C, ±20V)",ATE_BENCH_01,CH_04,VALID,0,-100.0,100.0,synthetic
LOT_E01_C004,LOT_E01,IGSS,24,-2.415275444136171,nA,150.0,"HTGB (150°C, ±20V)",ATE_BENCH_01,CH_04,VALID,0,-100.0,100.0,synthetic
LOT_E01_C004,LOT_E01,IGSS,96,-2.273814841253776,nA,150.0,"HTGB (150°C, ±20V)",ATE_BENCH_01,CH_04,VALID,0,-100.0,100.0,synthetic
LOT_E01_C004,LOT_E01,IGSS,168,-1.2623645495612688,nA,150.0,"HTGB (150°C, ±20V)",ATE_BENCH_01,CH_04,VALID,0,-100.0,100.0,synthetic
LOT_E01_C005,LOT_E01,IDSS,0,0.3503954716101547,uA,150.0,"HTRB (150°C, 80V)",ATE_BENCH_01,CH_05,VALID,0,,10.0,synthetic
LOT_E01_C005,LOT_E01,IDSS,24,0.3561122124457222,uA,150.0,"HTRB (150°C, 80V)",ATE_BENCH_01,CH_05,VALID,0,,10.0,synthetic
LOT_E01_C005,LOT_E01,IDSS,96,0.539859738522226,uA,150.0,"HTRB (150°C, 80V)",ATE_BENCH_01,CH_05,VALID,0,,10.0,synthetic
LOT_E01_C005,LOT_E01,IDSS,168,0.34337683446531464,uA,150.0,"HTRB (150°C, 80V)",ATE_BENCH_01,CH_05,VALID,0,,10.0,synthetic
LOT_E01_C005,LOT_E01,VGS(th),0,3.1049101329955873,V,150.0,"HTGB (150°C, 20V)",ATE_BENCH_01,CH_05,VALID,0,2.0,4.0,synthetic
LOT_E01_C005,LOT_E01,VGS(th),24,3.0390296789327644,V,150.0,"HTGB (150°C, 20V)",ATE_BENCH_01,CH_05,VALID,0,2.0,4.0,synthetic
LOT_E01_C005,LOT_E01,VGS(th),96,3.018225204093949,V,150.0,"HTGB (150°C, 20V)",ATE_BENCH_01,CH_05,VALID,0,2.0,4.0,synthetic
LOT_E01_C005,LOT_E01,VGS(th),168,3.1034292711704956,V,150.0,"HTGB (150°C, 20V)",ATE_BENCH_01,CH_05,VALID,0,2.0,4.0,synthetic
LOT_E01_C005,LOT_E01,RDS(on),0,49.680307876490545,mOhm,125.0,Operating Life / Power Conduction (TJ=125-150°C),ATE_BENCH_01,CH_05,VALID,0,,60.0,synthetic
LOT_E01_C005,LOT_E01,RDS(on),24,49.31325982491961,mOhm,125.0,Operating Life / Power Conduction (TJ=125-150°C),ATE_BENCH_01,CH_05,VALID,0,,60.0,synthetic
LOT_E01_C005,LOT_E01,RDS(on),96,49.64841958408621,mOhm,125.0,Operating Life / Power Conduction (TJ=125-150°C),ATE_BENCH_01,CH_05,VALID,0,,60.0,synthetic
LOT_E01_C005,LOT_E01,RDS(on),168,50.92952430655692,mOhm,125.0,Operating Life / Power Conduction (TJ=125-150°C),ATE_BENCH_01,CH_05,VALID,0,,60.0,synthetic
LOT_E01_C005,LOT_E01,IGSS,0,1.3064850510243873,nA,150.0,"HTGB (150°C, ±20V)",ATE_BENCH_01,CH_05,VALID,0,-100.0,100.0,synthetic
LOT_E01_C005,LOT_E01,IGSS,24,2.4100352104370106,nA,150.0,"HTGB (150°C, ±20V)",ATE_BENCH_01,CH_05,VALID,0,-100.0,100.0,synthetic
LOT_E01_C005,LOT_E01,IGSS,96,1.6759093052022767,nA,150.0,"HTGB (150°C, ±20V)",ATE_BENCH_01,CH_05,VALID,0,-100.0,100.0,synthetic
LOT_E01_C005,LOT_E01,IGSS,168,1.4188420937973585,nA,150.0,"HTGB (150°C, ±20V)",ATE_BENCH_01,CH_05,VALID,0,-100.0,100.0,synthetic
LOT_E01_C006,LOT_E01,IDSS,0,0.4961470666105806,uA,150.0,"HTRB (150°C, 80V)",ATE_BENCH_01,CH_06,VALID,0,,10.0,synthetic
LOT_E01_C006,LOT_E01,IDSS,24,0.5659313131974846,uA,150.0,"HTRB (150°C, 80V)",ATE_BENCH_01,CH_06,VALID,0,,10.0,synthetic
LOT_E01_C006,LOT_E01,IDSS,96,0.7802271341660321,uA,150.0,"HTRB (150°C, 80V)",ATE_BENCH_01,CH_06,VALID,0,,10.0,synthetic
LOT_E01_C006,LOT_E01,IDSS,168,0.45165664026144275,uA,150.0,"HTRB (150°C, 80V)",ATE_BENCH_01,CH_06,VALID,0,,10.0,synthetic
LOT_E01_C006,LOT_E01,VGS(th),0,3.077008975211739,V,150.0,"HTGB (150°C, 20V)",ATE_BENCH_01,CH_06,VALID,0,2.0,4.0,synthetic
LOT_E01_C006,LOT_E01,VGS(th),24,3.063140428246309,V,150.0,"HTGB (150°C, 20V)",ATE_BENCH_01,CH_06,VALID,0,2.0,4.0,synthetic
LOT_E01_C006,LOT_E01,VGS(th),96,2.990232640189139,V,150.0,"HTGB (150°C, 20V)",ATE_BENCH_01,CH_06,VALID,0,2.0,4.0,synthetic
LOT_E01_C006,LOT_E01,VGS(th),168,3.079710275753298,V,150.0,"HTGB (150°C, 20V)",ATE_BENCH_01,CH_06,VALID,0,2.0,4.0,synthetic
LOT_E01_C006,LOT_E01,RDS(on),0,57.561000588589636,mOhm,125.0,Operating Life / Power Conduction (TJ=125-150°C),ATE_BENCH_01,CH_06,VALID,0,,60.0,synthetic
LOT_E01_C006,LOT_E01,RDS(on),24,57.08960314844544,mOhm,125.0,Operating Life / Power Conduction (TJ=125-150°C),ATE_BENCH_01,CH_06,VALID,0,,60.0,synthetic
LOT_E01_C006,LOT_E01,RDS(on),96,58.65584492228198,mOhm,125.0,Operating Life / Power Conduction (TJ=125-150°C),ATE_BENCH_01,CH_06,VALID,0,,60.0,synthetic
LOT_E01_C006,LOT_E01,RDS(on),168,57.09217143929041,mOhm,125.0,Operating Life / Power Conduction (TJ=125-150°C),ATE_BENCH_01,CH_06,VALID,0,,60.0,synthetic
LOT_E01_C006,LOT_E01,IGSS,0,-1.857831079420775,nA,150.0,"HTGB (150°C, ±20V)",ATE_BENCH_01,CH_06,VALID,0,-100.0,100.0,synthetic
LOT_E01_C006,LOT_E01,IGSS,24,-1.8500087948538253,nA,150.0,"HTGB (150°C, ±20V)",ATE_BENCH_01,CH_06,VALID,0,-100.0,100.0,synthetic
LOT_E01_C006,LOT_E01,IGSS,96,-1.9336968450930858,nA,150.0,"HTGB (150°C, ±20V)",ATE_BENCH_01,CH_06,VALID,0,-100.0,100.0,synthetic
LOT_E01_C006,LOT_E01,IGSS,168,-2.715869999060463,nA,150.0,"HTGB (150°C, ±20V)",ATE_BENCH_01,CH_06,VALID,0,-100.0,100.0,synthetic
LOT_E01_C007,LOT_E01,IDSS,0,0.30964223701855814,uA,150.0,"HTRB (150°C, 80V)",ATE_BENCH_01,CH_07,VALID,0,,10.0,synthetic
LOT_E01_C007,LOT_E01,IDSS,24,0.31164917886415455,uA,150.0,"HTRB (150°C, 80V)",ATE_BENCH_01,CH_07,VALID,0,,10.0,synthetic
LOT_E01_C007,LOT_E01,IDSS,96,0.4270889558383509,uA,150.0,"HTRB (150°C, 80V)",ATE_BENCH_01,CH_07,VALID,0,,10.0,synthetic
LOT_E01_C007,LOT_E01,IDSS,168,0.2889624881697545,uA,150.0,"HTRB (150°C, 80V)",ATE_BENCH_01,CH_07,VALID,0,,10.0,synthetic
LOT_E01_C007,LOT_E01,VGS(th),0,2.810595208770315,V,150.0,"HTGB (150°C, 20V)",ATE_BENCH_01,CH_07,VALID,0,2.0,4.0,synthetic
LOT_E01_C007,LOT_E01,VGS(th),24,2.8289320015904353,V,150.0,"HTGB (150°C, 20V)",ATE_BENCH_01,CH_07,VALID,0,2.0,4.0,synthetic
LOT_E01_C007,LOT_E01,VGS(th),96,2.78806355593652,V,150.0,"HTGB (150°C, 20V)",ATE_BENCH_01,CH_07,VALID,0,2.0,4.0,synthetic
LOT_E01_C007,LOT_E01,VGS(th),168,2.8233078317511104,V,150.0,"HTGB (150°C, 20V)",ATE_BENCH_01,CH_07,VALID,0,2.0,4.0,synthetic
LOT_E01_C007,LOT_E01,RDS(on),0,51.81111151372034,mOhm,125.0,Operating Life / Power Conduction (TJ=125-150°C),ATE_BENCH_01,CH_07,VALID,0,,60.0,synthetic
LOT_E01_C007,LOT_E01,RDS(on),24,51.954950296889336,mOhm,125.0,Operating Life / Power Conduction (TJ=125-150°C),ATE_BENCH_01,CH_07,VALID,0,,60.0,synthetic
LOT_E01_C007,LOT_E01,RDS(on),96,53.31484735457906,mOhm,125.0,Operating Life / Power Conduction (TJ=125-150°C),ATE_BENCH_01,CH_07,VALID,0,,60.0,synthetic
LOT_E01_C007,LOT_E01,RDS(on),168,52.12770501074073,mOhm,125.0,Operating Life / Power Conduction (TJ=125-150°C),ATE_BENCH_01,CH_07,VALID,0,,60.0,synthetic
LOT_E01_C007,LOT_E01,IGSS,0,1.343015240688215,nA,150.0,"HTGB (150°C, ±20V)",ATE_BENCH_01,CH_07,VALID,0,-100.0,100.0,synthetic
LOT_E01_C007,LOT_E01,IGSS,24,2.0656385196777127,nA,150.0,"HTGB (150°C, ±20V)",ATE_BENCH_01,CH_07,VALID,0,-100.0,100.0,synthetic
LOT_E01_C007,LOT_E01,IGSS,96,1.8862345134493854,nA,150.0,"HTGB (150°C, ±20V)",ATE_BENCH_01,CH_07,VALID,0,-100.0,100.0,synthetic
LOT_E01_C007,LOT_E01,IGSS,168,2.552882704026108,nA,150.0,"HTGB (150°C, ±20V)",ATE_BENCH_01,CH_07,VALID,0,-100.0,100.0,synthetic
LOT_E01_C008,LOT_E01,IDSS,0,2.4424540549049536,uA,150.0,"HTRB (150°C, 80V)",ATE_BENCH_01,CH_08,VALID,0,,10.0,synthetic
LOT_E01_C008,LOT_E01,IDSS,24,2.796521592809029,uA,150.0,"HTRB (150°C, 80V)",ATE_BENCH_01,CH_08,VALID,0,,10.0,synthetic
LOT_E01_C008,LOT_E01,IDSS,96,4.254818142835905,uA,150.0,"HTRB (150°C, 80V)",ATE_BENCH_01,CH_08,VALID,0,,10.0,synthetic
LOT_E01_C008,LOT_E01,IDSS,168,2.8182711826861535,uA,150.0,"HTRB (150°C, 80V)",ATE_BENCH_01,CH_08,VALID,0,,10.0,synthetic
LOT_E01_C008,LOT_E01,VGS(th),0,2.7590649632670567,V,150.0,"HTGB (150°C, 20V)",ATE_BENCH_01,CH_08,VALID,0,2.0,4.0,synthetic
LOT_E01_C008,LOT_E01,VGS(th),24,2.768220186585711,V,150.0,"HTGB (150°C, 20V)",ATE_BENCH_01,CH_08,VALID,0,2.0,4.0,synthetic
LOT_E01_C008,LOT_E01,VGS(th),96,2.7272373376539205,V,150.0,"HTGB (150°C, 20V)",ATE_BENCH_01,CH_08,VALID,0,2.0,4.0,synthetic
LOT_E01_C008,LOT_E01,VGS(th),168,2.7973935415806497,V,150.0,"HTGB (150°C, 20V)",ATE_BENCH_01,CH_08,VALID,0,2.0,4.0,synthetic
LOT_E01_C008,LOT_E01,RDS(on),0,55.78303244428681,mOhm,125.0,Operating Life / Power Conduction (TJ=125-150°C),ATE_BENCH_01,CH_08,VALID,0,,60.0,synthetic
LOT_E01_C008,LOT_E01,RDS(on),24,55.322375560753486,mOhm,125.0,Operating Life / Power Conduction (TJ=125-150°C),ATE_BENCH_01,CH_08,VALID,0,,60.0,synthetic
LOT_E01_C008,LOT_E01,RDS(on),96,55.3834411369303,mOhm,125.0,Operating Life / Power Conduction (TJ=125-150°C),ATE_BENCH_01,CH_08,VALID,0,,60.0,synthetic
LOT_E01_C008,LOT_E01,RDS(on),168,55.99428187634288,mOhm,125.0,Operating Life / Power Conduction (TJ=125-150°C),ATE_BENCH_01,CH_08,VALID,0,,60.0,synthetic
LOT_E01_C008,LOT_E01,IGSS,0,-1.1487571045203289,nA,150.0,"HTGB (150°C, ±20V)",ATE_BENCH_01,CH_08,VALID,0,-100.0,100.0,synthetic
LOT_E01_C008,LOT_E01,IGSS,24,-1.9539773547245192,nA,150.0,"HTGB (150°C, ±20V)",ATE_BENCH_01,CH_08,VALID,0,-100.0,100.0,synthetic
LOT_E01_C008,LOT_E01,IGSS,96,-2.0469906030504497,nA,150.0,"HTGB (150°C, ±20V)",ATE_BENCH_01,CH_08,VALID,0,-100.0,100.0,synthetic
LOT_E01_C008,LOT_E01,IGSS,168,-1.8677771941874357,nA,150.0,"HTGB (150°C, ±20V)",ATE_BENCH_01,CH_08,VALID,0,-100.0,100.0,synthetic
LOT_E01_C009,LOT_E01,IDSS,0,0.3274865274776778,uA,150.0,"HTRB (150°C, 80V)",ATE_BENCH_01,CH_09,VALID,0,,10.0,synthetic
LOT_E01_C009,LOT_E01,IDSS,24,0.29357413312253633,uA,150.0,"HTRB (150°C, 80V)",ATE_BENCH_01,CH_09,VALID,0,,10.0,synthetic
LOT_E01_C009,LOT_E01,IDSS,96,0.45938771656461064,uA,150.0,"HTRB (150°C, 80V)",ATE_BENCH_01,CH_09,VALID,0,,10.0,synthetic
LOT_E01_C009,LOT_E01,IDSS,168,0.3066837993428008,uA,150.0,"HTRB (150°C, 80V)",ATE_BENCH_01,CH_09,VALID,0,,10.0,synthetic
LOT_E01_C009,LOT_E01,VGS(th),0,3.061042988639197,V,150.0,"HTGB (150°C, 20V)",ATE_BENCH_01,CH_09,VALID,0,2.0,4.0,synthetic
LOT_E01_C009,LOT_E01,VGS(th),24,3.052923501184784,V,150.0,"HTGB (150°C, 20V)",ATE_BENCH_01,CH_09,VALID,0,2.0,4.0,synthetic
LOT_E01_C009,LOT_E01,VGS(th),96,3.0212189082176373,V,150.0,"HTGB (150°C, 20V)",ATE_BENCH_01,CH_09,VALID,0,2.0,4.0,synthetic
LOT_E01_C009,LOT_E01,VGS(th),168,3.0752785299871355,V,150.0,"HTGB (150°C, 20V)",ATE_BENCH_01,CH_09,VALID,0,2.0,4.0,synthetic
LOT_E01_C009,LOT_E01,RDS(on),0,52.60719370660492,mOhm,125.0,Operating Life / Power Conduction (TJ=125-150°C),ATE_BENCH_01,CH_09,VALID,0,,60.0,synthetic
LOT_E01_C009,LOT_E01,RDS(on),24,52.16763842729387,mOhm,125.0,Operating Life / Power Conduction (TJ=125-150°C),ATE_BENCH_01,CH_09,VALID,0,,60.0,synthetic
LOT_E01_C009,LOT_E01,RDS(on),96,53.08011563245947,mOhm,125.0,Operating Life / Power Conduction (TJ=125-150°C),ATE_BENCH_01,CH_09,VALID,0,,60.0,synthetic
LOT_E01_C009,LOT_E01,RDS(on),168,51.27851951921469,mOhm,125.0,Operating Life / Power Conduction (TJ=125-150°C),ATE_BENCH_01,CH_09,VALID,0,,60.0,synthetic
LOT_E01_C009,LOT_E01,IGSS,0,1.8840252531416761,nA,150.0,"HTGB (150°C, ±20V)",ATE_BENCH_01,CH_09,VALID,0,-100.0,100.0,synthetic
LOT_E01_C009,LOT_E01,IGSS,24,1.2595859902030577,nA,150.0,"HTGB (150°C, ±20V)",ATE_BENCH_01,CH_09,VALID,0,-100.0,100.0,synthetic
LOT_E01_C009,LOT_E01,IGSS,96,1.6065399454929803,nA,150.0,"HTGB (150°C, ±20V)",ATE_BENCH_01,CH_09,VALID,0,-100.0,100.0,synthetic
LOT_E01_C009,LOT_E01,IGSS,168,3.271375338020058,nA,150.0,"HTGB (150°C, ±20V)",ATE_BENCH_01,CH_09,VALID,0,-100.0,100.0,synthetic
LOT_E01_C010,LOT_E01,IDSS,0,0.46893863516320217,uA,150.0,"HTRB (150°C, 80V)",ATE_BENCH_01,CH_10,VALID,0,,10.0,synthetic
LOT_E01_C010,LOT_E01,IDSS,24,0.4645745238955843,uA,150.0,"HTRB (150°C, 80V)",ATE_BENCH_01,CH_10,VALID,0,,10.0,synthetic
LOT_E01_C010,LOT_E01,IDSS,96,0.7808540139084178,uA,150.0,"HTRB (150°C, 80V)",ATE_BENCH_01,CH_10,VALID,0,,10.0,synthetic
LOT_E01_C010,LOT_E01,IDSS,168,0.5296846204842313,uA,150.0,"HTRB (150°C, 80V)",ATE_BENCH_01,CH_10,VALID,0,,10.0,synthetic
LOT_E01_C010,LOT_E01,VGS(th),0,3.3357887645282647,V,150.0,"HTGB (150°C, 20V)",ATE_BENCH_01,CH_10,VALID,0,2.0,4.0,synthetic
LOT_E01_C010,LOT_E01,VGS(th),24,3.3616497636509677,V,150.0,"HTGB (150°C, 20V)",ATE_BENCH_01,CH_10,VALID,0,2.0,4.0,synthetic
LOT_E01_C010,LOT_E01,VGS(th),96,3.332245408450197,V,150.0,"HTGB (150°C, 20V)",ATE_BENCH_01,CH_10,VALID,0,2.0,4.0,synthetic
LOT_E01_C010,LOT_E01,VGS(th),168,3.364687109918346,V,150.0,"HTGB (150°C, 20V)",ATE_BENCH_01,CH_10,VALID,0,2.0,4.0,synthetic
LOT_E01_C010,LOT_E01,RDS(on),0,46.74753958751214,mOhm,125.0,Operating Life / Power Conduction (TJ=125-150°C),ATE_BENCH_01,CH_10,VALID,0,,60.0,synthetic
LOT_E01_C010,LOT_E01,RDS(on),24,46.42954093591411,mOhm,125.0,Operating Life / Power Conduction (TJ=125-150°C),ATE_BENCH_01,CH_10,VALID,0,,60.0,synthetic
LOT_E01_C010,LOT_E01,RDS(on),96,46.20591639190865,mOhm,125.0,Operating Life / Power Conduction (TJ=125-150°C),ATE_BENCH_01,CH_10,VALID,0,,60.0,synthetic
LOT_E01_C010,LOT_E01,RDS(on),168,46.0382513325549,mOhm,125.0,Operating Life / Power Conduction (TJ=125-150°C),ATE_BENCH_01,CH_10,VALID,0,,60.0,synthetic
LOT_E01_C010,LOT_E01,IGSS,0,-2.212636322130209,nA,150.0,"HTGB (150°C, ±20V)",ATE_BENCH_01,CH_10,VALID,0,-100.0,100.0,synthetic
LOT_E01_C010,LOT_E01,IGSS,24,-2.237022220204458,nA,150.0,"HTGB (150°C, ±20V)",ATE_BENCH_01,CH_10,VALID,0,-100.0,100.0,synthetic
LOT_E01_C010,LOT_E01,IGSS,96,-2.1740794920581337,nA,150.0,"HTGB (150°C, ±20V)",ATE_BENCH_01,CH_10,VALID,0,-100.0,100.0,synthetic
LOT_E01_C010,LOT_E01,IGSS,168,-1.7233498330896277,nA,150.0,"HTGB (150°C, ±20V)",ATE_BENCH_01,CH_10,VALID,0,-100.0,100.0,synthetic
LOT_E01_C011,LOT_E01,IDSS,0,0.341069414389498,uA,150.0,"HTRB (150°C, 80V)",ATE_BENCH_01,CH_11,VALID,0,,10.0,synthetic
LOT_E01_C011,LOT_E01,IDSS,24,0.38043974606153425,uA,150.0,"HTRB (150°C, 80V)",ATE_BENCH_01,CH_11,VALID,0,,10.0,synthetic
LOT_E01_C011,LOT_E01,IDSS,96,0.49577960091832945,uA,150.0,"HTRB (150°C, 80V)",ATE_BENCH_01,CH_11,VALID,0,,10.0,synthetic
LOT_E01_C011,LOT_E01,IDSS,168,0.31118800106800265,uA,150.0,"HTRB (150°C, 80V)",ATE_BENCH_01,CH_11,VALID,0,,10.0,synthetic
LOT_E01_C011,LOT_E01,VGS(th),0,2.967647798077483,V,150.0,"HTGB (150°C, 20V)",ATE_BENCH_01,CH_11,VALID,0,2.0,4.0,synthetic
LOT_E01_C011,LOT_E01,VGS(th),24,2.959241123800893,V,150.0,"HTGB (150°C, 20V)",ATE_BENCH_01,CH_11,VALID,0,2.0,4.0,synthetic
LOT_E01_C011,LOT_E01,VGS(th),96,2.9226098569315124,V,150.0,"HTGB (150°C, 20V)",ATE_BENCH_01,CH_11,VALID,0,2.0,4.0,synthetic
LOT_E01_C011,LOT_E01,VGS(th),168,2.919840021800931,V,150.0,"HTGB (150°C, 20V)",ATE_BENCH_01,CH_11,VALID,0,2.0,4.0,synthetic
LOT_E01_C011,LOT_E01,RDS(on),0,48.98881939824103,mOhm,125.0,Operating Life / Power Conduction (TJ=125-150°C),ATE_BENCH_01,CH_11,VALID,0,,60.0,synthetic
LOT_E01_C011,LOT_E01,RDS(on),24,49.52861523785569,mOhm,125.0,Operating Life / Power Conduction (TJ=125-150°C),ATE_BENCH_01,CH_11,VALID,0,,60.0,synthetic
LOT_E01_C011,LOT_E01,RDS(on),96,49.26404675279219,mOhm,125.0,Operating Life / Power Conduction (TJ=125-150°C),ATE_BENCH_01,CH_11,VALID,0,,60.0,synthetic
LOT_E01_C011,LOT_E01,RDS(on),168,47.59187114684463,mOhm,125.0,Operating Life / Power Conduction (TJ=125-150°C),ATE_BENCH_01,CH_11,VALID,0,,60.0,synthetic
LOT_E01_C011,LOT_E01,IGSS,0,1.9674653624834342,nA,150.0,"HTGB (150°C, ±20V)",ATE_BENCH_01,CH_11,VALID,0,-100.0,100.0,synthetic
LOT_E01_C011,LOT_E01,IGSS,24,1.6418320448591637,nA,150.0,"HTGB (150°C, ±20V)",ATE_BENCH_01,CH_11,VALID,0,-100.0,100.0,synthetic
LOT_E01_C011,LOT_E01,IGSS,96,1.4625908267256185,nA,150.0,"HTGB (150°C, ±20V)",ATE_BENCH_01,CH_11,VALID,0,-100.0,100.0,synthetic
LOT_E01_C011,LOT_E01,IGSS,168,1.3536390288251394,nA,150.0,"HTGB (150°C, ±20V)",ATE_BENCH_01,CH_11,VALID,0,-100.0,100.0,synthetic
LOT_E01_C012,LOT_E01,IDSS,0,0.4151066957143125,uA,150.0,"HTRB (150°C, 80V)",ATE_BENCH_01,CH_12,VALID,0,,10.0,synthetic
LOT_E01_C012,LOT_E01,IDSS,24,0.3453043949908051,uA,150.0,"HTRB (150°C, 80V)",ATE_BENCH_01,CH_12,VALID,0,,10.0,synthetic
LOT_E01_C012,LOT_E01,IDSS,96,0.5155887090091337,uA,150.0,"HTRB (150°C, 80V)",ATE_BENCH_01,CH_12,VALID,0,,10.0,synthetic
LOT_E01_C012,LOT_E01,IDSS,168,0.3457063072669485,uA,150.0,"HTRB (150°C, 80V)",ATE_BENCH_01,CH_12,VALID,0,,10.0,synthetic
LOT_E01_C012,LOT_E01,VGS(th),0,2.8885542312430132,V,150.0,"HTGB (150°C, 20V)",ATE_BENCH_01,CH_12,VALID,0,2.0,4.0,synthetic
LOT_E01_C012,LOT_E01,VGS(th),24,2.8827926312792074,V,150.0,"HTGB (150°C, 20V)",ATE_BENCH_01,CH_12,VALID,0,2.0,4.0,synthetic
LOT_E01_C012,LOT_E01,VGS(th),96,2.832373881485781,V,150.0,"HTGB (150°C, 20V)",ATE_BENCH_01,CH_12,VALID,0,2.0,4.0,synthetic
LOT_E01_C012,LOT_E01,VGS(th),168,2.9049021812519698,V,150.0,"HTGB (150°C, 20V)",ATE_BENCH_01,CH_12,VALID,0,2.0,4.0,synthetic
LOT_E01_C012,LOT_E01,RDS(on),0,54.26957907808073,mOhm,125.0,Operating Life / Power Conduction (TJ=125-150°C),ATE_BENCH_01,CH_12,VALID,0,,60.0,synthetic
LOT_E01_C012,LOT_E01,RDS(on),24,55.11454272861271,mOhm,125.0,Operating Life / Power Conduction (TJ=125-150°C),ATE_BENCH_01,CH_12,VALID,0,,60.0,synthetic
LOT_E01_C012,LOT_E01,RDS(on),96,56.648356197314044,mOhm,125.0,Operating Life / Power Conduction (TJ=125-150°C),ATE_BENCH_01,CH_12,VALID,0,,60.0,synthetic
LOT_E01_C012,LOT_E01,RDS(on),168,54.79695645301295,mOhm,125.0,Operating Life / Power Conduction (TJ=125-150°C),ATE_BENCH_01,CH_12,VALID,0,,60.0,synthetic
LOT_E01_C012,LOT_E01,IGSS,0,0.011192830910368134,nA,150.0,"HTGB (150°C, ±20V)",ATE_BENCH_01,CH_12,VALID,0,-100.0,100.0,synthetic
LOT_E01_C012,LOT_E01,IGSS,24,-0.049302807421996414,nA,150.0,"HTGB (150°C, ±20V)",ATE_BENCH_01,CH_12,VALID,0,-100.0,100.0,synthetic
LOT_E01_C012,LOT_E01,IGSS,96,-0.39941902590222333,nA,150.0,"HTGB (150°C, ±20V)",ATE_BENCH_01,CH_12,VALID,0,-100.0,100.0,synthetic
LOT_E01_C012,LOT_E01,IGSS,168,0.11410990396852601,nA,150.0,"HTGB (150°C, ±20V)",ATE_BENCH_01,CH_12,VALID,0,-100.0,100.0,synthetic
LOT_E01_C013,LOT_E01,IDSS,0,0.632863704478871,uA,150.0,"HTRB (150°C, 80V)",ATE_BENCH_01,CH_13,VALID,0,,10.0,synthetic
LOT_E01_C013,LOT_E01,IDSS,24,0.6483095794040382,uA,150.0,"HTRB (150°C, 80V)",ATE_BENCH_01,CH_13,VALID,0,,10.0,synthetic
LOT_E01_C013,LOT_E01,IDSS,96,0.9420873332503991,uA,150.0,"HTRB (150°C, 80V)",ATE_BENCH_01,CH_13,VALID,0,,10.0,synthetic
LOT_E01_C013,LOT_E01,IDSS,168,0.6180601912519353,uA,150.0,"HTRB (150°C, 80V)",ATE_BENCH_01,CH_13,VALID,0,,10.0,synthetic
LOT_E01_C013,LOT_E01,VGS(th),0,2.8355008981845296,V,150.0,"HTGB (150°C, 20V)",ATE_BENCH_01,CH_13,VALID,0,2.0,4.0,synthetic
LOT_E01_C013,LOT_E01,VGS(th),24,2.8536592258148845,V,150.0,"HTGB (150°C, 20V)",ATE_BENCH_01,CH_13,VALID,0,2.0,4.0,synthetic
LOT_E01_C013,LOT_E01,VGS(th),96,2.871383988339427,V,150.0,"HTGB (150°C, 20V)",ATE_BENCH_01,CH_13,VALID,0,2.0,4.0,synthetic
LOT_E01_C013,LOT_E01,VGS(th),168,2.912524169037638,V,150.0,"HTGB (150°C, 20V)",ATE_BENCH_01,CH_13,VALID,0,2.0,4.0,synthetic
LOT_E01_C013,LOT_E01,RDS(on),0,41.86550217937724,mOhm,125.0,Operating Life / Power Conduction (TJ=125-150°C),ATE_BENCH_01,CH_13,VALID,0,,60.0,synthetic
LOT_E01_C013,LOT_E01,RDS(on),24,40.804220493199644,mOhm,125.0,Operating Life / Power Conduction (TJ=125-150°C),ATE_BENCH_01,CH_13,VALID,0,,60.0,synthetic
LOT_E01_C013,LOT_E01,RDS(on),96,41.99764205715375,mOhm,125.0,Operating Life / Power Conduction (TJ=125-150°C),ATE_BENCH_01,CH_13,VALID,0,,60.0,synthetic
LOT_E01_C013,LOT_E01,RDS(on),168,40.62636739238044,mOhm,125.0,Operating Life / Power Conduction (TJ=125-150°C),ATE_BENCH_01,CH_13,VALID,0,,60.0,synthetic
LOT_E01_C013,LOT_E01,IGSS,0,0.7822147336604625,nA,150.0,"HTGB (150°C, ±20V)",ATE_BENCH_01,CH_13,VALID,0,-100.0,100.0,synthetic
LOT_E01_C013,LOT_E01,IGSS,24,1.5666619039516354,nA,150.0,"HTGB (150°C, ±20V)",ATE_BENCH_01,CH_13,VALID,0,-100.0,100.0,synthetic
LOT_E01_C013,LOT_E01,IGSS,96,1.9081594012558323,nA,150.0,"HTGB (150°C, ±20V)",ATE_BENCH_01,CH_13,VALID,0,-100.0,100.0,synthetic
LOT_E01_C013,LOT_E01,IGSS,168,1.7320566414178584,nA,150.0,"HTGB (150°C, ±20V)",ATE_BENCH_01,CH_13,VALID,0,-100.0,100.0,synthetic
LOT_E01_C014,LOT_E01,IDSS,0,3.022705906983716,uA,150.0,"HTRB (150°C, 80V)",ATE_BENCH_01,CH_14,VALID,0,,10.0,synthetic
LOT_E01_C014,LOT_E01,IDSS,24,3.1259411913921102,uA,150.0,"HTRB (150°C, 80V)",ATE_BENCH_01,CH_14,VALID,0,,10.0,synthetic
LOT_E01_C014,LOT_E01,IDSS,96,4.34901965681593,uA,150.0,"HTRB (150°C, 80V)",ATE_BENCH_01,CH_14,VALID,0,,10.0,synthetic
LOT_E01_C014,LOT_E01,IDSS,168,2.856504662277804,uA,150.0,"HTRB (150°C, 80V)",ATE_BENCH_01,CH_14,VALID,0,,10.0,synthetic
LOT_E01_C014,LOT_E01,VGS(th),0,2.8558951133305936,V,150.0,"HTGB (150°C, 20V)",ATE_BENCH_01,CH_14,VALID,0,2.0,4.0,synthetic
LOT_E01_C014,LOT_E01,VGS(th),24,2.8495545683814294,V,150.0,"HTGB (150°C, 20V)",ATE_BENCH_01,CH_14,VALID,0,2.0,4.0,synthetic
LOT_E01_C014,LOT_E01,VGS(th),96,2.8029735718689177,V,150.0,"HTGB (150°C, 20V)",ATE_BENCH_01,CH_14,VALID,0,2.0,4.0,synthetic
LOT_E01_C014,LOT_E01,VGS(th),168,2.8572717104921344,V,150.0,"HTGB (150°C, 20V)",ATE_BENCH_01,CH_14,VALID,0,2.0,4.0,synthetic
LOT_E01_C014,LOT_E01,RDS(on),0,47.10945184028594,mOhm,125.0,Operating Life / Power Conduction (TJ=125-150°C),ATE_BENCH_01,CH_14,VALID,0,,60.0,synthetic
LOT_E01_C014,LOT_E01,RDS(on),24,46.32350139189002,mOhm,125.0,Operating Life / Power Conduction (TJ=125-150°C),ATE_BENCH_01,CH_14,VALID,0,,60.0,synthetic
LOT_E01_C014,LOT_E01,RDS(on),96,47.233568592286765,mOhm,125.0,Operating Life / Power Conduction (TJ=125-150°C),ATE_BENCH_01,CH_14,VALID,0,,60.0,synthetic
LOT_E01_C014,LOT_E01,RDS(on),168,46.270394029537,mOhm,125.0,Operating Life / Power Conduction (TJ=125-150°C),ATE_BENCH_01,CH_14,VALID,0,,60.0,synthetic
LOT_E01_C014,LOT_E01,IGSS,0,-1.4751192309750243,nA,150.0,"HTGB (150°C, ±20V)",ATE_BENCH_01,CH_14,VALID,0,-100.0,100.0,synthetic
LOT_E01_C014,LOT_E01,IGSS,24,-0.9327731359371689,nA,150.0,"HTGB (150°C, ±20V)",ATE_BENCH_01,CH_14,VALID,0,-100.0,100.0,synthetic
LOT_E01_C014,LOT_E01,IGSS,96,-1.7781443604825047,nA,150.0,"HTGB (150°C, ±20V)",ATE_BENCH_01,CH_14,VALID,0,-100.0,100.0,synthetic
LOT_E01_C014,LOT_E01,IGSS,168,-2.02715731981433,nA,150.0,"HTGB (150°C, ±20V)",ATE_BENCH_01,CH_14,VALID,0,-100.0,100.0,synthetic
LOT_E01_C015,LOT_E01,IDSS,0,0.37722547512434174,uA,150.0,"HTRB (150°C, 80V)",ATE_BENCH_01,CH_15,VALID,0,,10.0,synthetic
LOT_E01_C015,LOT_E01,IDSS,24,0.4540815286680174,uA,150.0,"HTRB (150°C, 80V)",ATE_BENCH_01,CH_15,VALID,0,,10.0,synthetic
LOT_E01_C015,LOT_E01,IDSS,96,0.7087355643764357,uA,150.0,"HTRB (150°C, 80V)",ATE_BENCH_01,CH_15,VALID,0,,10.0,synthetic
LOT_E01_C015,LOT_E01,IDSS,168,0.4267427774895196,uA,150.0,"HTRB (150°C, 80V)",ATE_BENCH_01,CH_15,VALID,0,,10.0,synthetic
LOT_E01_C015,LOT_E01,VGS(th),0,3.1697129299746947,V,150.0,"HTGB (150°C, 20V)",ATE_BENCH_01,CH_15,VALID,0,2.0,4.0,synthetic
LOT_E01_C015,LOT_E01,VGS(th),24,3.184436451642462,V,150.0,"HTGB (150°C, 20V)",ATE_BENCH_01,CH_15,VALID,0,2.0,4.0,synthetic
LOT_E01_C015,LOT_E01,VGS(th),96,3.1324809841361825,V,150.0,"HTGB (150°C, 20V)",ATE_BENCH_01,CH_15,VALID,0,2.0,4.0,synthetic
LOT_E01_C015,LOT_E01,VGS(th),168,3.1850126069662443,V,150.0,"HTGB (150°C, 20V)",ATE_BENCH_01,CH_15,VALID,0,2.0,4.0,synthetic
LOT_E01_C015,LOT_E01,RDS(on),0,45.32344447540203,mOhm,125.0,Operating Life / Power Conduction (TJ=125-150°C),ATE_BENCH_01,CH_15,VALID,0,,60.0,synthetic
LOT_E01_C015,LOT_E01,RDS(on),24,45.98273053094141,mOhm,125.0,Operating Life / Power Conduction (TJ=125-150°C),ATE_BENCH_01,CH_15,VALID,0,,60.0,synthetic
LOT_E01_C015,LOT_E01,RDS(on),96,44.919389864682785,mOhm,125.0,Operating Life / Power Conduction (TJ=125-150°C),ATE_BENCH_01,CH_15,VALID,0,,60.0,synthetic
LOT_E01_C015,LOT_E01,RDS(on),168,44.64455919742862,mOhm,125.0,Operating Life / Power Conduction (TJ=125-150°C),ATE_BENCH_01,CH_15,VALID,0,,60.0,synthetic
LOT_E01_C015,LOT_E01,IGSS,0,2.734543368907998,nA,150.0,"HTGB (150°C, ±20V)",ATE_BENCH_01,CH_15,VALID,0,-100.0,100.0,synthetic
LOT_E01_C015,LOT_E01,IGSS,24,1.4088437316032092,nA,150.0,"HTGB (150°C, ±20V)",ATE_BENCH_01,CH_15,VALID,0,-100.0,100.0,synthetic
LOT_E01_C015,LOT_E01,IGSS,96,1.7628389931575708,nA,150.0,"HTGB (150°C, ±20V)",ATE_BENCH_01,CH_15,VALID,0,-100.0,100.0,synthetic
LOT_E01_C015,LOT_E01,IGSS,168,2.1254977217439293,nA,150.0,"HTGB (150°C, ±20V)",ATE_BENCH_01,CH_15,VALID,0,-100.0,100.0,synthetic
LOT_E01_C016,LOT_E01,IDSS,0,0.5683270447691746,uA,150.0,"HTRB (150°C, 80V)",ATE_BENCH_01,CH_16,VALID,0,,10.0,synthetic
LOT_E01_C016,LOT_E01,IDSS,24,0.5352772919979543,uA,150.0,"HTRB (150°C, 80V)",ATE_BENCH_01,CH_16,VALID,0,,10.0,synthetic
LOT_E01_C016,LOT_E01,IDSS,96,0.9394956731535727,uA,150.0,"HTRB (150°C, 80V)",ATE_BENCH_01,CH_16,VALID,0,,10.0,synthetic
LOT_E01_C016,LOT_E01,IDSS,168,0.5594885399494042,uA,150.0,"HTRB (150°C, 80V)",ATE_BENCH_01,CH_16,VALID,0,,10.0,synthetic
LOT_E01_C016,LOT_E01,VGS(th),0,3.549125083628554,V,150.0,"HTGB (150°C, 20V)",ATE_BENCH_01,CH_16,VALID,0,2.0,4.0,synthetic
LOT_E01_C016,LOT_E01,VGS(th),24,3.5761671326527202,V,150.0,"HTGB (150°C, 20V)",ATE_BENCH_01,CH_16,VALID,0,2.0,4.0,synthetic
LOT_E01_C016,LOT_E01,VGS(th),96,3.5197839029068114,V,150.0,"HTGB (150°C, 20V)",ATE_BENCH_01,CH_16,VALID,0,2.0,4.0,synthetic
LOT_E01_C016,LOT_E01,VGS(th),168,3.547481341699895,V,150.0,"HTGB (150°C, 20V)",ATE_BENCH_01,CH_16,VALID,0,2.0,4.0,synthetic
LOT_E01_C016,LOT_E01,RDS(on),0,43.108476434063874,mOhm,125.0,Operating Life / Power Conduction (TJ=125-150°C),ATE_BENCH_01,CH_16,VALID,0,,60.0,synthetic
LOT_E01_C016,LOT_E01,RDS(on),24,42.514640468498364,mOhm,125.0,Operating Life / Power Conduction (TJ=125-150°C),ATE_BENCH_01,CH_16,VALID,0,,60.0,synthetic
LOT_E01_C016,LOT_E01,RDS(on),96,43.40355832253666,mOhm,125.0,Operating Life / Power Conduction (TJ=125-150°C),ATE_BENCH_01,CH_16,VALID,0,,60.0,synthetic
LOT_E01_C016,LOT_E01,RDS(on),168,43.58822504323393,mOhm,125.0,Operating Life / Power Conduction (TJ=125-150°C),ATE_BENCH_01,CH_16,VALID,0,,60.0,synthetic
LOT_E01_C016,LOT_E01,IGSS,0,-1.08199757837224,nA,150.0,"HTGB (150°C, ±20V)",ATE_BENCH_01,CH_16,VALID,0,-100.0,100.0,synthetic
LOT_E01_C016,LOT_E01,IGSS,24,-1.5175780625082356,nA,150.0,"HTGB (150°C, ±20V)",ATE_BENCH_01,CH_16,VALID,0,-100.0,100.0,synthetic
LOT_E01_C016,LOT_E01,IGSS,96,-1.2257896712174696,nA,150.0,"HTGB (150°C, ±20V)",ATE_BENCH_01,CH_16,VALID,0,-100.0,100.0,synthetic
LOT_E01_C016,LOT_E01,IGSS,168,-2.2097543488867073,nA,150.0,"HTGB (150°C, ±20V)",ATE_BENCH_01,CH_16,VALID,0,-100.0,100.0,synthetic
LOT_E01_C017,LOT_E01,IDSS,0,0.4208425724215708,uA,150.0,"HTRB (150°C, 80V)",ATE_BENCH_02,CH_01,VALID,0,,10.0,synthetic
LOT_E01_C017,LOT_E01,IDSS,24,0.3871311170714636,uA,150.0,"HTRB (150°C, 80V)",ATE_BENCH_02,CH_01,VALID,0,,10.0,synthetic
LOT_E01_C017,LOT_E01,IDSS,96,0.7212355620541241,uA,150.0,"HTRB (150°C, 80V)",ATE_BENCH_02,CH_01,VALID,0,,10.0,synthetic
LOT_E01_C017,LOT_E01,IDSS,168,0.4950316309316776,uA,150.0,"HTRB (150°C, 80V)",ATE_BENCH_02,CH_01,VALID,0,,10.0,synthetic
LOT_E01_C017,LOT_E01,VGS(th),0,2.9757888575567364,V,150.0,"HTGB (150°C, 20V)",ATE_BENCH_02,CH_01,VALID,0,2.0,4.0,synthetic
LOT_E01_C017,LOT_E01,VGS(th),24,2.9908659010705794,V,150.0,"HTGB (150°C, 20V)",ATE_BENCH_02,CH_01,VALID,0,2.0,4.0,synthetic
LOT_E01_C017,LOT_E01,VGS(th),96,2.9432879730440042,V,150.0,"HTGB (150°C, 20V)",ATE_BENCH_02,CH_01,VALID,0,2.0,4.0,synthetic
LOT_E01_C017,LOT_E01,VGS(th),168,2.9763486531103767,V,150.0,"HTGB (150°C, 20V)",ATE_BENCH_02,CH_01,VALID,0,2.0,4.0,synthetic
LOT_E01_C017,LOT_E01,RDS(on),0,45.08900774700917,mOhm,125.0,Operating Life / Power Conduction (TJ=125-150°C),ATE_BENCH_02,CH_01,VALID,0,,60.0,synthetic
LOT_E01_C017,LOT_E01,RDS(on),24,44.86239388097786,mOhm,125.0,Operating Life / Power Conduction (TJ=125-150°C),ATE_BENCH_02,CH_01,VALID,0,,60.0,synthetic
LOT_E01_C017,LOT_E01,RDS(on),96,46.36240816247033,mOhm,125.0,Operating Life / Power Conduction (TJ=125-150°C),ATE_BENCH_02,CH_01,VALID,0,,60.0,synthetic
LOT_E01_C017,LOT_E01,RDS(on),168,45.27698123484722,mOhm,125.0,Operating Life / Power Conduction (TJ=125-150°C),ATE_BENCH_02,CH_01,VALID,0,,60.0,synthetic
LOT_E01_C017,LOT_E01,IGSS,0,1.819514083539947,nA,150.0,"HTGB (150°C, ±20V)",ATE_BENCH_02,CH_01,VALID,0,-100.0,100.0,synthetic
LOT_E01_C017,LOT_E01,IGSS,24,2.05104300864445,nA,150.0,"HTGB (150°C, ±20V)",ATE_BENCH_02,CH_01,VALID,0,-100.0,100.0,synthetic
LOT_E01_C017,LOT_E01,IGSS,96,3.2970470612087284,nA,150.0,"HTGB (150°C, ±20V)",ATE_BENCH_02,CH_01,VALID,0,-100.0,100.0,synthetic
LOT_E01_C017,LOT_E01,IGSS,168,1.9083094261505518,nA,150.0,"HTGB (150°C, ±20V)",ATE_BENCH_02,CH_01,VALID,0,-100.0,100.0,synthetic
LOT_E01_C018,LOT_E01,IDSS,0,0.473698274294162,uA,150.0,"HTRB (150°C, 80V)",ATE_BENCH_02,CH_02,VALID,0,,10.0,synthetic
LOT_E01_C018,LOT_E01,IDSS,24,0.49990762402151806,uA,150.0,"HTRB (150°C, 80V)",ATE_BENCH_02,CH_02,VALID,0,,10.0,synthetic
LOT_E01_C018,LOT_E01,IDSS,96,0.8276777768174743,uA,150.0,"HTRB (150°C, 80V)",ATE_BENCH_02,CH_02,VALID,0,,10.0,synthetic
LOT_E01_C018,LOT_E01,IDSS,168,0.5144514402409656,uA,150.0,"HTRB (150°C, 80V)",ATE_BENCH_02,CH_02,VALID,0,,10.0,synthetic
LOT_E01_C018,LOT_E01,VGS(th),0,2.7341527037083946,V,150.0,"HTGB (150°C, 20V)",ATE_BENCH_02,CH_02,VALID,0,2.0,4.0,synthetic
LOT_E01_C018,LOT_E01,VGS(th),24,2.682316921739075,V,150.0,"HTGB (150°C, 20V)",ATE_BENCH_02,CH_02,VALID,0,2.0,4.0,synthetic
LOT_E01_C018,LOT_E01,VGS(th),96,2.695477084672468,V,150.0,"HTGB (150°C, 20V)",ATE_BENCH_02,CH_02,VALID,0,2.0,4.0,synthetic
LOT_E01_C018,LOT_E01,VGS(th),168,2.7157647308655837,V,150.0,"HTGB (150°C, 20V)",ATE_BENCH_02,CH_02,VALID,0,2.0,4.0,synthetic
LOT_E01_C018,LOT_E01,RDS(on),0,56.93213284986001,mOhm,125.0,Operating Life / Power Conduction (TJ=125-150°C),ATE_BENCH_02,CH_02,VALID,0,,60.0,synthetic
LOT_E01_C018,LOT_E01,RDS(on),24,57.516628925248064,mOhm,125.0,Operating Life / Power Conduction (TJ=125-150°C),ATE_BENCH_02,CH_02,VALID,0,,60.0,synthetic
LOT_E01_C018,LOT_E01,RDS(on),96,58.973716791162275,mOhm,125.0,Operating Life / Power Conduction (TJ=125-150°C),ATE_BENCH_02,CH_02,VALID,0,,60.0,synthetic
LOT_E01_C018,LOT_E01,RDS(on),168,56.97650722278496,mOhm,125.0,Operating Life / Power Conduction (TJ=125-150°C),ATE_BENCH_02,CH_02,VALID,0,,60.0,synthetic
LOT_E01_C018,LOT_E01,IGSS,0,-1.2650279945481162,nA,150.0,"HTGB (150°C, ±20V)",ATE_BENCH_02,CH_02,VALID,0,-100.0,100.0,synthetic
LOT_E01_C018,LOT_E01,IGSS,24,-1.9473293341978886,nA,150.0,"HTGB (150°C, ±20V)",ATE_BENCH_02,CH_02,VALID,0,-100.0,100.0,synthetic
LOT_E01_C018,LOT_E01,IGSS,96,-1.7674745548271396,nA,150.0,"HTGB (150°C, ±20V)",ATE_BENCH_02,CH_02,VALID,0,-100.0,100.0,synthetic
LOT_E01_C018,LOT_E01,IGSS,168,-2.4529594584475474,nA,150.0,"HTGB (150°C, ±20V)",ATE_BENCH_02,CH_02,VALID,0,-100.0,100.0,synthetic
LOT_E01_C019,LOT_E01,IDSS,0,0.40257609088444485,uA,150.0,"HTRB (150°C, 80V)",ATE_BENCH_02,CH_03,VALID,0,,10.0,synthetic
LOT_E01_C019,LOT_E01,IDSS,24,0.34826646109628223,uA,150.0,"HTRB (150°C, 80V)",ATE_BENCH_02,CH_03,VALID,0,,10.0,synthetic
LOT_E01_C019,LOT_E01,IDSS,96,0.5568296273833153,uA,150.0,"HTRB (150°C, 80V)",ATE_BENCH_02,CH_03,VALID,0,,10.0,synthetic
LOT_E01_C019,LOT_E01,IDSS,168,0.3832704623572568,uA,150.0,"HTRB (150°C, 80V)",ATE_BENCH_02,CH_03,VALID,0,,10.0,synthetic
LOT_E01_C019,LOT_E01,VGS(th),0,2.9241969391771203,V,150.0,"HTGB (150°C, 20V)",ATE_BENCH_02,CH_03,VALID,0,2.0,4.0,synthetic
LOT_E01_C019,LOT_E01,VGS(th),24,2.9104856226679945,V,150.0,"HTGB (150°C, 20V)",ATE_BENCH_02,CH_03,VALID,0,2.0,4.0,synthetic
LOT_E01_C019,LOT_E01,VGS(th),96,2.9016639794040096,V,150.0,"HTGB (150°C, 20V)",ATE_BENCH_02,CH_03,VALID,0,2.0,4.0,synthetic
LOT_E01_C019,LOT_E01,VGS(th),168,2.9421547070247573,V,150.0,"HTGB (150°C, 20V)",ATE_BENCH_02,CH_03,VALID,0,2.0,4.0,synthetic
LOT_E01_C019,LOT_E01,RDS(on),0,49.207963732232365,mOhm,125.0,Operating Life / Power Conduction (TJ=125-150°C),ATE_BENCH_02,CH_03,VALID,0,,60.0,synthetic
LOT_E01_C019,LOT_E01,RDS(on),24,47.948154413752064,mOhm,125.0,Operating Life / Power Conduction (TJ=125-150°C),ATE_BENCH_02,CH_03,VALID,0,,60.0,synthetic
LOT_E01_C019,LOT_E01,RDS(on),96,50.20555061244799,mOhm,125.0,Operating Life / Power Conduction (TJ=125-150°C),ATE_BENCH_02,CH_03,VALID,0,,60.0,synthetic
LOT_E01_C019,LOT_E01,RDS(on),168,47.30298490578197,mOhm,125.0,Operating Life / Power Conduction (TJ=125-150°C),ATE_BENCH_02,CH_03,VALID,0,,60.0,synthetic
LOT_E01_C019,LOT_E01,IGSS,0,1.2502015568506697,nA,150.0,"HTGB (150°C, ±20V)",ATE_BENCH_02,CH_03,VALID,0,-100.0,100.0,synthetic
LOT_E01_C019,LOT_E01,IGSS,24,1.6608606436837914,nA,150.0,"HTGB (150°C, ±20V)",ATE_BENCH_02,CH_03,VALID,0,-100.0,100.0,synthetic
LOT_E01_C019,LOT_E01,IGSS,96,1.8380269449207842,nA,150.0,"HTGB (150°C, ±20V)",ATE_BENCH_02,CH_03,VALID,0,-100.0,100.0,synthetic
LOT_E01_C019,LOT_E01,IGSS,168,1.3339171485619563,nA,150.0,"HTGB (150°C, ±20V)",ATE_BENCH_02,CH_03,VALID,0,-100.0,100.0,synthetic
LOT_E01_C020,LOT_E01,IDSS,0,2.2908692927321694,uA,150.0,"HTRB (150°C, 80V)",ATE_BENCH_02,CH_04,VALID,0,,10.0,synthetic
LOT_E01_C020,LOT_E01,IDSS,24,2.3498863571749373,uA,150.0,"HTRB (150°C, 80V)",ATE_BENCH_02,CH_04,VALID,0,,10.0,synthetic
LOT_E01_C020,LOT_E01,IDSS,96,3.454252763041722,uA,150.0,"HTRB (150°C, 80V)",ATE_BENCH_02,CH_04,VALID,0,,10.0,synthetic
LOT_E01_C020,LOT_E01,IDSS,168,2.2442712079023663,uA,150.0,"HTRB (150°C, 80V)",ATE_BENCH_02,CH_04,VALID,0,,10.0,synthetic
LOT_E01_C020,LOT_E01,VGS(th),0,2.791564012368556,V,150.0,"HTGB (150°C, 20V)",ATE_BENCH_02,CH_04,VALID,0,2.0,4.0,synthetic
LOT_E01_C020,LOT_E01,VGS(th),24,2.8376699509226913,V,150.0,"HTGB (150°C, 20V)",ATE_BENCH_02,CH_04,VALID,0,2.0,4.0,synthetic
LOT_E01_C020,LOT_E01,VGS(th),96,2.747017406746,V,150.0,"HTGB (150°C, 20V)",ATE_BENCH_02,CH_04,VALID,0,2.0,4.0,synthetic
LOT_E01_C020,LOT_E01,VGS(th),168,2.8055156902184306,V,150.0,"HTGB (150°C, 20V)",ATE_BENCH_02,CH_04,VALID,0,2.0,4.0,synthetic
LOT_E01_C020,LOT_E01,RDS(on),0,42.79398575595213,mOhm,125.0,Operating Life / Power Conduction (TJ=125-150°C),ATE_BENCH_02,CH_04,VALID,0,,60.0,synthetic
LOT_E01_C020,LOT_E01,RDS(on),24,43.4574120158237,mOhm,125.0,Operating Life / Power Conduction (TJ=125-150°C),ATE_BENCH_02,CH_04,VALID,0,,60.0,synthetic
LOT_E01_C020,LOT_E01,RDS(on),96,43.6297032744486,mOhm,125.0,Operating Life / Power Conduction (TJ=125-150°C),ATE_BENCH_02,CH_04,VALID,0,,60.0,synthetic
LOT_E01_C020,LOT_E01,RDS(on),168,42.11505631961918,mOhm,125.0,Operating Life / Power Conduction (TJ=125-150°C),ATE_BENCH_02,CH_04,VALID,0,,60.0,synthetic
LOT_E01_C020,LOT_E01,IGSS,0,-1.6702375331389863,nA,150.0,"HTGB (150°C, ±20V)",ATE_BENCH_02,CH_04,VALID,0,-100.0,100.0,synthetic
LOT_E01_C020,LOT_E01,IGSS,24,-2.2259919032662725,nA,150.0,"HTGB (150°C, ±20V)",ATE_BENCH_02,CH_04,VALID,0,-100.0,100.0,synthetic
LOT_E01_C020,LOT_E01,IGSS,96,-2.006629570614737,nA,150.0,"HTGB (150°C, ±20V)",ATE_BENCH_02,CH_04,VALID,0,-100.0,100.0,synthetic
LOT_E01_C020,LOT_E01,IGSS,168,-2.020706843592265,nA,150.0,"HTGB (150°C, ±20V)",ATE_BENCH_02,CH_04,VALID,0,-100.0,100.0,synthetic
LOT_E01_C021,LOT_E01,IDSS,0,0.444506726993158,uA,150.0,"HTRB (150°C, 80V)",ATE_BENCH_02,CH_05,VALID,0,,10.0,synthetic
LOT_E01_C021,LOT_E01,IDSS,24,0.42047050767071714,uA,150.0,"HTRB (150°C, 80V)",ATE_BENCH_02,CH_05,VALID,0,,10.0,synthetic
LOT_E01_C021,LOT_E01,IDSS,96,0.5475087671726628,uA,150.0,"HTRB (150°C, 80V)",ATE_BENCH_02,CH_05,VALID,0,,10.0,synthetic
LOT_E01_C021,LOT_E01,IDSS,168,0.41081103134256836,uA,150.0,"HTRB (150°C, 80V)",ATE_BENCH_02,CH_05,VALID,0,,10.0,synthetic
LOT_E01_C021,LOT_E01,VGS(th),0,2.902568069069838,V,150.0,"HTGB (150°C, 20V)",ATE_BENCH_02,CH_05,VALID,0,2.0,4.0,synthetic
LOT_E01_C021,LOT_E01,VGS(th),24,2.91165317790171,V,150.0,"HTGB (150°C, 20V)",ATE_BENCH_02,CH_05,VALID,0,2.0,4.0,synthetic
LOT_E01_C021,LOT_E01,VGS(th),96,2.9130779678143432,V,150.0,"HTGB (150°C, 20V)",ATE_BENCH_02,CH_05,VALID,0,2.0,4.0,synthetic
LOT_E01_C021,LOT_E01,VGS(th),168,2.9132236885555045,V,150.0,"HTGB (150°C, 20V)",ATE_BENCH_02,CH_05,VALID,0,2.0,4.0,synthetic
LOT_E01_C021,LOT_E01,RDS(on),0,49.598860543509794,mOhm,125.0,Operating Life / Power Conduction (TJ=125-150°C),ATE_BENCH_02,CH_05,VALID,0,,60.0,synthetic
LOT_E01_C021,LOT_E01,RDS(on),24,49.15237367775591,mOhm,125.0,Operating Life / Power Conduction (TJ=125-150°C),ATE_BENCH_02,CH_05,VALID,0,,60.0,synthetic
LOT_E01_C021,LOT_E01,RDS(on),96,51.141701429081294,mOhm,125.0,Operating Life / Power Conduction (TJ=125-150°C),ATE_BENCH_02,CH_05,VALID,0,,60.0,synthetic
LOT_E01_C021,LOT_E01,RDS(on),168,50.808201904595236,mOhm,125.0,Operating Life / Power Conduction (TJ=125-150°C),ATE_BENCH_02,CH_05,VALID,0,,60.0,synthetic
LOT_E01_C021,LOT_E01,IGSS,0,1.5337396060845954,nA,150.0,"HTGB (150°C, ±20V)",ATE_BENCH_02,CH_05,VALID,0,-100.0,100.0,synthetic
LOT_E01_C021,LOT_E01,IGSS,24,2.5202276430295023,nA,150.0,"HTGB (150°C, ±20V)",ATE_BENCH_02,CH_05,VALID,0,-100.0,100.0,synthetic
LOT_E01_C021,LOT_E01,IGSS,96,2.5278167270326075,nA,150.0,"HTGB (150°C, ±20V)",ATE_BENCH_02,CH_05,VALID,0,-100.0,100.0,synthetic
LOT_E01_C021,LOT_E01,IGSS,168,1.6935643661989979,nA,150.0,"HTGB (150°C, ±20V)",ATE_BENCH_02,CH_05,VALID,0,-100.0,100.0,synthetic
LOT_E01_C022,LOT_E01,IDSS,0,0.5404240378418745,uA,150.0,"HTRB (150°C, 80V)",ATE_BENCH_02,CH_06,VALID,0,,10.0,synthetic
LOT_E01_C022,LOT_E01,IDSS,24,0.5047802079223561,uA,150.0,"HTRB (150°C, 80V)",ATE_BENCH_02,CH_06,VALID,0,,10.0,synthetic
LOT_E01_C022,LOT_E01,IDSS,96,0.6311881685307589,uA,150.0,"HTRB (150°C, 80V)",ATE_BENCH_02,CH_06,VALID,0,,10.0,synthetic
LOT_E01_C022,LOT_E01,IDSS,168,0.45101679587594234,uA,150.0,"HTRB (150°C, 80V)",ATE_BENCH_02,CH_06,VALID,0,,10.0,synthetic
LOT_E01_C022,LOT_E01,VGS(th),0,3.720891489990716,V,150.0,"HTGB (150°C, 20V)",ATE_BENCH_02,CH_06,VALID,0,2.0,4.0,synthetic
LOT_E01_C022,LOT_E01,VGS(th),24,3.7068039975637666,V,150.0,"HTGB (150°C, 20V)",ATE_BENCH_02,CH_06,VALID,0,2.0,4.0,synthetic
LOT_E01_C022,LOT_E01,VGS(th),96,3.666679617730133,V,150.0,"HTGB (150°C, 20V)",ATE_BENCH_02,CH_06,VALID,0,2.0,4.0,synthetic
LOT_E01_C022,LOT_E01,VGS(th),168,3.6909075718665743,V,150.0,"HTGB (150°C, 20V)",ATE_BENCH_02,CH_06,VALID,0,2.0,4.0,synthetic
LOT_E01_C022,LOT_E01,RDS(on),0,45.03890578311507,mOhm,125.0,Operating Life / Power Conduction (TJ=125-150°C),ATE_BENCH_02,CH_06,VALID,0,,60.0,synthetic
LOT_E01_C022,LOT_E01,RDS(on),24,45.70353269781422,mOhm,125.0,Operating Life / Power Conduction (TJ=125-150°C),ATE_BENCH_02,CH_06,VALID,0,,60.0,synthetic
LOT_E01_C022,LOT_E01,RDS(on),96,47.4857089413896,mOhm,125.0,Operating Life / Power Conduction (TJ=125-150°C),ATE_BENCH_02,CH_06,VALID,0,,60.0,synthetic
LOT_E01_C022,LOT_E01,RDS(on),168,45.438663792788724,mOhm,125.0,Operating Life / Power Conduction (TJ=125-150°C),ATE_BENCH_02,CH_06,VALID,0,,60.0,synthetic
LOT_E01_C022,LOT_E01,IGSS,0,-2.1042676984942714,nA,150.0,"HTGB (150°C, ±20V)",ATE_BENCH_02,CH_06,VALID,0,-100.0,100.0,synthetic
LOT_E01_C022,LOT_E01,IGSS,24,-3.409587972333253,nA,150.0,"HTGB (150°C, ±20V)",ATE_BENCH_02,CH_06,VALID,0,-100.0,100.0,synthetic
LOT_E01_C022,LOT_E01,IGSS,96,-1.7870163562014607,nA,150.0,"HTGB (150°C, ±20V)",ATE_BENCH_02,CH_06,VALID,0,-100.0,100.0,synthetic
LOT_E01_C022,LOT_E01,IGSS,168,-3.2195640232783065,nA,150.0,"HTGB (150°C, ±20V)",ATE_BENCH_02,CH_06,VALID,0,-100.0,100.0,synthetic
LOT_E01_C023,LOT_E01,IDSS,0,0.5755924995766373,uA,150.0,"HTRB (150°C, 80V)",ATE_BENCH_02,CH_07,VALID,0,,10.0,synthetic
LOT_E01_C023,LOT_E01,IDSS,24,0.5047517293992925,uA,150.0,"HTRB (150°C, 80V)",ATE_BENCH_02,CH_07,VALID,0,,10.0,synthetic
LOT_E01_C023,LOT_E01,IDSS,96,0.8637610558445182,uA,150.0,"HTRB (150°C, 80V)",ATE_BENCH_02,CH_07,VALID,0,,10.0,synthetic
LOT_E01_C023,LOT_E01,IDSS,168,0.5436507147592197,uA,150.0,"HTRB (150°C, 80V)",ATE_BENCH_02,CH_07,VALID,0,,10.0,synthetic
LOT_E01_C023,LOT_E01,VGS(th),0,3.0325789435952446,V,150.0,"HTGB (150°C, 20V)",ATE_BENCH_02,CH_07,VALID,0,2.0,4.0,synthetic
LOT_E01_C023,LOT_E01,VGS(th),24,3.0098583169896886,V,150.0,"HTGB (150°C, 20V)",ATE_BENCH_02,CH_07,VALID,0,2.0,4.0,synthetic
LOT_E01_C023,LOT_E01,VGS(th),96,2.9667713751796447,V,150.0,"HTGB (150°C, 20V)",ATE_BENCH_02,CH_07,VALID,0,2.0,4.0,synthetic
LOT_E01_C023,LOT_E01,VGS(th),168,3.0121378478180185,V,150.0,"HTGB (150°C, 20V)",ATE_BENCH_02,CH_07,VALID,0,2.0,4.0,synthetic
LOT_E01_C023,LOT_E01,RDS(on),0,48.118612224913775,mOhm,125.0,Operating Life / Power Conduction (TJ=125-150°C),ATE_BENCH_02,CH_07,VALID,0,,60.0,synthetic
LOT_E01_C023,LOT_E01,RDS(on),24,49.219392284398694,mOhm,125.0,Operating Life / Power Conduction (TJ=125-150°C),ATE_BENCH_02,CH_07,VALID,0,,60.0,synthetic
LOT_E01_C023,LOT_E01,RDS(on),96,49.6671739709471,mOhm,125.0,Operating Life / Power Conduction (TJ=125-150°C),ATE_BENCH_02,CH_07,VALID,0,,60.0,synthetic
LOT_E01_C023,LOT_E01,RDS(on),168,49.1477155348528,mOhm,125.0,Operating Life / Power Conduction (TJ=125-150°C),ATE_BENCH_02,CH_07,VALID,0,,60.0,synthetic
LOT_E01_C023,LOT_E01,IGSS,0,1.7134087822742505,nA,150.0,"HTGB (150°C, ±20V)",ATE_BENCH_02,CH_07,VALID,0,-100.0,100.0,synthetic
LOT_E01_C023,LOT_E01,IGSS,24,1.850556729192533,nA,150.0,"HTGB (150°C, ±20V)",ATE_BENCH_02,CH_07,VALID,0,-100.0,100.0,synthetic
LOT_E01_C023,LOT_E01,IGSS,96,2.363765716218406,nA,150.0,"HTGB (150°C, ±20V)",ATE_BENCH_02,CH_07,VALID,0,-100.0,100.0,synthetic
LOT_E01_C023,LOT_E01,IGSS,168,3.000761728175296,nA,150.0,"HTGB (150°C, ±20V)",ATE_BENCH_02,CH_07,VALID,0,-100.0,100.0,synthetic
LOT_E01_C024,LOT_E01,IDSS,0,0.44608251074300576,uA,150.0,"HTRB (150°C, 80V)",ATE_BENCH_02,CH_08,VALID,0,,10.0,synthetic
LOT_E01_C024,LOT_E01,IDSS,24,0.4337529028222874,uA,150.0,"HTRB (150°C, 80V)",ATE_BENCH_02,CH_08,VALID,0,,10.0,synthetic
LOT_E01_C024,LOT_E01,IDSS,96,0.6436184539401736,uA,150.0,"HTRB (150°C, 80V)",ATE_BENCH_02,CH_08,VALID,0,,10.0,synthetic
LOT_E01_C024,LOT_E01,IDSS,168,0.47262660217277497,uA,150.0,"HTRB (150°C, 80V)",ATE_BENCH_02,CH_08,VALID,0,,10.0,synthetic
LOT_E01_C024,LOT_E01,VGS(th),0,3.1115851443110722,V,150.0,"HTGB (150°C, 20V)",ATE_BENCH_02,CH_08,VALID,0,2.0,4.0,synthetic
LOT_E01_C024,LOT_E01,VGS(th),24,3.1034293869668077,V,150.0,"HTGB (150°C, 20V)",ATE_BENCH_02,CH_08,VALID,0,2.0,4.0,synthetic
LOT_E01_C024,LOT_E01,VGS(th),96,3.1117393945803027,V,150.0,"HTGB (150°C, 20V)",ATE_BENCH_02,CH_08,VALID,0,2.0,4.0,synthetic
LOT_E01_C024,LOT_E01,VGS(th),168,3.1321871548100324,V,150.0,"HTGB (150°C, 20V)",ATE_BENCH_02,CH_08,VALID,0,2.0,4.0,synthetic
LOT_E01_C024,LOT_E01,RDS(on),0,54.93229926990763,mOhm,125.0,Operating Life / Power Conduction (TJ=125-150°C),ATE_BENCH_02,CH_08,VALID,0,,60.0,synthetic
LOT_E01_C024,LOT_E01,RDS(on),24,55.100693380517086,mOhm,125.0,Operating Life / Power Conduction (TJ=125-150°C),ATE_BENCH_02,CH_08,VALID,0,,60.0,synthetic
LOT_E01_C024,LOT_E01,RDS(on),96,55.07701419504425,mOhm,125.0,Operating Life / Power Conduction (TJ=125-150°C),ATE_BENCH_02,CH_08,VALID,0,,60.0,synthetic
LOT_E01_C024,LOT_E01,RDS(on),168,55.205192384960114,mOhm,125.0,Operating Life / Power Conduction (TJ=125-150°C),ATE_BENCH_02,CH_08,VALID,0,,60.0,synthetic
LOT_E01_C024,LOT_E01,IGSS,0,-2.12675153124537,nA,150.0,"HTGB (150°C, ±20V)",ATE_BENCH_02,CH_08,VALID,0,-100.0,100.0,synthetic
LOT_E01_C024,LOT_E01,IGSS,24,-2.4727539025574194,nA,150.0,"HTGB (150°C, ±20V)",ATE_BENCH_02,CH_08,VALID,0,-100.0,100.0,synthetic
LOT_E01_C024,LOT_E01,IGSS,96,-1.9900909928757828,nA,150.0,"HTGB (150°C, ±20V)",ATE_BENCH_02,CH_08,VALID,0,-100.0,100.0,synthetic
LOT_E01_C024,LOT_E01,IGSS,168,-1.740471594937428,nA,150.0,"HTGB (150°C, ±20V)",ATE_BENCH_02,CH_08,VALID,0,-100.0,100.0,synthetic
LOT_E01_C025,LOT_E01,IDSS,0,0.4606841106491833,uA,150.0,"HTRB (150°C, 80V)",ATE_BENCH_02,CH_09,VALID,0,,10.0,synthetic
LOT_E01_C025,LOT_E01,IDSS,24,0.4149680530971635,uA,150.0,"HTRB (150°C, 80V)",ATE_BENCH_02,CH_09,VALID,0,,10.0,synthetic
LOT_E01_C025,LOT_E01,IDSS,96,0.6124655436143275,uA,150.0,"HTRB (150°C, 80V)",ATE_BENCH_02,CH_09,VALID,0,,10.0,synthetic
LOT_E01_C025,LOT_E01,IDSS,168,0.42947653153686577,uA,150.0,"HTRB (150°C, 80V)",ATE_BENCH_02,CH_09,VALID,0,,10.0,synthetic
LOT_E01_C025,LOT_E01,VGS(th),0,3.102411089236996,V,150.0,"HTGB (150°C, 20V)",ATE_BENCH_02,CH_09,VALID,0,2.0,4.0,synthetic
LOT_E01_C025,LOT_E01,VGS(th),24,3.1039255973343254,V,150.0,"HTGB (150°C, 20V)",ATE_BENCH_02,CH_09,VALID,0,2.0,4.0,synthetic
LOT_E01_C025,LOT_E01,VGS(th),96,3.0916332788944305,V,150.0,"HTGB (150°C, 20V)",ATE_BENCH_02,CH_09,VALID,0,2.0,4.0,synthetic
LOT_E01_C025,LOT_E01,VGS(th),168,3.0853847259310694,V,150.0,"HTGB (150°C, 20V)",ATE_BENCH_02,CH_09,VALID,0,2.0,4.0,synthetic
LOT_E01_C025,LOT_E01,RDS(on),0,55.086386333762086,mOhm,125.0,Operating Life / Power Conduction (TJ=125-150°C),ATE_BENCH_02,CH_09,VALID,0,,60.0,synthetic
LOT_E01_C025,LOT_E01,RDS(on),24,54.75702350590873,mOhm,125.0,Operating Life / Power Conduction (TJ=125-150°C),ATE_BENCH_02,CH_09,VALID,0,,60.0,synthetic
LOT_E01_C025,LOT_E01,RDS(on),96,55.735554546425696,mOhm,125.0,Operating Life / Power Conduction (TJ=125-150°C),ATE_BENCH_02,CH_09,VALID,0,,60.0,synthetic
LOT_E01_C025,LOT_E01,RDS(on),168,54.06950850948944,mOhm,125.0,Operating Life / Power Conduction (TJ=125-150°C),ATE_BENCH_02,CH_09,VALID,0,,60.0,synthetic
LOT_E01_C025,LOT_E01,IGSS,0,-0.23563893736744676,nA,150.0,"HTGB (150°C, ±20V)",ATE_BENCH_02,CH_09,VALID,0,-100.0,100.0,synthetic
LOT_E01_C025,LOT_E01,IGSS,24,-0.48533599785458326,nA,150.0,"HTGB (150°C, ±20V)",ATE_BENCH_02,CH_09,VALID,0,-100.0,100.0,synthetic
LOT_E01_C025,LOT_E01,IGSS,96,0.20077512171130169,nA,150.0,"HTGB (150°C, ±20V)",ATE_BENCH_02,CH_09,VALID,0,-100.0,100.0,synthetic
LOT_E01_C025,LOT_E01,IGSS,168,-0.07979777172896937,nA,150.0,"HTGB (150°C, ±20V)",ATE_BENCH_02,CH_09,VALID,0,-100.0,100.0,synthetic
LOT_E01_C026,LOT_E01,IDSS,0,1.8111385188651195,uA,150.0,"HTRB (150°C, 80V)",ATE_BENCH_02,CH_10,VALID,0,,10.0,synthetic
LOT_E01_C026,LOT_E01,IDSS,24,1.7476075946522605,uA,150.0,"HTRB (150°C, 80V)",ATE_BENCH_02,CH_10,VALID,0,,10.0,synthetic
LOT_E01_C026,LOT_E01,IDSS,96,2.725804864839217,uA,150.0,"HTRB (150°C, 80V)",ATE_BENCH_02,CH_10,VALID,0,,10.0,synthetic
LOT_E01_C026,LOT_E01,IDSS,168,2.049734632123668,uA,150.0,"HTRB (150°C, 80V)",ATE_BENCH_02,CH_10,VALID,0,,10.0,synthetic
LOT_E01_C026,LOT_E01,VGS(th),0,2.944404844124639,V,150.0,"HTGB (150°C, 20V)",ATE_BENCH_02,CH_10,VALID,0,2.0,4.0,synthetic
LOT_E01_C026,LOT_E01,VGS(th),24,2.965228435452598,V,150.0,"HTGB (150°C, 20V)",ATE_BENCH_02,CH_10,VALID,0,2.0,4.0,synthetic
LOT_E01_C026,LOT_E01,VGS(th),96,2.918217981185556,V,150.0,"HTGB (150°C, 20V)",ATE_BENCH_02,CH_10,VALID,0,2.0,4.0,synthetic
LOT_E01_C026,LOT_E01,VGS(th),168,2.945438955509339,V,150.0,"HTGB (150°C, 20V)",ATE_BENCH_02,CH_10,VALID,0,2.0,4.0,synthetic
LOT_E01_C026,LOT_E01,RDS(on),0,53.25576109324715,mOhm,125.0,Operating Life / Power Conduction (TJ=125-150°C),ATE_BENCH_02,CH_10,VALID,0,,60.0,synthetic
LOT_E01_C026,LOT_E01,RDS(on),24,52.6355194013677,mOhm,125.0,Operating Life / Power Conduction (TJ=125-150°C),ATE_BENCH_02,CH_10,VALID,0,,60.0,synthetic
LOT_E01_C026,LOT_E01,RDS(on),96,53.793741145399295,mOhm,125.0,Operating Life / Power Conduction (TJ=125-150°C),ATE_BENCH_02,CH_10,VALID,0,,60.0,synthetic
LOT_E01_C026,LOT_E01,RDS(on),168,52.50371786824666,mOhm,125.0,Operating Life / Power Conduction (TJ=125-150°C),ATE_BENCH_02,CH_10,VALID,0,,60.0,synthetic
LOT_E01_C026,LOT_E01,IGSS,0,-2.253344025023549,nA,150.0,"HTGB (150°C, ±20V)",ATE_BENCH_02,CH_10,VALID,0,-100.0,100.0,synthetic
LOT_E01_C026,LOT_E01,IGSS,24,-2.648603036161187,nA,150.0,"HTGB (150°C, ±20V)",ATE_BENCH_02,CH_10,VALID,0,-100.0,100.0,synthetic
LOT_E01_C026,LOT_E01,IGSS,96,-2.7582235459414495,nA,150.0,"HTGB (150°C, ±20V)",ATE_BENCH_02,CH_10,VALID,0,-100.0,100.0,synthetic
LOT_E01_C026,LOT_E01,IGSS,168,-1.2240296970569318,nA,150.0,"HTGB (150°C, ±20V)",ATE_BENCH_02,CH_10,VALID,0,-100.0,100.0,synthetic
LOT_E01_C027,LOT_E01,IDSS,0,0.39694333033052026,uA,150.0,"HTRB (150°C, 80V)",ATE_BENCH_02,CH_11,VALID,0,,10.0,synthetic
LOT_E01_C027,LOT_E01,IDSS,24,0.31113299069209877,uA,150.0,"HTRB (150°C, 80V)",ATE_BENCH_02,CH_11,VALID,0,,10.0,synthetic
LOT_E01_C027,LOT_E01,IDSS,96,0.5289354035140601,uA,150.0,"HTRB (150°C, 80V)",ATE_BENCH_02,CH_11,VALID,0,,10.0,synthetic
LOT_E01_C027,LOT_E01,IDSS,168,0.29972268815846487,uA,150.0,"HTRB (150°C, 80V)",ATE_BENCH_02,CH_11,VALID,0,,10.0,synthetic
LOT_E01_C027,LOT_E01,VGS(th),0,2.8478326640519613,V,150.0,"HTGB (150°C, 20V)",ATE_BENCH_02,CH_11,VALID,0,2.0,4.0,synthetic
LOT_E01_C027,LOT_E01,VGS(th),24,2.8285954971690153,V,150.0,"HTGB (150°C, 20V)",ATE_BENCH_02,CH_11,VALID,0,2.0,4.0,synthetic
LOT_E01_C027,LOT_E01,VGS(th),96,2.8591409640413437,V,150.0,"HTGB (150°C, 20V)",ATE_BENCH_02,CH_11,VALID,0,2.0,4.0,synthetic
LOT_E01_C027,LOT_E01,VGS(th),168,2.8963303730484635,V,150.0,"HTGB (150°C, 20V)",ATE_BENCH_02,CH_11,VALID,0,2.0,4.0,synthetic
LOT_E01_C027,LOT_E01,RDS(on),0,49.918581681235665,mOhm,125.0,Operating Life / Power Conduction (TJ=125-150°C),ATE_BENCH_02,CH_11,VALID,0,,60.0,synthetic
LOT_E01_C027,LOT_E01,RDS(on),24,49.80504248620669,mOhm,125.0,Operating Life / Power Conduction (TJ=125-150°C),ATE_BENCH_02,CH_11,VALID,0,,60.0,synthetic
LOT_E01_C027,LOT_E01,RDS(on),96,50.677199600563476,mOhm,125.0,Operating Life / Power Conduction (TJ=125-150°C),ATE_BENCH_02,CH_11,VALID,0,,60.0,synthetic
LOT_E01_C027,LOT_E01,RDS(on),168,49.5276614749634,mOhm,125.0,Operating Life / Power Conduction (TJ=125-150°C),ATE_BENCH_02,CH_11,VALID,0,,60.0,synthetic
LOT_E01_C027,LOT_E01,IGSS,0,2.3861672826909577,nA,150.0,"HTGB (150°C, ±20V)",ATE_BENCH_02,CH_11,VALID,0,-100.0,100.0,synthetic
LOT_E01_C027,LOT_E01,IGSS,24,1.2000251614811928,nA,150.0,"HTGB (150°C, ±20V)",ATE_BENCH_02,CH_11,VALID,0,-100.0,100.0,synthetic
LOT_E01_C027,LOT_E01,IGSS,96,1.5539637759118505,nA,150.0,"HTGB (150°C, ±20V)",ATE_BENCH_02,CH_11,VALID,0,-100.0,100.0,synthetic
LOT_E01_C027,LOT_E01,IGSS,168,0.6350437101913974,nA,150.0,"HTGB (150°C, ±20V)",ATE_BENCH_02,CH_11,VALID,0,-100.0,100.0,synthetic
LOT_E01_C028,LOT_E01,IDSS,0,0.3266657329967114,uA,150.0,"HTRB (150°C, 80V)",ATE_BENCH_02,CH_12,VALID,0,,10.0,synthetic
LOT_E01_C028,LOT_E01,IDSS,24,0.34400113605516586,uA,150.0,"HTRB (150°C, 80V)",ATE_BENCH_02,CH_12,VALID,0,,10.0,synthetic
LOT_E01_C028,LOT_E01,IDSS,96,0.5303273144291465,uA,150.0,"HTRB (150°C, 80V)",ATE_BENCH_02,CH_12,VALID,0,,10.0,synthetic
LOT_E01_C028,LOT_E01,IDSS,168,0.33436830228511916,uA,150.0,"HTRB (150°C, 80V)",ATE_BENCH_02,CH_12,VALID,0,,10.0,synthetic
LOT_E01_C028,LOT_E01,VGS(th),0,3.4402527666324474,V,150.0,"HTGB (150°C, 20V)",ATE_BENCH_02,CH_12,VALID,0,2.0,4.0,synthetic
LOT_E01_C028,LOT_E01,VGS(th),24,3.427827820419253,V,150.0,"HTGB (150°C, 20V)",ATE_BENCH_02,CH_12,VALID,0,2.0,4.0,synthetic
LOT_E01_C028,LOT_E01,VGS(th),96,3.436498500776042,V,150.0,"HTGB (150°C, 20V)",ATE_BENCH_02,CH_12,VALID,0,2.0,4.0,synthetic
LOT_E01_C028,LOT_E01,VGS(th),168,3.456802384979763,V,150.0,"HTGB (150°C, 20V)",ATE_BENCH_02,CH_12,VALID,0,2.0,4.0,synthetic
LOT_E01_C028,LOT_E01,RDS(on),0,53.99434528771918,mOhm,125.0,Operating Life / Power Conduction (TJ=125-150°C),ATE_BENCH_02,CH_12,VALID,0,,60.0,synthetic
LOT_E01_C028,LOT_E01,RDS(on),24,53.93649752929752,mOhm,125.0,Operating Life / Power Conduction (TJ=125-150°C),ATE_BENCH_02,CH_12,VALID,0,,60.0,synthetic
LOT_E01_C028,LOT_E01,RDS(on),96,55.06110633046616,mOhm,125.0,Operating Life / Power Conduction (TJ=125-150°C),ATE_BENCH_02,CH_12,VALID,0,,60.0,synthetic
LOT_E01_C028,LOT_E01,RDS(on),168,53.448915683691816,mOhm,125.0,Operating Life / Power Conduction (TJ=125-150°C),ATE_BENCH_02,CH_12,VALID,0,,60.0,synthetic
LOT_E01_C028,LOT_E01,IGSS,0,-2.0341433843977934,nA,150.0,"HTGB (150°C, ±20V)",ATE_BENCH_02,CH_12,VALID,0,-100.0,100.0,synthetic
LOT_E01_C028,LOT_E01,IGSS,24,-1.4701764236942143,nA,150.0,"HTGB (150°C, ±20V)",ATE_BENCH_02,CH_12,VALID,0,-100.0,100.0,synthetic
LOT_E01_C028,LOT_E01,IGSS,96,-2.03660171185826,nA,150.0,"HTGB (150°C, ±20V)",ATE_BENCH_02,CH_12,VALID,0,-100.0,100.0,synthetic
LOT_E01_C028,LOT_E01,IGSS,168,-1.6280722908680398,nA,150.0,"HTGB (150°C, ±20V)",ATE_BENCH_02,CH_12,VALID,0,-100.0,100.0,synthetic
LOT_E01_C029,LOT_E01,IDSS,0,0.3959442566692756,uA,150.0,"HTRB (150°C, 80V)",ATE_BENCH_02,CH_13,VALID,0,,10.0,synthetic
LOT_E01_C029,LOT_E01,IDSS,24,0.3468266895423595,uA,150.0,"HTRB (150°C, 80V)",ATE_BENCH_02,CH_13,VALID,0,,10.0,synthetic
LOT_E01_C029,LOT_E01,IDSS,96,0.5929341146280023,uA,150.0,"HTRB (150°C, 80V)",ATE_BENCH_02,CH_13,VALID,0,,10.0,synthetic
LOT_E01_C029,LOT_E01,IDSS,168,0.32739516870955726,uA,150.0,"HTRB (150°C, 80V)",ATE_BENCH_02,CH_13,VALID,0,,10.0,synthetic
LOT_E01_C029,LOT_E01,VGS(th),0,2.860681559265385,V,150.0,"HTGB (150°C, 20V)",ATE_BENCH_02,CH_13,VALID,0,2.0,4.0,synthetic
LOT_E01_C029,LOT_E01,VGS(th),24,2.863685715504102,V,150.0,"HTGB (150°C, 20V)",ATE_BENCH_02,CH_13,VALID,0,2.0,4.0,synthetic
LOT_E01_C029,LOT_E01,VGS(th),96,2.8413950947396027,V,150.0,"HTGB (150°C, 20V)",ATE_BENCH_02,CH_13,VALID,0,2.0,4.0,synthetic
LOT_E01_C029,LOT_E01,VGS(th),168,2.8685703431047296,V,150.0,"HTGB (150°C, 20V)",ATE_BENCH_02,CH_13,VALID,0,2.0,4.0,synthetic
LOT_E01_C029,LOT_E01,RDS(on),0,43.89029651013583,mOhm,125.0,Operating Life / Power Conduction (TJ=125-150°C),ATE_BENCH_02,CH_13,VALID,0,,60.0,synthetic
LOT_E01_C029,LOT_E01,RDS(on),24,45.44576955366438,mOhm,125.0,Operating Life / Power Conduction (TJ=125-150°C),ATE_BENCH_02,CH_13,VALID,0,,60.0,synthetic
LOT_E01_C029,LOT_E01,RDS(on),96,45.375214825957514,mOhm,125.0,Operating Life / Power Conduction (TJ=125-150°C),ATE_BENCH_02,CH_13,VALID,0,,60.0,synthetic
LOT_E01_C029,LOT_E01,RDS(on),168,44.415609242194755,mOhm,125.0,Operating Life / Power Conduction (TJ=125-150°C),ATE_BENCH_02,CH_13,VALID,0,,60.0,synthetic
LOT_E01_C029,LOT_E01,IGSS,0,1.1549895790306566,nA,150.0,"HTGB (150°C, ±20V)",ATE_BENCH_02,CH_13,VALID,0,-100.0,100.0,synthetic
LOT_E01_C029,LOT_E01,IGSS,24,1.5553457417912393,nA,150.0,"HTGB (150°C, ±20V)",ATE_BENCH_02,CH_13,VALID,0,-100.0,100.0,synthetic
LOT_E01_C029,LOT_E01,IGSS,96,2.146258708384738,nA,150.0,"HTGB (150°C, ±20V)",ATE_BENCH_02,CH_13,VALID,0,-100.0,100.0,synthetic
LOT_E01_C029,LOT_E01,IGSS,168,2.2374499158404353,nA,150.0,"HTGB (150°C, ±20V)",ATE_BENCH_02,CH_13,VALID,0,-100.0,100.0,synthetic
LOT_E01_C030,LOT_E01,IDSS,0,0.46609904135403923,uA,150.0,"HTRB (150°C, 80V)",ATE_BENCH_02,CH_14,VALID,0,,10.0,synthetic
LOT_E01_C030,LOT_E01,IDSS,24,0.4254095794005477,uA,150.0,"HTRB (150°C, 80V)",ATE_BENCH_02,CH_14,VALID,0,,10.0,synthetic
LOT_E01_C030,LOT_E01,IDSS,96,0.7002426715056068,uA,150.0,"HTRB (150°C, 80V)",ATE_BENCH_02,CH_14,VALID,0,,10.0,synthetic
LOT_E01_C030,LOT_E01,IDSS,168,0.4610461273531228,uA,150.0,"HTRB (150°C, 80V)",ATE_BENCH_02,CH_14,VALID,0,,10.0,synthetic
LOT_E01_C030,LOT_E01,VGS(th),0,3.132058791616754,V,150.0,"HTGB (150°C, 20V)",ATE_BENCH_02,CH_14,VALID,0,2.0,4.0,synthetic
LOT_E01_C030,LOT_E01,VGS(th),24,3.1172190787834966,V,150.0,"HTGB (150°C, 20V)",ATE_BENCH_02,CH_14,VALID,0,2.0,4.0,synthetic
LOT_E01_C030,LOT_E01,VGS(th),96,3.092979290856799,V,150.0,"HTGB (150°C, 20V)",ATE_BENCH_02,CH_14,VALID,0,2.0,4.0,synthetic
LOT_E01_C030,LOT_E01,VGS(th),168,3.133461046777647,V,150.0,"HTGB (150°C, 20V)",ATE_BENCH_02,CH_14,VALID,0,2.0,4.0,synthetic
LOT_E01_C030,LOT_E01,RDS(on),0,55.65711128739841,mOhm,125.0,Operating Life / Power Conduction (TJ=125-150°C),ATE_BENCH_02,CH_14,VALID,0,,60.0,synthetic
LOT_E01_C030,LOT_E01,RDS(on),24,55.05179515513301,mOhm,125.0,Operating Life / Power Conduction (TJ=125-150°C),ATE_BENCH_02,CH_14,VALID,0,,60.0,synthetic
LOT_E01_C030,LOT_E01,RDS(on),96,55.47211463579933,mOhm,125.0,Operating Life / Power Conduction (TJ=125-150°C),ATE_BENCH_02,CH_14,VALID,0,,60.0,synthetic
LOT_E01_C030,LOT_E01,RDS(on),168,54.40148994088837,mOhm,125.0,Operating Life / Power Conduction (TJ=125-150°C),ATE_BENCH_02,CH_14,VALID,0,,60.0,synthetic
LOT_E01_C030,LOT_E01,IGSS,0,-1.2611154505915951,nA,150.0,"HTGB (150°C, ±20V)",ATE_BENCH_02,CH_14,VALID,0,-100.0,100.0,synthetic
LOT_E01_C030,LOT_E01,IGSS,24,-2.067548354270304,nA,150.0,"HTGB (150°C, ±20V)",ATE_BENCH_02,CH_14,VALID,0,-100.0,100.0,synthetic
LOT_E01_C030,LOT_E01,IGSS,96,-1.2800950363260484,nA,150.0,"HTGB (150°C, ±20V)",ATE_BENCH_02,CH_14,VALID,0,-100.0,100.0,synthetic
LOT_E01_C030,LOT_E01,IGSS,168,-1.428678322224863,nA,150.0,"HTGB (150°C, ±20V)",ATE_BENCH_02,CH_14,VALID,0,-100.0,100.0,synthetic
LOT_E02_C001,LOT_E02,IDSS,0,0.7726426923610901,uA,150.0,"HTRB (150°C, 80V)",ATE_BENCH_01,CH_01,VALID,0,,10.0,synthetic
LOT_E02_C001,LOT_E02,IDSS,24,0.6768171157363552,uA,150.0,"HTRB (150°C, 80V)",ATE_BENCH_01,CH_01,VALID,0,,10.0,synthetic
LOT_E02_C001,LOT_E02,IDSS,96,0.6996496189988061,uA,150.0,"HTRB (150°C, 80V)",ATE_BENCH_01,CH_01,VALID,0,,10.0,synthetic
LOT_E02_C001,LOT_E02,IDSS,168,0.6639297958764535,uA,150.0,"HTRB (150°C, 80V)",ATE_BENCH_01,CH_01,VALID,0,,10.0,synthetic
LOT_E02_C001,LOT_E02,VGS(th),0,2.9025248969785498,V,150.0,"HTGB (150°C, 20V)",ATE_BENCH_01,CH_01,VALID,0,2.0,4.0,synthetic
LOT_E02_C001,LOT_E02,VGS(th),24,2.9363760722837946,V,150.0,"HTGB (150°C, 20V)",ATE_BENCH_01,CH_01,VALID,0,2.0,4.0,synthetic
LOT_E02_C001,LOT_E02,VGS(th),96,2.915773707567713,V,150.0,"HTGB (150°C, 20V)",ATE_BENCH_01,CH_01,VALID,0,2.0,4.0,synthetic
LOT_E02_C001,LOT_E02,VGS(th),168,2.854208411473831,V,150.0,"HTGB (150°C, 20V)",ATE_BENCH_01,CH_01,VALID,0,2.0,4.0,synthetic
LOT_E02_C001,LOT_E02,RDS(on),0,46.947786828709376,mOhm,125.0,Operating Life / Power Conduction (TJ=125-150°C),ATE_BENCH_01,CH_01,VALID,0,,60.0,synthetic
LOT_E02_C001,LOT_E02,RDS(on),24,47.55871293800838,mOhm,125.0,Operating Life / Power Conduction (TJ=125-150°C),ATE_BENCH_01,CH_01,VALID,0,,60.0,synthetic
LOT_E02_C001,LOT_E02,RDS(on),96,47.25900944058823,mOhm,125.0,Operating Life / Power Conduction (TJ=125-150°C),ATE_BENCH_01,CH_01,VALID,0,,60.0,synthetic
LOT_E02_C001,LOT_E02,RDS(on),168,46.12688384965251,mOhm,125.0,Operating Life / Power Conduction (TJ=125-150°C),ATE_BENCH_01,CH_01,VALID,0,,60.0,synthetic
LOT_E02_C001,LOT_E02,IGSS,0,1.8490089189006524,nA,150.0,"HTGB (150°C, ±20V)",ATE_BENCH_01,CH_01,VALID,0,-100.0,100.0,synthetic
LOT_E02_C001,LOT_E02,IGSS,24,3.616100517681343,nA,150.0,"HTGB (150°C, ±20V)",ATE_BENCH_01,CH_01,VALID,0,-100.0,100.0,synthetic
LOT_E02_C001,LOT_E02,IGSS,96,2.0816843731419414,nA,150.0,"HTGB (150°C, ±20V)",ATE_BENCH_01,CH_01,VALID,0,-100.0,100.0,synthetic
LOT_E02_C001,LOT_E02,IGSS,168,2.5500685975839588,nA,150.0,"HTGB (150°C, ±20V)",ATE_BENCH_01,CH_01,VALID,0,-100.0,100.0,synthetic
LOT_E02_C002,LOT_E02,IDSS,0,2.9324045771792084,uA,150.0,"HTRB (150°C, 80V)",ATE_BENCH_01,CH_02,VALID,0,,10.0,synthetic
LOT_E02_C002,LOT_E02,IDSS,24,3.328590773512525,uA,150.0,"HTRB (150°C, 80V)",ATE_BENCH_01,CH_02,VALID,0,,10.0,synthetic
LOT_E02_C002,LOT_E02,IDSS,96,2.764079330890972,uA,150.0,"HTRB (150°C, 80V)",ATE_BENCH_01,CH_02,VALID,0,,10.0,synthetic
LOT_E02_C002,LOT_E02,IDSS,168,3.3742870744804043,uA,150.0,"HTRB (150°C, 80V)",ATE_BENCH_01,CH_02,VALID,0,,10.0,synthetic
LOT_E02_C002,LOT_E02,VGS(th),0,2.9580284511272055,V,150.0,"HTGB (150°C, 20V)",ATE_BENCH_01,CH_02,VALID,0,2.0,4.0,synthetic
LOT_E02_C002,LOT_E02,VGS(th),24,2.9695479293057323,V,150.0,"HTGB (150°C, 20V)",ATE_BENCH_01,CH_02,VALID,0,2.0,4.0,synthetic
LOT_E02_C002,LOT_E02,VGS(th),96,3.004195834852728,V,150.0,"HTGB (150°C, 20V)",ATE_BENCH_01,CH_02,VALID,0,2.0,4.0,synthetic
LOT_E02_C002,LOT_E02,VGS(th),168,3.006926457058095,V,150.0,"HTGB (150°C, 20V)",ATE_BENCH_01,CH_02,VALID,0,2.0,4.0,synthetic
LOT_E02_C002,LOT_E02,RDS(on),0,61.376517761211154,mOhm,125.0,Operating Life / Power Conduction (TJ=125-150°C),ATE_BENCH_01,CH_02,VALID,0,,60.0,synthetic
LOT_E02_C002,LOT_E02,RDS(on),24,61.19113005895289,mOhm,125.0,Operating Life / Power Conduction (TJ=125-150°C),ATE_BENCH_01,CH_02,VALID,0,,60.0,synthetic
LOT_E02_C002,LOT_E02,RDS(on),96,61.59901766243579,mOhm,125.0,Operating Life / Power Conduction (TJ=125-150°C),ATE_BENCH_01,CH_02,VALID,0,,60.0,synthetic
LOT_E02_C002,LOT_E02,RDS(on),168,61.51165113931138,mOhm,125.0,Operating Life / Power Conduction (TJ=125-150°C),ATE_BENCH_01,CH_02,VALID,0,,60.0,synthetic
LOT_E02_C002,LOT_E02,IGSS,0,-2.3871853329468973,nA,150.0,"HTGB (150°C, ±20V)",ATE_BENCH_01,CH_02,VALID,0,-100.0,100.0,synthetic
LOT_E02_C002,LOT_E02,IGSS,24,-1.388348882660534,nA,150.0,"HTGB (150°C, ±20V)",ATE_BENCH_01,CH_02,VALID,0,-100.0,100.0,synthetic
LOT_E02_C002,LOT_E02,IGSS,96,-1.7557260901199299,nA,150.0,"HTGB (150°C, ±20V)",ATE_BENCH_01,CH_02,VALID,0,-100.0,100.0,synthetic
LOT_E02_C002,LOT_E02,IGSS,168,-3.2310070283807137,nA,150.0,"HTGB (150°C, ±20V)",ATE_BENCH_01,CH_02,VALID,0,-100.0,100.0,synthetic
LOT_E02_C003,LOT_E02,IDSS,0,0.5858091771690287,uA,150.0,"HTRB (150°C, 80V)",ATE_BENCH_01,CH_03,VALID,0,,10.0,synthetic
LOT_E02_C003,LOT_E02,IDSS,24,0.6591570079398145,uA,150.0,"HTRB (150°C, 80V)",ATE_BENCH_01,CH_03,VALID,0,,10.0,synthetic
LOT_E02_C003,LOT_E02,IDSS,96,0.5599023074277012,uA,150.0,"HTRB (150°C, 80V)",ATE_BENCH_01,CH_03,VALID,0,,10.0,synthetic
LOT_E02_C003,LOT_E02,IDSS,168,0.634913092396987,uA,150.0,"HTRB (150°C, 80V)",ATE_BENCH_01,CH_03,VALID,0,,10.0,synthetic
LOT_E02_C003,LOT_E02,VGS(th),0,2.842942813126047,V,150.0,"HTGB (150°C, 20V)",ATE_BENCH_01,CH_03,VALID,0,2.0,4.0,synthetic
LOT_E02_C003,LOT_E02,VGS(th),24,2.8526077411058797,V,150.0,"HTGB (150°C, 20V)",ATE_BENCH_01,CH_03,VALID,0,2.0,4.0,synthetic
LOT_E02_C003,LOT_E02,VGS(th),96,2.825267484489141,V,150.0,"HTGB (150°C, 20V)",ATE_BENCH_01,CH_03,VALID,0,2.0,4.0,synthetic
LOT_E02_C003,LOT_E02,VGS(th),168,2.868863678231837,V,150.0,"HTGB (150°C, 20V)",ATE_BENCH_01,CH_03,VALID,0,2.0,4.0,synthetic
LOT_E02_C003,LOT_E02,RDS(on),0,50.37842452646923,mOhm,125.0,Operating Life / Power Conduction (TJ=125-150°C),ATE_BENCH_01,CH_03,VALID,0,,60.0,synthetic
LOT_E02_C003,LOT_E02,RDS(on),24,51.004332690443384,mOhm,125.0,Operating Life / Power Conduction (TJ=125-150°C),ATE_BENCH_01,CH_03,VALID,0,,60.0,synthetic
LOT_E02_C003,LOT_E02,RDS(on),96,51.79676976663136,mOhm,125.0,Operating Life / Power Conduction (TJ=125-150°C),ATE_BENCH_01,CH_03,VALID,0,,60.0,synthetic
LOT_E02_C003,LOT_E02,RDS(on),168,51.25629994871345,mOhm,125.0,Operating Life / Power Conduction (TJ=125-150°C),ATE_BENCH_01,CH_03,VALID,0,,60.0,synthetic
LOT_E02_C003,LOT_E02,IGSS,0,1.7688265260231448,nA,150.0,"HTGB (150°C, ±20V)",ATE_BENCH_01,CH_03,VALID,0,-100.0,100.0,synthetic
LOT_E02_C003,LOT_E02,IGSS,24,1.3312662769559158,nA,150.0,"HTGB (150°C, ±20V)",ATE_BENCH_01,CH_03,VALID,0,-100.0,100.0,synthetic
LOT_E02_C003,LOT_E02,IGSS,96,1.4696536793940989,nA,150.0,"HTGB (150°C, ±20V)",ATE_BENCH_01,CH_03,VALID,0,-100.0,100.0,synthetic
LOT_E02_C003,LOT_E02,IGSS,168,1.7596604905483535,nA,150.0,"HTGB (150°C, ±20V)",ATE_BENCH_01,CH_03,VALID,0,-100.0,100.0,synthetic
LOT_E02_C004,LOT_E02,IDSS,0,0.6379786265530287,uA,150.0,"HTRB (150°C, 80V)",ATE_BENCH_01,CH_04,VALID,0,,10.0,synthetic
LOT_E02_C004,LOT_E02,IDSS,24,0.6055571835470215,uA,150.0,"HTRB (150°C, 80V)",ATE_BENCH_01,CH_04,VALID,0,,10.0,synthetic
LOT_E02_C004,LOT_E02,IDSS,96,0.5538593787011548,uA,150.0,"HTRB (150°C, 80V)",ATE_BENCH_01,CH_04,VALID,0,,10.0,synthetic
LOT_E02_C004,LOT_E02,IDSS,168,0.6342797581669671,uA,150.0,"HTRB (150°C, 80V)",ATE_BENCH_01,CH_04,VALID,0,,10.0,synthetic
LOT_E02_C004,LOT_E02,VGS(th),0,3.370950795363016,V,150.0,"HTGB (150°C, 20V)",ATE_BENCH_01,CH_04,VALID,0,2.0,4.0,synthetic
LOT_E02_C004,LOT_E02,VGS(th),24,3.3512417399971306,V,150.0,"HTGB (150°C, 20V)",ATE_BENCH_01,CH_04,VALID,0,2.0,4.0,synthetic
LOT_E02_C004,LOT_E02,VGS(th),96,3.3401233419568164,V,150.0,"HTGB (150°C, 20V)",ATE_BENCH_01,CH_04,VALID,0,2.0,4.0,synthetic
LOT_E02_C004,LOT_E02,VGS(th),168,3.3426505379823936,V,150.0,"HTGB (150°C, 20V)",ATE_BENCH_01,CH_04,VALID,0,2.0,4.0,synthetic
LOT_E02_C004,LOT_E02,RDS(on),0,50.019265797826854,mOhm,125.0,Operating Life / Power Conduction (TJ=125-150°C),ATE_BENCH_01,CH_04,VALID,0,,60.0,synthetic
LOT_E02_C004,LOT_E02,RDS(on),24,49.66341014408386,mOhm,125.0,Operating Life / Power Conduction (TJ=125-150°C),ATE_BENCH_01,CH_04,VALID,0,,60.0,synthetic
LOT_E02_C004,LOT_E02,RDS(on),96,49.69130270325592,mOhm,125.0,Operating Life / Power Conduction (TJ=125-150°C),ATE_BENCH_01,CH_04,VALID,0,,60.0,synthetic
LOT_E02_C004,LOT_E02,RDS(on),168,49.0220079591741,mOhm,125.0,Operating Life / Power Conduction (TJ=125-150°C),ATE_BENCH_01,CH_04,VALID,0,,60.0,synthetic
LOT_E02_C004,LOT_E02,IGSS,0,-2.5731583938582565,nA,150.0,"HTGB (150°C, ±20V)",ATE_BENCH_01,CH_04,VALID,0,-100.0,100.0,synthetic
LOT_E02_C004,LOT_E02,IGSS,24,-2.843638665870666,nA,150.0,"HTGB (150°C, ±20V)",ATE_BENCH_01,CH_04,VALID,0,-100.0,100.0,synthetic
LOT_E02_C004,LOT_E02,IGSS,96,-2.1796213048312216,nA,150.0,"HTGB (150°C, ±20V)",ATE_BENCH_01,CH_04,VALID,0,-100.0,100.0,synthetic
LOT_E02_C004,LOT_E02,IGSS,168,-1.5325577855051369,nA,150.0,"HTGB (150°C, ±20V)",ATE_BENCH_01,CH_04,VALID,0,-100.0,100.0,synthetic
LOT_E02_C005,LOT_E02,IDSS,0,0.7059841562049559,uA,150.0,"HTRB (150°C, 80V)",ATE_BENCH_01,CH_05,VALID,0,,10.0,synthetic
LOT_E02_C005,LOT_E02,IDSS,24,0.639100866422753,uA,150.0,"HTRB (150°C, 80V)",ATE_BENCH_01,CH_05,VALID,0,,10.0,synthetic
LOT_E02_C005,LOT_E02,IDSS,96,0.7203139455475689,uA,150.0,"HTRB (150°C, 80V)",ATE_BENCH_01,CH_05,VALID,0,,10.0,synthetic
LOT_E02_C005,LOT_E02,IDSS,168,0.6604650956322426,uA,150.0,"HTRB (150°C, 80V)",ATE_BENCH_01,CH_05,VALID,0,,10.0,synthetic
LOT_E02_C005,LOT_E02,VGS(th),0,2.9989681375443773,V,150.0,"HTGB (150°C, 20V)",ATE_BENCH_01,CH_05,VALID,0,2.0,4.0,synthetic
LOT_E02_C005,LOT_E02,VGS(th),24,3.022574351954534,V,150.0,"HTGB (150°C, 20V)",ATE_BENCH_01,CH_05,VALID,0,2.0,4.0,synthetic
LOT_E02_C005,LOT_E02,VGS(th),96,3.0378984517592458,V,150.0,"HTGB (150°C, 20V)",ATE_BENCH_01,CH_05,VALID,0,2.0,4.0,synthetic
LOT_E02_C005,LOT_E02,VGS(th),168,3.0293648944440594,V,150.0,"HTGB (150°C, 20V)",ATE_BENCH_01,CH_05,VALID,0,2.0,4.0,synthetic
LOT_E02_C005,LOT_E02,RDS(on),0,42.28854251232916,mOhm,125.0,Operating Life / Power Conduction (TJ=125-150°C),ATE_BENCH_01,CH_05,VALID,0,,60.0,synthetic
LOT_E02_C005,LOT_E02,RDS(on),24,41.68321814857009,mOhm,125.0,Operating Life / Power Conduction (TJ=125-150°C),ATE_BENCH_01,CH_05,VALID,0,,60.0,synthetic
LOT_E02_C005,LOT_E02,RDS(on),96,41.18365968080539,mOhm,125.0,Operating Life / Power Conduction (TJ=125-150°C),ATE_BENCH_01,CH_05,VALID,0,,60.0,synthetic
LOT_E02_C005,LOT_E02,RDS(on),168,42.43361057568332,mOhm,125.0,Operating Life / Power Conduction (TJ=125-150°C),ATE_BENCH_01,CH_05,VALID,0,,60.0,synthetic
LOT_E02_C005,LOT_E02,IGSS,0,1.0795696526443717,nA,150.0,"HTGB (150°C, ±20V)",ATE_BENCH_01,CH_05,VALID,0,-100.0,100.0,synthetic
LOT_E02_C005,LOT_E02,IGSS,24,1.1069404184933505,nA,150.0,"HTGB (150°C, ±20V)",ATE_BENCH_01,CH_05,VALID,0,-100.0,100.0,synthetic
LOT_E02_C005,LOT_E02,IGSS,96,1.1492457420576223,nA,150.0,"HTGB (150°C, ±20V)",ATE_BENCH_01,CH_05,VALID,0,-100.0,100.0,synthetic
LOT_E02_C005,LOT_E02,IGSS,168,1.3741064485352854,nA,150.0,"HTGB (150°C, ±20V)",ATE_BENCH_01,CH_05,VALID,0,-100.0,100.0,synthetic
LOT_E02_C006,LOT_E02,IDSS,0,0.5472004003022027,uA,150.0,"HTRB (150°C, 80V)",ATE_BENCH_01,CH_06,VALID,0,,10.0,synthetic
LOT_E02_C006,LOT_E02,IDSS,24,0.6280863296310986,uA,150.0,"HTRB (150°C, 80V)",ATE_BENCH_01,CH_06,VALID,0,,10.0,synthetic
LOT_E02_C006,LOT_E02,IDSS,96,0.7927077709604202,uA,150.0,"HTRB (150°C, 80V)",ATE_BENCH_01,CH_06,VALID,0,,10.0,synthetic
LOT_E02_C006,LOT_E02,IDSS,168,0.6064372307866169,uA,150.0,"HTRB (150°C, 80V)",ATE_BENCH_01,CH_06,VALID,0,,10.0,synthetic
LOT_E02_C006,LOT_E02,VGS(th),0,2.976661567317801,V,150.0,"HTGB (150°C, 20V)",ATE_BENCH_01,CH_06,VALID,0,2.0,4.0,synthetic
LOT_E02_C006,LOT_E02,VGS(th),24,2.965063011818784,V,150.0,"HTGB (150°C, 20V)",ATE_BENCH_01,CH_06,VALID,0,2.0,4.0,synthetic
LOT_E02_C006,LOT_E02,VGS(th),96,2.9489707039007524,V,150.0,"HTGB (150°C, 20V)",ATE_BENCH_01,CH_06,VALID,0,2.0,4.0,synthetic
LOT_E02_C006,LOT_E02,VGS(th),168,2.985668004987459,V,150.0,"HTGB (150°C, 20V)",ATE_BENCH_01,CH_06,VALID,0,2.0,4.0,synthetic
LOT_E02_C006,LOT_E02,RDS(on),0,58.73597643896175,mOhm,125.0,Operating Life / Power Conduction (TJ=125-150°C),ATE_BENCH_01,CH_06,VALID,0,,60.0,synthetic
LOT_E02_C006,LOT_E02,RDS(on),24,57.086173512638695,mOhm,125.0,Operating Life / Power Conduction (TJ=125-150°C),ATE_BENCH_01,CH_06,VALID,0,,60.0,synthetic
LOT_E02_C006,LOT_E02,RDS(on),96,57.901605758443075,mOhm,125.0,Operating Life / Power Conduction (TJ=125-150°C),ATE_BENCH_01,CH_06,VALID,0,,60.0,synthetic
LOT_E02_C006,LOT_E02,RDS(on),168,56.39756252845934,mOhm,125.0,Operating Life / Power Conduction (TJ=125-150°C),ATE_BENCH_01,CH_06,VALID,0,,60.0,synthetic
LOT_E02_C006,LOT_E02,IGSS,0,-2.3593390284112075,nA,150.0,"HTGB (150°C, ±20V)",ATE_BENCH_01,CH_06,VALID,0,-100.0,100.0,synthetic
LOT_E02_C006,LOT_E02,IGSS,24,-2.5855486044585203,nA,150.0,"HTGB (150°C, ±20V)",ATE_BENCH_01,CH_06,VALID,0,-100.0,100.0,synthetic
LOT_E02_C006,LOT_E02,IGSS,96,-1.4258524583331462,nA,150.0,"HTGB (150°C, ±20V)",ATE_BENCH_01,CH_06,VALID,0,-100.0,100.0,synthetic
LOT_E02_C006,LOT_E02,IGSS,168,-1.2150024745724681,nA,150.0,"HTGB (150°C, ±20V)",ATE_BENCH_01,CH_06,VALID,0,-100.0,100.0,synthetic
LOT_E02_C007,LOT_E02,IDSS,0,0.43535765485308614,uA,150.0,"HTRB (150°C, 80V)",ATE_BENCH_01,CH_07,VALID,0,,10.0,synthetic
LOT_E02_C007,LOT_E02,IDSS,24,0.49625839590363996,uA,150.0,"HTRB (150°C, 80V)",ATE_BENCH_01,CH_07,VALID,0,,10.0,synthetic
LOT_E02_C007,LOT_E02,IDSS,96,0.3971196910131283,uA,150.0,"HTRB (150°C, 80V)",ATE_BENCH_01,CH_07,VALID,0,,10.0,synthetic
LOT_E02_C007,LOT_E02,IDSS,168,0.43836863351525734,uA,150.0,"HTRB (150°C, 80V)",ATE_BENCH_01,CH_07,VALID,0,,10.0,synthetic
LOT_E02_C007,LOT_E02,VGS(th),0,2.9751501291088163,V,150.0,"HTGB (150°C, 20V)",ATE_BENCH_01,CH_07,VALID,0,2.0,4.0,synthetic
LOT_E02_C007,LOT_E02,VGS(th),24,2.9920357374167477,V,150.0,"HTGB (150°C, 20V)",ATE_BENCH_01,CH_07,VALID,0,2.0,4.0,synthetic
LOT_E02_C007,LOT_E02,VGS(th),96,2.973669952055682,V,150.0,"HTGB (150°C, 20V)",ATE_BENCH_01,CH_07,VALID,0,2.0,4.0,synthetic
LOT_E02_C007,LOT_E02,VGS(th),168,3.011840238163617,V,150.0,"HTGB (150°C, 20V)",ATE_BENCH_01,CH_07,VALID,0,2.0,4.0,synthetic
LOT_E02_C007,LOT_E02,RDS(on),0,45.3809067200683,mOhm,125.0,Operating Life / Power Conduction (TJ=125-150°C),ATE_BENCH_01,CH_07,VALID,0,,60.0,synthetic
LOT_E02_C007,LOT_E02,RDS(on),24,45.3637645911006,mOhm,125.0,Operating Life / Power Conduction (TJ=125-150°C),ATE_BENCH_01,CH_07,VALID,0,,60.0,synthetic
LOT_E02_C007,LOT_E02,RDS(on),96,45.94977635925323,mOhm,125.0,Operating Life / Power Conduction (TJ=125-150°C),ATE_BENCH_01,CH_07,VALID,0,,60.0,synthetic
LOT_E02_C007,LOT_E02,RDS(on),168,44.271084694752915,mOhm,125.0,Operating Life / Power Conduction (TJ=125-150°C),ATE_BENCH_01,CH_07,VALID,0,,60.0,synthetic
LOT_E02_C007,LOT_E02,IGSS,0,1.7630146524781383,nA,150.0,"HTGB (150°C, ±20V)",ATE_BENCH_01,CH_07,VALID,0,-100.0,100.0,synthetic
LOT_E02_C007,LOT_E02,IGSS,24,1.639628797808728,nA,150.0,"HTGB (150°C, ±20V)",ATE_BENCH_01,CH_07,VALID,0,-100.0,100.0,synthetic
LOT_E02_C007,LOT_E02,IGSS,96,1.8794602234616193,nA,150.0,"HTGB (150°C, ±20V)",ATE_BENCH_01,CH_07,VALID,0,-100.0,100.0,synthetic
LOT_E02_C007,LOT_E02,IGSS,168,2.3701900144356087,nA,150.0,"HTGB (150°C, ±20V)",ATE_BENCH_01,CH_07,VALID,0,-100.0,100.0,synthetic
LOT_E02_C008,LOT_E02,IDSS,0,2.2859412115926525,uA,150.0,"HTRB (150°C, 80V)",ATE_BENCH_01,CH_08,VALID,0,,10.0,synthetic
LOT_E02_C008,LOT_E02,IDSS,24,1.9385357004969257,uA,150.0,"HTRB (150°C, 80V)",ATE_BENCH_01,CH_08,VALID,0,,10.0,synthetic
LOT_E02_C008,LOT_E02,IDSS,96,2.271411430251926,uA,150.0,"HTRB (150°C, 80V)",ATE_BENCH_01,CH_08,VALID,0,,10.0,synthetic
LOT_E02_C008,LOT_E02,IDSS,168,2.1337776876002006,uA,150.0,"HTRB (150°C, 80V)",ATE_BENCH_01,CH_08,VALID,0,,10.0,synthetic
LOT_E02_C008,LOT_E02,VGS(th),0,2.9387714021428013,V,150.0,"HTGB (150°C, 20V)",ATE_BENCH_01,CH_08,VALID,0,2.0,4.0,synthetic
LOT_E02_C008,LOT_E02,VGS(th),24,2.944964136473024,V,150.0,"HTGB (150°C, 20V)",ATE_BENCH_01,CH_08,VALID,0,2.0,4.0,synthetic
LOT_E02_C008,LOT_E02,VGS(th),96,3.010430317760232,V,150.0,"HTGB (150°C, 20V)",ATE_BENCH_01,CH_08,VALID,0,2.0,4.0,synthetic
LOT_E02_C008,LOT_E02,VGS(th),168,2.9547482757539587,V,150.0,"HTGB (150°C, 20V)",ATE_BENCH_01,CH_08,VALID,0,2.0,4.0,synthetic
LOT_E02_C008,LOT_E02,RDS(on),0,44.008996131978996,mOhm,125.0,Operating Life / Power Conduction (TJ=125-150°C),ATE_BENCH_01,CH_08,VALID,0,,60.0,synthetic
LOT_E02_C008,LOT_E02,RDS(on),24,43.60710553209301,mOhm,125.0,Operating Life / Power Conduction (TJ=125-150°C),ATE_BENCH_01,CH_08,VALID,0,,60.0,synthetic
LOT_E02_C008,LOT_E02,RDS(on),96,44.02769041609119,mOhm,125.0,Operating Life / Power Conduction (TJ=125-150°C),ATE_BENCH_01,CH_08,VALID,0,,60.0,synthetic
LOT_E02_C008,LOT_E02,RDS(on),168,43.71881133911229,mOhm,125.0,Operating Life / Power Conduction (TJ=125-150°C),ATE_BENCH_01,CH_08,VALID,0,,60.0,synthetic
LOT_E02_C008,LOT_E02,IGSS,0,-1.6218811867141285,nA,150.0,"HTGB (150°C, ±20V)",ATE_BENCH_01,CH_08,VALID,0,-100.0,100.0,synthetic
LOT_E02_C008,LOT_E02,IGSS,24,-2.2318506657152075,nA,150.0,"HTGB (150°C, ±20V)",ATE_BENCH_01,CH_08,VALID,0,-100.0,100.0,synthetic
LOT_E02_C008,LOT_E02,IGSS,96,-2.8297097771808075,nA,150.0,"HTGB (150°C, ±20V)",ATE_BENCH_01,CH_08,VALID,0,-100.0,100.0,synthetic
LOT_E02_C008,LOT_E02,IGSS,168,-1.8295847465469723,nA,150.0,"HTGB (150°C, ±20V)",ATE_BENCH_01,CH_08,VALID,0,-100.0,100.0,synthetic
LOT_E02_C009,LOT_E02,IDSS,0,0.6889789685712452,uA,150.0,"HTRB (150°C, 80V)",ATE_BENCH_01,CH_09,VALID,0,,10.0,synthetic
LOT_E02_C009,LOT_E02,IDSS,24,0.6846810710530318,uA,150.0,"HTRB (150°C, 80V)",ATE_BENCH_01,CH_09,VALID,0,,10.0,synthetic
LOT_E02_C009,LOT_E02,IDSS,96,0.6372166344793583,uA,150.0,"HTRB (150°C, 80V)",ATE_BENCH_01,CH_09,VALID,0,,10.0,synthetic
LOT_E02_C009,LOT_E02,IDSS,168,0.6992988573662683,uA,150.0,"HTRB (150°C, 80V)",ATE_BENCH_01,CH_09,VALID,0,,10.0,synthetic
LOT_E02_C009,LOT_E02,VGS(th),0,2.993886096704815,V,150.0,"HTGB (150°C, 20V)",ATE_BENCH_01,CH_09,VALID,0,2.0,4.0,synthetic
LOT_E02_C009,LOT_E02,VGS(th),24,2.9978260496033835,V,150.0,"HTGB (150°C, 20V)",ATE_BENCH_01,CH_09,VALID,0,2.0,4.0,synthetic
LOT_E02_C009,LOT_E02,VGS(th),96,2.9754615561490376,V,150.0,"HTGB (150°C, 20V)",ATE_BENCH_01,CH_09,VALID,0,2.0,4.0,synthetic
LOT_E02_C009,LOT_E02,VGS(th),168,2.9556686914070665,V,150.0,"HTGB (150°C, 20V)",ATE_BENCH_01,CH_09,VALID,0,2.0,4.0,synthetic
LOT_E02_C009,LOT_E02,RDS(on),0,47.59874798679942,mOhm,125.0,Operating Life / Power Conduction (TJ=125-150°C),ATE_BENCH_01,CH_09,VALID,0,,60.0,synthetic
LOT_E02_C009,LOT_E02,RDS(on),24,47.17517781068956,mOhm,125.0,Operating Life / Power Conduction (TJ=125-150°C),ATE_BENCH_01,CH_09,VALID,0,,60.0,synthetic
LOT_E02_C009,LOT_E02,RDS(on),96,46.803252656481426,mOhm,125.0,Operating Life / Power Conduction (TJ=125-150°C),ATE_BENCH_01,CH_09,VALID,0,,60.0,synthetic
LOT_E02_C009,LOT_E02,RDS(on),168,46.30276598473331,mOhm,125.0,Operating Life / Power Conduction (TJ=125-150°C),ATE_BENCH_01,CH_09,VALID,0,,60.0,synthetic
LOT_E02_C009,LOT_E02,IGSS,0,3.7418689370299525,nA,150.0,"HTGB (150°C, ±20V)",ATE_BENCH_01,CH_09,VALID,0,-100.0,100.0,synthetic
LOT_E02_C009,LOT_E02,IGSS,24,2.9812203450068893,nA,150.0,"HTGB (150°C, ±20V)",ATE_BENCH_01,CH_09,VALID,0,-100.0,100.0,synthetic
LOT_E02_C009,LOT_E02,IGSS,96,4.092904607676343,nA,150.0,"HTGB (150°C, ±20V)",ATE_BENCH_01,CH_09,VALID,0,-100.0,100.0,synthetic
LOT_E02_C009,LOT_E02,IGSS,168,2.9751174361534263,nA,150.0,"HTGB (150°C, ±20V)",ATE_BENCH_01,CH_09,VALID,0,-100.0,100.0,synthetic
LOT_E02_C010,LOT_E02,IDSS,0,0.5088147226541452,uA,150.0,"HTRB (150°C, 80V)",ATE_BENCH_01,CH_10,VALID,0,,10.0,synthetic
LOT_E02_C010,LOT_E02,IDSS,24,0.43028357606886636,uA,150.0,"HTRB (150°C, 80V)",ATE_BENCH_01,CH_10,VALID,0,,10.0,synthetic
LOT_E02_C010,LOT_E02,IDSS,96,0.42148224650285165,uA,150.0,"HTRB (150°C, 80V)",ATE_BENCH_01,CH_10,VALID,0,,10.0,synthetic
LOT_E02_C010,LOT_E02,IDSS,168,0.396782381885354,uA,150.0,"HTRB (150°C, 80V)",ATE_BENCH_01,CH_10,VALID,0,,10.0,synthetic
LOT_E02_C010,LOT_E02,VGS(th),0,3.6273613275373497,V,150.0,"HTGB (150°C, 20V)",ATE_BENCH_01,CH_10,VALID,0,2.0,4.0,synthetic
LOT_E02_C010,LOT_E02,VGS(th),24,3.6122519693643493,V,150.0,"HTGB (150°C, 20V)",ATE_BENCH_01,CH_10,VALID,0,2.0,4.0,synthetic
LOT_E02_C010,LOT_E02,VGS(th),96,3.621393309025268,V,150.0,"HTGB (150°C, 20V)",ATE_BENCH_01,CH_10,VALID,0,2.0,4.0,synthetic
LOT_E02_C010,LOT_E02,VGS(th),168,3.6361696844001865,V,150.0,"HTGB (150°C, 20V)",ATE_BENCH_01,CH_10,VALID,0,2.0,4.0,synthetic
LOT_E02_C010,LOT_E02,RDS(on),0,52.980630371025725,mOhm,125.0,Operating Life / Power Conduction (TJ=125-150°C),ATE_BENCH_01,CH_10,VALID,0,,60.0,synthetic
LOT_E02_C010,LOT_E02,RDS(on),24,52.79093456267947,mOhm,125.0,Operating Life / Power Conduction (TJ=125-150°C),ATE_BENCH_01,CH_10,VALID,0,,60.0,synthetic
LOT_E02_C010,LOT_E02,RDS(on),96,51.108823114248494,mOhm,125.0,Operating Life / Power Conduction (TJ=125-150°C),ATE_BENCH_01,CH_10,VALID,0,,60.0,synthetic
LOT_E02_C010,LOT_E02,RDS(on),168,52.66101643348861,mOhm,125.0,Operating Life / Power Conduction (TJ=125-150°C),ATE_BENCH_01,CH_10,VALID,0,,60.0,synthetic
LOT_E02_C010,LOT_E02,IGSS,0,-3.6261022427084755,nA,150.0,"HTGB (150°C, ±20V)",ATE_BENCH_01,CH_10,VALID,0,-100.0,100.0,synthetic
LOT_E02_C010,LOT_E02,IGSS,24,-2.453106123280014,nA,150.0,"HTGB (150°C, ±20V)",ATE_BENCH_01,CH_10,VALID,0,-100.0,100.0,synthetic
LOT_E02_C010,LOT_E02,IGSS,96,-1.5897619306063324,nA,150.0,"HTGB (150°C, ±20V)",ATE_BENCH_01,CH_10,VALID,0,-100.0,100.0,synthetic
LOT_E02_C010,LOT_E02,IGSS,168,-1.995842807037191,nA,150.0,"HTGB (150°C, ±20V)",ATE_BENCH_01,CH_10,VALID,0,-100.0,100.0,synthetic
LOT_E02_C011,LOT_E02,IDSS,0,0.6855745372141104,uA,150.0,"HTRB (150°C, 80V)",ATE_BENCH_01,CH_11,VALID,0,,10.0,synthetic
LOT_E02_C011,LOT_E02,IDSS,24,0.5326906781465548,uA,150.0,"HTRB (150°C, 80V)",ATE_BENCH_01,CH_11,VALID,0,,10.0,synthetic
LOT_E02_C011,LOT_E02,IDSS,96,0.6397795276433428,uA,150.0,"HTRB (150°C, 80V)",ATE_BENCH_01,CH_11,VALID,0,,10.0,synthetic
LOT_E02_C011,LOT_E02,IDSS,168,0.5411088725679736,uA,150.0,"HTRB (150°C, 80V)",ATE_BENCH_01,CH_11,VALID,0,,10.0,synthetic
LOT_E02_C011,LOT_E02,VGS(th),0,3.003901796360019,V,150.0,"HTGB (150°C, 20V)",ATE_BENCH_01,CH_11,VALID,0,2.0,4.0,synthetic
LOT_E02_C011,LOT_E02,VGS(th),24,2.9916305085924777,V,150.0,"HTGB (150°C, 20V)",ATE_BENCH_01,CH_11,VALID,0,2.0,4.0,synthetic
LOT_E02_C011,LOT_E02,VGS(th),96,2.9839026953616536,V,150.0,"HTGB (150°C, 20V)",ATE_BENCH_01,CH_11,VALID,0,2.0,4.0,synthetic
LOT_E02_C011,LOT_E02,VGS(th),168,2.9821977491484066,V,150.0,"HTGB (150°C, 20V)",ATE_BENCH_01,CH_11,VALID,0,2.0,4.0,synthetic
LOT_E02_C011,LOT_E02,RDS(on),0,50.653886732828205,mOhm,125.0,Operating Life / Power Conduction (TJ=125-150°C),ATE_BENCH_01,CH_11,VALID,0,,60.0,synthetic
LOT_E02_C011,LOT_E02,RDS(on),24,50.33830560534061,mOhm,125.0,Operating Life / Power Conduction (TJ=125-150°C),ATE_BENCH_01,CH_11,VALID,0,,60.0,synthetic
LOT_E02_C011,LOT_E02,RDS(on),96,50.15741889624667,mOhm,125.0,Operating Life / Power Conduction (TJ=125-150°C),ATE_BENCH_01,CH_11,VALID,0,,60.0,synthetic
LOT_E02_C011,LOT_E02,RDS(on),168,51.04589881953367,mOhm,125.0,Operating Life / Power Conduction (TJ=125-150°C),ATE_BENCH_01,CH_11,VALID,0,,60.0,synthetic
LOT_E02_C011,LOT_E02,IGSS,0,1.6924413744168374,nA,150.0,"HTGB (150°C, ±20V)",ATE_BENCH_01,CH_11,VALID,0,-100.0,100.0,synthetic
LOT_E02_C011,LOT_E02,IGSS,24,1.8842187127587424,nA,150.0,"HTGB (150°C, ±20V)",ATE_BENCH_01,CH_11,VALID,0,-100.0,100.0,synthetic
LOT_E02_C011,LOT_E02,IGSS,96,2.1435010139010733,nA,150.0,"HTGB (150°C, ±20V)",ATE_BENCH_01,CH_11,VALID,0,-100.0,100.0,synthetic
LOT_E02_C011,LOT_E02,IGSS,168,2.4542185349558405,nA,150.0,"HTGB (150°C, ±20V)",ATE_BENCH_01,CH_11,VALID,0,-100.0,100.0,synthetic
LOT_E02_C012,LOT_E02,IDSS,0,0.47126116552604325,uA,150.0,"HTRB (150°C, 80V)",ATE_BENCH_01,CH_12,VALID,0,,10.0,synthetic
LOT_E02_C012,LOT_E02,IDSS,24,0.5486774113687022,uA,150.0,"HTRB (150°C, 80V)",ATE_BENCH_01,CH_12,VALID,0,,10.0,synthetic
LOT_E02_C012,LOT_E02,IDSS,96,0.539400949147104,uA,150.0,"HTRB (150°C, 80V)",ATE_BENCH_01,CH_12,VALID,0,,10.0,synthetic
LOT_E02_C012,LOT_E02,IDSS,168,0.5233382136987232,uA,150.0,"HTRB (150°C, 80V)",ATE_BENCH_01,CH_12,VALID,0,,10.0,synthetic
LOT_E02_C012,LOT_E02,VGS(th),0,2.9810018024760034,V,150.0,"HTGB (150°C, 20V)",ATE_BENCH_01,CH_12,VALID,0,2.0,4.0,synthetic
LOT_E02_C012,LOT_E02,VGS(th),24,2.975946094368329,V,150.0,"HTGB (150°C, 20V)",ATE_BENCH_01,CH_12,VALID,0,2.0,4.0,synthetic
LOT_E02_C012,LOT_E02,VGS(th),96,2.9842690914999754,V,150.0,"HTGB (150°C, 20V)",ATE_BENCH_01,CH_12,VALID,0,2.0,4.0,synthetic
LOT_E02_C012,LOT_E02,VGS(th),168,2.9946308098004613,V,150.0,"HTGB (150°C, 20V)",ATE_BENCH_01,CH_12,VALID,0,2.0,4.0,synthetic
LOT_E02_C012,LOT_E02,RDS(on),0,55.66262244982389,mOhm,125.0,Operating Life / Power Conduction (TJ=125-150°C),ATE_BENCH_01,CH_12,VALID,0,,60.0,synthetic
LOT_E02_C012,LOT_E02,RDS(on),24,56.16816433064444,mOhm,125.0,Operating Life / Power Conduction (TJ=125-150°C),ATE_BENCH_01,CH_12,VALID,0,,60.0,synthetic
LOT_E02_C012,LOT_E02,RDS(on),96,57.36435791888934,mOhm,125.0,Operating Life / Power Conduction (TJ=125-150°C),ATE_BENCH_01,CH_12,VALID,0,,60.0,synthetic
LOT_E02_C012,LOT_E02,RDS(on),168,56.2940584374862,mOhm,125.0,Operating Life / Power Conduction (TJ=125-150°C),ATE_BENCH_01,CH_12,VALID,0,,60.0,synthetic
LOT_E02_C012,LOT_E02,IGSS,0,-0.06429332753817493,nA,150.0,"HTGB (150°C, ±20V)",ATE_BENCH_01,CH_12,VALID,0,-100.0,100.0,synthetic
LOT_E02_C012,LOT_E02,IGSS,24,-0.06795032183712824,nA,150.0,"HTGB (150°C, ±20V)",ATE_BENCH_01,CH_12,VALID,0,-100.0,100.0,synthetic
LOT_E02_C012,LOT_E02,IGSS,96,-0.043797600549960236,nA,150.0,"HTGB (150°C, ±20V)",ATE_BENCH_01,CH_12,VALID,0,-100.0,100.0,synthetic
LOT_E02_C012,LOT_E02,IGSS,168,0.06093540034069046,nA,150.0,"HTGB (150°C, ±20V)",ATE_BENCH_01,CH_12,VALID,0,-100.0,100.0,synthetic
LOT_E02_C013,LOT_E02,IDSS,0,0.4286798064979279,uA,150.0,"HTRB (150°C, 80V)",ATE_BENCH_01,CH_13,VALID,0,,10.0,synthetic
LOT_E02_C013,LOT_E02,IDSS,24,0.426033188290928,uA,150.0,"HTRB (150°C, 80V)",ATE_BENCH_01,CH_13,VALID,0,,10.0,synthetic
LOT_E02_C013,LOT_E02,IDSS,96,0.3927526426731603,uA,150.0,"HTRB (150°C, 80V)",ATE_BENCH_01,CH_13,VALID,0,,10.0,synthetic
LOT_E02_C013,LOT_E02,IDSS,168,0.4038826537014853,uA,150.0,"HTRB (150°C, 80V)",ATE_BENCH_01,CH_13,VALID,0,,10.0,synthetic
LOT_E02_C013,LOT_E02,VGS(th),0,2.985921159721171,V,150.0,"HTGB (150°C, 20V)",ATE_BENCH_01,CH_13,VALID,0,2.0,4.0,synthetic
LOT_E02_C013,LOT_E02,VGS(th),24,2.9699490270540623,V,150.0,"HTGB (150°C, 20V)",ATE_BENCH_01,CH_13,VALID,0,2.0,4.0,synthetic
LOT_E02_C013,LOT_E02,VGS(th),96,2.9701356092256526,V,150.0,"HTGB (150°C, 20V)",ATE_BENCH_01,CH_13,VALID,0,2.0,4.0,synthetic
LOT_E02_C013,LOT_E02,VGS(th),168,3.0135530537052517,V,150.0,"HTGB (150°C, 20V)",ATE_BENCH_01,CH_13,VALID,0,2.0,4.0,synthetic
LOT_E02_C013,LOT_E02,RDS(on),0,46.75585743624772,mOhm,125.0,Operating Life / Power Conduction (TJ=125-150°C),ATE_BENCH_01,CH_13,VALID,0,,60.0,synthetic
LOT_E02_C013,LOT_E02,RDS(on),24,46.77534717165021,mOhm,125.0,Operating Life / Power Conduction (TJ=125-150°C),ATE_BENCH_01,CH_13,VALID,0,,60.0,synthetic
LOT_E02_C013,LOT_E02,RDS(on),96,47.67262816982413,mOhm,125.0,Operating Life / Power Conduction (TJ=125-150°C),ATE_BENCH_01,CH_13,VALID,0,,60.0,synthetic
LOT_E02_C013,LOT_E02,RDS(on),168,46.1371256092423,mOhm,125.0,Operating Life / Power Conduction (TJ=125-150°C),ATE_BENCH_01,CH_13,VALID,0,,60.0,synthetic
LOT_E02_C013,LOT_E02,IGSS,0,1.0065472474272934,nA,150.0,"HTGB (150°C, ±20V)",ATE_BENCH_01,CH_13,VALID,0,-100.0,100.0,synthetic
LOT_E02_C013,LOT_E02,IGSS,24,1.8283961226316454,nA,150.0,"HTGB (150°C, ±20V)",ATE_BENCH_01,CH_13,VALID,0,-100.0,100.0,synthetic
LOT_E02_C013,LOT_E02,IGSS,96,1.9174949233932455,nA,150.0,"HTGB (150°C, ±20V)",ATE_BENCH_01,CH_13,VALID,0,-100.0,100.0,synthetic
LOT_E02_C013,LOT_E02,IGSS,168,1.2720198820669921,nA,150.0,"HTGB (150°C, ±20V)",ATE_BENCH_01,CH_13,VALID,0,-100.0,100.0,synthetic
LOT_E02_C014,LOT_E02,IDSS,0,2.9599032043045668,uA,150.0,"HTRB (150°C, 80V)",ATE_BENCH_01,CH_14,VALID,0,,10.0,synthetic
LOT_E02_C014,LOT_E02,IDSS,24,3.1362088299721544,uA,150.0,"HTRB (150°C, 80V)",ATE_BENCH_01,CH_14,VALID,0,,10.0,synthetic
LOT_E02_C014,LOT_E02,IDSS,96,2.912342772145906,uA,150.0,"HTRB (150°C, 80V)",ATE_BENCH_01,CH_14,VALID,0,,10.0,synthetic
LOT_E02_C014,LOT_E02,IDSS,168,3.1365301273044626,uA,150.0,"HTRB (150°C, 80V)",ATE_BENCH_01,CH_14,VALID,0,,10.0,synthetic
LOT_E02_C014,LOT_E02,VGS(th),0,2.8203968982965257,V,150.0,"HTGB (150°C, 20V)",ATE_BENCH_01,CH_14,VALID,0,2.0,4.0,synthetic
LOT_E02_C014,LOT_E02,VGS(th),24,2.813076181166645,V,150.0,"HTGB (150°C, 20V)",ATE_BENCH_01,CH_14,VALID,0,2.0,4.0,synthetic
LOT_E02_C014,LOT_E02,VGS(th),96,2.844654849652178,V,150.0,"HTGB (150°C, 20V)",ATE_BENCH_01,CH_14,VALID,0,2.0,4.0,synthetic
LOT_E02_C014,LOT_E02,VGS(th),168,2.879843618723673,V,150.0,"HTGB (150°C, 20V)",ATE_BENCH_01,CH_14,VALID,0,2.0,4.0,synthetic
LOT_E02_C014,LOT_E02,RDS(on),0,45.065440319906315,mOhm,125.0,Operating Life / Power Conduction (TJ=125-150°C),ATE_BENCH_01,CH_14,VALID,0,,60.0,synthetic
LOT_E02_C014,LOT_E02,RDS(on),24,44.90756377352737,mOhm,125.0,Operating Life / Power Conduction (TJ=125-150°C),ATE_BENCH_01,CH_14,VALID,0,,60.0,synthetic
LOT_E02_C014,LOT_E02,RDS(on),96,44.37866865069368,mOhm,125.0,Operating Life / Power Conduction (TJ=125-150°C),ATE_BENCH_01,CH_14,VALID,0,,60.0,synthetic
LOT_E02_C014,LOT_E02,RDS(on),168,44.862364812081985,mOhm,125.0,Operating Life / Power Conduction (TJ=125-150°C),ATE_BENCH_01,CH_14,VALID,0,,60.0,synthetic
LOT_E02_C014,LOT_E02,IGSS,0,-1.876942724562564,nA,150.0,"HTGB (150°C, ±20V)",ATE_BENCH_01,CH_14,VALID,0,-100.0,100.0,synthetic
LOT_E02_C014,LOT_E02,IGSS,24,-1.8197802535296213,nA,150.0,"HTGB (150°C, ±20V)",ATE_BENCH_01,CH_14,VALID,0,-100.0,100.0,synthetic
LOT_E02_C014,LOT_E02,IGSS,96,-1.963688330006877,nA,150.0,"HTGB (150°C, ±20V)",ATE_BENCH_01,CH_14,VALID,0,-100.0,100.0,synthetic
LOT_E02_C014,LOT_E02,IGSS,168,-2.789554023746511,nA,150.0,"HTGB (150°C, ±20V)",ATE_BENCH_01,CH_14,VALID,0,-100.0,100.0,synthetic
LOT_E02_C015,LOT_E02,IDSS,0,0.573650578351266,uA,150.0,"HTRB (150°C, 80V)",ATE_BENCH_01,CH_15,VALID,0,,10.0,synthetic
LOT_E02_C015,LOT_E02,IDSS,24,0.6440421143787473,uA,150.0,"HTRB (150°C, 80V)",ATE_BENCH_01,CH_15,VALID,0,,10.0,synthetic
LOT_E02_C015,LOT_E02,IDSS,96,0.6133929392606826,uA,150.0,"HTRB (150°C, 80V)",ATE_BENCH_01,CH_15,VALID,0,,10.0,synthetic
LOT_E02_C015,LOT_E02,IDSS,168,0.5215218539368706,uA,150.0,"HTRB (150°C, 80V)",ATE_BENCH_01,CH_15,VALID,0,,10.0,synthetic
LOT_E02_C015,LOT_E02,VGS(th),0,2.903596344361578,V,150.0,"HTGB (150°C, 20V)",ATE_BENCH_01,CH_15,VALID,0,2.0,4.0,synthetic
LOT_E02_C015,LOT_E02,VGS(th),24,2.906852125754783,V,150.0,"HTGB (150°C, 20V)",ATE_BENCH_01,CH_15,VALID,0,2.0,4.0,synthetic
LOT_E02_C015,LOT_E02,VGS(th),96,2.9220044100818763,V,150.0,"HTGB (150°C, 20V)",ATE_BENCH_01,CH_15,VALID,0,2.0,4.0,synthetic
LOT_E02_C015,LOT_E02,VGS(th),168,2.875816115020702,V,150.0,"HTGB (150°C, 20V)",ATE_BENCH_01,CH_15,VALID,0,2.0,4.0,synthetic
LOT_E02_C015,LOT_E02,RDS(on),0,46.59669349601134,mOhm,125.0,Operating Life / Power Conduction (TJ=125-150°C),ATE_BENCH_01,CH_15,VALID,0,,60.0,synthetic
LOT_E02_C015,LOT_E02,RDS(on),24,45.39362549963077,mOhm,125.0,Operating Life / Power Conduction (TJ=125-150°C),ATE_BENCH_01,CH_15,VALID,0,,60.0,synthetic
LOT_E02_C015,LOT_E02,RDS(on),96,45.478028669019416,mOhm,125.0,Operating Life / Power Conduction (TJ=125-150°C),ATE_BENCH_01,CH_15,VALID,0,,60.0,synthetic
LOT_E02_C015,LOT_E02,RDS(on),168,46.33179480925072,mOhm,125.0,Operating Life / Power Conduction (TJ=125-150°C),ATE_BENCH_01,CH_15,VALID,0,,60.0,synthetic
LOT_E02_C015,LOT_E02,IGSS,0,2.8715662734427814,nA,150.0,"HTGB (150°C, ±20V)",ATE_BENCH_01,CH_15,VALID,0,-100.0,100.0,synthetic
LOT_E02_C015,LOT_E02,IGSS,24,3.695941061082262,nA,150.0,"HTGB (150°C, ±20V)",ATE_BENCH_01,CH_15,VALID,0,-100.0,100.0,synthetic
LOT_E02_C015,LOT_E02,IGSS,96,2.8237433960055096,nA,150.0,"HTGB (150°C, ±20V)",ATE_BENCH_01,CH_15,VALID,0,-100.0,100.0,synthetic
LOT_E02_C015,LOT_E02,IGSS,168,2.978705458541444,nA,150.0,"HTGB (150°C, ±20V)",ATE_BENCH_01,CH_15,VALID,0,-100.0,100.0,synthetic
LOT_E02_C016,LOT_E02,IDSS,0,0.8062537154938976,uA,150.0,"HTRB (150°C, 80V)",ATE_BENCH_01,CH_16,VALID,0,,10.0,synthetic
LOT_E02_C016,LOT_E02,IDSS,24,0.7367057261879992,uA,150.0,"HTRB (150°C, 80V)",ATE_BENCH_01,CH_16,VALID,0,,10.0,synthetic
LOT_E02_C016,LOT_E02,IDSS,96,0.8282566066162234,uA,150.0,"HTRB (150°C, 80V)",ATE_BENCH_01,CH_16,VALID,0,,10.0,synthetic
LOT_E02_C016,LOT_E02,IDSS,168,0.8142145822042839,uA,150.0,"HTRB (150°C, 80V)",ATE_BENCH_01,CH_16,VALID,0,,10.0,synthetic
LOT_E02_C016,LOT_E02,VGS(th),0,3.4786079224119235,V,150.0,"HTGB (150°C, 20V)",ATE_BENCH_01,CH_16,VALID,0,2.0,4.0,synthetic
LOT_E02_C016,LOT_E02,VGS(th),24,3.516307379707275,V,150.0,"HTGB (150°C, 20V)",ATE_BENCH_01,CH_16,VALID,0,2.0,4.0,synthetic
LOT_E02_C016,LOT_E02,VGS(th),96,3.5003563578326995,V,150.0,"HTGB (150°C, 20V)",ATE_BENCH_01,CH_16,VALID,0,2.0,4.0,synthetic
LOT_E02_C016,LOT_E02,VGS(th),168,3.5013330312162525,V,150.0,"HTGB (150°C, 20V)",ATE_BENCH_01,CH_16,VALID,0,2.0,4.0,synthetic
LOT_E02_C016,LOT_E02,RDS(on),0,45.85457064412626,mOhm,125.0,Operating Life / Power Conduction (TJ=125-150°C),ATE_BENCH_01,CH_16,VALID,0,,60.0,synthetic
LOT_E02_C016,LOT_E02,RDS(on),24,46.66309694600695,mOhm,125.0,Operating Life / Power Conduction (TJ=125-150°C),ATE_BENCH_01,CH_16,VALID,0,,60.0,synthetic
LOT_E02_C016,LOT_E02,RDS(on),96,45.47055045413594,mOhm,125.0,Operating Life / Power Conduction (TJ=125-150°C),ATE_BENCH_01,CH_16,VALID,0,,60.0,synthetic
LOT_E02_C016,LOT_E02,RDS(on),168,45.77965789786097,mOhm,125.0,Operating Life / Power Conduction (TJ=125-150°C),ATE_BENCH_01,CH_16,VALID,0,,60.0,synthetic
LOT_E02_C016,LOT_E02,IGSS,0,-1.5459725593922293,nA,150.0,"HTGB (150°C, ±20V)",ATE_BENCH_01,CH_16,VALID,0,-100.0,100.0,synthetic
LOT_E02_C016,LOT_E02,IGSS,24,-1.4491477211092858,nA,150.0,"HTGB (150°C, ±20V)",ATE_BENCH_01,CH_16,VALID,0,-100.0,100.0,synthetic
LOT_E02_C016,LOT_E02,IGSS,96,-2.1342312372857455,nA,150.0,"HTGB (150°C, ±20V)",ATE_BENCH_01,CH_16,VALID,0,-100.0,100.0,synthetic
LOT_E02_C016,LOT_E02,IGSS,168,-0.7707480882315586,nA,150.0,"HTGB (150°C, ±20V)",ATE_BENCH_01,CH_16,VALID,0,-100.0,100.0,synthetic
LOT_E02_C017,LOT_E02,IDSS,0,0.5697044616372685,uA,150.0,"HTRB (150°C, 80V)",ATE_BENCH_02,CH_01,VALID,0,,10.0,synthetic
LOT_E02_C017,LOT_E02,IDSS,24,0.556300970722581,uA,150.0,"HTRB (150°C, 80V)",ATE_BENCH_02,CH_01,VALID,0,,10.0,synthetic
LOT_E02_C017,LOT_E02,IDSS,96,0.5898001953083044,uA,150.0,"HTRB (150°C, 80V)",ATE_BENCH_02,CH_01,VALID,0,,10.0,synthetic
LOT_E02_C017,LOT_E02,IDSS,168,0.6010911173452359,uA,150.0,"HTRB (150°C, 80V)",ATE_BENCH_02,CH_01,VALID,0,,10.0,synthetic
LOT_E02_C017,LOT_E02,VGS(th),0,3.010722191716805,V,150.0,"HTGB (150°C, 20V)",ATE_BENCH_02,CH_01,VALID,0,2.0,4.0,synthetic
LOT_E02_C017,LOT_E02,VGS(th),24,3.062245789206981,V,150.0,"HTGB (150°C, 20V)",ATE_BENCH_02,CH_01,VALID,0,2.0,4.0,synthetic
LOT_E02_C017,LOT_E02,VGS(th),96,2.9843485412102595,V,150.0,"HTGB (150°C, 20V)",ATE_BENCH_02,CH_01,VALID,0,2.0,4.0,synthetic
LOT_E02_C017,LOT_E02,VGS(th),168,3.0237957621797826,V,150.0,"HTGB (150°C, 20V)",ATE_BENCH_02,CH_01,VALID,0,2.0,4.0,synthetic
LOT_E02_C017,LOT_E02,RDS(on),0,50.19474265842654,mOhm,125.0,Operating Life / Power Conduction (TJ=125-150°C),ATE_BENCH_02,CH_01,VALID,0,,60.0,synthetic
LOT_E02_C017,LOT_E02,RDS(on),24,49.86538029327202,mOhm,125.0,Operating Life / Power Conduction (TJ=125-150°C),ATE_BENCH_02,CH_01,VALID,0,,60.0,synthetic
LOT_E02_C017,LOT_E02,RDS(on),96,48.619472090216426,mOhm,125.0,Operating Life / Power Conduction (TJ=125-150°C),ATE_BENCH_02,CH_01,VALID,0,,60.0,synthetic
LOT_E02_C017,LOT_E02,RDS(on),168,50.774653626292555,mOhm,125.0,Operating Life / Power Conduction (TJ=125-150°C),ATE_BENCH_02,CH_01,VALID,0,,60.0,synthetic
LOT_E02_C017,LOT_E02,IGSS,0,2.021359403105299,nA,150.0,"HTGB (150°C, ±20V)",ATE_BENCH_02,CH_01,VALID,0,-100.0,100.0,synthetic
LOT_E02_C017,LOT_E02,IGSS,24,1.896133553887398,nA,150.0,"HTGB (150°C, ±20V)",ATE_BENCH_02,CH_01,VALID,0,-100.0,100.0,synthetic
LOT_E02_C017,LOT_E02,IGSS,96,1.1967932222737951,nA,150.0,"HTGB (150°C, ±20V)",ATE_BENCH_02,CH_01,VALID,0,-100.0,100.0,synthetic
LOT_E02_C017,LOT_E02,IGSS,168,1.2147341515264658,nA,150.0,"HTGB (150°C, ±20V)",ATE_BENCH_02,CH_01,VALID,0,-100.0,100.0,synthetic
LOT_E02_C018,LOT_E02,IDSS,0,0.5971539106381668,uA,150.0,"HTRB (150°C, 80V)",ATE_BENCH_02,CH_02,VALID,0,,10.0,synthetic
LOT_E02_C018,LOT_E02,IDSS,24,0.5550430742745883,uA,150.0,"HTRB (150°C, 80V)",ATE_BENCH_02,CH_02,VALID,0,,10.0,synthetic
LOT_E02_C018,LOT_E02,IDSS,96,0.6689531333981846,uA,150.0,"HTRB (150°C, 80V)",ATE_BENCH_02,CH_02,VALID,0,,10.0,synthetic
LOT_E02_C018,LOT_E02,IDSS,168,0.6081847412086492,uA,150.0,"HTRB (150°C, 80V)",ATE_BENCH_02,CH_02,VALID,0,,10.0,synthetic
LOT_E02_C018,LOT_E02,VGS(th),0,2.9761427506166336,V,150.0,"HTGB (150°C, 20V)",ATE_BENCH_02,CH_02,VALID,0,2.0,4.0,synthetic
LOT_E02_C018,LOT_E02,VGS(th),24,2.973663415077304,V,150.0,"HTGB (150°C, 20V)",ATE_BENCH_02,CH_02,VALID,0,2.0,4.0,synthetic
LOT_E02_C018,LOT_E02,VGS(th),96,2.9557091037944674,V,150.0,"HTGB (150°C, 20V)",ATE_BENCH_02,CH_02,VALID,0,2.0,4.0,synthetic
LOT_E02_C018,LOT_E02,VGS(th),168,2.969078504601041,V,150.0,"HTGB (150°C, 20V)",ATE_BENCH_02,CH_02,VALID,0,2.0,4.0,synthetic
LOT_E02_C018,LOT_E02,RDS(on),0,68.22342803079282,mOhm,125.0,Operating Life / Power Conduction (TJ=125-150°C),ATE_BENCH_02,CH_02,VALID,0,,60.0,synthetic
LOT_E02_C018,LOT_E02,RDS(on),24,68.73591319784842,mOhm,125.0,Operating Life / Power Conduction (TJ=125-150°C),ATE_BENCH_02,CH_02,VALID,0,,60.0,synthetic
LOT_E02_C018,LOT_E02,RDS(on),96,68.06507272723582,mOhm,125.0,Operating Life / Power Conduction (TJ=125-150°C),ATE_BENCH_02,CH_02,VALID,0,,60.0,synthetic
LOT_E02_C018,LOT_E02,RDS(on),168,67.82890672646239,mOhm,125.0,Operating Life / Power Conduction (TJ=125-150°C),ATE_BENCH_02,CH_02,VALID,0,,60.0,synthetic
LOT_E02_C018,LOT_E02,IGSS,0,-1.1800640557475546,nA,150.0,"HTGB (150°C, ±20V)",ATE_BENCH_02,CH_02,VALID,0,-100.0,100.0,synthetic
LOT_E02_C018,LOT_E02,IGSS,24,-2.366401427071843,nA,150.0,"HTGB (150°C, ±20V)",ATE_BENCH_02,CH_02,VALID,0,-100.0,100.0,synthetic
LOT_E02_C018,LOT_E02,IGSS,96,-2.241530272042111,nA,150.0,"HTGB (150°C, ±20V)",ATE_BENCH_02,CH_02,VALID,0,-100.0,100.0,synthetic
LOT_E02_C018,LOT_E02,IGSS,168,-3.0171695331700272,nA,150.0,"HTGB (150°C, ±20V)",ATE_BENCH_02,CH_02,VALID,0,-100.0,100.0,synthetic
LOT_E02_C019,LOT_E02,IDSS,0,0.6160780973208786,uA,150.0,"HTRB (150°C, 80V)",ATE_BENCH_02,CH_03,VALID,0,,10.0,synthetic
LOT_E02_C019,LOT_E02,IDSS,24,0.5666384992703912,uA,150.0,"HTRB (150°C, 80V)",ATE_BENCH_02,CH_03,VALID,0,,10.0,synthetic
LOT_E02_C019,LOT_E02,IDSS,96,0.6795882436344817,uA,150.0,"HTRB (150°C, 80V)",ATE_BENCH_02,CH_03,VALID,0,,10.0,synthetic
LOT_E02_C019,LOT_E02,IDSS,168,0.5761584222186039,uA,150.0,"HTRB (150°C, 80V)",ATE_BENCH_02,CH_03,VALID,0,,10.0,synthetic
LOT_E02_C019,LOT_E02,VGS(th),0,2.876791519050988,V,150.0,"HTGB (150°C, 20V)",ATE_BENCH_02,CH_03,VALID,0,2.0,4.0,synthetic
LOT_E02_C019,LOT_E02,VGS(th),24,2.8867765179276277,V,150.0,"HTGB (150°C, 20V)",ATE_BENCH_02,CH_03,VALID,0,2.0,4.0,synthetic
LOT_E02_C019,LOT_E02,VGS(th),96,2.8559350355121014,V,150.0,"HTGB (150°C, 20V)",ATE_BENCH_02,CH_03,VALID,0,2.0,4.0,synthetic
LOT_E02_C019,LOT_E02,VGS(th),168,2.896510097060677,V,150.0,"HTGB (150°C, 20V)",ATE_BENCH_02,CH_03,VALID,0,2.0,4.0,synthetic
LOT_E02_C019,LOT_E02,RDS(on),0,49.45607342857422,mOhm,125.0,Operating Life / Power Conduction (TJ=125-150°C),ATE_BENCH_02,CH_03,VALID,0,,60.0,synthetic
LOT_E02_C019,LOT_E02,RDS(on),24,50.53620724682221,mOhm,125.0,Operating Life / Power Conduction (TJ=125-150°C),ATE_BENCH_02,CH_03,VALID,0,,60.0,synthetic
LOT_E02_C019,LOT_E02,RDS(on),96,49.66602416905794,mOhm,125.0,Operating Life / Power Conduction (TJ=125-150°C),ATE_BENCH_02,CH_03,VALID,0,,60.0,synthetic
LOT_E02_C019,LOT_E02,RDS(on),168,50.36414124090695,mOhm,125.0,Operating Life / Power Conduction (TJ=125-150°C),ATE_BENCH_02,CH_03,VALID,0,,60.0,synthetic
LOT_E02_C019,LOT_E02,IGSS,0,2.709770801555602,nA,150.0,"HTGB (150°C, ±20V)",ATE_BENCH_02,CH_03,VALID,0,-100.0,100.0,synthetic
LOT_E02_C019,LOT_E02,IGSS,24,2.361267747634816,nA,150.0,"HTGB (150°C, ±20V)",ATE_BENCH_02,CH_03,VALID,0,-100.0,100.0,synthetic
LOT_E02_C019,LOT_E02,IGSS,96,2.106158571234726,nA,150.0,"HTGB (150°C, ±20V)",ATE_BENCH_02,CH_03,VALID,0,-100.0,100.0,synthetic
LOT_E02_C019,LOT_E02,IGSS,168,3.2245529863063687,nA,150.0,"HTGB (150°C, ±20V)",ATE_BENCH_02,CH_03,VALID,0,-100.0,100.0,synthetic
LOT_E02_C020,LOT_E02,IDSS,0,1.8432303967221646,uA,150.0,"HTRB (150°C, 80V)",ATE_BENCH_02,CH_04,VALID,0,,10.0,synthetic
LOT_E02_C020,LOT_E02,IDSS,24,1.5672837012714975,uA,150.0,"HTRB (150°C, 80V)",ATE_BENCH_02,CH_04,VALID,0,,10.0,synthetic
LOT_E02_C020,LOT_E02,IDSS,96,1.9986808420317859,uA,150.0,"HTRB (150°C, 80V)",ATE_BENCH_02,CH_04,VALID,0,,10.0,synthetic
LOT_E02_C020,LOT_E02,IDSS,168,1.7178426967559286,uA,150.0,"HTRB (150°C, 80V)",ATE_BENCH_02,CH_04,VALID,0,,10.0,synthetic
LOT_E02_C020,LOT_E02,VGS(th),0,2.9975916988806413,V,150.0,"HTGB (150°C, 20V)",ATE_BENCH_02,CH_04,VALID,0,2.0,4.0,synthetic
LOT_E02_C020,LOT_E02,VGS(th),24,2.927235330778489,V,150.0,"HTGB (150°C, 20V)",ATE_BENCH_02,CH_04,VALID,0,2.0,4.0,synthetic
LOT_E02_C020,LOT_E02,VGS(th),96,2.9227142710776493,V,150.0,"HTGB (150°C, 20V)",ATE_BENCH_02,CH_04,VALID,0,2.0,4.0,synthetic
LOT_E02_C020,LOT_E02,VGS(th),168,2.970028762455731,V,150.0,"HTGB (150°C, 20V)",ATE_BENCH_02,CH_04,VALID,0,2.0,4.0,synthetic
LOT_E02_C020,LOT_E02,RDS(on),0,52.92992008580749,mOhm,125.0,Operating Life / Power Conduction (TJ=125-150°C),ATE_BENCH_02,CH_04,VALID,0,,60.0,synthetic
LOT_E02_C020,LOT_E02,RDS(on),24,53.05566202219056,mOhm,125.0,Operating Life / Power Conduction (TJ=125-150°C),ATE_BENCH_02,CH_04,VALID,0,,60.0,synthetic
LOT_E02_C020,LOT_E02,RDS(on),96,51.71982348313693,mOhm,125.0,Operating Life / Power Conduction (TJ=125-150°C),ATE_BENCH_02,CH_04,VALID,0,,60.0,synthetic
LOT_E02_C020,LOT_E02,RDS(on),168,52.84399347328081,mOhm,125.0,Operating Life / Power Conduction (TJ=125-150°C),ATE_BENCH_02,CH_04,VALID,0,,60.0,synthetic
LOT_E02_C020,LOT_E02,IGSS,0,-1.9285147474419533,nA,150.0,"HTGB (150°C, ±20V)",ATE_BENCH_02,CH_04,VALID,0,-100.0,100.0,synthetic
LOT_E02_C020,LOT_E02,IGSS,24,-1.14426433516333,nA,150.0,"HTGB (150°C, ±20V)",ATE_BENCH_02,CH_04,VALID,0,-100.0,100.0,synthetic
LOT_E02_C020,LOT_E02,IGSS,96,-2.400475230713384,nA,150.0,"HTGB (150°C, ±20V)",ATE_BENCH_02,CH_04,VALID,0,-100.0,100.0,synthetic
LOT_E02_C020,LOT_E02,IGSS,168,-1.5257765221559314,nA,150.0,"HTGB (150°C, ±20V)",ATE_BENCH_02,CH_04,VALID,0,-100.0,100.0,synthetic
LOT_E02_C021,LOT_E02,IDSS,0,0.602923368441043,uA,150.0,"HTRB (150°C, 80V)",ATE_BENCH_02,CH_05,VALID,0,,10.0,synthetic
LOT_E02_C021,LOT_E02,IDSS,24,0.5896966437202947,uA,150.0,"HTRB (150°C, 80V)",ATE_BENCH_02,CH_05,VALID,0,,10.0,synthetic
LOT_E02_C021,LOT_E02,IDSS,96,0.5800972266555453,uA,150.0,"HTRB (150°C, 80V)",ATE_BENCH_02,CH_05,VALID,0,,10.0,synthetic
LOT_E02_C021,LOT_E02,IDSS,168,0.5593138002541035,uA,150.0,"HTRB (150°C, 80V)",ATE_BENCH_02,CH_05,VALID,0,,10.0,synthetic
LOT_E02_C021,LOT_E02,VGS(th),0,2.8043294959979104,V,150.0,"HTGB (150°C, 20V)",ATE_BENCH_02,CH_05,VALID,0,2.0,4.0,synthetic
LOT_E02_C021,LOT_E02,VGS(th),24,2.7829024349500053,V,150.0,"HTGB (150°C, 20V)",ATE_BENCH_02,CH_05,VALID,0,2.0,4.0,synthetic
LOT_E02_C021,LOT_E02,VGS(th),96,2.7776583417548832,V,150.0,"HTGB (150°C, 20V)",ATE_BENCH_02,CH_05,VALID,0,2.0,4.0,synthetic
LOT_E02_C021,LOT_E02,VGS(th),168,2.818940088978875,V,150.0,"HTGB (150°C, 20V)",ATE_BENCH_02,CH_05,VALID,0,2.0,4.0,synthetic
LOT_E02_C021,LOT_E02,RDS(on),0,47.3393965486395,mOhm,125.0,Operating Life / Power Conduction (TJ=125-150°C),ATE_BENCH_02,CH_05,VALID,0,,60.0,synthetic
LOT_E02_C021,LOT_E02,RDS(on),24,46.42498505519159,mOhm,125.0,Operating Life / Power Conduction (TJ=125-150°C),ATE_BENCH_02,CH_05,VALID,0,,60.0,synthetic
LOT_E02_C021,LOT_E02,RDS(on),96,46.5979556630086,mOhm,125.0,Operating Life / Power Conduction (TJ=125-150°C),ATE_BENCH_02,CH_05,VALID,0,,60.0,synthetic
LOT_E02_C021,LOT_E02,RDS(on),168,47.56704561561525,mOhm,125.0,Operating Life / Power Conduction (TJ=125-150°C),ATE_BENCH_02,CH_05,VALID,0,,60.0,synthetic
LOT_E02_C021,LOT_E02,IGSS,0,1.5213149411945255,nA,150.0,"HTGB (150°C, ±20V)",ATE_BENCH_02,CH_05,VALID,0,-100.0,100.0,synthetic
LOT_E02_C021,LOT_E02,IGSS,24,0.8262747645647621,nA,150.0,"HTGB (150°C, ±20V)",ATE_BENCH_02,CH_05,VALID,0,-100.0,100.0,synthetic
LOT_E02_C021,LOT_E02,IGSS,96,1.903864760685828,nA,150.0,"HTGB (150°C, ±20V)",ATE_BENCH_02,CH_05,VALID,0,-100.0,100.0,synthetic
LOT_E02_C021,LOT_E02,IGSS,168,1.4558747588213805,nA,150.0,"HTGB (150°C, ±20V)",ATE_BENCH_02,CH_05,VALID,0,-100.0,100.0,synthetic
LOT_E02_C022,LOT_E02,IDSS,0,0.45128701256744025,uA,150.0,"HTRB (150°C, 80V)",ATE_BENCH_02,CH_06,VALID,0,,10.0,synthetic
LOT_E02_C022,LOT_E02,IDSS,24,0.42240786340555386,uA,150.0,"HTRB (150°C, 80V)",ATE_BENCH_02,CH_06,VALID,0,,10.0,synthetic
LOT_E02_C022,LOT_E02,IDSS,96,0.5115291577885398,uA,150.0,"HTRB (150°C, 80V)",ATE_BENCH_02,CH_06,VALID,0,,10.0,synthetic
LOT_E02_C022,LOT_E02,IDSS,168,0.4368886992401993,uA,150.0,"HTRB (150°C, 80V)",ATE_BENCH_02,CH_06,VALID,0,,10.0,synthetic
LOT_E02_C022,LOT_E02,VGS(th),0,3.461397318851641,V,150.0,"HTGB (150°C, 20V)",ATE_BENCH_02,CH_06,VALID,0,2.0,4.0,synthetic
LOT_E02_C022,LOT_E02,VGS(th),24,3.4929164909083283,V,150.0,"HTGB (150°C, 20V)",ATE_BENCH_02,CH_06,VALID,0,2.0,4.0,synthetic
LOT_E02_C022,LOT_E02,VGS(th),96,3.470430213791825,V,150.0,"HTGB (150°C, 20V)",ATE_BENCH_02,CH_06,VALID,0,2.0,4.0,synthetic
LOT_E02_C022,LOT_E02,VGS(th),168,3.4672028698298494,V,150.0,"HTGB (150°C, 20V)",ATE_BENCH_02,CH_06,VALID,0,2.0,4.0,synthetic
LOT_E02_C022,LOT_E02,RDS(on),0,54.58397065493469,mOhm,125.0,Operating Life / Power Conduction (TJ=125-150°C),ATE_BENCH_02,CH_06,VALID,0,,60.0,synthetic
LOT_E02_C022,LOT_E02,RDS(on),24,54.65804679180663,mOhm,125.0,Operating Life / Power Conduction (TJ=125-150°C),ATE_BENCH_02,CH_06,VALID,0,,60.0,synthetic
LOT_E02_C022,LOT_E02,RDS(on),96,55.540253666047235,mOhm,125.0,Operating Life / Power Conduction (TJ=125-150°C),ATE_BENCH_02,CH_06,VALID,0,,60.0,synthetic
LOT_E02_C022,LOT_E02,RDS(on),168,54.61296773900682,mOhm,125.0,Operating Life / Power Conduction (TJ=125-150°C),ATE_BENCH_02,CH_06,VALID,0,,60.0,synthetic
LOT_E02_C022,LOT_E02,IGSS,0,-2.479507655357837,nA,150.0,"HTGB (150°C, ±20V)",ATE_BENCH_02,CH_06,VALID,0,-100.0,100.0,synthetic
LOT_E02_C022,LOT_E02,IGSS,24,-2.2089109637740956,nA,150.0,"HTGB (150°C, ±20V)",ATE_BENCH_02,CH_06,VALID,0,-100.0,100.0,synthetic
LOT_E02_C022,LOT_E02,IGSS,96,-2.4003177257803316,nA,150.0,"HTGB (150°C, ±20V)",ATE_BENCH_02,CH_06,VALID,0,-100.0,100.0,synthetic
LOT_E02_C022,LOT_E02,IGSS,168,-2.178828581872896,nA,150.0,"HTGB (150°C, ±20V)",ATE_BENCH_02,CH_06,VALID,0,-100.0,100.0,synthetic
LOT_E02_C023,LOT_E02,IDSS,0,0.4526275705503376,uA,150.0,"HTRB (150°C, 80V)",ATE_BENCH_02,CH_07,VALID,0,,10.0,synthetic
LOT_E02_C023,LOT_E02,IDSS,24,0.43719551992396233,uA,150.0,"HTRB (150°C, 80V)",ATE_BENCH_02,CH_07,VALID,0,,10.0,synthetic
LOT_E02_C023,LOT_E02,IDSS,96,0.5054308923207735,uA,150.0,"HTRB (150°C, 80V)",ATE_BENCH_02,CH_07,VALID,0,,10.0,synthetic
LOT_E02_C023,LOT_E02,IDSS,168,0.4575403425273487,uA,150.0,"HTRB (150°C, 80V)",ATE_BENCH_02,CH_07,VALID,0,,10.0,synthetic
LOT_E02_C023,LOT_E02,VGS(th),0,2.9835914623648203,V,150.0,"HTGB (150°C, 20V)",ATE_BENCH_02,CH_07,VALID,0,2.0,4.0,synthetic
LOT_E02_C023,LOT_E02,VGS(th),24,2.9855041708395564,V,150.0,"HTGB (150°C, 20V)",ATE_BENCH_02,CH_07,VALID,0,2.0,4.0,synthetic
LOT_E02_C023,LOT_E02,VGS(th),96,3.005305134668305,V,150.0,"HTGB (150°C, 20V)",ATE_BENCH_02,CH_07,VALID,0,2.0,4.0,synthetic
LOT_E02_C023,LOT_E02,VGS(th),168,2.941670245937006,V,150.0,"HTGB (150°C, 20V)",ATE_BENCH_02,CH_07,VALID,0,2.0,4.0,synthetic
LOT_E02_C023,LOT_E02,RDS(on),0,48.5513677561669,mOhm,125.0,Operating Life / Power Conduction (TJ=125-150°C),ATE_BENCH_02,CH_07,VALID,0,,60.0,synthetic
LOT_E02_C023,LOT_E02,RDS(on),24,48.79354700949185,mOhm,125.0,Operating Life / Power Conduction (TJ=125-150°C),ATE_BENCH_02,CH_07,VALID,0,,60.0,synthetic
LOT_E02_C023,LOT_E02,RDS(on),96,48.58303460227446,mOhm,125.0,Operating Life / Power Conduction (TJ=125-150°C),ATE_BENCH_02,CH_07,VALID,0,,60.0,synthetic
LOT_E02_C023,LOT_E02,RDS(on),168,49.04730629675732,mOhm,125.0,Operating Life / Power Conduction (TJ=125-150°C),ATE_BENCH_02,CH_07,VALID,0,,60.0,synthetic
LOT_E02_C023,LOT_E02,IGSS,0,1.467408993429987,nA,150.0,"HTGB (150°C, ±20V)",ATE_BENCH_02,CH_07,VALID,0,-100.0,100.0,synthetic
LOT_E02_C023,LOT_E02,IGSS,24,1.8599005631070806,nA,150.0,"HTGB (150°C, ±20V)",ATE_BENCH_02,CH_07,VALID,0,-100.0,100.0,synthetic
LOT_E02_C023,LOT_E02,IGSS,96,2.583128481019953,nA,150.0,"HTGB (150°C, ±20V)",ATE_BENCH_02,CH_07,VALID,0,-100.0,100.0,synthetic
LOT_E02_C023,LOT_E02,IGSS,168,1.9512636536399768,nA,150.0,"HTGB (150°C, ±20V)",ATE_BENCH_02,CH_07,VALID,0,-100.0,100.0,synthetic
LOT_E02_C024,LOT_E02,IDSS,0,0.6349990749125934,uA,150.0,"HTRB (150°C, 80V)",ATE_BENCH_02,CH_08,VALID,0,,10.0,synthetic
LOT_E02_C024,LOT_E02,IDSS,24,0.6503604291605417,uA,150.0,"HTRB (150°C, 80V)",ATE_BENCH_02,CH_08,VALID,0,,10.0,synthetic
LOT_E02_C024,LOT_E02,IDSS,96,0.6437691342635191,uA,150.0,"HTRB (150°C, 80V)",ATE_BENCH_02,CH_08,VALID,0,,10.0,synthetic
LOT_E02_C024,LOT_E02,IDSS,168,0.58828432339157,uA,150.0,"HTRB (150°C, 80V)",ATE_BENCH_02,CH_08,VALID,0,,10.0,synthetic
LOT_E02_C024,LOT_E02,VGS(th),0,2.680999730776738,V,150.0,"HTGB (150°C, 20V)",ATE_BENCH_02,CH_08,VALID,0,2.0,4.0,synthetic
LOT_E02_C024,LOT_E02,VGS(th),24,2.71730138307655,V,150.0,"HTGB (150°C, 20V)",ATE_BENCH_02,CH_08,VALID,0,2.0,4.0,synthetic
LOT_E02_C024,LOT_E02,VGS(th),96,2.6988939918753747,V,150.0,"HTGB (150°C, 20V)",ATE_BENCH_02,CH_08,VALID,0,2.0,4.0,synthetic
LOT_E02_C024,LOT_E02,VGS(th),168,2.6782969918702615,V,150.0,"HTGB (150°C, 20V)",ATE_BENCH_02,CH_08,VALID,0,2.0,4.0,synthetic
LOT_E02_C024,LOT_E02,RDS(on),0,53.340460973708694,mOhm,125.0,Operating Life / Power Conduction (TJ=125-150°C),ATE_BENCH_02,CH_08,VALID,0,,60.0,synthetic
LOT_E02_C024,LOT_E02,RDS(on),24,53.62045454809906,mOhm,125.0,Operating Life / Power Conduction (TJ=125-150°C),ATE_BENCH_02,CH_08,VALID,0,,60.0,synthetic
LOT_E02_C024,LOT_E02,RDS(on),96,54.54978542112782,mOhm,125.0,Operating Life / Power Conduction (TJ=125-150°C),ATE_BENCH_02,CH_08,VALID,0,,60.0,synthetic
LOT_E02_C024,LOT_E02,RDS(on),168,54.15533013006638,mOhm,125.0,Operating Life / Power Conduction (TJ=125-150°C),ATE_BENCH_02,CH_08,VALID,0,,60.0,synthetic
LOT_E02_C024,LOT_E02,IGSS,0,-3.86726489920468,nA,150.0,"HTGB (150°C, ±20V)",ATE_BENCH_02,CH_08,VALID,0,-100.0,100.0,synthetic
LOT_E02_C024,LOT_E02,IGSS,24,-2.221014034131801,nA,150.0,"HTGB (150°C, ±20V)",ATE_BENCH_02,CH_08,VALID,0,-100.0,100.0,synthetic
LOT_E02_C024,LOT_E02,IGSS,96,-2.9543118469600014,nA,150.0,"HTGB (150°C, ±20V)",ATE_BENCH_02,CH_08,VALID,0,-100.0,100.0,synthetic
LOT_E02_C024,LOT_E02,IGSS,168,-2.808880552632796,nA,150.0,"HTGB (150°C, ±20V)",ATE_BENCH_02,CH_08,VALID,0,-100.0,100.0,synthetic
LOT_E02_C025,LOT_E02,IDSS,0,0.5981390697966446,uA,150.0,"HTRB (150°C, 80V)",ATE_BENCH_02,CH_09,VALID,0,,10.0,synthetic
LOT_E02_C025,LOT_E02,IDSS,24,0.6403657405934918,uA,150.0,"HTRB (150°C, 80V)",ATE_BENCH_02,CH_09,VALID,0,,10.0,synthetic
LOT_E02_C025,LOT_E02,IDSS,96,0.578695067787307,uA,150.0,"HTRB (150°C, 80V)",ATE_BENCH_02,CH_09,VALID,0,,10.0,synthetic
LOT_E02_C025,LOT_E02,IDSS,168,0.572379156100867,uA,150.0,"HTRB (150°C, 80V)",ATE_BENCH_02,CH_09,VALID,0,,10.0,synthetic
LOT_E02_C025,LOT_E02,VGS(th),0,2.903808101338813,V,150.0,"HTGB (150°C, 20V)",ATE_BENCH_02,CH_09,VALID,0,2.0,4.0,synthetic
LOT_E02_C025,LOT_E02,VGS(th),24,2.9630388797323626,V,150.0,"HTGB (150°C, 20V)",ATE_BENCH_02,CH_09,VALID,0,2.0,4.0,synthetic
LOT_E02_C025,LOT_E02,VGS(th),96,2.8857190122250125,V,150.0,"HTGB (150°C, 20V)",ATE_BENCH_02,CH_09,VALID,0,2.0,4.0,synthetic
LOT_E02_C025,LOT_E02,VGS(th),168,2.8960903093560177,V,150.0,"HTGB (150°C, 20V)",ATE_BENCH_02,CH_09,VALID,0,2.0,4.0,synthetic
LOT_E02_C025,LOT_E02,RDS(on),0,48.53007484191342,mOhm,125.0,Operating Life / Power Conduction (TJ=125-150°C),ATE_BENCH_02,CH_09,VALID,0,,60.0,synthetic
LOT_E02_C025,LOT_E02,RDS(on),24,48.45610869386917,mOhm,125.0,Operating Life / Power Conduction (TJ=125-150°C),ATE_BENCH_02,CH_09,VALID,0,,60.0,synthetic
LOT_E02_C025,LOT_E02,RDS(on),96,48.701252453756055,mOhm,125.0,Operating Life / Power Conduction (TJ=125-150°C),ATE_BENCH_02,CH_09,VALID,0,,60.0,synthetic
LOT_E02_C025,LOT_E02,RDS(on),168,49.39873055353788,mOhm,125.0,Operating Life / Power Conduction (TJ=125-150°C),ATE_BENCH_02,CH_09,VALID,0,,60.0,synthetic
LOT_E02_C025,LOT_E02,IGSS,0,-0.24579887718470403,nA,150.0,"HTGB (150°C, ±20V)",ATE_BENCH_02,CH_09,VALID,0,-100.0,100.0,synthetic
LOT_E02_C025,LOT_E02,IGSS,24,-0.018977141890915115,nA,150.0,"HTGB (150°C, ±20V)",ATE_BENCH_02,CH_09,VALID,0,-100.0,100.0,synthetic
LOT_E02_C025,LOT_E02,IGSS,96,-0.2465073441121278,nA,150.0,"HTGB (150°C, ±20V)",ATE_BENCH_02,CH_09,VALID,0,-100.0,100.0,synthetic
LOT_E02_C025,LOT_E02,IGSS,168,0.2146679730449176,nA,150.0,"HTGB (150°C, ±20V)",ATE_BENCH_02,CH_09,VALID,0,-100.0,100.0,synthetic
LOT_E02_C026,LOT_E02,IDSS,0,2.685945069696055,uA,150.0,"HTRB (150°C, 80V)",ATE_BENCH_02,CH_10,VALID,0,,10.0,synthetic
LOT_E02_C026,LOT_E02,IDSS,24,2.7105448592055392,uA,150.0,"HTRB (150°C, 80V)",ATE_BENCH_02,CH_10,VALID,0,,10.0,synthetic
LOT_E02_C026,LOT_E02,IDSS,96,2.3929578312354045,uA,150.0,"HTRB (150°C, 80V)",ATE_BENCH_02,CH_10,VALID,0,,10.0,synthetic
LOT_E02_C026,LOT_E02,IDSS,168,2.6689720042616982,uA,150.0,"HTRB (150°C, 80V)",ATE_BENCH_02,CH_10,VALID,0,,10.0,synthetic
LOT_E02_C026,LOT_E02,VGS(th),0,2.9662885977202476,V,150.0,"HTGB (150°C, 20V)",ATE_BENCH_02,CH_10,VALID,0,2.0,4.0,synthetic
LOT_E02_C026,LOT_E02,VGS(th),24,2.9859933831228456,V,150.0,"HTGB (150°C, 20V)",ATE_BENCH_02,CH_10,VALID,0,2.0,4.0,synthetic
LOT_E02_C026,LOT_E02,VGS(th),96,2.9891272611479667,V,150.0,"HTGB (150°C, 20V)",ATE_BENCH_02,CH_10,VALID,0,2.0,4.0,synthetic
LOT_E02_C026,LOT_E02,VGS(th),168,2.989017214746114,V,150.0,"HTGB (150°C, 20V)",ATE_BENCH_02,CH_10,VALID,0,2.0,4.0,synthetic
LOT_E02_C026,LOT_E02,RDS(on),0,53.330522184830976,mOhm,125.0,Operating Life / Power Conduction (TJ=125-150°C),ATE_BENCH_02,CH_10,VALID,0,,60.0,synthetic
LOT_E02_C026,LOT_E02,RDS(on),24,52.14187789499816,mOhm,125.0,Operating Life / Power Conduction (TJ=125-150°C),ATE_BENCH_02,CH_10,VALID,0,,60.0,synthetic
LOT_E02_C026,LOT_E02,RDS(on),96,53.75976798914061,mOhm,125.0,Operating Life / Power Conduction (TJ=125-150°C),ATE_BENCH_02,CH_10,VALID,0,,60.0,synthetic
LOT_E02_C026,LOT_E02,RDS(on),168,55.32810769357594,mOhm,125.0,Operating Life / Power Conduction (TJ=125-150°C),ATE_BENCH_02,CH_10,VALID,0,,60.0,synthetic
LOT_E02_C026,LOT_E02,IGSS,0,-4.447884126516721,nA,150.0,"HTGB (150°C, ±20V)",ATE_BENCH_02,CH_10,VALID,0,-100.0,100.0,synthetic
LOT_E02_C026,LOT_E02,IGSS,24,-4.36787950903783,nA,150.0,"HTGB (150°C, ±20V)",ATE_BENCH_02,CH_10,VALID,0,-100.0,100.0,synthetic
LOT_E02_C026,LOT_E02,IGSS,96,-3.882189994869597,nA,150.0,"HTGB (150°C, ±20V)",ATE_BENCH_02,CH_10,VALID,0,-100.0,100.0,synthetic
LOT_E02_C026,LOT_E02,IGSS,168,-3.455242304126804,nA,150.0,"HTGB (150°C, ±20V)",ATE_BENCH_02,CH_10,VALID,0,-100.0,100.0,synthetic
LOT_E02_C027,LOT_E02,IDSS,0,0.7156138304057669,uA,150.0,"HTRB (150°C, 80V)",ATE_BENCH_02,CH_11,VALID,0,,10.0,synthetic
LOT_E02_C027,LOT_E02,IDSS,24,0.7583475468986788,uA,150.0,"HTRB (150°C, 80V)",ATE_BENCH_02,CH_11,VALID,0,,10.0,synthetic
LOT_E02_C027,LOT_E02,IDSS,96,0.6586422276165244,uA,150.0,"HTRB (150°C, 80V)",ATE_BENCH_02,CH_11,VALID,0,,10.0,synthetic
LOT_E02_C027,LOT_E02,IDSS,168,0.710121885455966,uA,150.0,"HTRB (150°C, 80V)",ATE_BENCH_02,CH_11,VALID,0,,10.0,synthetic
LOT_E02_C027,LOT_E02,VGS(th),0,3.125669671763866,V,150.0,"HTGB (150°C, 20V)",ATE_BENCH_02,CH_11,VALID,0,2.0,4.0,synthetic
LOT_E02_C027,LOT_E02,VGS(th),24,3.0809810788950243,V,150.0,"HTGB (150°C, 20V)",ATE_BENCH_02,CH_11,VALID,0,2.0,4.0,synthetic
LOT_E02_C027,LOT_E02,VGS(th),96,3.069537930450339,V,150.0,"HTGB (150°C, 20V)",ATE_BENCH_02,CH_11,VALID,0,2.0,4.0,synthetic
LOT_E02_C027,LOT_E02,VGS(th),168,3.1087624069602597,V,150.0,"HTGB (150°C, 20V)",ATE_BENCH_02,CH_11,VALID,0,2.0,4.0,synthetic
LOT_E02_C027,LOT_E02,RDS(on),0,55.956695093915464,mOhm,125.0,Operating Life / Power Conduction (TJ=125-150°C),ATE_BENCH_02,CH_11,VALID,0,,60.0,synthetic
LOT_E02_C027,LOT_E02,RDS(on),24,57.29923356501565,mOhm,125.0,Operating Life / Power Conduction (TJ=125-150°C),ATE_BENCH_02,CH_11,VALID,0,,60.0,synthetic
LOT_E02_C027,LOT_E02,RDS(on),96,57.57431421626763,mOhm,125.0,Operating Life / Power Conduction (TJ=125-150°C),ATE_BENCH_02,CH_11,VALID,0,,60.0,synthetic
LOT_E02_C027,LOT_E02,RDS(on),168,57.2418529947669,mOhm,125.0,Operating Life / Power Conduction (TJ=125-150°C),ATE_BENCH_02,CH_11,VALID,0,,60.0,synthetic
LOT_E02_C027,LOT_E02,IGSS,0,2.852655407954383,nA,150.0,"HTGB (150°C, ±20V)",ATE_BENCH_02,CH_11,VALID,0,-100.0,100.0,synthetic
LOT_E02_C027,LOT_E02,IGSS,24,3.0089181596735934,nA,150.0,"HTGB (150°C, ±20V)",ATE_BENCH_02,CH_11,VALID,0,-100.0,100.0,synthetic
LOT_E02_C027,LOT_E02,IGSS,96,4.54513583444108,nA,150.0,"HTGB (150°C, ±20V)",ATE_BENCH_02,CH_11,VALID,0,-100.0,100.0,synthetic
LOT_E02_C027,LOT_E02,IGSS,168,1.8343699253383674,nA,150.0,"HTGB (150°C, ±20V)",ATE_BENCH_02,CH_11,VALID,0,-100.0,100.0,synthetic
LOT_E02_C028,LOT_E02,IDSS,0,0.5150575530191622,uA,150.0,"HTRB (150°C, 80V)",ATE_BENCH_02,CH_12,VALID,0,,10.0,synthetic
LOT_E02_C028,LOT_E02,IDSS,24,0.5491698655898755,uA,150.0,"HTRB (150°C, 80V)",ATE_BENCH_02,CH_12,VALID,0,,10.0,synthetic
LOT_E02_C028,LOT_E02,IDSS,96,0.5133375961014468,uA,150.0,"HTRB (150°C, 80V)",ATE_BENCH_02,CH_12,VALID,0,,10.0,synthetic
LOT_E02_C028,LOT_E02,IDSS,168,0.5141150328711995,uA,150.0,"HTRB (150°C, 80V)",ATE_BENCH_02,CH_12,VALID,0,,10.0,synthetic
LOT_E02_C028,LOT_E02,VGS(th),0,3.4852092834711383,V,150.0,"HTGB (150°C, 20V)",ATE_BENCH_02,CH_12,VALID,0,2.0,4.0,synthetic
LOT_E02_C028,LOT_E02,VGS(th),24,3.4512824437711536,V,150.0,"HTGB (150°C, 20V)",ATE_BENCH_02,CH_12,VALID,0,2.0,4.0,synthetic
LOT_E02_C028,LOT_E02,VGS(th),96,3.514562853102307,V,150.0,"HTGB (150°C, 20V)",ATE_BENCH_02,CH_12,VALID,0,2.0,4.0,synthetic
LOT_E02_C028,LOT_E02,VGS(th),168,3.4754142959614254,V,150.0,"HTGB (150°C, 20V)",ATE_BENCH_02,CH_12,VALID,0,2.0,4.0,synthetic
LOT_E02_C028,LOT_E02,RDS(on),0,48.9087028347672,mOhm,125.0,Operating Life / Power Conduction (TJ=125-150°C),ATE_BENCH_02,CH_12,VALID,0,,60.0,synthetic
LOT_E02_C028,LOT_E02,RDS(on),24,49.336768733622456,mOhm,125.0,Operating Life / Power Conduction (TJ=125-150°C),ATE_BENCH_02,CH_12,VALID,0,,60.0,synthetic
LOT_E02_C028,LOT_E02,RDS(on),96,49.584408051722995,mOhm,125.0,Operating Life / Power Conduction (TJ=125-150°C),ATE_BENCH_02,CH_12,VALID,0,,60.0,synthetic
LOT_E02_C028,LOT_E02,RDS(on),168,49.53172517226557,mOhm,125.0,Operating Life / Power Conduction (TJ=125-150°C),ATE_BENCH_02,CH_12,VALID,0,,60.0,synthetic
LOT_E02_C028,LOT_E02,IGSS,0,-1.299701570713398,nA,150.0,"HTGB (150°C, ±20V)",ATE_BENCH_02,CH_12,VALID,0,-100.0,100.0,synthetic
LOT_E02_C028,LOT_E02,IGSS,24,-1.4803175773142092,nA,150.0,"HTGB (150°C, ±20V)",ATE_BENCH_02,CH_12,VALID,0,-100.0,100.0,synthetic
LOT_E02_C028,LOT_E02,IGSS,96,-2.7650664708240744,nA,150.0,"HTGB (150°C, ±20V)",ATE_BENCH_02,CH_12,VALID,0,-100.0,100.0,synthetic
LOT_E02_C028,LOT_E02,IGSS,168,-1.1944394958504512,nA,150.0,"HTGB (150°C, ±20V)",ATE_BENCH_02,CH_12,VALID,0,-100.0,100.0,synthetic
LOT_E02_C029,LOT_E02,IDSS,0,0.7309544008793772,uA,150.0,"HTRB (150°C, 80V)",ATE_BENCH_02,CH_13,VALID,0,,10.0,synthetic
LOT_E02_C029,LOT_E02,IDSS,24,0.8978341569625363,uA,150.0,"HTRB (150°C, 80V)",ATE_BENCH_02,CH_13,VALID,0,,10.0,synthetic
LOT_E02_C029,LOT_E02,IDSS,96,0.7846384268269616,uA,150.0,"HTRB (150°C, 80V)",ATE_BENCH_02,CH_13,VALID,0,,10.0,synthetic
LOT_E02_C029,LOT_E02,IDSS,168,0.817054518076238,uA,150.0,"HTRB (150°C, 80V)",ATE_BENCH_02,CH_13,VALID,0,,10.0,synthetic
LOT_E02_C029,LOT_E02,VGS(th),0,2.924691644544754,V,150.0,"HTGB (150°C, 20V)",ATE_BENCH_02,CH_13,VALID,0,2.0,4.0,synthetic
LOT_E02_C029,LOT_E02,VGS(th),24,2.8927153571846485,V,150.0,"HTGB (150°C, 20V)",ATE_BENCH_02,CH_13,VALID,0,2.0,4.0,synthetic
LOT_E02_C029,LOT_E02,VGS(th),96,2.904050518704391,V,150.0,"HTGB (150°C, 20V)",ATE_BENCH_02,CH_13,VALID,0,2.0,4.0,synthetic
LOT_E02_C029,LOT_E02,VGS(th),168,2.936243137579129,V,150.0,"HTGB (150°C, 20V)",ATE_BENCH_02,CH_13,VALID,0,2.0,4.0,synthetic
LOT_E02_C029,LOT_E02,RDS(on),0,48.341305410567614,mOhm,125.0,Operating Life / Power Conduction (TJ=125-150°C),ATE_BENCH_02,CH_13,VALID,0,,60.0,synthetic
LOT_E02_C029,LOT_E02,RDS(on),24,47.88709598132799,mOhm,125.0,Operating Life / Power Conduction (TJ=125-150°C),ATE_BENCH_02,CH_13,VALID,0,,60.0,synthetic
LOT_E02_C029,LOT_E02,RDS(on),96,48.197191537721906,mOhm,125.0,Operating Life / Power Conduction (TJ=125-150°C),ATE_BENCH_02,CH_13,VALID,0,,60.0,synthetic
LOT_E02_C029,LOT_E02,RDS(on),168,48.77333201526932,mOhm,125.0,Operating Life / Power Conduction (TJ=125-150°C),ATE_BENCH_02,CH_13,VALID,0,,60.0,synthetic
LOT_E02_C029,LOT_E02,IGSS,0,1.3095687123815671,nA,150.0,"HTGB (150°C, ±20V)",ATE_BENCH_02,CH_13,VALID,0,-100.0,100.0,synthetic
LOT_E02_C029,LOT_E02,IGSS,24,2.1458948829242215,nA,150.0,"HTGB (150°C, ±20V)",ATE_BENCH_02,CH_13,VALID,0,-100.0,100.0,synthetic
LOT_E02_C029,LOT_E02,IGSS,96,2.766200742913095,nA,150.0,"HTGB (150°C, ±20V)",ATE_BENCH_02,CH_13,VALID,0,-100.0,100.0,synthetic
LOT_E02_C029,LOT_E02,IGSS,168,3.19845039082026,nA,150.0,"HTGB (150°C, ±20V)",ATE_BENCH_02,CH_13,VALID,0,-100.0,100.0,synthetic
LOT_E02_C030,LOT_E02,IDSS,0,0.5860990068346192,uA,150.0,"HTRB (150°C, 80V)",ATE_BENCH_02,CH_14,VALID,0,,10.0,synthetic
LOT_E02_C030,LOT_E02,IDSS,24,0.6192528133155732,uA,150.0,"HTRB (150°C, 80V)",ATE_BENCH_02,CH_14,VALID,0,,10.0,synthetic
LOT_E02_C030,LOT_E02,IDSS,96,0.5587706756235961,uA,150.0,"HTRB (150°C, 80V)",ATE_BENCH_02,CH_14,VALID,0,,10.0,synthetic
LOT_E02_C030,LOT_E02,IDSS,168,0.5579862782135824,uA,150.0,"HTRB (150°C, 80V)",ATE_BENCH_02,CH_14,VALID,0,,10.0,synthetic
LOT_E02_C030,LOT_E02,VGS(th),0,2.9557347071516027,V,150.0,"HTGB (150°C, 20V)",ATE_BENCH_02,CH_14,VALID,0,2.0,4.0,synthetic
LOT_E02_C030,LOT_E02,VGS(th),24,2.9461603714514255,V,150.0,"HTGB (150°C, 20V)",ATE_BENCH_02,CH_14,VALID,0,2.0,4.0,synthetic
LOT_E02_C030,LOT_E02,VGS(th),96,2.957708118293316,V,150.0,"HTGB (150°C, 20V)",ATE_BENCH_02,CH_14,VALID,0,2.0,4.0,synthetic
LOT_E02_C030,LOT_E02,VGS(th),168,2.97253542125714,V,150.0,"HTGB (150°C, 20V)",ATE_BENCH_02,CH_14,VALID,0,2.0,4.0,synthetic
LOT_E02_C030,LOT_E02,RDS(on),0,58.181263283474664,mOhm,125.0,Operating Life / Power Conduction (TJ=125-150°C),ATE_BENCH_02,CH_14,VALID,0,,60.0,synthetic
LOT_E02_C030,LOT_E02,RDS(on),24,56.81854844402936,mOhm,125.0,Operating Life / Power Conduction (TJ=125-150°C),ATE_BENCH_02,CH_14,VALID,0,,60.0,synthetic
LOT_E02_C030,LOT_E02,RDS(on),96,57.53574882579928,mOhm,125.0,Operating Life / Power Conduction (TJ=125-150°C),ATE_BENCH_02,CH_14,VALID,0,,60.0,synthetic
LOT_E02_C030,LOT_E02,RDS(on),168,57.95075267488034,mOhm,125.0,Operating Life / Power Conduction (TJ=125-150°C),ATE_BENCH_02,CH_14,VALID,0,,60.0,synthetic
LOT_E02_C030,LOT_E02,IGSS,0,-1.9593542483496507,nA,150.0,"HTGB (150°C, ±20V)",ATE_BENCH_02,CH_14,VALID,0,-100.0,100.0,synthetic
LOT_E02_C030,LOT_E02,IGSS,24,-1.9518494994351117,nA,150.0,"HTGB (150°C, ±20V)",ATE_BENCH_02,CH_14,VALID,0,-100.0,100.0,synthetic
LOT_E02_C030,LOT_E02,IGSS,96,-2.915790419129752,nA,150.0,"HTGB (150°C, ±20V)",ATE_BENCH_02,CH_14,VALID,0,-100.0,100.0,synthetic
LOT_E02_C030,LOT_E02,IGSS,168,-1.3837112224115757,nA,150.0,"HTGB (150°C, ±20V)",ATE_BENCH_02,CH_14,VALID,0,-100.0,100.0,synthetic
LOT_M01_C001,LOT_M01,IDSS,0,0.6739754960577226,uA,150.0,"HTRB (150°C, 80V)",ATE_BENCH_01,CH_01,VALID,0,,10.0,synthetic
LOT_M01_C001,LOT_M01,IDSS,24,0.6558788022631447,uA,150.0,"HTRB (150°C, 80V)",ATE_BENCH_01,CH_01,VALID,0,,10.0,synthetic
LOT_M01_C001,LOT_M01,IDSS,96,0.9462190144111473,uA,150.0,"HTRB (150°C, 80V)",ATE_BENCH_01,CH_01,VALID,0,,10.0,synthetic
LOT_M01_C001,LOT_M01,IDSS,168,1.2323522694600113,uA,150.0,"HTRB (150°C, 80V)",ATE_BENCH_01,CH_01,VALID,0,,10.0,synthetic
LOT_M01_C001,LOT_M01,VGS(th),0,3.1276841906054296,V,150.0,"HTGB (150°C, 20V)",ATE_BENCH_01,CH_01,VALID,0,2.0,4.0,synthetic
LOT_M01_C001,LOT_M01,VGS(th),24,3.1648010404822315,V,150.0,"HTGB (150°C, 20V)",ATE_BENCH_01,CH_01,VALID,0,2.0,4.0,synthetic
LOT_M01_C001,LOT_M01,VGS(th),96,4.488900726776051,V,150.0,"HTGB (150°C, 20V)",ATE_BENCH_01,CH_01,VALID,0,2.0,4.0,synthetic
LOT_M01_C001,LOT_M01,VGS(th),168,4.531254218619443,V,150.0,"HTGB (150°C, 20V)",ATE_BENCH_01,CH_01,VALID,0,2.0,4.0,synthetic
LOT_M01_C001,LOT_M01,RDS(on),0,47.66971126426528,mOhm,125.0,Operating Life / Power Conduction (TJ=125-150°C),ATE_BENCH_01,CH_01,VALID,0,,60.0,synthetic
LOT_M01_C001,LOT_M01,RDS(on),24,48.179936724598974,mOhm,125.0,Operating Life / Power Conduction (TJ=125-150°C),ATE_BENCH_01,CH_01,VALID,0,,60.0,synthetic
LOT_M01_C001,LOT_M01,RDS(on),96,49.25760182520222,mOhm,125.0,Operating Life / Power Conduction (TJ=125-150°C),ATE_BENCH_01,CH_01,VALID,0,,60.0,synthetic
LOT_M01_C001,LOT_M01,RDS(on),168,48.263749828297186,mOhm,125.0,Operating Life / Power Conduction (TJ=125-150°C),ATE_BENCH_01,CH_01,VALID,0,,60.0,synthetic
LOT_M01_C001,LOT_M01,IGSS,0,1.4951702747665934,nA,150.0,"HTGB (150°C, ±20V)",ATE_BENCH_01,CH_01,VALID,0,-100.0,100.0,synthetic
LOT_M01_C001,LOT_M01,IGSS,24,1.4431934962074315,nA,150.0,"HTGB (150°C, ±20V)",ATE_BENCH_01,CH_01,VALID,0,-100.0,100.0,synthetic
LOT_M01_C001,LOT_M01,IGSS,96,2.3867209282622106,nA,150.0,"HTGB (150°C, ±20V)",ATE_BENCH_01,CH_01,VALID,0,-100.0,100.0,synthetic
LOT_M01_C001,LOT_M01,IGSS,168,2.443517301846797,nA,150.0,"HTGB (150°C, ±20V)",ATE_BENCH_01,CH_01,VALID,0,-100.0,100.0,synthetic
LOT_M01_C002,LOT_M01,IDSS,0,2.222059336534609,uA,150.0,"HTRB (150°C, 80V)",ATE_BENCH_01,CH_02,VALID,0,,10.0,synthetic
LOT_M01_C002,LOT_M01,IDSS,24,2.4619086582564123,uA,150.0,"HTRB (150°C, 80V)",ATE_BENCH_01,CH_02,VALID,0,,10.0,synthetic
LOT_M01_C002,LOT_M01,IDSS,96,2.432051802496219,uA,150.0,"HTRB (150°C, 80V)",ATE_BENCH_01,CH_02,VALID,0,,10.0,synthetic
LOT_M01_C002,LOT_M01,IDSS,168,2.5443078877544876,uA,150.0,"HTRB (150°C, 80V)",ATE_BENCH_01,CH_02,VALID,0,,10.0,synthetic
LOT_M01_C002,LOT_M01,VGS(th),0,2.935901890211071,V,150.0,"HTGB (150°C, 20V)",ATE_BENCH_01,CH_02,VALID,0,2.0,4.0,synthetic
LOT_M01_C002,LOT_M01,VGS(th),24,2.9475563469656474,V,150.0,"HTGB (150°C, 20V)",ATE_BENCH_01,CH_02,VALID,0,2.0,4.0,synthetic
LOT_M01_C002,LOT_M01,VGS(th),96,2.97441983129437,V,150.0,"HTGB (150°C, 20V)",ATE_BENCH_01,CH_02,VALID,0,2.0,4.0,synthetic
LOT_M01_C002,LOT_M01,VGS(th),168,2.958694539434798,V,150.0,"HTGB (150°C, 20V)",ATE_BENCH_01,CH_02,VALID,0,2.0,4.0,synthetic
LOT_M01_C002,LOT_M01,RDS(on),0,51.42323550311576,mOhm,125.0,Operating Life / Power Conduction (TJ=125-150°C),ATE_BENCH_01,CH_02,VALID,0,,60.0,synthetic
LOT_M01_C002,LOT_M01,RDS(on),24,51.775591452445624,mOhm,125.0,Operating Life / Power Conduction (TJ=125-150°C),ATE_BENCH_01,CH_02,VALID,0,,60.0,synthetic
LOT_M01_C002,LOT_M01,RDS(on),96,59.81650184364473,mOhm,125.0,Operating Life / Power Conduction (TJ=125-150°C),ATE_BENCH_01,CH_02,VALID,0,,60.0,synthetic
LOT_M01_C002,LOT_M01,RDS(on),168,79.64317003313974,mOhm,125.0,Operating Life / Power Conduction (TJ=125-150°C),ATE_BENCH_01,CH_02,VALID,0,,60.0,synthetic
LOT_M01_C002,LOT_M01,IGSS,0,-1.136190926651126,nA,150.0,"HTGB (150°C, ±20V)",ATE_BENCH_01,CH_02,VALID,0,-100.0,100.0,synthetic
LOT_M01_C002,LOT_M01,IGSS,24,-0.9616916924061224,nA,150.0,"HTGB (150°C, ±20V)",ATE_BENCH_01,CH_02,VALID,0,-100.0,100.0,synthetic
LOT_M01_C002,LOT_M01,IGSS,96,-0.989093035020002,nA,150.0,"HTGB (150°C, ±20V)",ATE_BENCH_01,CH_02,VALID,0,-100.0,100.0,synthetic
LOT_M01_C002,LOT_M01,IGSS,168,-1.934424245900103,nA,150.0,"HTGB (150°C, ±20V)",ATE_BENCH_01,CH_02,VALID,0,-100.0,100.0,synthetic
LOT_M01_C003,LOT_M01,IDSS,0,0.4776781420994654,uA,150.0,"HTRB (150°C, 80V)",ATE_BENCH_01,CH_03,VALID,0,,10.0,synthetic
LOT_M01_C003,LOT_M01,IDSS,24,0.5088583167299808,uA,150.0,"HTRB (150°C, 80V)",ATE_BENCH_01,CH_03,VALID,0,,10.0,synthetic
LOT_M01_C003,LOT_M01,IDSS,96,0.49936982526745444,uA,150.0,"HTRB (150°C, 80V)",ATE_BENCH_01,CH_03,VALID,0,,10.0,synthetic
LOT_M01_C003,LOT_M01,IDSS,168,0.538702619570147,uA,150.0,"HTRB (150°C, 80V)",ATE_BENCH_01,CH_03,VALID,0,,10.0,synthetic
LOT_M01_C003,LOT_M01,VGS(th),0,3.1096810485048896,V,150.0,"HTGB (150°C, 20V)",ATE_BENCH_01,CH_03,VALID,0,2.0,4.0,synthetic
LOT_M01_C003,LOT_M01,VGS(th),24,3.136536195741472,V,150.0,"HTGB (150°C, 20V)",ATE_BENCH_01,CH_03,VALID,0,2.0,4.0,synthetic
LOT_M01_C003,LOT_M01,VGS(th),96,3.115474428971468,V,150.0,"HTGB (150°C, 20V)",ATE_BENCH_01,CH_03,VALID,0,2.0,4.0,synthetic
LOT_M01_C003,LOT_M01,VGS(th),168,3.0914230727332095,V,150.0,"HTGB (150°C, 20V)",ATE_BENCH_01,CH_03,VALID,0,2.0,4.0,synthetic
LOT_M01_C003,LOT_M01,RDS(on),0,45.962676266717715,mOhm,125.0,Operating Life / Power Conduction (TJ=125-150°C),ATE_BENCH_01,CH_03,VALID,0,,60.0,synthetic
LOT_M01_C003,LOT_M01,RDS(on),24,44.71142528213957,mOhm,125.0,Operating Life / Power Conduction (TJ=125-150°C),ATE_BENCH_01,CH_03,VALID,0,,60.0,synthetic
LOT_M01_C003,LOT_M01,RDS(on),96,46.81761478441235,mOhm,125.0,Operating Life / Power Conduction (TJ=125-150°C),ATE_BENCH_01,CH_03,VALID,0,,60.0,synthetic
LOT_M01_C003,LOT_M01,RDS(on),168,46.00235944072998,mOhm,125.0,Operating Life / Power Conduction (TJ=125-150°C),ATE_BENCH_01,CH_03,VALID,0,,60.0,synthetic
LOT_M01_C003,LOT_M01,IGSS,0,0.7709947876644374,nA,150.0,"HTGB (150°C, ±20V)",ATE_BENCH_01,CH_03,VALID,0,-100.0,100.0,synthetic
LOT_M01_C003,LOT_M01,IGSS,24,2.5794232963410817,nA,150.0,"HTGB (150°C, ±20V)",ATE_BENCH_01,CH_03,VALID,0,-100.0,100.0,synthetic
LOT_M01_C003,LOT_M01,IGSS,96,13.705199324225891,nA,150.0,"HTGB (150°C, ±20V)",ATE_BENCH_01,CH_03,VALID,0,-100.0,100.0,synthetic
LOT_M01_C003,LOT_M01,IGSS,168,10.972567699309277,nA,150.0,"HTGB (150°C, ±20V)",ATE_BENCH_01,CH_03,VALID,0,-100.0,100.0,synthetic
LOT_M01_C004,LOT_M01,IDSS,0,0.8682504117944541,uA,150.0,"HTRB (150°C, 80V)",ATE_BENCH_01,CH_04,VALID,0,,10.0,synthetic
LOT_M01_C004,LOT_M01,IDSS,24,0.7920121156693545,uA,150.0,"HTRB (150°C, 80V)",ATE_BENCH_01,CH_04,VALID,0,,10.0,synthetic
LOT_M01_C004,LOT_M01,IDSS,96,1.0345502227330268,uA,150.0,"HTRB (150°C, 80V)",ATE_BENCH_01,CH_04,VALID,0,,10.0,synthetic
LOT_M01_C004,LOT_M01,IDSS,168,0.9226484352015526,uA,150.0,"HTRB (150°C, 80V)",ATE_BENCH_01,CH_04,VALID,0,,10.0,synthetic
LOT_M01_C004,LOT_M01,VGS(th),0,3.429755624454308,V,150.0,"HTGB (150°C, 20V)",ATE_BENCH_01,CH_04,VALID,0,2.0,4.0,synthetic
LOT_M01_C004,LOT_M01,VGS(th),24,3.426108882999002,V,150.0,"HTGB (150°C, 20V)",ATE_BENCH_01,CH_04,VALID,0,2.0,4.0,synthetic
LOT_M01_C004,LOT_M01,VGS(th),96,3.394913420752271,V,150.0,"HTGB (150°C, 20V)",ATE_BENCH_01,CH_04,VALID,0,2.0,4.0,synthetic
LOT_M01_C004,LOT_M01,VGS(th),168,3.4060683441777146,V,150.0,"HTGB (150°C, 20V)",ATE_BENCH_01,CH_04,VALID,0,2.0,4.0,synthetic
LOT_M01_C004,LOT_M01,RDS(on),0,38.88777282112764,mOhm,125.0,Operating Life / Power Conduction (TJ=125-150°C),ATE_BENCH_01,CH_04,VALID,0,,60.0,synthetic
LOT_M01_C004,LOT_M01,RDS(on),24,39.00183869698844,mOhm,125.0,Operating Life / Power Conduction (TJ=125-150°C),ATE_BENCH_01,CH_04,VALID,0,,60.0,synthetic
LOT_M01_C004,LOT_M01,RDS(on),96,38.93880154911463,mOhm,125.0,Operating Life / Power Conduction (TJ=125-150°C),ATE_BENCH_01,CH_04,VALID,0,,60.0,synthetic
LOT_M01_C004,LOT_M01,RDS(on),168,38.83477892694424,mOhm,125.0,Operating Life / Power Conduction (TJ=125-150°C),ATE_BENCH_01,CH_04,VALID,0,,60.0,synthetic
LOT_M01_C004,LOT_M01,IGSS,0,-2.631160793581221,nA,150.0,"HTGB (150°C, ±20V)",ATE_BENCH_01,CH_04,VALID,0,-100.0,100.0,synthetic
LOT_M01_C004,LOT_M01,IGSS,24,-1.4890547295239864,nA,150.0,"HTGB (150°C, ±20V)",ATE_BENCH_01,CH_04,VALID,0,-100.0,100.0,synthetic
LOT_M01_C004,LOT_M01,IGSS,96,-1.9788518136216668,nA,150.0,"HTGB (150°C, ±20V)",ATE_BENCH_01,CH_04,VALID,0,-100.0,100.0,synthetic
LOT_M01_C004,LOT_M01,IGSS,168,-2.300688950207751,nA,150.0,"HTGB (150°C, ±20V)",ATE_BENCH_01,CH_04,VALID,0,-100.0,100.0,synthetic
LOT_M01_C005,LOT_M01,IDSS,0,0.7509445215853812,uA,150.0,"HTRB (150°C, 80V)",ATE_BENCH_01,CH_05,VALID,0,,10.0,synthetic
LOT_M01_C005,LOT_M01,IDSS,24,0.7472064150029852,uA,150.0,"HTRB (150°C, 80V)",ATE_BENCH_01,CH_05,VALID,0,,10.0,synthetic
LOT_M01_C005,LOT_M01,IDSS,96,0.7322918014127827,uA,150.0,"HTRB (150°C, 80V)",ATE_BENCH_01,CH_05,VALID,0,,10.0,synthetic
LOT_M01_C005,LOT_M01,IDSS,168,0.6608329807718952,uA,150.0,"HTRB (150°C, 80V)",ATE_BENCH_01,CH_05,VALID,0,,10.0,synthetic
LOT_M01_C005,LOT_M01,VGS(th),0,3.1093282292794417,V,150.0,"HTGB (150°C, 20V)",ATE_BENCH_01,CH_05,VALID,0,2.0,4.0,synthetic
LOT_M01_C005,LOT_M01,VGS(th),24,3.051773330901551,V,150.0,"HTGB (150°C, 20V)",ATE_BENCH_01,CH_05,VALID,0,2.0,4.0,synthetic
LOT_M01_C005,LOT_M01,VGS(th),96,3.0918218218327898,V,150.0,"HTGB (150°C, 20V)",ATE_BENCH_01,CH_05,VALID,0,2.0,4.0,synthetic
LOT_M01_C005,LOT_M01,VGS(th),168,3.1035788786224665,V,150.0,"HTGB (150°C, 20V)",ATE_BENCH_01,CH_05,VALID,0,2.0,4.0,synthetic
LOT_M01_C005,LOT_M01,RDS(on),0,45.26066554937695,mOhm,125.0,Operating Life / Power Conduction (TJ=125-150°C),ATE_BENCH_01,CH_05,VALID,0,,60.0,synthetic
LOT_M01_C005,LOT_M01,RDS(on),24,44.81793289831505,mOhm,125.0,Operating Life / Power Conduction (TJ=125-150°C),ATE_BENCH_01,CH_05,VALID,0,,60.0,synthetic
LOT_M01_C005,LOT_M01,RDS(on),96,45.028179827688966,mOhm,125.0,Operating Life / Power Conduction (TJ=125-150°C),ATE_BENCH_01,CH_05,VALID,0,,60.0,synthetic
LOT_M01_C005,LOT_M01,RDS(on),168,44.962243659282926,mOhm,125.0,Operating Life / Power Conduction (TJ=125-150°C),ATE_BENCH_01,CH_05,VALID,0,,60.0,synthetic
LOT_M01_C005,LOT_M01,IGSS,0,1.5803724080933839,nA,150.0,"HTGB (150°C, ±20V)",ATE_BENCH_01,CH_05,VALID,0,-100.0,100.0,synthetic
LOT_M01_C005,LOT_M01,IGSS,24,1.6224896799832689,nA,150.0,"HTGB (150°C, ±20V)",ATE_BENCH_01,CH_05,VALID,0,-100.0,100.0,synthetic
LOT_M01_C005,LOT_M01,IGSS,96,1.3560375935608437,nA,150.0,"HTGB (150°C, ±20V)",ATE_BENCH_01,CH_05,VALID,0,-100.0,100.0,synthetic
LOT_M01_C005,LOT_M01,IGSS,168,1.228490056030296,nA,150.0,"HTGB (150°C, ±20V)",ATE_BENCH_01,CH_05,VALID,0,-100.0,100.0,synthetic
LOT_M01_C006,LOT_M01,IDSS,0,0.6948851532884477,uA,150.0,"HTRB (150°C, 80V)",ATE_BENCH_01,CH_06,VALID,0,,10.0,synthetic
LOT_M01_C006,LOT_M01,IDSS,24,0.7360321931558254,uA,150.0,"HTRB (150°C, 80V)",ATE_BENCH_01,CH_06,VALID,0,,10.0,synthetic
LOT_M01_C006,LOT_M01,IDSS,96,0.6880739232796453,uA,150.0,"HTRB (150°C, 80V)",ATE_BENCH_01,CH_06,VALID,0,,10.0,synthetic
LOT_M01_C006,LOT_M01,IDSS,168,0.6299192461872288,uA,150.0,"HTRB (150°C, 80V)",ATE_BENCH_01,CH_06,VALID,0,,10.0,synthetic
LOT_M01_C006,LOT_M01,VGS(th),0,3.1224115936663135,V,150.0,"HTGB (150°C, 20V)",ATE_BENCH_01,CH_06,VALID,0,2.0,4.0,synthetic
LOT_M01_C006,LOT_M01,VGS(th),24,3.133306662617989,V,150.0,"HTGB (150°C, 20V)",ATE_BENCH_01,CH_06,VALID,0,2.0,4.0,synthetic
LOT_M01_C006,LOT_M01,VGS(th),96,3.1337579988855744,V,150.0,"HTGB (150°C, 20V)",ATE_BENCH_01,CH_06,VALID,0,2.0,4.0,synthetic
LOT_M01_C006,LOT_M01,VGS(th),168,3.1401566194463033,V,150.0,"HTGB (150°C, 20V)",ATE_BENCH_01,CH_06,VALID,0,2.0,4.0,synthetic
LOT_M01_C006,LOT_M01,RDS(on),0,56.511840434381305,mOhm,125.0,Operating Life / Power Conduction (TJ=125-150°C),ATE_BENCH_01,CH_06,VALID,0,,60.0,synthetic
LOT_M01_C006,LOT_M01,RDS(on),24,55.80523870900135,mOhm,125.0,Operating Life / Power Conduction (TJ=125-150°C),ATE_BENCH_01,CH_06,VALID,0,,60.0,synthetic
LOT_M01_C006,LOT_M01,RDS(on),96,56.34030544178855,mOhm,125.0,Operating Life / Power Conduction (TJ=125-150°C),ATE_BENCH_01,CH_06,VALID,0,,60.0,synthetic
LOT_M01_C006,LOT_M01,RDS(on),168,56.74695492664616,mOhm,125.0,Operating Life / Power Conduction (TJ=125-150°C),ATE_BENCH_01,CH_06,VALID,0,,60.0,synthetic
LOT_M01_C006,LOT_M01,IGSS,0,-2.454753216357001,nA,150.0,"HTGB (150°C, ±20V)",ATE_BENCH_01,CH_06,VALID,0,-100.0,100.0,synthetic
LOT_M01_C006,LOT_M01,IGSS,24,-3.0360834857095935,nA,150.0,"HTGB (150°C, ±20V)",ATE_BENCH_01,CH_06,VALID,0,-100.0,100.0,synthetic
LOT_M01_C006,LOT_M01,IGSS,96,-2.3013343339645407,nA,150.0,"HTGB (150°C, ±20V)",ATE_BENCH_01,CH_06,VALID,0,-100.0,100.0,synthetic
LOT_M01_C006,LOT_M01,IGSS,168,-2.445606382630102,nA,150.0,"HTGB (150°C, ±20V)",ATE_BENCH_01,CH_06,VALID,0,-100.0,100.0,synthetic
LOT_M01_C007,LOT_M01,IDSS,0,0.5493054179864705,uA,150.0,"HTRB (150°C, 80V)",ATE_BENCH_01,CH_07,VALID,0,,10.0,synthetic
LOT_M01_C007,LOT_M01,IDSS,24,0.56028929620775,uA,150.0,"HTRB (150°C, 80V)",ATE_BENCH_01,CH_07,VALID,0,,10.0,synthetic
LOT_M01_C007,LOT_M01,IDSS,96,0.51798317163038,uA,150.0,"HTRB (150°C, 80V)",ATE_BENCH_01,CH_07,VALID,0,,10.0,synthetic
LOT_M01_C007,LOT_M01,IDSS,168,0.49465966498127395,uA,150.0,"HTRB (150°C, 80V)",ATE_BENCH_01,CH_07,VALID,0,,10.0,synthetic
LOT_M01_C007,LOT_M01,VGS(th),0,2.929381738139603,V,150.0,"HTGB (150°C, 20V)",ATE_BENCH_01,CH_07,VALID,0,2.0,4.0,synthetic
LOT_M01_C007,LOT_M01,VGS(th),24,2.869931882337445,V,150.0,"HTGB (150°C, 20V)",ATE_BENCH_01,CH_07,VALID,0,2.0,4.0,synthetic
LOT_M01_C007,LOT_M01,VGS(th),96,2.8660794784018155,V,150.0,"HTGB (150°C, 20V)",ATE_BENCH_01,CH_07,VALID,0,2.0,4.0,synthetic
LOT_M01_C007,LOT_M01,VGS(th),168,2.9038722794209266,V,150.0,"HTGB (150°C, 20V)",ATE_BENCH_01,CH_07,VALID,0,2.0,4.0,synthetic
LOT_M01_C007,LOT_M01,RDS(on),0,52.12706457439617,mOhm,125.0,Operating Life / Power Conduction (TJ=125-150°C),ATE_BENCH_01,CH_07,VALID,0,,60.0,synthetic
LOT_M01_C007,LOT_M01,RDS(on),24,51.78795966121566,mOhm,125.0,Operating Life / Power Conduction (TJ=125-150°C),ATE_BENCH_01,CH_07,VALID,0,,60.0,synthetic
LOT_M01_C007,LOT_M01,RDS(on),96,50.612408814079096,mOhm,125.0,Operating Life / Power Conduction (TJ=125-150°C),ATE_BENCH_01,CH_07,VALID,0,,60.0,synthetic
LOT_M01_C007,LOT_M01,RDS(on),168,51.4539348394259,mOhm,125.0,Operating Life / Power Conduction (TJ=125-150°C),ATE_BENCH_01,CH_07,VALID,0,,60.0,synthetic
LOT_M01_C007,LOT_M01,IGSS,0,1.6430965376223154,nA,150.0,"HTGB (150°C, ±20V)",ATE_BENCH_01,CH_07,VALID,0,-100.0,100.0,synthetic
LOT_M01_C007,LOT_M01,IGSS,24,1.1254138960290239,nA,150.0,"HTGB (150°C, ±20V)",ATE_BENCH_01,CH_07,VALID,0,-100.0,100.0,synthetic
LOT_M01_C007,LOT_M01,IGSS,96,1.3333452541369357,nA,150.0,"HTGB (150°C, ±20V)",ATE_BENCH_01,CH_07,VALID,0,-100.0,100.0,synthetic
LOT_M01_C007,LOT_M01,IGSS,168,0.928224112167467,nA,150.0,"HTGB (150°C, ±20V)",ATE_BENCH_01,CH_07,VALID,0,-100.0,100.0,synthetic
LOT_M01_C008,LOT_M01,IDSS,0,2.7616470983624555,uA,150.0,"HTRB (150°C, 80V)",ATE_BENCH_01,CH_08,VALID,0,,10.0,synthetic
LOT_M01_C008,LOT_M01,IDSS,24,2.8087368683227827,uA,150.0,"HTRB (150°C, 80V)",ATE_BENCH_01,CH_08,VALID,0,,10.0,synthetic
LOT_M01_C008,LOT_M01,IDSS,96,2.986029819379251,uA,150.0,"HTRB (150°C, 80V)",ATE_BENCH_01,CH_08,VALID,0,,10.0,synthetic
LOT_M01_C008,LOT_M01,IDSS,168,2.5130205934923144,uA,150.0,"HTRB (150°C, 80V)",ATE_BENCH_01,CH_08,VALID,0,,10.0,synthetic
LOT_M01_C008,LOT_M01,VGS(th),0,3.261192447624369,V,150.0,"HTGB (150°C, 20V)",ATE_BENCH_01,CH_08,VALID,0,2.0,4.0,synthetic
LOT_M01_C008,LOT_M01,VGS(th),24,3.283382454039621,V,150.0,"HTGB (150°C, 20V)",ATE_BENCH_01,CH_08,VALID,0,2.0,4.0,synthetic
LOT_M01_C008,LOT_M01,VGS(th),96,3.3125793455489054,V,150.0,"HTGB (150°C, 20V)",ATE_BENCH_01,CH_08,VALID,0,2.0,4.0,synthetic
LOT_M01_C008,LOT_M01,VGS(th),168,3.269550800360788,V,150.0,"HTGB (150°C, 20V)",ATE_BENCH_01,CH_08,VALID,0,2.0,4.0,synthetic
LOT_M01_C008,LOT_M01,RDS(on),0,43.421300196512476,mOhm,125.0,Operating Life / Power Conduction (TJ=125-150°C),ATE_BENCH_01,CH_08,VALID,0,,60.0,synthetic
LOT_M01_C008,LOT_M01,RDS(on),24,43.304788675601124,mOhm,125.0,Operating Life / Power Conduction (TJ=125-150°C),ATE_BENCH_01,CH_08,VALID,0,,60.0,synthetic
LOT_M01_C008,LOT_M01,RDS(on),96,43.03784470037166,mOhm,125.0,Operating Life / Power Conduction (TJ=125-150°C),ATE_BENCH_01,CH_08,VALID,0,,60.0,synthetic
LOT_M01_C008,LOT_M01,RDS(on),168,43.98931132783771,mOhm,125.0,Operating Life / Power Conduction (TJ=125-150°C),ATE_BENCH_01,CH_08,VALID,0,,60.0,synthetic
LOT_M01_C008,LOT_M01,IGSS,0,-2.784883545452039,nA,150.0,"HTGB (150°C, ±20V)",ATE_BENCH_01,CH_08,VALID,0,-100.0,100.0,synthetic
LOT_M01_C008,LOT_M01,IGSS,24,-2.1890213621996324,nA,150.0,"HTGB (150°C, ±20V)",ATE_BENCH_01,CH_08,VALID,0,-100.0,100.0,synthetic
LOT_M01_C008,LOT_M01,IGSS,96,-2.4711655860611272,nA,150.0,"HTGB (150°C, ±20V)",ATE_BENCH_01,CH_08,VALID,0,-100.0,100.0,synthetic
LOT_M01_C008,LOT_M01,IGSS,168,-2.454653809498603,nA,150.0,"HTGB (150°C, ±20V)",ATE_BENCH_01,CH_08,VALID,0,-100.0,100.0,synthetic
LOT_M01_C009,LOT_M01,IDSS,0,0.8588362855987017,uA,150.0,"HTRB (150°C, 80V)",ATE_BENCH_01,CH_09,VALID,0,,10.0,synthetic
LOT_M01_C009,LOT_M01,IDSS,24,0.9528468608451424,uA,150.0,"HTRB (150°C, 80V)",ATE_BENCH_01,CH_09,VALID,0,,10.0,synthetic
LOT_M01_C009,LOT_M01,IDSS,96,0.8490835125253805,uA,150.0,"HTRB (150°C, 80V)",ATE_BENCH_01,CH_09,VALID,0,,10.0,synthetic
LOT_M01_C009,LOT_M01,IDSS,168,0.8996921215078408,uA,150.0,"HTRB (150°C, 80V)",ATE_BENCH_01,CH_09,VALID,0,,10.0,synthetic
LOT_M01_C009,LOT_M01,VGS(th),0,3.3142149660510563,V,150.0,"HTGB (150°C, 20V)",ATE_BENCH_01,CH_09,VALID,0,2.0,4.0,synthetic
LOT_M01_C009,LOT_M01,VGS(th),24,3.3729048369357733,V,150.0,"HTGB (150°C, 20V)",ATE_BENCH_01,CH_09,VALID,0,2.0,4.0,synthetic
LOT_M01_C009,LOT_M01,VGS(th),96,3.3056527612016393,V,150.0,"HTGB (150°C, 20V)",ATE_BENCH_01,CH_09,VALID,0,2.0,4.0,synthetic
LOT_M01_C009,LOT_M01,VGS(th),168,3.3098969045663713,V,150.0,"HTGB (150°C, 20V)",ATE_BENCH_01,CH_09,VALID,0,2.0,4.0,synthetic
LOT_M01_C009,LOT_M01,RDS(on),0,47.023179321959596,mOhm,125.0,Operating Life / Power Conduction (TJ=125-150°C),ATE_BENCH_01,CH_09,VALID,0,,60.0,synthetic
LOT_M01_C009,LOT_M01,RDS(on),24,47.94680588071504,mOhm,125.0,Operating Life / Power Conduction (TJ=125-150°C),ATE_BENCH_01,CH_09,VALID,0,,60.0,synthetic
LOT_M01_C009,LOT_M01,RDS(on),96,46.27490985625169,mOhm,125.0,Operating Life / Power Conduction (TJ=125-150°C),ATE_BENCH_01,CH_09,VALID,0,,60.0,synthetic
LOT_M01_C009,LOT_M01,RDS(on),168,46.27545276645332,mOhm,125.0,Operating Life / Power Conduction (TJ=125-150°C),ATE_BENCH_01,CH_09,VALID,0,,60.0,synthetic
LOT_M01_C009,LOT_M01,IGSS,0,3.0798884372063524,nA,150.0,"HTGB (150°C, ±20V)",ATE_BENCH_01,CH_09,VALID,0,-100.0,100.0,synthetic
LOT_M01_C009,LOT_M01,IGSS,24,2.080095856201348,nA,150.0,"HTGB (150°C, ±20V)",ATE_BENCH_01,CH_09,VALID,0,-100.0,100.0,synthetic
LOT_M01_C009,LOT_M01,IGSS,96,2.7048259190828237,nA,150.0,"HTGB (150°C, ±20V)",ATE_BENCH_01,CH_09,VALID,0,-100.0,100.0,synthetic
LOT_M01_C009,LOT_M01,IGSS,168,2.030613049738772,nA,150.0,"HTGB (150°C, ±20V)",ATE_BENCH_01,CH_09,VALID,0,-100.0,100.0,synthetic
LOT_M01_C010,LOT_M01,IDSS,0,0.6401577265355358,uA,150.0,"HTRB (150°C, 80V)",ATE_BENCH_01,CH_10,VALID,0,,10.0,synthetic
LOT_M01_C010,LOT_M01,IDSS,24,0.6494922298612259,uA,150.0,"HTRB (150°C, 80V)",ATE_BENCH_01,CH_10,VALID,0,,10.0,synthetic
LOT_M01_C010,LOT_M01,IDSS,96,0.724162151668917,uA,150.0,"HTRB (150°C, 80V)",ATE_BENCH_01,CH_10,VALID,0,,10.0,synthetic
LOT_M01_C010,LOT_M01,IDSS,168,0.6305585392262942,uA,150.0,"HTRB (150°C, 80V)",ATE_BENCH_01,CH_10,VALID,0,,10.0,synthetic
LOT_M01_C010,LOT_M01,VGS(th),0,3.432776600857771,V,150.0,"HTGB (150°C, 20V)",ATE_BENCH_01,CH_10,VALID,0,2.0,4.0,synthetic
LOT_M01_C010,LOT_M01,VGS(th),24,3.463662187881557,V,150.0,"HTGB (150°C, 20V)",ATE_BENCH_01,CH_10,VALID,0,2.0,4.0,synthetic
LOT_M01_C010,LOT_M01,VGS(th),96,3.4403125454458006,V,150.0,"HTGB (150°C, 20V)",ATE_BENCH_01,CH_10,VALID,0,2.0,4.0,synthetic
LOT_M01_C010,LOT_M01,VGS(th),168,3.440992341292706,V,150.0,"HTGB (150°C, 20V)",ATE_BENCH_01,CH_10,VALID,0,2.0,4.0,synthetic
LOT_M01_C010,LOT_M01,RDS(on),0,48.13497130038815,mOhm,125.0,Operating Life / Power Conduction (TJ=125-150°C),ATE_BENCH_01,CH_10,VALID,0,,60.0,synthetic
LOT_M01_C010,LOT_M01,RDS(on),24,48.93257108916092,mOhm,125.0,Operating Life / Power Conduction (TJ=125-150°C),ATE_BENCH_01,CH_10,VALID,0,,60.0,synthetic
LOT_M01_C010,LOT_M01,RDS(on),96,50.549355137555835,mOhm,125.0,Operating Life / Power Conduction (TJ=125-150°C),ATE_BENCH_01,CH_10,VALID,0,,60.0,synthetic
LOT_M01_C010,LOT_M01,RDS(on),168,49.286179178257846,mOhm,125.0,Operating Life / Power Conduction (TJ=125-150°C),ATE_BENCH_01,CH_10,VALID,0,,60.0,synthetic
LOT_M01_C010,LOT_M01,IGSS,0,-1.462419719564585,nA,150.0,"HTGB (150°C, ±20V)",ATE_BENCH_01,CH_10,VALID,0,-100.0,100.0,synthetic
LOT_M01_C010,LOT_M01,IGSS,24,-1.0024687484496968,nA,150.0,"HTGB (150°C, ±20V)",ATE_BENCH_01,CH_10,VALID,0,-100.0,100.0,synthetic
LOT_M01_C010,LOT_M01,IGSS,96,-1.627493032745507,nA,150.0,"HTGB (150°C, ±20V)",ATE_BENCH_01,CH_10,VALID,0,-100.0,100.0,synthetic
LOT_M01_C010,LOT_M01,IGSS,168,-0.5805073831030726,nA,150.0,"HTGB (150°C, ±20V)",ATE_BENCH_01,CH_10,VALID,0,-100.0,100.0,synthetic
LOT_M01_C011,LOT_M01,IDSS,0,0.6840993281586771,uA,150.0,"HTRB (150°C, 80V)",ATE_BENCH_01,CH_11,VALID,0,,10.0,synthetic
LOT_M01_C011,LOT_M01,IDSS,24,0.6298551698374999,uA,150.0,"HTRB (150°C, 80V)",ATE_BENCH_01,CH_11,VALID,0,,10.0,synthetic
LOT_M01_C011,LOT_M01,IDSS,96,0.6306281322842142,uA,150.0,"HTRB (150°C, 80V)",ATE_BENCH_01,CH_11,VALID,0,,10.0,synthetic
LOT_M01_C011,LOT_M01,IDSS,168,0.6835237318289975,uA,150.0,"HTRB (150°C, 80V)",ATE_BENCH_01,CH_11,VALID,0,,10.0,synthetic
LOT_M01_C011,LOT_M01,VGS(th),0,3.163460024247296,V,150.0,"HTGB (150°C, 20V)",ATE_BENCH_01,CH_11,VALID,0,2.0,4.0,synthetic
LOT_M01_C011,LOT_M01,VGS(th),24,3.164639363428548,V,150.0,"HTGB (150°C, 20V)",ATE_BENCH_01,CH_11,VALID,0,2.0,4.0,synthetic
LOT_M01_C011,LOT_M01,VGS(th),96,3.1569349300262775,V,150.0,"HTGB (150°C, 20V)",ATE_BENCH_01,CH_11,VALID,0,2.0,4.0,synthetic
LOT_M01_C011,LOT_M01,VGS(th),168,3.17172574185999,V,150.0,"HTGB (150°C, 20V)",ATE_BENCH_01,CH_11,VALID,0,2.0,4.0,synthetic
LOT_M01_C011,LOT_M01,RDS(on),0,51.77400991853246,mOhm,125.0,Operating Life / Power Conduction (TJ=125-150°C),ATE_BENCH_01,CH_11,VALID,0,,60.0,synthetic
LOT_M01_C011,LOT_M01,RDS(on),24,53.222396143977754,mOhm,125.0,Operating Life / Power Conduction (TJ=125-150°C),ATE_BENCH_01,CH_11,VALID,0,,60.0,synthetic
LOT_M01_C011,LOT_M01,RDS(on),96,53.58152967060507,mOhm,125.0,Operating Life / Power Conduction (TJ=125-150°C),ATE_BENCH_01,CH_11,VALID,0,,60.0,synthetic
LOT_M01_C011,LOT_M01,RDS(on),168,51.318634467827856,mOhm,125.0,Operating Life / Power Conduction (TJ=125-150°C),ATE_BENCH_01,CH_11,VALID,0,,60.0,synthetic
LOT_M01_C011,LOT_M01,IGSS,0,2.800093270483451,nA,150.0,"HTGB (150°C, ±20V)",ATE_BENCH_01,CH_11,VALID,0,-100.0,100.0,synthetic
LOT_M01_C011,LOT_M01,IGSS,24,3.515522646060519,nA,150.0,"HTGB (150°C, ±20V)",ATE_BENCH_01,CH_11,VALID,0,-100.0,100.0,synthetic
LOT_M01_C011,LOT_M01,IGSS,96,3.2059560480963984,nA,150.0,"HTGB (150°C, ±20V)",ATE_BENCH_01,CH_11,VALID,0,-100.0,100.0,synthetic
LOT_M01_C011,LOT_M01,IGSS,168,1.6985476951418936,nA,150.0,"HTGB (150°C, ±20V)",ATE_BENCH_01,CH_11,VALID,0,-100.0,100.0,synthetic
LOT_M01_C012,LOT_M01,IDSS,0,0.5474917916975137,uA,150.0,"HTRB (150°C, 80V)",ATE_BENCH_01,CH_12,VALID,0,,10.0,synthetic
LOT_M01_C012,LOT_M01,IDSS,24,0.5972609202408199,uA,150.0,"HTRB (150°C, 80V)",ATE_BENCH_01,CH_12,VALID,0,,10.0,synthetic
LOT_M01_C012,LOT_M01,IDSS,96,0.5377267967322484,uA,150.0,"HTRB (150°C, 80V)",ATE_BENCH_01,CH_12,VALID,0,,10.0,synthetic
LOT_M01_C012,LOT_M01,IDSS,168,0.6650125832683177,uA,150.0,"HTRB (150°C, 80V)",ATE_BENCH_01,CH_12,VALID,0,,10.0,synthetic
LOT_M01_C012,LOT_M01,VGS(th),0,3.1828120107197906,V,150.0,"HTGB (150°C, 20V)",ATE_BENCH_01,CH_12,VALID,0,2.0,4.0,synthetic
LOT_M01_C012,LOT_M01,VGS(th),24,3.195590452233634,V,150.0,"HTGB (150°C, 20V)",ATE_BENCH_01,CH_12,VALID,0,2.0,4.0,synthetic
LOT_M01_C012,LOT_M01,VGS(th),96,3.2019070809596646,V,150.0,"HTGB (150°C, 20V)",ATE_BENCH_01,CH_12,VALID,0,2.0,4.0,synthetic
LOT_M01_C012,LOT_M01,VGS(th),168,3.1917888888134396,V,150.0,"HTGB (150°C, 20V)",ATE_BENCH_01,CH_12,VALID,0,2.0,4.0,synthetic
LOT_M01_C012,LOT_M01,RDS(on),0,54.26389433617421,mOhm,125.0,Operating Life / Power Conduction (TJ=125-150°C),ATE_BENCH_01,CH_12,VALID,0,,60.0,synthetic
LOT_M01_C012,LOT_M01,RDS(on),24,54.93636104744461,mOhm,125.0,Operating Life / Power Conduction (TJ=125-150°C),ATE_BENCH_01,CH_12,VALID,0,,60.0,synthetic
LOT_M01_C012,LOT_M01,RDS(on),96,54.196768574448036,mOhm,125.0,Operating Life / Power Conduction (TJ=125-150°C),ATE_BENCH_01,CH_12,VALID,0,,60.0,synthetic
LOT_M01_C012,LOT_M01,RDS(on),168,53.346166433012115,mOhm,125.0,Operating Life / Power Conduction (TJ=125-150°C),ATE_BENCH_01,CH_12,VALID,0,,60.0,synthetic
LOT_M01_C012,LOT_M01,IGSS,0,-0.23206007717002541,nA,150.0,"HTGB (150°C, ±20V)",ATE_BENCH_01,CH_12,VALID,0,-100.0,100.0,synthetic
LOT_M01_C012,LOT_M01,IGSS,24,-0.4549661009079874,nA,150.0,"HTGB (150°C, ±20V)",ATE_BENCH_01,CH_12,VALID,0,-100.0,100.0,synthetic
LOT_M01_C012,LOT_M01,IGSS,96,-0.32260316881370427,nA,150.0,"HTGB (150°C, ±20V)",ATE_BENCH_01,CH_12,VALID,0,-100.0,100.0,synthetic
LOT_M01_C012,LOT_M01,IGSS,168,0.041330743291537034,nA,150.0,"HTGB (150°C, ±20V)",ATE_BENCH_01,CH_12,VALID,0,-100.0,100.0,synthetic
LOT_M01_C013,LOT_M01,IDSS,0,0.4866220285115353,uA,150.0,"HTRB (150°C, 80V)",ATE_BENCH_01,CH_13,VALID,0,,10.0,synthetic
LOT_M01_C013,LOT_M01,IDSS,24,0.5564098511591876,uA,150.0,"HTRB (150°C, 80V)",ATE_BENCH_01,CH_13,VALID,0,,10.0,synthetic
LOT_M01_C013,LOT_M01,IDSS,96,0.5995500768084017,uA,150.0,"HTRB (150°C, 80V)",ATE_BENCH_01,CH_13,VALID,0,,10.0,synthetic
LOT_M01_C013,LOT_M01,IDSS,168,0.5739686959975733,uA,150.0,"HTRB (150°C, 80V)",ATE_BENCH_01,CH_13,VALID,0,,10.0,synthetic
LOT_M01_C013,LOT_M01,VGS(th),0,3.2542637838696913,V,150.0,"HTGB (150°C, 20V)",ATE_BENCH_01,CH_13,VALID,0,2.0,4.0,synthetic
LOT_M01_C013,LOT_M01,VGS(th),24,3.2664367211857557,V,150.0,"HTGB (150°C, 20V)",ATE_BENCH_01,CH_13,VALID,0,2.0,4.0,synthetic
LOT_M01_C013,LOT_M01,VGS(th),96,3.2461499874295447,V,150.0,"HTGB (150°C, 20V)",ATE_BENCH_01,CH_13,VALID,0,2.0,4.0,synthetic
LOT_M01_C013,LOT_M01,VGS(th),168,3.2472178051667218,V,150.0,"HTGB (150°C, 20V)",ATE_BENCH_01,CH_13,VALID,0,2.0,4.0,synthetic
LOT_M01_C013,LOT_M01,RDS(on),0,47.58610174908998,mOhm,125.0,Operating Life / Power Conduction (TJ=125-150°C),ATE_BENCH_01,CH_13,VALID,0,,60.0,synthetic
LOT_M01_C013,LOT_M01,RDS(on),24,48.94654727533919,mOhm,125.0,Operating Life / Power Conduction (TJ=125-150°C),ATE_BENCH_01,CH_13,VALID,0,,60.0,synthetic
LOT_M01_C013,LOT_M01,RDS(on),96,48.71846272468511,mOhm,125.0,Operating Life / Power Conduction (TJ=125-150°C),ATE_BENCH_01,CH_13,VALID,0,,60.0,synthetic
LOT_M01_C013,LOT_M01,RDS(on),168,48.6914289051767,mOhm,125.0,Operating Life / Power Conduction (TJ=125-150°C),ATE_BENCH_01,CH_13,VALID,0,,60.0,synthetic
LOT_M01_C013,LOT_M01,IGSS,0,1.968914914868745,nA,150.0,"HTGB (150°C, ±20V)",ATE_BENCH_01,CH_13,VALID,0,-100.0,100.0,synthetic
LOT_M01_C013,LOT_M01,IGSS,24,2.396813964113737,nA,150.0,"HTGB (150°C, ±20V)",ATE_BENCH_01,CH_13,VALID,0,-100.0,100.0,synthetic
LOT_M01_C013,LOT_M01,IGSS,96,2.49008175767014,nA,150.0,"HTGB (150°C, ±20V)",ATE_BENCH_01,CH_13,VALID,0,-100.0,100.0,synthetic
LOT_M01_C013,LOT_M01,IGSS,168,1.029539037150585,nA,150.0,"HTGB (150°C, ±20V)",ATE_BENCH_01,CH_13,VALID,0,-100.0,100.0,synthetic
LOT_M01_C014,LOT_M01,IDSS,0,2.161836693362112,uA,150.0,"HTRB (150°C, 80V)",ATE_BENCH_01,CH_14,VALID,0,,10.0,synthetic
LOT_M01_C014,LOT_M01,IDSS,24,2.1141486775418725,uA,150.0,"HTRB (150°C, 80V)",ATE_BENCH_01,CH_14,VALID,0,,10.0,synthetic
LOT_M01_C014,LOT_M01,IDSS,96,2.4897411721863074,uA,150.0,"HTRB (150°C, 80V)",ATE_BENCH_01,CH_14,VALID,0,,10.0,synthetic
LOT_M01_C014,LOT_M01,IDSS,168,1.9856462124621326,uA,150.0,"HTRB (150°C, 80V)",ATE_BENCH_01,CH_14,VALID,0,,10.0,synthetic
LOT_M01_C014,LOT_M01,VGS(th),0,3.1047244305195143,V,150.0,"HTGB (150°C, 20V)",ATE_BENCH_01,CH_14,VALID,0,2.0,4.0,synthetic
LOT_M01_C014,LOT_M01,VGS(th),24,3.054498982875024,V,150.0,"HTGB (150°C, 20V)",ATE_BENCH_01,CH_14,VALID,0,2.0,4.0,synthetic
LOT_M01_C014,LOT_M01,VGS(th),96,3.0917979650493135,V,150.0,"HTGB (150°C, 20V)",ATE_BENCH_01,CH_14,VALID,0,2.0,4.0,synthetic
LOT_M01_C014,LOT_M01,VGS(th),168,3.087587137110204,V,150.0,"HTGB (150°C, 20V)",ATE_BENCH_01,CH_14,VALID,0,2.0,4.0,synthetic
LOT_M01_C014,LOT_M01,RDS(on),0,47.09659289237757,mOhm,125.0,Operating Life / Power Conduction (TJ=125-150°C),ATE_BENCH_01,CH_14,VALID,0,,60.0,synthetic
LOT_M01_C014,LOT_M01,RDS(on),24,46.93867150394787,mOhm,125.0,Operating Life / Power Conduction (TJ=125-150°C),ATE_BENCH_01,CH_14,VALID,0,,60.0,synthetic
LOT_M01_C014,LOT_M01,RDS(on),96,45.85622284757809,mOhm,125.0,Operating Life / Power Conduction (TJ=125-150°C),ATE_BENCH_01,CH_14,VALID,0,,60.0,synthetic
LOT_M01_C014,LOT_M01,RDS(on),168,46.01411391707193,mOhm,125.0,Operating Life / Power Conduction (TJ=125-150°C),ATE_BENCH_01,CH_14,VALID,0,,60.0,synthetic
LOT_M01_C014,LOT_M01,IGSS,0,-1.6052618718615592,nA,150.0,"HTGB (150°C, ±20V)",ATE_BENCH_01,CH_14,VALID,0,-100.0,100.0,synthetic
LOT_M01_C014,LOT_M01,IGSS,24,-1.4327484363202125,nA,150.0,"HTGB (150°C, ±20V)",ATE_BENCH_01,CH_14,VALID,0,-100.0,100.0,synthetic
LOT_M01_C014,LOT_M01,IGSS,96,-1.2793111468097795,nA,150.0,"HTGB (150°C, ±20V)",ATE_BENCH_01,CH_14,VALID,0,-100.0,100.0,synthetic
LOT_M01_C014,LOT_M01,IGSS,168,-0.723085452107126,nA,150.0,"HTGB (150°C, ±20V)",ATE_BENCH_01,CH_14,VALID,0,-100.0,100.0,synthetic
LOT_M01_C015,LOT_M01,IDSS,0,0.5367164966101963,uA,150.0,"HTRB (150°C, 80V)",ATE_BENCH_01,CH_15,VALID,0,,10.0,synthetic
LOT_M01_C015,LOT_M01,IDSS,24,0.5832020973748762,uA,150.0,"HTRB (150°C, 80V)",ATE_BENCH_01,CH_15,VALID,0,,10.0,synthetic
LOT_M01_C015,LOT_M01,IDSS,96,0.5437859582085675,uA,150.0,"HTRB (150°C, 80V)",ATE_BENCH_01,CH_15,VALID,0,,10.0,synthetic
LOT_M01_C015,LOT_M01,IDSS,168,0.5715847049085432,uA,150.0,"HTRB (150°C, 80V)",ATE_BENCH_01,CH_15,VALID,0,,10.0,synthetic
LOT_M01_C015,LOT_M01,VGS(th),0,3.1605435480107307,V,150.0,"HTGB (150°C, 20V)",ATE_BENCH_01,CH_15,VALID,0,2.0,4.0,synthetic
LOT_M01_C015,LOT_M01,VGS(th),24,3.182073571516374,V,150.0,"HTGB (150°C, 20V)",ATE_BENCH_01,CH_15,VALID,0,2.0,4.0,synthetic
LOT_M01_C015,LOT_M01,VGS(th),96,3.1656629219662773,V,150.0,"HTGB (150°C, 20V)",ATE_BENCH_01,CH_15,VALID,0,2.0,4.0,synthetic
LOT_M01_C015,LOT_M01,VGS(th),168,3.143776339540576,V,150.0,"HTGB (150°C, 20V)",ATE_BENCH_01,CH_15,VALID,0,2.0,4.0,synthetic
LOT_M01_C015,LOT_M01,RDS(on),0,48.766595141653895,mOhm,125.0,Operating Life / Power Conduction (TJ=125-150°C),ATE_BENCH_01,CH_15,VALID,0,,60.0,synthetic
LOT_M01_C015,LOT_M01,RDS(on),24,47.60107528519537,mOhm,125.0,Operating Life / Power Conduction (TJ=125-150°C),ATE_BENCH_01,CH_15,VALID,0,,60.0,synthetic
LOT_M01_C015,LOT_M01,RDS(on),96,47.932697667443335,mOhm,125.0,Operating Life / Power Conduction (TJ=125-150°C),ATE_BENCH_01,CH_15,VALID,0,,60.0,synthetic
LOT_M01_C015,LOT_M01,RDS(on),168,47.78666432305257,mOhm,125.0,Operating Life / Power Conduction (TJ=125-150°C),ATE_BENCH_01,CH_15,VALID,0,,60.0,synthetic
LOT_M01_C015,LOT_M01,IGSS,0,2.3754411555564277,nA,150.0,"HTGB (150°C, ±20V)",ATE_BENCH_01,CH_15,VALID,0,-100.0,100.0,synthetic
LOT_M01_C015,LOT_M01,IGSS,24,2.2096331084348764,nA,150.0,"HTGB (150°C, ±20V)",ATE_BENCH_01,CH_15,VALID,0,-100.0,100.0,synthetic
LOT_M01_C015,LOT_M01,IGSS,96,2.713586838476249,nA,150.0,"HTGB (150°C, ±20V)",ATE_BENCH_01,CH_15,VALID,0,-100.0,100.0,synthetic
LOT_M01_C015,LOT_M01,IGSS,168,3.785070470244622,nA,150.0,"HTGB (150°C, ±20V)",ATE_BENCH_01,CH_15,VALID,0,-100.0,100.0,synthetic
LOT_M01_C016,LOT_M01,IDSS,0,0.4533412253008808,uA,150.0,"HTRB (150°C, 80V)",ATE_BENCH_01,CH_16,VALID,0,,10.0,synthetic
LOT_M01_C016,LOT_M01,IDSS,24,0.42999947168334046,uA,150.0,"HTRB (150°C, 80V)",ATE_BENCH_01,CH_16,VALID,0,,10.0,synthetic
LOT_M01_C016,LOT_M01,IDSS,96,0.4931232341010469,uA,150.0,"HTRB (150°C, 80V)",ATE_BENCH_01,CH_16,VALID,0,,10.0,synthetic
LOT_M01_C016,LOT_M01,IDSS,168,0.466871477284678,uA,150.0,"HTRB (150°C, 80V)",ATE_BENCH_01,CH_16,VALID,0,,10.0,synthetic
LOT_M01_C016,LOT_M01,VGS(th),0,3.6320182996761656,V,150.0,"HTGB (150°C, 20V)",ATE_BENCH_01,CH_16,VALID,0,2.0,4.0,synthetic
LOT_M01_C016,LOT_M01,VGS(th),24,3.6383255710362286,V,150.0,"HTGB (150°C, 20V)",ATE_BENCH_01,CH_16,VALID,0,2.0,4.0,synthetic
LOT_M01_C016,LOT_M01,VGS(th),96,3.6567620869129573,V,150.0,"HTGB (150°C, 20V)",ATE_BENCH_01,CH_16,VALID,0,2.0,4.0,synthetic
LOT_M01_C016,LOT_M01,VGS(th),168,3.637030536902199,V,150.0,"HTGB (150°C, 20V)",ATE_BENCH_01,CH_16,VALID,0,2.0,4.0,synthetic
LOT_M01_C016,LOT_M01,RDS(on),0,40.59838214946405,mOhm,125.0,Operating Life / Power Conduction (TJ=125-150°C),ATE_BENCH_01,CH_16,VALID,0,,60.0,synthetic
LOT_M01_C016,LOT_M01,RDS(on),24,39.93020360948835,mOhm,125.0,Operating Life / Power Conduction (TJ=125-150°C),ATE_BENCH_01,CH_16,VALID,0,,60.0,synthetic
LOT_M01_C016,LOT_M01,RDS(on),96,40.38181796800946,mOhm,125.0,Operating Life / Power Conduction (TJ=125-150°C),ATE_BENCH_01,CH_16,VALID,0,,60.0,synthetic
LOT_M01_C016,LOT_M01,RDS(on),168,39.37413974774787,mOhm,125.0,Operating Life / Power Conduction (TJ=125-150°C),ATE_BENCH_01,CH_16,VALID,0,,60.0,synthetic
LOT_M01_C016,LOT_M01,IGSS,0,-1.9702529605107613,nA,150.0,"HTGB (150°C, ±20V)",ATE_BENCH_01,CH_16,VALID,0,-100.0,100.0,synthetic
LOT_M01_C016,LOT_M01,IGSS,24,-1.7350501876422508,nA,150.0,"HTGB (150°C, ±20V)",ATE_BENCH_01,CH_16,VALID,0,-100.0,100.0,synthetic
LOT_M01_C016,LOT_M01,IGSS,96,-2.0888287442867672,nA,150.0,"HTGB (150°C, ±20V)",ATE_BENCH_01,CH_16,VALID,0,-100.0,100.0,synthetic
LOT_M01_C016,LOT_M01,IGSS,168,-1.8987839216696127,nA,150.0,"HTGB (150°C, ±20V)",ATE_BENCH_01,CH_16,VALID,0,-100.0,100.0,synthetic
LOT_M01_C017,LOT_M01,IDSS,0,0.47391253663067606,uA,150.0,"HTRB (150°C, 80V)",ATE_BENCH_02,CH_01,VALID,0,,10.0,synthetic
LOT_M01_C017,LOT_M01,IDSS,24,0.4656892896289896,uA,150.0,"HTRB (150°C, 80V)",ATE_BENCH_02,CH_01,VALID,0,,10.0,synthetic
LOT_M01_C017,LOT_M01,IDSS,96,0.4919458422721617,uA,150.0,"HTRB (150°C, 80V)",ATE_BENCH_02,CH_01,VALID,0,,10.0,synthetic
LOT_M01_C017,LOT_M01,IDSS,168,0.4994592113009803,uA,150.0,"HTRB (150°C, 80V)",ATE_BENCH_02,CH_01,VALID,0,,10.0,synthetic
LOT_M01_C017,LOT_M01,VGS(th),0,3.0316719080513557,V,150.0,"HTGB (150°C, 20V)",ATE_BENCH_02,CH_01,VALID,0,2.0,4.0,synthetic
LOT_M01_C017,LOT_M01,VGS(th),24,3.0209382493338195,V,150.0,"HTGB (150°C, 20V)",ATE_BENCH_02,CH_01,VALID,0,2.0,4.0,synthetic
LOT_M01_C017,LOT_M01,VGS(th),96,2.9691123026333868,V,150.0,"HTGB (150°C, 20V)",ATE_BENCH_02,CH_01,VALID,0,2.0,4.0,synthetic
LOT_M01_C017,LOT_M01,VGS(th),168,3.017668745921195,V,150.0,"HTGB (150°C, 20V)",ATE_BENCH_02,CH_01,VALID,0,2.0,4.0,synthetic
LOT_M01_C017,LOT_M01,RDS(on),0,48.18320320857818,mOhm,125.0,Operating Life / Power Conduction (TJ=125-150°C),ATE_BENCH_02,CH_01,VALID,0,,60.0,synthetic
LOT_M01_C017,LOT_M01,RDS(on),24,48.53444958409907,mOhm,125.0,Operating Life / Power Conduction (TJ=125-150°C),ATE_BENCH_02,CH_01,VALID,0,,60.0,synthetic
LOT_M01_C017,LOT_M01,RDS(on),96,48.33786229851852,mOhm,125.0,Operating Life / Power Conduction (TJ=125-150°C),ATE_BENCH_02,CH_01,VALID,0,,60.0,synthetic
LOT_M01_C017,LOT_M01,RDS(on),168,48.352003825533494,mOhm,125.0,Operating Life / Power Conduction (TJ=125-150°C),ATE_BENCH_02,CH_01,VALID,0,,60.0,synthetic
LOT_M01_C017,LOT_M01,IGSS,0,2.8937690685281288,nA,150.0,"HTGB (150°C, ±20V)",ATE_BENCH_02,CH_01,VALID,0,-100.0,100.0,synthetic
LOT_M01_C017,LOT_M01,IGSS,24,2.6450057361876897,nA,150.0,"HTGB (150°C, ±20V)",ATE_BENCH_02,CH_01,VALID,0,-100.0,100.0,synthetic
LOT_M01_C017,LOT_M01,IGSS,96,2.307587384988487,nA,150.0,"HTGB (150°C, ±20V)",ATE_BENCH_02,CH_01,VALID,0,-100.0,100.0,synthetic
LOT_M01_C017,LOT_M01,IGSS,168,2.2811658989401518,nA,150.0,"HTGB (150°C, ±20V)",ATE_BENCH_02,CH_01,VALID,0,-100.0,100.0,synthetic
LOT_M01_C018,LOT_M01,IDSS,0,0.5749125056084051,uA,150.0,"HTRB (150°C, 80V)",ATE_BENCH_02,CH_02,VALID,0,,10.0,synthetic
LOT_M01_C018,LOT_M01,IDSS,24,0.5357658474931392,uA,150.0,"HTRB (150°C, 80V)",ATE_BENCH_02,CH_02,VALID,0,,10.0,synthetic
LOT_M01_C018,LOT_M01,IDSS,96,0.5077458602007404,uA,150.0,"HTRB (150°C, 80V)",ATE_BENCH_02,CH_02,VALID,0,,10.0,synthetic
LOT_M01_C018,LOT_M01,IDSS,168,0.5025268106176853,uA,150.0,"HTRB (150°C, 80V)",ATE_BENCH_02,CH_02,VALID,0,,10.0,synthetic
LOT_M01_C018,LOT_M01,VGS(th),0,3.1964851746668734,V,150.0,"HTGB (150°C, 20V)",ATE_BENCH_02,CH_02,VALID,0,2.0,4.0,synthetic
LOT_M01_C018,LOT_M01,VGS(th),24,3.2095572571600646,V,150.0,"HTGB (150°C, 20V)",ATE_BENCH_02,CH_02,VALID,0,2.0,4.0,synthetic
LOT_M01_C018,LOT_M01,VGS(th),96,3.1898765061026877,V,150.0,"HTGB (150°C, 20V)",ATE_BENCH_02,CH_02,VALID,0,2.0,4.0,synthetic
LOT_M01_C018,LOT_M01,VGS(th),168,3.1997271387097372,V,150.0,"HTGB (150°C, 20V)",ATE_BENCH_02,CH_02,VALID,0,2.0,4.0,synthetic
LOT_M01_C018,LOT_M01,RDS(on),0,56.17039745753934,mOhm,125.0,Operating Life / Power Conduction (TJ=125-150°C),ATE_BENCH_02,CH_02,VALID,0,,60.0,synthetic
LOT_M01_C018,LOT_M01,RDS(on),24,55.57675663017363,mOhm,125.0,Operating Life / Power Conduction (TJ=125-150°C),ATE_BENCH_02,CH_02,VALID,0,,60.0,synthetic
LOT_M01_C018,LOT_M01,RDS(on),96,54.78609663128339,mOhm,125.0,Operating Life / Power Conduction (TJ=125-150°C),ATE_BENCH_02,CH_02,VALID,0,,60.0,synthetic
LOT_M01_C018,LOT_M01,RDS(on),168,54.114631743411195,mOhm,125.0,Operating Life / Power Conduction (TJ=125-150°C),ATE_BENCH_02,CH_02,VALID,0,,60.0,synthetic
LOT_M01_C018,LOT_M01,IGSS,0,-2.888924901009263,nA,150.0,"HTGB (150°C, ±20V)",ATE_BENCH_02,CH_02,VALID,0,-100.0,100.0,synthetic
LOT_M01_C018,LOT_M01,IGSS,24,-3.42335832381964,nA,150.0,"HTGB (150°C, ±20V)",ATE_BENCH_02,CH_02,VALID,0,-100.0,100.0,synthetic
LOT_M01_C018,LOT_M01,IGSS,96,-2.721814932900889,nA,150.0,"HTGB (150°C, ±20V)",ATE_BENCH_02,CH_02,VALID,0,-100.0,100.0,synthetic
LOT_M01_C018,LOT_M01,IGSS,168,-2.05983574215122,nA,150.0,"HTGB (150°C, ±20V)",ATE_BENCH_02,CH_02,VALID,0,-100.0,100.0,synthetic
LOT_M01_C019,LOT_M01,IDSS,0,0.6742180980634401,uA,150.0,"HTRB (150°C, 80V)",ATE_BENCH_02,CH_03,VALID,0,,10.0,synthetic
LOT_M01_C019,LOT_M01,IDSS,24,0.7172823752314463,uA,150.0,"HTRB (150°C, 80V)",ATE_BENCH_02,CH_03,VALID,0,,10.0,synthetic
LOT_M01_C019,LOT_M01,IDSS,96,0.7321945604331075,uA,150.0,"HTRB (150°C, 80V)",ATE_BENCH_02,CH_03,VALID,0,,10.0,synthetic
LOT_M01_C019,LOT_M01,IDSS,168,0.6984859560457152,uA,150.0,"HTRB (150°C, 80V)",ATE_BENCH_02,CH_03,VALID,0,,10.0,synthetic
LOT_M01_C019,LOT_M01,VGS(th),0,3.1811152411125447,V,150.0,"HTGB (150°C, 20V)",ATE_BENCH_02,CH_03,VALID,0,2.0,4.0,synthetic
LOT_M01_C019,LOT_M01,VGS(th),24,3.163974547262322,V,150.0,"HTGB (150°C, 20V)",ATE_BENCH_02,CH_03,VALID,0,2.0,4.0,synthetic
LOT_M01_C019,LOT_M01,VGS(th),96,3.1678169390026394,V,150.0,"HTGB (150°C, 20V)",ATE_BENCH_02,CH_03,VALID,0,2.0,4.0,synthetic
LOT_M01_C019,LOT_M01,VGS(th),168,3.125816670378392,V,150.0,"HTGB (150°C, 20V)",ATE_BENCH_02,CH_03,VALID,0,2.0,4.0,synthetic
LOT_M01_C019,LOT_M01,RDS(on),0,52.42359446881525,mOhm,125.0,Operating Life / Power Conduction (TJ=125-150°C),ATE_BENCH_02,CH_03,VALID,0,,60.0,synthetic
LOT_M01_C019,LOT_M01,RDS(on),24,54.446469966850074,mOhm,125.0,Operating Life / Power Conduction (TJ=125-150°C),ATE_BENCH_02,CH_03,VALID,0,,60.0,synthetic
LOT_M01_C019,LOT_M01,RDS(on),96,53.39718254223067,mOhm,125.0,Operating Life / Power Conduction (TJ=125-150°C),ATE_BENCH_02,CH_03,VALID,0,,60.0,synthetic
LOT_M01_C019,LOT_M01,RDS(on),168,52.775763296732684,mOhm,125.0,Operating Life / Power Conduction (TJ=125-150°C),ATE_BENCH_02,CH_03,VALID,0,,60.0,synthetic
LOT_M01_C019,LOT_M01,IGSS,0,1.5146339918790077,nA,150.0,"HTGB (150°C, ±20V)",ATE_BENCH_02,CH_03,VALID,0,-100.0,100.0,synthetic
LOT_M01_C019,LOT_M01,IGSS,24,2.460758710669714,nA,150.0,"HTGB (150°C, ±20V)",ATE_BENCH_02,CH_03,VALID,0,-100.0,100.0,synthetic
LOT_M01_C019,LOT_M01,IGSS,96,2.4377228452024955,nA,150.0,"HTGB (150°C, ±20V)",ATE_BENCH_02,CH_03,VALID,0,-100.0,100.0,synthetic
LOT_M01_C019,LOT_M01,IGSS,168,2.229089233922326,nA,150.0,"HTGB (150°C, ±20V)",ATE_BENCH_02,CH_03,VALID,0,-100.0,100.0,synthetic
LOT_M01_C020,LOT_M01,IDSS,0,3.3861207393444044,uA,150.0,"HTRB (150°C, 80V)",ATE_BENCH_02,CH_04,VALID,0,,10.0,synthetic
LOT_M01_C020,LOT_M01,IDSS,24,2.851270705284284,uA,150.0,"HTRB (150°C, 80V)",ATE_BENCH_02,CH_04,VALID,0,,10.0,synthetic
LOT_M01_C020,LOT_M01,IDSS,96,2.737728883944551,uA,150.0,"HTRB (150°C, 80V)",ATE_BENCH_02,CH_04,VALID,0,,10.0,synthetic
LOT_M01_C020,LOT_M01,IDSS,168,2.8067326749276527,uA,150.0,"HTRB (150°C, 80V)",ATE_BENCH_02,CH_04,VALID,0,,10.0,synthetic
LOT_M01_C020,LOT_M01,VGS(th),0,3.1125833549817443,V,150.0,"HTGB (150°C, 20V)",ATE_BENCH_02,CH_04,VALID,0,2.0,4.0,synthetic
LOT_M01_C020,LOT_M01,VGS(th),24,3.1051429844965197,V,150.0,"HTGB (150°C, 20V)",ATE_BENCH_02,CH_04,VALID,0,2.0,4.0,synthetic
LOT_M01_C020,LOT_M01,VGS(th),96,3.107240615175157,V,150.0,"HTGB (150°C, 20V)",ATE_BENCH_02,CH_04,VALID,0,2.0,4.0,synthetic
LOT_M01_C020,LOT_M01,VGS(th),168,3.0627183386319063,V,150.0,"HTGB (150°C, 20V)",ATE_BENCH_02,CH_04,VALID,0,2.0,4.0,synthetic
LOT_M01_C020,LOT_M01,RDS(on),0,47.83462130763856,mOhm,125.0,Operating Life / Power Conduction (TJ=125-150°C),ATE_BENCH_02,CH_04,VALID,0,,60.0,synthetic
LOT_M01_C020,LOT_M01,RDS(on),24,48.17266416761738,mOhm,125.0,Operating Life / Power Conduction (TJ=125-150°C),ATE_BENCH_02,CH_04,VALID,0,,60.0,synthetic
LOT_M01_C020,LOT_M01,RDS(on),96,47.49137885901485,mOhm,125.0,Operating Life / Power Conduction (TJ=125-150°C),ATE_BENCH_02,CH_04,VALID,0,,60.0,synthetic
LOT_M01_C020,LOT_M01,RDS(on),168,47.437507835695556,mOhm,125.0,Operating Life / Power Conduction (TJ=125-150°C),ATE_BENCH_02,CH_04,VALID,0,,60.0,synthetic
LOT_M01_C020,LOT_M01,IGSS,0,-2.2983857712601856,nA,150.0,"HTGB (150°C, ±20V)",ATE_BENCH_02,CH_04,VALID,0,-100.0,100.0,synthetic
LOT_M01_C020,LOT_M01,IGSS,24,-0.9699676589087071,nA,150.0,"HTGB (150°C, ±20V)",ATE_BENCH_02,CH_04,VALID,0,-100.0,100.0,synthetic
LOT_M01_C020,LOT_M01,IGSS,96,-1.2619717344112025,nA,150.0,"HTGB (150°C, ±20V)",ATE_BENCH_02,CH_04,VALID,0,-100.0,100.0,synthetic
LOT_M01_C020,LOT_M01,IGSS,168,-1.4034295805530386,nA,150.0,"HTGB (150°C, ±20V)",ATE_BENCH_02,CH_04,VALID,0,-100.0,100.0,synthetic
LOT_M01_C021,LOT_M01,IDSS,0,0.6666298659334672,uA,150.0,"HTRB (150°C, 80V)",ATE_BENCH_02,CH_05,VALID,0,,10.0,synthetic
LOT_M01_C021,LOT_M01,IDSS,24,0.6148242397714712,uA,150.0,"HTRB (150°C, 80V)",ATE_BENCH_02,CH_05,VALID,0,,10.0,synthetic
LOT_M01_C021,LOT_M01,IDSS,96,0.6613896338291152,uA,150.0,"HTRB (150°C, 80V)",ATE_BENCH_02,CH_05,VALID,0,,10.0,synthetic
LOT_M01_C021,LOT_M01,IDSS,168,0.6482108383030748,uA,150.0,"HTRB (150°C, 80V)",ATE_BENCH_02,CH_05,VALID,0,,10.0,synthetic
LOT_M01_C021,LOT_M01,VGS(th),0,3.164809000615254,V,150.0,"HTGB (150°C, 20V)",ATE_BENCH_02,CH_05,VALID,0,2.0,4.0,synthetic
LOT_M01_C021,LOT_M01,VGS(th),24,3.168482998855721,V,150.0,"HTGB (150°C, 20V)",ATE_BENCH_02,CH_05,VALID,0,2.0,4.0,synthetic
LOT_M01_C021,LOT_M01,VGS(th),96,3.193787341023079,V,150.0,"HTGB (150°C, 20V)",ATE_BENCH_02,CH_05,VALID,0,2.0,4.0,synthetic
LOT_M01_C021,LOT_M01,VGS(th),168,3.193474411003528,V,150.0,"HTGB (150°C, 20V)",ATE_BENCH_02,CH_05,VALID,0,2.0,4.0,synthetic
LOT_M01_C021,LOT_M01,RDS(on),0,45.17727813344383,mOhm,125.0,Operating Life / Power Conduction (TJ=125-150°C),ATE_BENCH_02,CH_05,VALID,0,,60.0,synthetic
LOT_M01_C021,LOT_M01,RDS(on),24,45.646182624731374,mOhm,125.0,Operating Life / Power Conduction (TJ=125-150°C),ATE_BENCH_02,CH_05,VALID,0,,60.0,synthetic
LOT_M01_C021,LOT_M01,RDS(on),96,45.4083593379476,mOhm,125.0,Operating Life / Power Conduction (TJ=125-150°C),ATE_BENCH_02,CH_05,VALID,0,,60.0,synthetic
LOT_M01_C021,LOT_M01,RDS(on),168,46.02597487206755,mOhm,125.0,Operating Life / Power Conduction (TJ=125-150°C),ATE_BENCH_02,CH_05,VALID,0,,60.0,synthetic
LOT_M01_C021,LOT_M01,IGSS,0,1.8054493482982907,nA,150.0,"HTGB (150°C, ±20V)",ATE_BENCH_02,CH_05,VALID,0,-100.0,100.0,synthetic
LOT_M01_C021,LOT_M01,IGSS,24,1.6897913015811692,nA,150.0,"HTGB (150°C, ±20V)",ATE_BENCH_02,CH_05,VALID,0,-100.0,100.0,synthetic
LOT_M01_C021,LOT_M01,IGSS,96,2.459989508056503,nA,150.0,"HTGB (150°C, ±20V)",ATE_BENCH_02,CH_05,VALID,0,-100.0,100.0,synthetic
LOT_M01_C021,LOT_M01,IGSS,168,1.4737950796403783,nA,150.0,"HTGB (150°C, ±20V)",ATE_BENCH_02,CH_05,VALID,0,-100.0,100.0,synthetic
LOT_M01_C022,LOT_M01,IDSS,0,0.5314079793747164,uA,150.0,"HTRB (150°C, 80V)",ATE_BENCH_02,CH_06,VALID,0,,10.0,synthetic
LOT_M01_C022,LOT_M01,IDSS,24,0.6362541356305286,uA,150.0,"HTRB (150°C, 80V)",ATE_BENCH_02,CH_06,VALID,0,,10.0,synthetic
LOT_M01_C022,LOT_M01,IDSS,96,0.5788889272873277,uA,150.0,"HTRB (150°C, 80V)",ATE_BENCH_02,CH_06,VALID,0,,10.0,synthetic
LOT_M01_C022,LOT_M01,IDSS,168,0.49543520325067486,uA,150.0,"HTRB (150°C, 80V)",ATE_BENCH_02,CH_06,VALID,0,,10.0,synthetic
LOT_M01_C022,LOT_M01,VGS(th),0,3.4597929940546117,V,150.0,"HTGB (150°C, 20V)",ATE_BENCH_02,CH_06,VALID,0,2.0,4.0,synthetic
LOT_M01_C022,LOT_M01,VGS(th),24,3.449773010986224,V,150.0,"HTGB (150°C, 20V)",ATE_BENCH_02,CH_06,VALID,0,2.0,4.0,synthetic
LOT_M01_C022,LOT_M01,VGS(th),96,3.443858287555317,V,150.0,"HTGB (150°C, 20V)",ATE_BENCH_02,CH_06,VALID,0,2.0,4.0,synthetic
LOT_M01_C022,LOT_M01,VGS(th),168,3.4304077558637918,V,150.0,"HTGB (150°C, 20V)",ATE_BENCH_02,CH_06,VALID,0,2.0,4.0,synthetic
LOT_M01_C022,LOT_M01,RDS(on),0,41.431984621233525,mOhm,125.0,Operating Life / Power Conduction (TJ=125-150°C),ATE_BENCH_02,CH_06,VALID,0,,60.0,synthetic
LOT_M01_C022,LOT_M01,RDS(on),24,41.89262215927598,mOhm,125.0,Operating Life / Power Conduction (TJ=125-150°C),ATE_BENCH_02,CH_06,VALID,0,,60.0,synthetic
LOT_M01_C022,LOT_M01,RDS(on),96,40.84812667888192,mOhm,125.0,Operating Life / Power Conduction (TJ=125-150°C),ATE_BENCH_02,CH_06,VALID,0,,60.0,synthetic
LOT_M01_C022,LOT_M01,RDS(on),168,40.69141467635243,mOhm,125.0,Operating Life / Power Conduction (TJ=125-150°C),ATE_BENCH_02,CH_06,VALID,0,,60.0,synthetic
LOT_M01_C022,LOT_M01,IGSS,0,-1.7209695579600635,nA,150.0,"HTGB (150°C, ±20V)",ATE_BENCH_02,CH_06,VALID,0,-100.0,100.0,synthetic
LOT_M01_C022,LOT_M01,IGSS,24,-2.5045528024282615,nA,150.0,"HTGB (150°C, ±20V)",ATE_BENCH_02,CH_06,VALID,0,-100.0,100.0,synthetic
LOT_M01_C022,LOT_M01,IGSS,96,-1.8444409833621775,nA,150.0,"HTGB (150°C, ±20V)",ATE_BENCH_02,CH_06,VALID,0,-100.0,100.0,synthetic
LOT_M01_C022,LOT_M01,IGSS,168,-2.2330172886827953,nA,150.0,"HTGB (150°C, ±20V)",ATE_BENCH_02,CH_06,VALID,0,-100.0,100.0,synthetic
LOT_M01_C023,LOT_M01,IDSS,0,0.60786157379955,uA,150.0,"HTRB (150°C, 80V)",ATE_BENCH_02,CH_07,VALID,0,,10.0,synthetic
LOT_M01_C023,LOT_M01,IDSS,24,0.5583015777943942,uA,150.0,"HTRB (150°C, 80V)",ATE_BENCH_02,CH_07,VALID,0,,10.0,synthetic
LOT_M01_C023,LOT_M01,IDSS,96,0.6124710750321497,uA,150.0,"HTRB (150°C, 80V)",ATE_BENCH_02,CH_07,VALID,0,,10.0,synthetic
LOT_M01_C023,LOT_M01,IDSS,168,0.5553508678997433,uA,150.0,"HTRB (150°C, 80V)",ATE_BENCH_02,CH_07,VALID,0,,10.0,synthetic
LOT_M01_C023,LOT_M01,VGS(th),0,3.0652619359113236,V,150.0,"HTGB (150°C, 20V)",ATE_BENCH_02,CH_07,VALID,0,2.0,4.0,synthetic
LOT_M01_C023,LOT_M01,VGS(th),24,3.105946337345956,V,150.0,"HTGB (150°C, 20V)",ATE_BENCH_02,CH_07,VALID,0,2.0,4.0,synthetic
LOT_M01_C023,LOT_M01,VGS(th),96,3.1473911466685367,V,150.0,"HTGB (150°C, 20V)",ATE_BENCH_02,CH_07,VALID,0,2.0,4.0,synthetic
LOT_M01_C023,LOT_M01,VGS(th),168,3.084030504243765,V,150.0,"HTGB (150°C, 20V)",ATE_BENCH_02,CH_07,VALID,0,2.0,4.0,synthetic
LOT_M01_C023,LOT_M01,RDS(on),0,49.14158968832734,mOhm,125.0,Operating Life / Power Conduction (TJ=125-150°C),ATE_BENCH_02,CH_07,VALID,0,,60.0,synthetic
LOT_M01_C023,LOT_M01,RDS(on),24,48.77813487940668,mOhm,125.0,Operating Life / Power Conduction (TJ=125-150°C),ATE_BENCH_02,CH_07,VALID,0,,60.0,synthetic
LOT_M01_C023,LOT_M01,RDS(on),96,51.10344406148498,mOhm,125.0,Operating Life / Power Conduction (TJ=125-150°C),ATE_BENCH_02,CH_07,VALID,0,,60.0,synthetic
LOT_M01_C023,LOT_M01,RDS(on),168,49.546037200127856,mOhm,125.0,Operating Life / Power Conduction (TJ=125-150°C),ATE_BENCH_02,CH_07,VALID,0,,60.0,synthetic
LOT_M01_C023,LOT_M01,IGSS,0,4.031273911760573,nA,150.0,"HTGB (150°C, ±20V)",ATE_BENCH_02,CH_07,VALID,0,-100.0,100.0,synthetic
LOT_M01_C023,LOT_M01,IGSS,24,4.936475090097114,nA,150.0,"HTGB (150°C, ±20V)",ATE_BENCH_02,CH_07,VALID,0,-100.0,100.0,synthetic
LOT_M01_C023,LOT_M01,IGSS,96,2.276459046356844,nA,150.0,"HTGB (150°C, ±20V)",ATE_BENCH_02,CH_07,VALID,0,-100.0,100.0,synthetic
LOT_M01_C023,LOT_M01,IGSS,168,6.658080639539473,nA,150.0,"HTGB (150°C, ±20V)",ATE_BENCH_02,CH_07,VALID,0,-100.0,100.0,synthetic
LOT_M01_C024,LOT_M01,IDSS,0,0.6832430691593184,uA,150.0,"HTRB (150°C, 80V)",ATE_BENCH_02,CH_08,VALID,0,,10.0,synthetic
LOT_M01_C024,LOT_M01,IDSS,24,0.5762219391976773,uA,150.0,"HTRB (150°C, 80V)",ATE_BENCH_02,CH_08,VALID,0,,10.0,synthetic
LOT_M01_C024,LOT_M01,IDSS,96,0.5953793848884225,uA,150.0,"HTRB (150°C, 80V)",ATE_BENCH_02,CH_08,VALID,0,,10.0,synthetic
LOT_M01_C024,LOT_M01,IDSS,168,0.5883476989623747,uA,150.0,"HTRB (150°C, 80V)",ATE_BENCH_02,CH_08,VALID,0,,10.0,synthetic
LOT_M01_C024,LOT_M01,VGS(th),0,2.9587959979499496,V,150.0,"HTGB (150°C, 20V)",ATE_BENCH_02,CH_08,VALID,0,2.0,4.0,synthetic
LOT_M01_C024,LOT_M01,VGS(th),24,2.965641891379396,V,150.0,"HTGB (150°C, 20V)",ATE_BENCH_02,CH_08,VALID,0,2.0,4.0,synthetic
LOT_M01_C024,LOT_M01,VGS(th),96,3.019295705045449,V,150.0,"HTGB (150°C, 20V)",ATE_BENCH_02,CH_08,VALID,0,2.0,4.0,synthetic
LOT_M01_C024,LOT_M01,VGS(th),168,3.0493775593573686,V,150.0,"HTGB (150°C, 20V)",ATE_BENCH_02,CH_08,VALID,0,2.0,4.0,synthetic
LOT_M01_C024,LOT_M01,RDS(on),0,57.31780373630357,mOhm,125.0,Operating Life / Power Conduction (TJ=125-150°C),ATE_BENCH_02,CH_08,VALID,0,,60.0,synthetic
LOT_M01_C024,LOT_M01,RDS(on),24,56.04718986932147,mOhm,125.0,Operating Life / Power Conduction (TJ=125-150°C),ATE_BENCH_02,CH_08,VALID,0,,60.0,synthetic
LOT_M01_C024,LOT_M01,RDS(on),96,57.58658871325426,mOhm,125.0,Operating Life / Power Conduction (TJ=125-150°C),ATE_BENCH_02,CH_08,VALID,0,,60.0,synthetic
LOT_M01_C024,LOT_M01,RDS(on),168,57.625323977936276,mOhm,125.0,Operating Life / Power Conduction (TJ=125-150°C),ATE_BENCH_02,CH_08,VALID,0,,60.0,synthetic
LOT_M01_C024,LOT_M01,IGSS,0,-1.7122274983153267,nA,150.0,"HTGB (150°C, ±20V)",ATE_BENCH_02,CH_08,VALID,0,-100.0,100.0,synthetic
LOT_M01_C024,LOT_M01,IGSS,24,-2.3818241489671603,nA,150.0,"HTGB (150°C, ±20V)",ATE_BENCH_02,CH_08,VALID,0,-100.0,100.0,synthetic
LOT_M01_C024,LOT_M01,IGSS,96,-2.62187729471593,nA,150.0,"HTGB (150°C, ±20V)",ATE_BENCH_02,CH_08,VALID,0,-100.0,100.0,synthetic
LOT_M01_C024,LOT_M01,IGSS,168,-3.882679357953155,nA,150.0,"HTGB (150°C, ±20V)",ATE_BENCH_02,CH_08,VALID,0,-100.0,100.0,synthetic
LOT_M01_C025,LOT_M01,IDSS,0,0.6410131728997849,uA,150.0,"HTRB (150°C, 80V)",ATE_BENCH_02,CH_09,VALID,0,,10.0,synthetic
LOT_M01_C025,LOT_M01,IDSS,24,0.6980359713508587,uA,150.0,"HTRB (150°C, 80V)",ATE_BENCH_02,CH_09,VALID,0,,10.0,synthetic
LOT_M01_C025,LOT_M01,IDSS,96,0.7244192099413195,uA,150.0,"HTRB (150°C, 80V)",ATE_BENCH_02,CH_09,VALID,0,,10.0,synthetic
LOT_M01_C025,LOT_M01,IDSS,168,0.7775772372074187,uA,150.0,"HTRB (150°C, 80V)",ATE_BENCH_02,CH_09,VALID,0,,10.0,synthetic
LOT_M01_C025,LOT_M01,VGS(th),0,3.08428328987743,V,150.0,"HTGB (150°C, 20V)",ATE_BENCH_02,CH_09,VALID,0,2.0,4.0,synthetic
LOT_M01_C025,LOT_M01,VGS(th),24,3.0676473052436584,V,150.0,"HTGB (150°C, 20V)",ATE_BENCH_02,CH_09,VALID,0,2.0,4.0,synthetic
LOT_M01_C025,LOT_M01,VGS(th),96,3.0908535742460717,V,150.0,"HTGB (150°C, 20V)",ATE_BENCH_02,CH_09,VALID,0,2.0,4.0,synthetic
LOT_M01_C025,LOT_M01,VGS(th),168,3.0883427969093624,V,150.0,"HTGB (150°C, 20V)",ATE_BENCH_02,CH_09,VALID,0,2.0,4.0,synthetic
LOT_M01_C025,LOT_M01,RDS(on),0,48.379000221027106,mOhm,125.0,Operating Life / Power Conduction (TJ=125-150°C),ATE_BENCH_02,CH_09,VALID,0,,60.0,synthetic
LOT_M01_C025,LOT_M01,RDS(on),24,48.865319760768934,mOhm,125.0,Operating Life / Power Conduction (TJ=125-150°C),ATE_BENCH_02,CH_09,VALID,0,,60.0,synthetic
LOT_M01_C025,LOT_M01,RDS(on),96,50.85397758054652,mOhm,125.0,Operating Life / Power Conduction (TJ=125-150°C),ATE_BENCH_02,CH_09,VALID,0,,60.0,synthetic
LOT_M01_C025,LOT_M01,RDS(on),168,49.02477172676524,mOhm,125.0,Operating Life / Power Conduction (TJ=125-150°C),ATE_BENCH_02,CH_09,VALID,0,,60.0,synthetic
LOT_M01_C025,LOT_M01,IGSS,0,-0.19750985939165347,nA,150.0,"HTGB (150°C, ±20V)",ATE_BENCH_02,CH_09,VALID,0,-100.0,100.0,synthetic
LOT_M01_C025,LOT_M01,IGSS,24,-0.2567777849199146,nA,150.0,"HTGB (150°C, ±20V)",ATE_BENCH_02,CH_09,VALID,0,-100.0,100.0,synthetic
LOT_M01_C025,LOT_M01,IGSS,96,-0.8229865649082603,nA,150.0,"HTGB (150°C, ±20V)",ATE_BENCH_02,CH_09,VALID,0,-100.0,100.0,synthetic
LOT_M01_C025,LOT_M01,IGSS,168,0.06559959324656389,nA,150.0,"HTGB (150°C, ±20V)",ATE_BENCH_02,CH_09,VALID,0,-100.0,100.0,synthetic
LOT_M01_C026,LOT_M01,IDSS,0,2.3311156592115787,uA,150.0,"HTRB (150°C, 80V)",ATE_BENCH_02,CH_10,VALID,0,,10.0,synthetic
LOT_M01_C026,LOT_M01,IDSS,24,2.066353004526441,uA,150.0,"HTRB (150°C, 80V)",ATE_BENCH_02,CH_10,VALID,0,,10.0,synthetic
LOT_M01_C026,LOT_M01,IDSS,96,2.7193048270514293,uA,150.0,"HTRB (150°C, 80V)",ATE_BENCH_02,CH_10,VALID,0,,10.0,synthetic
LOT_M01_C026,LOT_M01,IDSS,168,2.3202891925008626,uA,150.0,"HTRB (150°C, 80V)",ATE_BENCH_02,CH_10,VALID,0,,10.0,synthetic
LOT_M01_C026,LOT_M01,VGS(th),0,3.115152270441598,V,150.0,"HTGB (150°C, 20V)",ATE_BENCH_02,CH_10,VALID,0,2.0,4.0,synthetic
LOT_M01_C026,LOT_M01,VGS(th),24,3.081105403941284,V,150.0,"HTGB (150°C, 20V)",ATE_BENCH_02,CH_10,VALID,0,2.0,4.0,synthetic
LOT_M01_C026,LOT_M01,VGS(th),96,3.061272123122434,V,150.0,"HTGB (150°C, 20V)",ATE_BENCH_02,CH_10,VALID,0,2.0,4.0,synthetic
LOT_M01_C026,LOT_M01,VGS(th),168,3.114771003823132,V,150.0,"HTGB (150°C, 20V)",ATE_BENCH_02,CH_10,VALID,0,2.0,4.0,synthetic
LOT_M01_C026,LOT_M01,RDS(on),0,47.35199883086019,mOhm,125.0,Operating Life / Power Conduction (TJ=125-150°C),ATE_BENCH_02,CH_10,VALID,0,,60.0,synthetic
LOT_M01_C026,LOT_M01,RDS(on),24,46.657974500543176,mOhm,125.0,Operating Life / Power Conduction (TJ=125-150°C),ATE_BENCH_02,CH_10,VALID,0,,60.0,synthetic
LOT_M01_C026,LOT_M01,RDS(on),96,47.18759118692374,mOhm,125.0,Operating Life / Power Conduction (TJ=125-150°C),ATE_BENCH_02,CH_10,VALID,0,,60.0,synthetic
LOT_M01_C026,LOT_M01,RDS(on),168,48.01762391359988,mOhm,125.0,Operating Life / Power Conduction (TJ=125-150°C),ATE_BENCH_02,CH_10,VALID,0,,60.0,synthetic
LOT_M01_C026,LOT_M01,IGSS,0,-2.4547731865859177,nA,150.0,"HTGB (150°C, ±20V)",ATE_BENCH_02,CH_10,VALID,0,-100.0,100.0,synthetic
LOT_M01_C026,LOT_M01,IGSS,24,-4.881246380928083,nA,150.0,"HTGB (150°C, ±20V)",ATE_BENCH_02,CH_10,VALID,0,-100.0,100.0,synthetic
LOT_M01_C026,LOT_M01,IGSS,168,-3.566785394311145,nA,150.0,"HTGB (150°C, ±20V)",ATE_BENCH_02,CH_10,VALID,0,-100.0,100.0,synthetic
LOT_M01_C027,LOT_M01,IDSS,0,0.5887190829032618,uA,150.0,"HTRB (150°C, 80V)",ATE_BENCH_02,CH_11,VALID,0,,10.0,synthetic
LOT_M01_C027,LOT_M01,IDSS,24,0.61750887875589,uA,150.0,"HTRB (150°C, 80V)",ATE_BENCH_02,CH_11,VALID,0,,10.0,synthetic
LOT_M01_C027,LOT_M01,IDSS,96,0.5732776398693714,uA,150.0,"HTRB (150°C, 80V)",ATE_BENCH_02,CH_11,VALID,0,,10.0,synthetic
LOT_M01_C027,LOT_M01,IDSS,168,0.5498245820668431,uA,150.0,"HTRB (150°C, 80V)",ATE_BENCH_02,CH_11,VALID,0,,10.0,synthetic
LOT_M01_C027,LOT_M01,VGS(th),0,3.2814736322971436,V,150.0,"HTGB (150°C, 20V)",ATE_BENCH_02,CH_11,VALID,0,2.0,4.0,synthetic
LOT_M01_C027,LOT_M01,VGS(th),24,3.253810459080042,V,150.0,"HTGB (150°C, 20V)",ATE_BENCH_02,CH_11,VALID,0,2.0,4.0,synthetic
LOT_M01_C027,LOT_M01,VGS(th),96,3.301764734095104,V,150.0,"HTGB (150°C, 20V)",ATE_BENCH_02,CH_11,VALID,0,2.0,4.0,synthetic
LOT_M01_C027,LOT_M01,VGS(th),168,3.306257692025575,V,150.0,"HTGB (150°C, 20V)",ATE_BENCH_02,CH_11,VALID,0,2.0,4.0,synthetic
LOT_M01_C027,LOT_M01,RDS(on),0,48.44411004902176,mOhm,125.0,Operating Life / Power Conduction (TJ=125-150°C),ATE_BENCH_02,CH_11,VALID,0,,60.0,synthetic
LOT_M01_C027,LOT_M01,RDS(on),24,48.381119130030086,mOhm,125.0,Operating Life / Power Conduction (TJ=125-150°C),ATE_BENCH_02,CH_11,VALID,0,,60.0,synthetic
LOT_M01_C027,LOT_M01,RDS(on),96,49.312782851792996,mOhm,125.0,Operating Life / Power Conduction (TJ=125-150°C),ATE_BENCH_02,CH_11,VALID,0,,60.0,synthetic
LOT_M01_C027,LOT_M01,RDS(on),168,49.29240328409156,mOhm,125.0,Operating Life / Power Conduction (TJ=125-150°C),ATE_BENCH_02,CH_11,VALID,0,,60.0,synthetic
LOT_M01_C027,LOT_M01,IGSS,0,3.51985053865394,nA,150.0,"HTGB (150°C, ±20V)",ATE_BENCH_02,CH_11,VALID,0,-100.0,100.0,synthetic
LOT_M01_C027,LOT_M01,IGSS,24,3.8269547718669217,nA,150.0,"HTGB (150°C, ±20V)",ATE_BENCH_02,CH_11,VALID,0,-100.0,100.0,synthetic
LOT_M01_C027,LOT_M01,IGSS,96,2.6846282654783105,nA,150.0,"HTGB (150°C, ±20V)",ATE_BENCH_02,CH_11,VALID,0,-100.0,100.0,synthetic
LOT_M01_C027,LOT_M01,IGSS,168,3.383554127923577,nA,150.0,"HTGB (150°C, ±20V)",ATE_BENCH_02,CH_11,VALID,0,-100.0,100.0,synthetic
LOT_M01_C028,LOT_M01,IDSS,0,0.51416100412148,uA,150.0,"HTRB (150°C, 80V)",ATE_BENCH_02,CH_12,VALID,0,,10.0,synthetic
LOT_M01_C028,LOT_M01,IDSS,24,0.49250541810661413,uA,150.0,"HTRB (150°C, 80V)",ATE_BENCH_02,CH_12,VALID,0,,10.0,synthetic
LOT_M01_C028,LOT_M01,IDSS,96,0.5370092583000963,uA,150.0,"HTRB (150°C, 80V)",ATE_BENCH_02,CH_12,VALID,0,,10.0,synthetic
LOT_M01_C028,LOT_M01,IDSS,168,0.5002996166771823,uA,150.0,"HTRB (150°C, 80V)",ATE_BENCH_02,CH_12,VALID,0,,10.0,synthetic
LOT_M01_C028,LOT_M01,VGS(th),0,3.547612317797494,V,150.0,"HTGB (150°C, 20V)",ATE_BENCH_02,CH_12,VALID,0,2.0,4.0,synthetic
LOT_M01_C028,LOT_M01,VGS(th),24,3.5558110827342215,V,150.0,"HTGB (150°C, 20V)",ATE_BENCH_02,CH_12,VALID,0,2.0,4.0,synthetic
LOT_M01_C028,LOT_M01,VGS(th),96,3.555172841272086,V,150.0,"HTGB (150°C, 20V)",ATE_BENCH_02,CH_12,VALID,0,2.0,4.0,synthetic
LOT_M01_C028,LOT_M01,VGS(th),168,3.5532776207604257,V,150.0,"HTGB (150°C, 20V)",ATE_BENCH_02,CH_12,VALID,0,2.0,4.0,synthetic
LOT_M01_C028,LOT_M01,RDS(on),0,48.37114452068856,mOhm,125.0,Operating Life / Power Conduction (TJ=125-150°C),ATE_BENCH_02,CH_12,VALID,0,,60.0,synthetic
LOT_M01_C028,LOT_M01,RDS(on),24,49.048826422722016,mOhm,125.0,Operating Life / Power Conduction (TJ=125-150°C),ATE_BENCH_02,CH_12,VALID,0,,60.0,synthetic
LOT_M01_C028,LOT_M01,RDS(on),96,49.065223347098346,mOhm,125.0,Operating Life / Power Conduction (TJ=125-150°C),ATE_BENCH_02,CH_12,VALID,0,,60.0,synthetic
LOT_M01_C028,LOT_M01,RDS(on),168,48.24485005833098,mOhm,125.0,Operating Life / Power Conduction (TJ=125-150°C),ATE_BENCH_02,CH_12,VALID,0,,60.0,synthetic
LOT_M01_C028,LOT_M01,IGSS,0,-1.5106165647843919,nA,150.0,"HTGB (150°C, ±20V)",ATE_BENCH_02,CH_12,VALID,0,-100.0,100.0,synthetic
LOT_M01_C028,LOT_M01,IGSS,24,-1.321006633069283,nA,150.0,"HTGB (150°C, ±20V)",ATE_BENCH_02,CH_12,VALID,0,-100.0,100.0,synthetic
LOT_M01_C028,LOT_M01,IGSS,96,-3.028325335804425,nA,150.0,"HTGB (150°C, ±20V)",ATE_BENCH_02,CH_12,VALID,0,-100.0,100.0,synthetic
LOT_M01_C028,LOT_M01,IGSS,168,-1.7258248022934448,nA,150.0,"HTGB (150°C, ±20V)",ATE_BENCH_02,CH_12,VALID,0,-100.0,100.0,synthetic
LOT_M01_C029,LOT_M01,IDSS,0,0.6884025194668333,uA,150.0,"HTRB (150°C, 80V)",ATE_BENCH_02,CH_13,VALID,0,,10.0,synthetic
LOT_M01_C029,LOT_M01,IDSS,24,0.7131493075361683,uA,150.0,"HTRB (150°C, 80V)",ATE_BENCH_02,CH_13,VALID,0,,10.0,synthetic
LOT_M01_C029,LOT_M01,IDSS,96,0.8315854086510264,uA,150.0,"HTRB (150°C, 80V)",ATE_BENCH_02,CH_13,VALID,0,,10.0,synthetic
LOT_M01_C029,LOT_M01,IDSS,168,0.7919447257123106,uA,150.0,"HTRB (150°C, 80V)",ATE_BENCH_02,CH_13,VALID,0,,10.0,synthetic
LOT_M01_C029,LOT_M01,VGS(th),0,3.0830988911288513,V,150.0,"HTGB (150°C, 20V)",ATE_BENCH_02,CH_13,VALID,0,2.0,4.0,synthetic
LOT_M01_C029,LOT_M01,VGS(th),24,3.098247566938297,V,150.0,"HTGB (150°C, 20V)",ATE_BENCH_02,CH_13,VALID,0,2.0,4.0,synthetic
LOT_M01_C029,LOT_M01,VGS(th),96,3.090817574810452,V,150.0,"HTGB (150°C, 20V)",ATE_BENCH_02,CH_13,VALID,0,2.0,4.0,synthetic
LOT_M01_C029,LOT_M01,VGS(th),168,3.090761896087323,V,150.0,"HTGB (150°C, 20V)",ATE_BENCH_02,CH_13,VALID,0,2.0,4.0,synthetic
LOT_M01_C029,LOT_M01,RDS(on),0,42.265761816844844,mOhm,125.0,Operating Life / Power Conduction (TJ=125-150°C),ATE_BENCH_02,CH_13,VALID,0,,60.0,synthetic
LOT_M01_C029,LOT_M01,RDS(on),24,42.21596488720378,mOhm,125.0,Operating Life / Power Conduction (TJ=125-150°C),ATE_BENCH_02,CH_13,VALID,0,,60.0,synthetic
LOT_M01_C029,LOT_M01,RDS(on),96,41.68949752880464,mOhm,125.0,Operating Life / Power Conduction (TJ=125-150°C),ATE_BENCH_02,CH_13,VALID,0,,60.0,synthetic
LOT_M01_C029,LOT_M01,RDS(on),168,42.505042911576545,mOhm,125.0,Operating Life / Power Conduction (TJ=125-150°C),ATE_BENCH_02,CH_13,VALID,0,,60.0,synthetic
LOT_M01_C029,LOT_M01,IGSS,0,0.8467683355747236,nA,150.0,"HTGB (150°C, ±20V)",ATE_BENCH_02,CH_13,VALID,0,-100.0,100.0,synthetic
LOT_M01_C029,LOT_M01,IGSS,24,2.009342851450564,nA,150.0,"HTGB (150°C, ±20V)",ATE_BENCH_02,CH_13,VALID,0,-100.0,100.0,synthetic
LOT_M01_C029,LOT_M01,IGSS,96,0.7417860836062804,nA,150.0,"HTGB (150°C, ±20V)",ATE_BENCH_02,CH_13,VALID,0,-100.0,100.0,synthetic
LOT_M01_C029,LOT_M01,IGSS,168,2.6895067083847657,nA,150.0,"HTGB (150°C, ±20V)",ATE_BENCH_02,CH_13,VALID,0,-100.0,100.0,synthetic
LOT_M01_C030,LOT_M01,IDSS,0,0.5718568655478096,uA,150.0,"HTRB (150°C, 80V)",ATE_BENCH_02,CH_14,VALID,0,,10.0,synthetic
LOT_M01_C030,LOT_M01,IDSS,24,0.6039402816992379,uA,150.0,"HTRB (150°C, 80V)",ATE_BENCH_02,CH_14,VALID,0,,10.0,synthetic
LOT_M01_C030,LOT_M01,IDSS,96,0.5696826523697448,uA,150.0,"HTRB (150°C, 80V)",ATE_BENCH_02,CH_14,VALID,0,,10.0,synthetic
LOT_M01_C030,LOT_M01,IDSS,168,0.4980272878127515,uA,150.0,"HTRB (150°C, 80V)",ATE_BENCH_02,CH_14,VALID,0,,10.0,synthetic
LOT_M01_C030,LOT_M01,VGS(th),0,3.0764607267248913,V,150.0,"HTGB (150°C, 20V)",ATE_BENCH_02,CH_14,VALID,0,2.0,4.0,synthetic
LOT_M01_C030,LOT_M01,VGS(th),24,3.066258202458118,V,150.0,"HTGB (150°C, 20V)",ATE_BENCH_02,CH_14,VALID,0,2.0,4.0,synthetic
LOT_M01_C030,LOT_M01,VGS(th),96,3.116481006709561,V,150.0,"HTGB (150°C, 20V)",ATE_BENCH_02,CH_14,VALID,0,2.0,4.0,synthetic
LOT_M01_C030,LOT_M01,VGS(th),168,3.0698026593172103,V,150.0,"HTGB (150°C, 20V)",ATE_BENCH_02,CH_14,VALID,0,2.0,4.0,synthetic
LOT_M01_C030,LOT_M01,RDS(on),0,56.077711694995514,mOhm,125.0,Operating Life / Power Conduction (TJ=125-150°C),ATE_BENCH_02,CH_14,VALID,0,,60.0,synthetic
LOT_M01_C030,LOT_M01,RDS(on),24,55.70951792450122,mOhm,125.0,Operating Life / Power Conduction (TJ=125-150°C),ATE_BENCH_02,CH_14,VALID,0,,60.0,synthetic
LOT_M01_C030,LOT_M01,RDS(on),96,56.27983925059419,mOhm,125.0,Operating Life / Power Conduction (TJ=125-150°C),ATE_BENCH_02,CH_14,VALID,0,,60.0,synthetic
LOT_M01_C030,LOT_M01,RDS(on),168,54.33598533584636,mOhm,125.0,Operating Life / Power Conduction (TJ=125-150°C),ATE_BENCH_02,CH_14,VALID,0,,60.0,synthetic
LOT_M01_C030,LOT_M01,IGSS,0,-3.23035221090369,nA,150.0,"HTGB (150°C, ±20V)",ATE_BENCH_02,CH_14,VALID,0,-100.0,100.0,synthetic
LOT_M01_C030,LOT_M01,IGSS,24,-1.8463880990741421,nA,150.0,"HTGB (150°C, ±20V)",ATE_BENCH_02,CH_14,VALID,0,-100.0,100.0,synthetic
LOT_M01_C030,LOT_M01,IGSS,96,-1.4340247117788916,nA,150.0,"HTGB (150°C, ±20V)",ATE_BENCH_02,CH_14,VALID,0,-100.0,100.0,synthetic
LOT_M01_C030,LOT_M01,IGSS,168,-1.8266788185057372,nA,150.0,"HTGB (150°C, ±20V)",ATE_BENCH_02,CH_14,VALID,0,-100.0,100.0,synthetic
LOT_W01_C001,LOT_W01,IDSS,0,2.988638043273575,uA,150.0,"HTRB (150°C, 80V)",ATE_BENCH_01,CH_01,VALID,0,,10.0,synthetic
LOT_W01_C001,LOT_W01,IDSS,24,2.87713491230839,uA,150.0,"HTRB (150°C, 80V)",ATE_BENCH_01,CH_01,VALID,0,,10.0,synthetic
LOT_W01_C001,LOT_W01,IDSS,96,3.0395966710204325,uA,150.0,"HTRB (150°C, 80V)",ATE_BENCH_01,CH_01,VALID,0,,10.0,synthetic
LOT_W01_C001,LOT_W01,IDSS,168,3.265116357682974,uA,150.0,"HTRB (150°C, 80V)",ATE_BENCH_01,CH_01,VALID,0,,10.0,synthetic
LOT_W01_C001,LOT_W01,VGS(th),0,2.7721181355534545,V,150.0,"HTGB (150°C, 20V)",ATE_BENCH_01,CH_01,VALID,0,2.0,4.0,synthetic
LOT_W01_C001,LOT_W01,VGS(th),24,2.7709711168497755,V,150.0,"HTGB (150°C, 20V)",ATE_BENCH_01,CH_01,VALID,0,2.0,4.0,synthetic
LOT_W01_C001,LOT_W01,VGS(th),96,2.813451487623747,V,150.0,"HTGB (150°C, 20V)",ATE_BENCH_01,CH_01,VALID,0,2.0,4.0,synthetic
LOT_W01_C001,LOT_W01,VGS(th),168,2.7742408980926214,V,150.0,"HTGB (150°C, 20V)",ATE_BENCH_01,CH_01,VALID,0,2.0,4.0,synthetic
LOT_W01_C001,LOT_W01,RDS(on),0,45.90257076937655,mOhm,125.0,Operating Life / Power Conduction (TJ=125-150°C),ATE_BENCH_01,CH_01,VALID,0,,60.0,synthetic
LOT_W01_C001,LOT_W01,RDS(on),24,46.09339454116762,mOhm,125.0,Operating Life / Power Conduction (TJ=125-150°C),ATE_BENCH_01,CH_01,VALID,0,,60.0,synthetic
LOT_W01_C001,LOT_W01,RDS(on),96,45.95910870006771,mOhm,125.0,Operating Life / Power Conduction (TJ=125-150°C),ATE_BENCH_01,CH_01,VALID,0,,60.0,synthetic
LOT_W01_C001,LOT_W01,RDS(on),168,46.029176574744476,mOhm,125.0,Operating Life / Power Conduction (TJ=125-150°C),ATE_BENCH_01,CH_01,VALID,0,,60.0,synthetic
LOT_W01_C001,LOT_W01,IGSS,0,3.026956969495733,nA,150.0,"HTGB (150°C, ±20V)",ATE_BENCH_01,CH_01,VALID,0,-100.0,100.0,synthetic
LOT_W01_C001,LOT_W01,IGSS,24,1.1597287100314289,nA,150.0,"HTGB (150°C, ±20V)",ATE_BENCH_01,CH_01,VALID,0,-100.0,100.0,synthetic
LOT_W01_C001,LOT_W01,IGSS,96,1.381445787334882,nA,150.0,"HTGB (150°C, ±20V)",ATE_BENCH_01,CH_01,VALID,0,-100.0,100.0,synthetic
LOT_W01_C001,LOT_W01,IGSS,168,0.7794265109341112,nA,150.0,"HTGB (150°C, ±20V)",ATE_BENCH_01,CH_01,VALID,0,-100.0,100.0,synthetic
LOT_W01_C002,LOT_W01,IDSS,0,1.850560300362463,uA,150.0,"HTRB (150°C, 80V)",ATE_BENCH_01,CH_02,VALID,0,,10.0,synthetic
LOT_W01_C002,LOT_W01,IDSS,24,1.9594820591169895,uA,150.0,"HTRB (150°C, 80V)",ATE_BENCH_01,CH_02,VALID,0,,10.0,synthetic
LOT_W01_C002,LOT_W01,IDSS,96,2.9658501879729164,uA,150.0,"HTRB (150°C, 80V)",ATE_BENCH_01,CH_02,VALID,0,,10.0,synthetic
LOT_W01_C002,LOT_W01,IDSS,168,4.952179871291881,uA,150.0,"HTRB (150°C, 80V)",ATE_BENCH_01,CH_02,VALID,0,,10.0,synthetic
LOT_W01_C002,LOT_W01,VGS(th),0,3.1518445011544984,V,150.0,"HTGB (150°C, 20V)",ATE_BENCH_01,CH_02,VALID,0,2.0,4.0,synthetic
LOT_W01_C002,LOT_W01,VGS(th),24,3.1522810609594023,V,150.0,"HTGB (150°C, 20V)",ATE_BENCH_01,CH_02,VALID,0,2.0,4.0,synthetic
LOT_W01_C002,LOT_W01,VGS(th),96,3.143168367696314,V,150.0,"HTGB (150°C, 20V)",ATE_BENCH_01,CH_02,VALID,0,2.0,4.0,synthetic
LOT_W01_C002,LOT_W01,VGS(th),168,3.13862223184453,V,150.0,"HTGB (150°C, 20V)",ATE_BENCH_01,CH_02,VALID,0,2.0,4.0,synthetic
LOT_W01_C002,LOT_W01,RDS(on),0,54.66515695290218,mOhm,125.0,Operating Life / Power Conduction (TJ=125-150°C),ATE_BENCH_01,CH_02,VALID,0,,60.0,synthetic
LOT_W01_C002,LOT_W01,RDS(on),24,55.03434302354278,mOhm,125.0,Operating Life / Power Conduction (TJ=125-150°C),ATE_BENCH_01,CH_02,VALID,0,,60.0,synthetic
LOT_W01_C002,LOT_W01,RDS(on),96,53.71591713862929,mOhm,125.0,Operating Life / Power Conduction (TJ=125-150°C),ATE_BENCH_01,CH_02,VALID,0,,60.0,synthetic
LOT_W01_C002,LOT_W01,RDS(on),168,53.94588763346729,mOhm,125.0,Operating Life / Power Conduction (TJ=125-150°C),ATE_BENCH_01,CH_02,VALID,0,,60.0,synthetic
LOT_W01_C002,LOT_W01,IGSS,0,-1.645280931452224,nA,150.0,"HTGB (150°C, ±20V)",ATE_BENCH_01,CH_02,VALID,0,-100.0,100.0,synthetic
LOT_W01_C002,LOT_W01,IGSS,24,-1.128469176068271,nA,150.0,"HTGB (150°C, ±20V)",ATE_BENCH_01,CH_02,VALID,0,-100.0,100.0,synthetic
LOT_W01_C002,LOT_W01,IGSS,96,-2.4391989486370655,nA,150.0,"HTGB (150°C, ±20V)",ATE_BENCH_01,CH_02,VALID,0,-100.0,100.0,synthetic
LOT_W01_C002,LOT_W01,IGSS,168,-3.9214350510069744,nA,150.0,"HTGB (150°C, ±20V)",ATE_BENCH_01,CH_02,VALID,0,-100.0,100.0,synthetic
LOT_W01_C003,LOT_W01,IDSS,0,0.6320168871609922,uA,150.0,"HTRB (150°C, 80V)",ATE_BENCH_01,CH_03,VALID,0,,10.0,synthetic
LOT_W01_C003,LOT_W01,IDSS,24,0.5674893862993402,uA,150.0,"HTRB (150°C, 80V)",ATE_BENCH_01,CH_03,VALID,0,,10.0,synthetic
LOT_W01_C003,LOT_W01,IDSS,168,0.612888267249498,uA,150.0,"HTRB (150°C, 80V)",ATE_BENCH_01,CH_03,VALID,0,,10.0,synthetic
LOT_W01_C003,LOT_W01,VGS(th),0,3.6395331355942133,V,150.0,"HTGB (150°C, 20V)",ATE_BENCH_01,CH_03,VALID,0,2.0,4.0,synthetic
LOT_W01_C003,LOT_W01,VGS(th),24,3.6441206491497544,V,150.0,"HTGB (150°C, 20V)",ATE_BENCH_01,CH_03,VALID,0,2.0,4.0,synthetic
LOT_W01_C003,LOT_W01,VGS(th),96,3.6818236763390857,V,150.0,"HTGB (150°C, 20V)",ATE_BENCH_01,CH_03,VALID,0,2.0,4.0,synthetic
LOT_W01_C003,LOT_W01,VGS(th),168,3.626318742261984,V,150.0,"HTGB (150°C, 20V)",ATE_BENCH_01,CH_03,VALID,0,2.0,4.0,synthetic
LOT_W01_C003,LOT_W01,RDS(on),0,45.88515764260195,mOhm,125.0,Operating Life / Power Conduction (TJ=125-150°C),ATE_BENCH_01,CH_03,VALID,0,,60.0,synthetic
LOT_W01_C003,LOT_W01,RDS(on),24,45.87004059405434,mOhm,125.0,Operating Life / Power Conduction (TJ=125-150°C),ATE_BENCH_01,CH_03,VALID,0,,60.0,synthetic
LOT_W01_C003,LOT_W01,RDS(on),96,44.89597762999927,mOhm,125.0,Operating Life / Power Conduction (TJ=125-150°C),ATE_BENCH_01,CH_03,VALID,0,,60.0,synthetic
LOT_W01_C003,LOT_W01,RDS(on),168,45.316442805640946,mOhm,125.0,Operating Life / Power Conduction (TJ=125-150°C),ATE_BENCH_01,CH_03,VALID,0,,60.0,synthetic
LOT_W01_C003,LOT_W01,IGSS,0,2.2644902105113514,nA,150.0,"HTGB (150°C, ±20V)",ATE_BENCH_01,CH_03,VALID,0,-100.0,100.0,synthetic
LOT_W01_C003,LOT_W01,IGSS,24,2.482009834070814,nA,150.0,"HTGB (150°C, ±20V)",ATE_BENCH_01,CH_03,VALID,0,-100.0,100.0,synthetic
LOT_W01_C003,LOT_W01,IGSS,96,2.3946097193713585,nA,150.0,"HTGB (150°C, ±20V)",ATE_BENCH_01,CH_03,VALID,0,-100.0,100.0,synthetic
LOT_W01_C003,LOT_W01,IGSS,168,2.8234803411161575,nA,150.0,"HTGB (150°C, ±20V)",ATE_BENCH_01,CH_03,VALID,0,-100.0,100.0,synthetic
LOT_W01_C004,LOT_W01,IDSS,0,0.3674375164646959,uA,150.0,"HTRB (150°C, 80V)",ATE_BENCH_01,CH_04,VALID,0,,10.0,synthetic
LOT_W01_C004,LOT_W01,IDSS,24,0.46569897479330635,uA,150.0,"HTRB (150°C, 80V)",ATE_BENCH_01,CH_04,VALID,0,,10.0,synthetic
LOT_W01_C004,LOT_W01,IDSS,96,0.4288491372743221,uA,150.0,"HTRB (150°C, 80V)",ATE_BENCH_01,CH_04,VALID,0,,10.0,synthetic
LOT_W01_C004,LOT_W01,IDSS,168,0.3503432527101733,uA,150.0,"HTRB (150°C, 80V)",ATE_BENCH_01,CH_04,VALID,0,,10.0,synthetic
LOT_W01_C004,LOT_W01,VGS(th),0,3.6365865361429957,V,150.0,"HTGB (150°C, 20V)",ATE_BENCH_01,CH_04,VALID,0,2.0,4.0,synthetic
LOT_W01_C004,LOT_W01,VGS(th),24,3.6021344172643714,V,150.0,"HTGB (150°C, 20V)",ATE_BENCH_01,CH_04,VALID,0,2.0,4.0,synthetic
LOT_W01_C004,LOT_W01,VGS(th),96,3.6549557613813906,V,150.0,"HTGB (150°C, 20V)",ATE_BENCH_01,CH_04,VALID,0,2.0,4.0,synthetic
LOT_W01_C004,LOT_W01,VGS(th),168,3.6192871253987966,V,150.0,"HTGB (150°C, 20V)",ATE_BENCH_01,CH_04,VALID,0,2.0,4.0,synthetic
LOT_W01_C004,LOT_W01,RDS(on),0,46.69085564500955,mOhm,125.0,Operating Life / Power Conduction (TJ=125-150°C),ATE_BENCH_01,CH_04,VALID,0,,60.0,synthetic
LOT_W01_C004,LOT_W01,RDS(on),24,47.045686929128266,mOhm,125.0,Operating Life / Power Conduction (TJ=125-150°C),ATE_BENCH_01,CH_04,VALID,0,,60.0,synthetic
LOT_W01_C004,LOT_W01,RDS(on),96,46.65194573514991,mOhm,125.0,Operating Life / Power Conduction (TJ=125-150°C),ATE_BENCH_01,CH_04,VALID,0,,60.0,synthetic
LOT_W01_C004,LOT_W01,RDS(on),168,46.97073373807477,mOhm,125.0,Operating Life / Power Conduction (TJ=125-150°C),ATE_BENCH_01,CH_04,VALID,0,,60.0,synthetic
LOT_W01_C004,LOT_W01,IGSS,0,-1.8284962080838123,nA,150.0,"HTGB (150°C, ±20V)",ATE_BENCH_01,CH_04,VALID,0,-100.0,100.0,synthetic
LOT_W01_C004,LOT_W01,IGSS,24,-1.408168252033455,nA,150.0,"HTGB (150°C, ±20V)",ATE_BENCH_01,CH_04,VALID,0,-100.0,100.0,synthetic
LOT_W01_C004,LOT_W01,IGSS,96,-1.1663148083962562,nA,150.0,"HTGB (150°C, ±20V)",ATE_BENCH_01,CH_04,VALID,0,-100.0,100.0,synthetic
LOT_W01_C004,LOT_W01,IGSS,168,-1.4393904773141148,nA,150.0,"HTGB (150°C, ±20V)",ATE_BENCH_01,CH_04,VALID,0,-100.0,100.0,synthetic
LOT_W01_C005,LOT_W01,IDSS,0,0.313974727501979,uA,150.0,"HTRB (150°C, 80V)",ATE_BENCH_01,CH_05,VALID,0,,10.0,synthetic
LOT_W01_C005,LOT_W01,IDSS,24,0.34359924057553376,uA,150.0,"HTRB (150°C, 80V)",ATE_BENCH_01,CH_05,VALID,0,,10.0,synthetic
LOT_W01_C005,LOT_W01,IDSS,96,0.3847501556466031,uA,150.0,"HTRB (150°C, 80V)",ATE_BENCH_01,CH_05,VALID,0,,10.0,synthetic
LOT_W01_C005,LOT_W01,IDSS,168,0.3411731956028534,uA,150.0,"HTRB (150°C, 80V)",ATE_BENCH_01,CH_05,VALID,0,,10.0,synthetic
LOT_W01_C005,LOT_W01,VGS(th),0,2.9266481312319637,V,150.0,"HTGB (150°C, 20V)",ATE_BENCH_01,CH_05,VALID,0,2.0,4.0,synthetic
LOT_W01_C005,LOT_W01,VGS(th),24,2.8858519688745408,V,150.0,"HTGB (150°C, 20V)",ATE_BENCH_01,CH_05,VALID,0,2.0,4.0,synthetic
LOT_W01_C005,LOT_W01,VGS(th),96,2.8746461705164665,V,150.0,"HTGB (150°C, 20V)",ATE_BENCH_01,CH_05,VALID,0,2.0,4.0,synthetic
LOT_W01_C005,LOT_W01,VGS(th),168,2.870516648586915,V,150.0,"HTGB (150°C, 20V)",ATE_BENCH_01,CH_05,VALID,0,2.0,4.0,synthetic
LOT_W01_C005,LOT_W01,RDS(on),0,52.88095203751939,mOhm,125.0,Operating Life / Power Conduction (TJ=125-150°C),ATE_BENCH_01,CH_05,VALID,0,,60.0,synthetic
LOT_W01_C005,LOT_W01,RDS(on),24,53.858616907291704,mOhm,125.0,Operating Life / Power Conduction (TJ=125-150°C),ATE_BENCH_01,CH_05,VALID,0,,60.0,synthetic
LOT_W01_C005,LOT_W01,RDS(on),96,53.11593477274638,mOhm,125.0,Operating Life / Power Conduction (TJ=125-150°C),ATE_BENCH_01,CH_05,VALID,0,,60.0,synthetic
LOT_W01_C005,LOT_W01,RDS(on),168,53.88259981167818,mOhm,125.0,Operating Life / Power Conduction (TJ=125-150°C),ATE_BENCH_01,CH_05,VALID,0,,60.0,synthetic
LOT_W01_C005,LOT_W01,IGSS,0,2.0047544109232596,nA,150.0,"HTGB (150°C, ±20V)",ATE_BENCH_01,CH_05,VALID,0,-100.0,100.0,synthetic
LOT_W01_C005,LOT_W01,IGSS,24,1.3508718396313293,nA,150.0,"HTGB (150°C, ±20V)",ATE_BENCH_01,CH_05,VALID,0,-100.0,100.0,synthetic
LOT_W01_C005,LOT_W01,IGSS,96,1.887482841857572,nA,150.0,"HTGB (150°C, ±20V)",ATE_BENCH_01,CH_05,VALID,0,-100.0,100.0,synthetic
LOT_W01_C005,LOT_W01,IGSS,168,1.0467694937052177,nA,150.0,"HTGB (150°C, ±20V)",ATE_BENCH_01,CH_05,VALID,0,-100.0,100.0,synthetic
LOT_W01_C006,LOT_W01,IDSS,0,0.29543943245305787,uA,150.0,"HTRB (150°C, 80V)",ATE_BENCH_01,CH_06,VALID,0,,10.0,synthetic
LOT_W01_C006,LOT_W01,IDSS,24,0.28542190148704233,uA,150.0,"HTRB (150°C, 80V)",ATE_BENCH_01,CH_06,VALID,0,,10.0,synthetic
LOT_W01_C006,LOT_W01,IDSS,96,0.26904064317393245,uA,150.0,"HTRB (150°C, 80V)",ATE_BENCH_01,CH_06,VALID,0,,10.0,synthetic
LOT_W01_C006,LOT_W01,IDSS,168,0.3065766054384133,uA,150.0,"HTRB (150°C, 80V)",ATE_BENCH_01,CH_06,VALID,0,,10.0,synthetic
LOT_W01_C006,LOT_W01,VGS(th),0,2.9661263464062277,V,150.0,"HTGB (150°C, 20V)",ATE_BENCH_01,CH_06,VALID,0,2.0,4.0,synthetic
LOT_W01_C006,LOT_W01,VGS(th),24,2.9765798104092975,V,150.0,"HTGB (150°C, 20V)",ATE_BENCH_01,CH_06,VALID,0,2.0,4.0,synthetic
LOT_W01_C006,LOT_W01,VGS(th),96,2.955565996010851,V,150.0,"HTGB (150°C, 20V)",ATE_BENCH_01,CH_06,VALID,0,2.0,4.0,synthetic
LOT_W01_C006,LOT_W01,VGS(th),168,2.986989006859398,V,150.0,"HTGB (150°C, 20V)",ATE_BENCH_01,CH_06,VALID,0,2.0,4.0,synthetic
LOT_W01_C006,LOT_W01,RDS(on),0,56.50676180669696,mOhm,125.0,Operating Life / Power Conduction (TJ=125-150°C),ATE_BENCH_01,CH_06,VALID,0,,60.0,synthetic
LOT_W01_C006,LOT_W01,RDS(on),24,57.79618369455298,mOhm,125.0,Operating Life / Power Conduction (TJ=125-150°C),ATE_BENCH_01,CH_06,VALID,0,,60.0,synthetic
LOT_W01_C006,LOT_W01,RDS(on),96,58.05299368203922,mOhm,125.0,Operating Life / Power Conduction (TJ=125-150°C),ATE_BENCH_01,CH_06,VALID,0,,60.0,synthetic
LOT_W01_C006,LOT_W01,RDS(on),168,55.97351152327605,mOhm,125.0,Operating Life / Power Conduction (TJ=125-150°C),ATE_BENCH_01,CH_06,VALID,0,,60.0,synthetic
LOT_W01_C006,LOT_W01,IGSS,0,-3.0059373023730127,nA,150.0,"HTGB (150°C, ±20V)",ATE_BENCH_01,CH_06,VALID,0,-100.0,100.0,synthetic
LOT_W01_C006,LOT_W01,IGSS,24,-2.8209884584314215,nA,150.0,"HTGB (150°C, ±20V)",ATE_BENCH_01,CH_06,VALID,0,-100.0,100.0,synthetic
LOT_W01_C006,LOT_W01,IGSS,96,-2.244372249270809,nA,150.0,"HTGB (150°C, ±20V)",ATE_BENCH_01,CH_06,VALID,0,-100.0,100.0,synthetic
LOT_W01_C006,LOT_W01,IGSS,168,-3.537374327376175,nA,150.0,"HTGB (150°C, ±20V)",ATE_BENCH_01,CH_06,VALID,0,-100.0,100.0,synthetic
LOT_W01_C007,LOT_W01,IDSS,0,0.4493002403261421,uA,150.0,"HTRB (150°C, 80V)",ATE_BENCH_01,CH_07,VALID,0,,10.0,synthetic
LOT_W01_C007,LOT_W01,IDSS,24,0.6191573607726149,uA,150.0,"HTRB (150°C, 80V)",ATE_BENCH_01,CH_07,VALID,0,,10.0,synthetic
LOT_W01_C007,LOT_W01,IDSS,96,0.5367898982541172,uA,150.0,"HTRB (150°C, 80V)",ATE_BENCH_01,CH_07,VALID,0,,10.0,synthetic
LOT_W01_C007,LOT_W01,IDSS,168,0.4327825481709398,uA,150.0,"HTRB (150°C, 80V)",ATE_BENCH_01,CH_07,VALID,0,,10.0,synthetic
LOT_W01_C007,LOT_W01,VGS(th),0,3.0161921473700177,V,150.0,"HTGB (150°C, 20V)",ATE_BENCH_01,CH_07,VALID,0,2.0,4.0,synthetic
LOT_W01_C007,LOT_W01,VGS(th),24,2.9925564439918366,V,150.0,"HTGB (150°C, 20V)",ATE_BENCH_01,CH_07,VALID,0,2.0,4.0,synthetic
LOT_W01_C007,LOT_W01,VGS(th),96,2.991878859961535,V,150.0,"HTGB (150°C, 20V)",ATE_BENCH_01,CH_07,VALID,0,2.0,4.0,synthetic
LOT_W01_C007,LOT_W01,VGS(th),168,2.9694159108848432,V,150.0,"HTGB (150°C, 20V)",ATE_BENCH_01,CH_07,VALID,0,2.0,4.0,synthetic
LOT_W01_C007,LOT_W01,RDS(on),0,50.751750228336924,mOhm,125.0,Operating Life / Power Conduction (TJ=125-150°C),ATE_BENCH_01,CH_07,VALID,0,,60.0,synthetic
LOT_W01_C007,LOT_W01,RDS(on),24,52.14779878345106,mOhm,125.0,Operating Life / Power Conduction (TJ=125-150°C),ATE_BENCH_01,CH_07,VALID,0,,60.0,synthetic
LOT_W01_C007,LOT_W01,RDS(on),96,52.052669319868954,mOhm,125.0,Operating Life / Power Conduction (TJ=125-150°C),ATE_BENCH_01,CH_07,VALID,0,,60.0,synthetic
LOT_W01_C007,LOT_W01,RDS(on),168,51.731057247089495,mOhm,125.0,Operating Life / Power Conduction (TJ=125-150°C),ATE_BENCH_01,CH_07,VALID,0,,60.0,synthetic
LOT_W01_C007,LOT_W01,IGSS,0,3.1936265544097124,nA,150.0,"HTGB (150°C, ±20V)",ATE_BENCH_01,CH_07,VALID,0,-100.0,100.0,synthetic
LOT_W01_C007,LOT_W01,IGSS,24,2.1187010323152764,nA,150.0,"HTGB (150°C, ±20V)",ATE_BENCH_01,CH_07,VALID,0,-100.0,100.0,synthetic
LOT_W01_C007,LOT_W01,IGSS,96,2.0404284109077113,nA,150.0,"HTGB (150°C, ±20V)",ATE_BENCH_01,CH_07,VALID,0,-100.0,100.0,synthetic
LOT_W01_C007,LOT_W01,IGSS,168,4.455863084067919,nA,150.0,"HTGB (150°C, ±20V)",ATE_BENCH_01,CH_07,VALID,0,-100.0,100.0,synthetic
LOT_W01_C008,LOT_W01,IDSS,0,2.372142788901995,uA,150.0,"HTRB (150°C, 80V)",ATE_BENCH_01,CH_08,VALID,0,,10.0,synthetic
LOT_W01_C008,LOT_W01,IDSS,24,2.238871508154893,uA,150.0,"HTRB (150°C, 80V)",ATE_BENCH_01,CH_08,VALID,0,,10.0,synthetic
LOT_W01_C008,LOT_W01,IDSS,96,2.202929669479895,uA,150.0,"HTRB (150°C, 80V)",ATE_BENCH_01,CH_08,VALID,0,,10.0,synthetic
LOT_W01_C008,LOT_W01,IDSS,168,2.3139749262169,uA,150.0,"HTRB (150°C, 80V)",ATE_BENCH_01,CH_08,VALID,0,,10.0,synthetic
LOT_W01_C008,LOT_W01,VGS(th),0,3.0135459011239623,V,150.0,"HTGB (150°C, 20V)",ATE_BENCH_01,CH_08,VALID,0,2.0,4.0,synthetic
LOT_W01_C008,LOT_W01,VGS(th),24,3.0135965036000125,V,150.0,"HTGB (150°C, 20V)",ATE_BENCH_01,CH_08,VALID,0,2.0,4.0,synthetic
LOT_W01_C008,LOT_W01,VGS(th),96,3.0277383019124042,V,150.0,"HTGB (150°C, 20V)",ATE_BENCH_01,CH_08,VALID,0,2.0,4.0,synthetic
LOT_W01_C008,LOT_W01,VGS(th),168,2.9947922074423627,V,150.0,"HTGB (150°C, 20V)",ATE_BENCH_01,CH_08,VALID,0,2.0,4.0,synthetic
LOT_W01_C008,LOT_W01,RDS(on),0,44.427044468459165,mOhm,125.0,Operating Life / Power Conduction (TJ=125-150°C),ATE_BENCH_01,CH_08,VALID,0,,60.0,synthetic
LOT_W01_C008,LOT_W01,RDS(on),24,45.78195102949851,mOhm,125.0,Operating Life / Power Conduction (TJ=125-150°C),ATE_BENCH_01,CH_08,VALID,0,,60.0,synthetic
LOT_W01_C008,LOT_W01,RDS(on),96,46.31300873368929,mOhm,125.0,Operating Life / Power Conduction (TJ=125-150°C),ATE_BENCH_01,CH_08,VALID,0,,60.0,synthetic
LOT_W01_C008,LOT_W01,RDS(on),168,45.37404209751297,mOhm,125.0,Operating Life / Power Conduction (TJ=125-150°C),ATE_BENCH_01,CH_08,VALID,0,,60.0,synthetic
LOT_W01_C008,LOT_W01,IGSS,0,-2.9704109432307444,nA,150.0,"HTGB (150°C, ±20V)",ATE_BENCH_01,CH_08,VALID,0,-100.0,100.0,synthetic
LOT_W01_C008,LOT_W01,IGSS,24,-2.1120439575369807,nA,150.0,"HTGB (150°C, ±20V)",ATE_BENCH_01,CH_08,VALID,0,-100.0,100.0,synthetic
LOT_W01_C008,LOT_W01,IGSS,96,-3.155968603098661,nA,150.0,"HTGB (150°C, ±20V)",ATE_BENCH_01,CH_08,VALID,0,-100.0,100.0,synthetic
LOT_W01_C008,LOT_W01,IGSS,168,-4.158635149345081,nA,150.0,"HTGB (150°C, ±20V)",ATE_BENCH_01,CH_08,VALID,0,-100.0,100.0,synthetic
LOT_W01_C009,LOT_W01,IDSS,0,0.5592183915469735,uA,150.0,"HTRB (150°C, 80V)",ATE_BENCH_01,CH_09,VALID,0,,10.0,synthetic
LOT_W01_C009,LOT_W01,IDSS,24,0.5507173390455113,uA,150.0,"HTRB (150°C, 80V)",ATE_BENCH_01,CH_09,VALID,0,,10.0,synthetic
LOT_W01_C009,LOT_W01,IDSS,96,0.5665097871231107,uA,150.0,"HTRB (150°C, 80V)",ATE_BENCH_01,CH_09,VALID,0,,10.0,synthetic
LOT_W01_C009,LOT_W01,IDSS,168,0.5616771080202615,uA,150.0,"HTRB (150°C, 80V)",ATE_BENCH_01,CH_09,VALID,0,,10.0,synthetic
LOT_W01_C009,LOT_W01,VGS(th),0,2.901471020826517,V,150.0,"HTGB (150°C, 20V)",ATE_BENCH_01,CH_09,VALID,0,2.0,4.0,synthetic
LOT_W01_C009,LOT_W01,VGS(th),24,2.8455459659115414,V,150.0,"HTGB (150°C, 20V)",ATE_BENCH_01,CH_09,VALID,0,2.0,4.0,synthetic
LOT_W01_C009,LOT_W01,VGS(th),96,2.883513373258078,V,150.0,"HTGB (150°C, 20V)",ATE_BENCH_01,CH_09,VALID,0,2.0,4.0,synthetic
LOT_W01_C009,LOT_W01,VGS(th),168,2.8918862588260374,V,150.0,"HTGB (150°C, 20V)",ATE_BENCH_01,CH_09,VALID,0,2.0,4.0,synthetic
LOT_W01_C009,LOT_W01,RDS(on),0,46.51335353446379,mOhm,125.0,Operating Life / Power Conduction (TJ=125-150°C),ATE_BENCH_01,CH_09,VALID,0,,60.0,synthetic
LOT_W01_C009,LOT_W01,RDS(on),24,46.28765224771375,mOhm,125.0,Operating Life / Power Conduction (TJ=125-150°C),ATE_BENCH_01,CH_09,VALID,0,,60.0,synthetic
LOT_W01_C009,LOT_W01,RDS(on),96,47.002549815784434,mOhm,125.0,Operating Life / Power Conduction (TJ=125-150°C),ATE_BENCH_01,CH_09,VALID,0,,60.0,synthetic
LOT_W01_C009,LOT_W01,RDS(on),168,46.096979149491645,mOhm,125.0,Operating Life / Power Conduction (TJ=125-150°C),ATE_BENCH_01,CH_09,VALID,0,,60.0,synthetic
LOT_W01_C009,LOT_W01,IGSS,0,1.1636835580067204,nA,150.0,"HTGB (150°C, ±20V)",ATE_BENCH_01,CH_09,VALID,0,-100.0,100.0,synthetic
LOT_W01_C009,LOT_W01,IGSS,24,2.366916461892862,nA,150.0,"HTGB (150°C, ±20V)",ATE_BENCH_01,CH_09,VALID,0,-100.0,100.0,synthetic
LOT_W01_C009,LOT_W01,IGSS,96,1.8055185053672758,nA,150.0,"HTGB (150°C, ±20V)",ATE_BENCH_01,CH_09,VALID,0,-100.0,100.0,synthetic
LOT_W01_C009,LOT_W01,IGSS,168,2.2377522590979813,nA,150.0,"HTGB (150°C, ±20V)",ATE_BENCH_01,CH_09,VALID,0,-100.0,100.0,synthetic
LOT_W01_C010,LOT_W01,IDSS,0,0.4454182754598797,uA,150.0,"HTRB (150°C, 80V)",ATE_BENCH_01,CH_10,VALID,0,,10.0,synthetic
LOT_W01_C010,LOT_W01,IDSS,24,0.4452342307811606,uA,150.0,"HTRB (150°C, 80V)",ATE_BENCH_01,CH_10,VALID,0,,10.0,synthetic
LOT_W01_C010,LOT_W01,IDSS,96,0.4297412189726749,uA,150.0,"HTRB (150°C, 80V)",ATE_BENCH_01,CH_10,VALID,0,,10.0,synthetic
LOT_W01_C010,LOT_W01,IDSS,168,0.4703331035978316,uA,150.0,"HTRB (150°C, 80V)",ATE_BENCH_01,CH_10,VALID,0,,10.0,synthetic
LOT_W01_C010,LOT_W01,VGS(th),0,3.657948111398903,V,150.0,"HTGB (150°C, 20V)",ATE_BENCH_01,CH_10,VALID,0,2.0,4.0,synthetic
LOT_W01_C010,LOT_W01,VGS(th),24,3.687614016024028,V,150.0,"HTGB (150°C, 20V)",ATE_BENCH_01,CH_10,VALID,0,2.0,4.0,synthetic
LOT_W01_C010,LOT_W01,VGS(th),96,3.6152681110195677,V,150.0,"HTGB (150°C, 20V)",ATE_BENCH_01,CH_10,VALID,0,2.0,4.0,synthetic
LOT_W01_C010,LOT_W01,VGS(th),168,3.657312549609317,V,150.0,"HTGB (150°C, 20V)",ATE_BENCH_01,CH_10,VALID,0,2.0,4.0,synthetic
LOT_W01_C010,LOT_W01,RDS(on),0,49.9100906962631,mOhm,125.0,Operating Life / Power Conduction (TJ=125-150°C),ATE_BENCH_01,CH_10,VALID,0,,60.0,synthetic
LOT_W01_C010,LOT_W01,RDS(on),24,50.87433211037539,mOhm,125.0,Operating Life / Power Conduction (TJ=125-150°C),ATE_BENCH_01,CH_10,VALID,0,,60.0,synthetic
LOT_W01_C010,LOT_W01,RDS(on),96,50.03550222490726,mOhm,125.0,Operating Life / Power Conduction (TJ=125-150°C),ATE_BENCH_01,CH_10,VALID,0,,60.0,synthetic
LOT_W01_C010,LOT_W01,RDS(on),168,49.63068076238079,mOhm,125.0,Operating Life / Power Conduction (TJ=125-150°C),ATE_BENCH_01,CH_10,VALID,0,,60.0,synthetic
LOT_W01_C010,LOT_W01,IGSS,0,-1.660487261863573,nA,150.0,"HTGB (150°C, ±20V)",ATE_BENCH_01,CH_10,VALID,0,-100.0,100.0,synthetic
LOT_W01_C010,LOT_W01,IGSS,24,-2.8479521831792627,nA,150.0,"HTGB (150°C, ±20V)",ATE_BENCH_01,CH_10,VALID,0,-100.0,100.0,synthetic
LOT_W01_C010,LOT_W01,IGSS,96,-1.6823518299211917,nA,150.0,"HTGB (150°C, ±20V)",ATE_BENCH_01,CH_10,VALID,0,-100.0,100.0,synthetic
LOT_W01_C010,LOT_W01,IGSS,168,-1.6641079468954403,nA,150.0,"HTGB (150°C, ±20V)",ATE_BENCH_01,CH_10,VALID,0,-100.0,100.0,synthetic
LOT_W01_C011,LOT_W01,IDSS,0,0.2732433676797062,uA,150.0,"HTRB (150°C, 80V)",ATE_BENCH_01,CH_11,VALID,0,,10.0,synthetic
LOT_W01_C011,LOT_W01,IDSS,24,0.2939496947969373,uA,150.0,"HTRB (150°C, 80V)",ATE_BENCH_01,CH_11,VALID,0,,10.0,synthetic
LOT_W01_C011,LOT_W01,IDSS,96,0.2823994320929995,uA,150.0,"HTRB (150°C, 80V)",ATE_BENCH_01,CH_11,VALID,0,,10.0,synthetic
LOT_W01_C011,LOT_W01,IDSS,168,0.2930359970238383,uA,150.0,"HTRB (150°C, 80V)",ATE_BENCH_01,CH_11,VALID,0,,10.0,synthetic
LOT_W01_C011,LOT_W01,VGS(th),0,2.7810088653124585,V,150.0,"HTGB (150°C, 20V)",ATE_BENCH_01,CH_11,VALID,0,2.0,4.0,synthetic
LOT_W01_C011,LOT_W01,VGS(th),24,2.858467778014029,V,150.0,"HTGB (150°C, 20V)",ATE_BENCH_01,CH_11,VALID,0,2.0,4.0,synthetic
LOT_W01_C011,LOT_W01,VGS(th),96,2.850684774306266,V,150.0,"HTGB (150°C, 20V)",ATE_BENCH_01,CH_11,VALID,0,2.0,4.0,synthetic
LOT_W01_C011,LOT_W01,VGS(th),168,2.8059573840072263,V,150.0,"HTGB (150°C, 20V)",ATE_BENCH_01,CH_11,VALID,0,2.0,4.0,synthetic
LOT_W01_C011,LOT_W01,RDS(on),0,52.43263080988401,mOhm,125.0,Operating Life / Power Conduction (TJ=125-150°C),ATE_BENCH_01,CH_11,VALID,0,,60.0,synthetic
LOT_W01_C011,LOT_W01,RDS(on),24,53.224752519822154,mOhm,125.0,Operating Life / Power Conduction (TJ=125-150°C),ATE_BENCH_01,CH_11,VALID,0,,60.0,synthetic
LOT_W01_C011,LOT_W01,RDS(on),96,52.32556206262097,mOhm,125.0,Operating Life / Power Conduction (TJ=125-150°C),ATE_BENCH_01,CH_11,VALID,0,,60.0,synthetic
LOT_W01_C011,LOT_W01,RDS(on),168,51.340592040156025,mOhm,125.0,Operating Life / Power Conduction (TJ=125-150°C),ATE_BENCH_01,CH_11,VALID,0,,60.0,synthetic
LOT_W01_C011,LOT_W01,IGSS,0,2.1018406727879606,nA,150.0,"HTGB (150°C, ±20V)",ATE_BENCH_01,CH_11,VALID,0,-100.0,100.0,synthetic
LOT_W01_C011,LOT_W01,IGSS,24,2.6812948176664477,nA,150.0,"HTGB (150°C, ±20V)",ATE_BENCH_01,CH_11,VALID,0,-100.0,100.0,synthetic
LOT_W01_C011,LOT_W01,IGSS,96,2.500179364779802,nA,150.0,"HTGB (150°C, ±20V)",ATE_BENCH_01,CH_11,VALID,0,-100.0,100.0,synthetic
LOT_W01_C011,LOT_W01,IGSS,168,2.097058877825478,nA,150.0,"HTGB (150°C, ±20V)",ATE_BENCH_01,CH_11,VALID,0,-100.0,100.0,synthetic
LOT_W01_C012,LOT_W01,IDSS,0,0.3102305202086655,uA,150.0,"HTRB (150°C, 80V)",ATE_BENCH_01,CH_12,VALID,0,,10.0,synthetic
LOT_W01_C012,LOT_W01,IDSS,24,0.33742026043536566,uA,150.0,"HTRB (150°C, 80V)",ATE_BENCH_01,CH_12,VALID,0,,10.0,synthetic
LOT_W01_C012,LOT_W01,IDSS,96,0.32431166504965236,uA,150.0,"HTRB (150°C, 80V)",ATE_BENCH_01,CH_12,VALID,0,,10.0,synthetic
LOT_W01_C012,LOT_W01,IDSS,168,0.3644456231234286,uA,150.0,"HTRB (150°C, 80V)",ATE_BENCH_01,CH_12,VALID,0,,10.0,synthetic
LOT_W01_C012,LOT_W01,VGS(th),0,2.9696553866298294,V,150.0,"HTGB (150°C, 20V)",ATE_BENCH_01,CH_12,VALID,0,2.0,4.0,synthetic
LOT_W01_C012,LOT_W01,VGS(th),24,2.981106104188767,V,150.0,"HTGB (150°C, 20V)",ATE_BENCH_01,CH_12,VALID,0,2.0,4.0,synthetic
LOT_W01_C012,LOT_W01,VGS(th),96,2.9892588332894703,V,150.0,"HTGB (150°C, 20V)",ATE_BENCH_01,CH_12,VALID,0,2.0,4.0,synthetic
LOT_W01_C012,LOT_W01,VGS(th),168,2.998474944998582,V,150.0,"HTGB (150°C, 20V)",ATE_BENCH_01,CH_12,VALID,0,2.0,4.0,synthetic
LOT_W01_C012,LOT_W01,RDS(on),0,55.05706498420265,mOhm,125.0,Operating Life / Power Conduction (TJ=125-150°C),ATE_BENCH_01,CH_12,VALID,0,,60.0,synthetic
LOT_W01_C012,LOT_W01,RDS(on),24,54.579160504649565,mOhm,125.0,Operating Life / Power Conduction (TJ=125-150°C),ATE_BENCH_01,CH_12,VALID,0,,60.0,synthetic
LOT_W01_C012,LOT_W01,RDS(on),96,53.64881341646295,mOhm,125.0,Operating Life / Power Conduction (TJ=125-150°C),ATE_BENCH_01,CH_12,VALID,0,,60.0,synthetic
LOT_W01_C012,LOT_W01,RDS(on),168,56.24058910260641,mOhm,125.0,Operating Life / Power Conduction (TJ=125-150°C),ATE_BENCH_01,CH_12,VALID,0,,60.0,synthetic
LOT_W01_C012,LOT_W01,IGSS,0,-0.5442070965614126,nA,150.0,"HTGB (150°C, ±20V)",ATE_BENCH_01,CH_12,VALID,0,-100.0,100.0,synthetic
LOT_W01_C012,LOT_W01,IGSS,24,0.06387667079686939,nA,150.0,"HTGB (150°C, ±20V)",ATE_BENCH_01,CH_12,VALID,0,-100.0,100.0,synthetic
LOT_W01_C012,LOT_W01,IGSS,96,-0.39831694568095094,nA,150.0,"HTGB (150°C, ±20V)",ATE_BENCH_01,CH_12,VALID,0,-100.0,100.0,synthetic
LOT_W01_C012,LOT_W01,IGSS,168,-0.08147038228004903,nA,150.0,"HTGB (150°C, ±20V)",ATE_BENCH_01,CH_12,VALID,0,-100.0,100.0,synthetic
LOT_W01_C013,LOT_W01,IDSS,0,0.3344684011171503,uA,150.0,"HTRB (150°C, 80V)",ATE_BENCH_01,CH_13,VALID,0,,10.0,synthetic
LOT_W01_C013,LOT_W01,IDSS,24,0.3597986806539602,uA,150.0,"HTRB (150°C, 80V)",ATE_BENCH_01,CH_13,VALID,0,,10.0,synthetic
LOT_W01_C013,LOT_W01,IDSS,96,0.33350292332898923,uA,150.0,"HTRB (150°C, 80V)",ATE_BENCH_01,CH_13,VALID,0,,10.0,synthetic
LOT_W01_C013,LOT_W01,IDSS,168,0.3040902869101824,uA,150.0,"HTRB (150°C, 80V)",ATE_BENCH_01,CH_13,VALID,0,,10.0,synthetic
LOT_W01_C013,LOT_W01,VGS(th),0,3.2406811274275023,V,150.0,"HTGB (150°C, 20V)",ATE_BENCH_01,CH_13,VALID,0,2.0,4.0,synthetic
LOT_W01_C013,LOT_W01,VGS(th),24,3.2570587141669414,V,150.0,"HTGB (150°C, 20V)",ATE_BENCH_01,CH_13,VALID,0,2.0,4.0,synthetic
LOT_W01_C013,LOT_W01,VGS(th),96,3.2670162628066315,V,150.0,"HTGB (150°C, 20V)",ATE_BENCH_01,CH_13,VALID,0,2.0,4.0,synthetic
LOT_W01_C013,LOT_W01,VGS(th),168,3.259619341800274,V,150.0,"HTGB (150°C, 20V)",ATE_BENCH_01,CH_13,VALID,0,2.0,4.0,synthetic
LOT_W01_C013,LOT_W01,RDS(on),0,46.40583082582174,mOhm,125.0,Operating Life / Power Conduction (TJ=125-150°C),ATE_BENCH_01,CH_13,VALID,0,,60.0,synthetic
LOT_W01_C013,LOT_W01,RDS(on),24,46.10889457089461,mOhm,125.0,Operating Life / Power Conduction (TJ=125-150°C),ATE_BENCH_01,CH_13,VALID,0,,60.0,synthetic
LOT_W01_C013,LOT_W01,RDS(on),96,46.80544454494395,mOhm,125.0,Operating Life / Power Conduction (TJ=125-150°C),ATE_BENCH_01,CH_13,VALID,0,,60.0,synthetic
LOT_W01_C013,LOT_W01,RDS(on),168,45.59392484496066,mOhm,125.0,Operating Life / Power Conduction (TJ=125-150°C),ATE_BENCH_01,CH_13,VALID,0,,60.0,synthetic
LOT_W01_C013,LOT_W01,IGSS,0,2.5960128498567716,nA,150.0,"HTGB (150°C, ±20V)",ATE_BENCH_01,CH_13,VALID,0,-100.0,100.0,synthetic
LOT_W01_C013,LOT_W01,IGSS,24,1.9921113122375256,nA,150.0,"HTGB (150°C, ±20V)",ATE_BENCH_01,CH_13,VALID,0,-100.0,100.0,synthetic
LOT_W01_C013,LOT_W01,IGSS,96,1.9524641144560884,nA,150.0,"HTGB (150°C, ±20V)",ATE_BENCH_01,CH_13,VALID,0,-100.0,100.0,synthetic
LOT_W01_C013,LOT_W01,IGSS,168,2.802838623387868,nA,150.0,"HTGB (150°C, ±20V)",ATE_BENCH_01,CH_13,VALID,0,-100.0,100.0,synthetic
LOT_W01_C014,LOT_W01,IDSS,0,2.692688458111076,uA,150.0,"HTRB (150°C, 80V)",ATE_BENCH_01,CH_14,VALID,0,,10.0,synthetic
LOT_W01_C014,LOT_W01,IDSS,24,3.2392692476560834,uA,150.0,"HTRB (150°C, 80V)",ATE_BENCH_01,CH_14,VALID,0,,10.0,synthetic
LOT_W01_C014,LOT_W01,IDSS,96,2.9223690490239194,uA,150.0,"HTRB (150°C, 80V)",ATE_BENCH_01,CH_14,VALID,0,,10.0,synthetic
LOT_W01_C014,LOT_W01,IDSS,168,2.9805828307189763,uA,150.0,"HTRB (150°C, 80V)",ATE_BENCH_01,CH_14,VALID,0,,10.0,synthetic
LOT_W01_C014,LOT_W01,VGS(th),0,2.901367262014241,V,150.0,"HTGB (150°C, 20V)",ATE_BENCH_01,CH_14,VALID,0,2.0,4.0,synthetic
LOT_W01_C014,LOT_W01,VGS(th),24,2.9342983018808098,V,150.0,"HTGB (150°C, 20V)",ATE_BENCH_01,CH_14,VALID,0,2.0,4.0,synthetic
LOT_W01_C014,LOT_W01,VGS(th),96,2.89066731986552,V,150.0,"HTGB (150°C, 20V)",ATE_BENCH_01,CH_14,VALID,0,2.0,4.0,synthetic
LOT_W01_C014,LOT_W01,VGS(th),168,2.896288585046973,V,150.0,"HTGB (150°C, 20V)",ATE_BENCH_01,CH_14,VALID,0,2.0,4.0,synthetic
LOT_W01_C014,LOT_W01,RDS(on),0,47.45263745154313,mOhm,125.0,Operating Life / Power Conduction (TJ=125-150°C),ATE_BENCH_01,CH_14,VALID,0,,60.0,synthetic
LOT_W01_C014,LOT_W01,RDS(on),24,48.14062438043408,mOhm,125.0,Operating Life / Power Conduction (TJ=125-150°C),ATE_BENCH_01,CH_14,VALID,0,,60.0,synthetic
LOT_W01_C014,LOT_W01,RDS(on),96,47.2778097408656,mOhm,125.0,Operating Life / Power Conduction (TJ=125-150°C),ATE_BENCH_01,CH_14,VALID,0,,60.0,synthetic
LOT_W01_C014,LOT_W01,RDS(on),168,47.583603354004495,mOhm,125.0,Operating Life / Power Conduction (TJ=125-150°C),ATE_BENCH_01,CH_14,VALID,0,,60.0,synthetic
LOT_W01_C014,LOT_W01,IGSS,0,-1.1442122693790169,nA,150.0,"HTGB (150°C, ±20V)",ATE_BENCH_01,CH_14,VALID,0,-100.0,100.0,synthetic
LOT_W01_C014,LOT_W01,IGSS,24,-1.5153082297572145,nA,150.0,"HTGB (150°C, ±20V)",ATE_BENCH_01,CH_14,VALID,0,-100.0,100.0,synthetic
LOT_W01_C014,LOT_W01,IGSS,96,-2.3700228415482174,nA,150.0,"HTGB (150°C, ±20V)",ATE_BENCH_01,CH_14,VALID,0,-100.0,100.0,synthetic
LOT_W01_C014,LOT_W01,IGSS,168,-1.6034783182376102,nA,150.0,"HTGB (150°C, ±20V)",ATE_BENCH_01,CH_14,VALID,0,-100.0,100.0,synthetic
LOT_W01_C015,LOT_W01,IDSS,0,0.32901539869759194,uA,150.0,"HTRB (150°C, 80V)",ATE_BENCH_01,CH_15,VALID,0,,10.0,synthetic
LOT_W01_C015,LOT_W01,IDSS,24,0.266850044929889,uA,150.0,"HTRB (150°C, 80V)",ATE_BENCH_01,CH_15,VALID,0,,10.0,synthetic
LOT_W01_C015,LOT_W01,IDSS,96,0.31215186791836413,uA,150.0,"HTRB (150°C, 80V)",ATE_BENCH_01,CH_15,VALID,0,,10.0,synthetic
LOT_W01_C015,LOT_W01,IDSS,168,0.2572579403183117,uA,150.0,"HTRB (150°C, 80V)",ATE_BENCH_01,CH_15,VALID,0,,10.0,synthetic
LOT_W01_C015,LOT_W01,VGS(th),0,2.6506500493994323,V,150.0,"HTGB (150°C, 20V)",ATE_BENCH_01,CH_15,VALID,0,2.0,4.0,synthetic
LOT_W01_C015,LOT_W01,VGS(th),24,2.662654022858752,V,150.0,"HTGB (150°C, 20V)",ATE_BENCH_01,CH_15,VALID,0,2.0,4.0,synthetic
LOT_W01_C015,LOT_W01,VGS(th),96,2.6229388932590654,V,150.0,"HTGB (150°C, 20V)",ATE_BENCH_01,CH_15,VALID,0,2.0,4.0,synthetic
LOT_W01_C015,LOT_W01,VGS(th),168,2.6137167207386653,V,150.0,"HTGB (150°C, 20V)",ATE_BENCH_01,CH_15,VALID,0,2.0,4.0,synthetic
LOT_W01_C015,LOT_W01,RDS(on),0,53.28097393025406,mOhm,125.0,Operating Life / Power Conduction (TJ=125-150°C),ATE_BENCH_01,CH_15,VALID,0,,60.0,synthetic
LOT_W01_C015,LOT_W01,RDS(on),24,54.54134933329452,mOhm,125.0,Operating Life / Power Conduction (TJ=125-150°C),ATE_BENCH_01,CH_15,VALID,0,,60.0,synthetic
LOT_W01_C015,LOT_W01,RDS(on),96,53.71736566076446,mOhm,125.0,Operating Life / Power Conduction (TJ=125-150°C),ATE_BENCH_01,CH_15,VALID,0,,60.0,synthetic
LOT_W01_C015,LOT_W01,RDS(on),168,53.36300211067772,mOhm,125.0,Operating Life / Power Conduction (TJ=125-150°C),ATE_BENCH_01,CH_15,VALID,0,,60.0,synthetic
LOT_W01_C015,LOT_W01,IGSS,0,2.2338675298157815,nA,150.0,"HTGB (150°C, ±20V)",ATE_BENCH_01,CH_15,VALID,0,-100.0,100.0,synthetic
LOT_W01_C015,LOT_W01,IGSS,24,2.2099747251244555,nA,150.0,"HTGB (150°C, ±20V)",ATE_BENCH_01,CH_15,VALID,0,-100.0,100.0,synthetic
LOT_W01_C015,LOT_W01,IGSS,96,1.5464858411978921,nA,150.0,"HTGB (150°C, ±20V)",ATE_BENCH_01,CH_15,VALID,0,-100.0,100.0,synthetic
LOT_W01_C015,LOT_W01,IGSS,168,1.757533915747062,nA,150.0,"HTGB (150°C, ±20V)",ATE_BENCH_01,CH_15,VALID,0,-100.0,100.0,synthetic
LOT_W01_C016,LOT_W01,IDSS,0,0.4665444743511041,uA,150.0,"HTRB (150°C, 80V)",ATE_BENCH_01,CH_16,VALID,0,,10.0,synthetic
LOT_W01_C016,LOT_W01,IDSS,24,0.4354727351129429,uA,150.0,"HTRB (150°C, 80V)",ATE_BENCH_01,CH_16,VALID,0,,10.0,synthetic
LOT_W01_C016,LOT_W01,IDSS,96,0.4261768222085978,uA,150.0,"HTRB (150°C, 80V)",ATE_BENCH_01,CH_16,VALID,0,,10.0,synthetic
LOT_W01_C016,LOT_W01,IDSS,168,0.45360684220740644,uA,150.0,"HTRB (150°C, 80V)",ATE_BENCH_01,CH_16,VALID,0,,10.0,synthetic
LOT_W01_C016,LOT_W01,VGS(th),0,3.7293263123243623,V,150.0,"HTGB (150°C, 20V)",ATE_BENCH_01,CH_16,VALID,0,2.0,4.0,synthetic
LOT_W01_C016,LOT_W01,VGS(th),24,3.739742536228905,V,150.0,"HTGB (150°C, 20V)",ATE_BENCH_01,CH_16,VALID,0,2.0,4.0,synthetic
LOT_W01_C016,LOT_W01,VGS(th),96,3.711921017989187,V,150.0,"HTGB (150°C, 20V)",ATE_BENCH_01,CH_16,VALID,0,2.0,4.0,synthetic
LOT_W01_C016,LOT_W01,VGS(th),168,3.727270290777368,V,150.0,"HTGB (150°C, 20V)",ATE_BENCH_01,CH_16,VALID,0,2.0,4.0,synthetic
LOT_W01_C016,LOT_W01,RDS(on),0,52.964733654209475,mOhm,125.0,Operating Life / Power Conduction (TJ=125-150°C),ATE_BENCH_01,CH_16,VALID,0,,60.0,synthetic
LOT_W01_C016,LOT_W01,RDS(on),24,54.70051687870784,mOhm,125.0,Operating Life / Power Conduction (TJ=125-150°C),ATE_BENCH_01,CH_16,VALID,0,,60.0,synthetic
LOT_W01_C016,LOT_W01,RDS(on),96,54.044937009637195,mOhm,125.0,Operating Life / Power Conduction (TJ=125-150°C),ATE_BENCH_01,CH_16,VALID,0,,60.0,synthetic
LOT_W01_C016,LOT_W01,RDS(on),168,53.77560293885266,mOhm,125.0,Operating Life / Power Conduction (TJ=125-150°C),ATE_BENCH_01,CH_16,VALID,0,,60.0,synthetic
LOT_W01_C016,LOT_W01,IGSS,0,-1.552152592854041,nA,150.0,"HTGB (150°C, ±20V)",ATE_BENCH_01,CH_16,VALID,0,-100.0,100.0,synthetic
LOT_W01_C016,LOT_W01,IGSS,24,-1.8370545310311115,nA,150.0,"HTGB (150°C, ±20V)",ATE_BENCH_01,CH_16,VALID,0,-100.0,100.0,synthetic
LOT_W01_C016,LOT_W01,IGSS,96,-1.6686425769202082,nA,150.0,"HTGB (150°C, ±20V)",ATE_BENCH_01,CH_16,VALID,0,-100.0,100.0,synthetic
LOT_W01_C016,LOT_W01,IGSS,168,-2.4321382659521595,nA,150.0,"HTGB (150°C, ±20V)",ATE_BENCH_01,CH_16,VALID,0,-100.0,100.0,synthetic
LOT_W01_C017,LOT_W01,IDSS,0,0.44805372573152763,uA,150.0,"HTRB (150°C, 80V)",ATE_BENCH_02,CH_01,VALID,0,,10.0,synthetic
LOT_W01_C017,LOT_W01,IDSS,24,0.49958655141015706,uA,150.0,"HTRB (150°C, 80V)",ATE_BENCH_02,CH_01,VALID,0,,10.0,synthetic
LOT_W01_C017,LOT_W01,IDSS,96,0.46849940586945144,uA,150.0,"HTRB (150°C, 80V)",ATE_BENCH_02,CH_01,VALID,0,,10.0,synthetic
LOT_W01_C017,LOT_W01,IDSS,168,0.4972083299254158,uA,150.0,"HTRB (150°C, 80V)",ATE_BENCH_02,CH_01,VALID,0,,10.0,synthetic
LOT_W01_C017,LOT_W01,VGS(th),0,2.9391646295048903,V,150.0,"HTGB (150°C, 20V)",ATE_BENCH_02,CH_01,VALID,0,2.0,4.0,synthetic
LOT_W01_C017,LOT_W01,VGS(th),24,2.985869847347597,V,150.0,"HTGB (150°C, 20V)",ATE_BENCH_02,CH_01,VALID,0,2.0,4.0,synthetic
LOT_W01_C017,LOT_W01,VGS(th),96,2.9834503855860857,V,150.0,"HTGB (150°C, 20V)",ATE_BENCH_02,CH_01,VALID,0,2.0,4.0,synthetic
LOT_W01_C017,LOT_W01,VGS(th),168,2.9515084117337502,V,150.0,"HTGB (150°C, 20V)",ATE_BENCH_02,CH_01,VALID,0,2.0,4.0,synthetic
LOT_W01_C017,LOT_W01,RDS(on),0,45.0847265686869,mOhm,125.0,Operating Life / Power Conduction (TJ=125-150°C),ATE_BENCH_02,CH_01,VALID,0,,60.0,synthetic
LOT_W01_C017,LOT_W01,RDS(on),24,44.6692977345208,mOhm,125.0,Operating Life / Power Conduction (TJ=125-150°C),ATE_BENCH_02,CH_01,VALID,0,,60.0,synthetic
LOT_W01_C017,LOT_W01,RDS(on),96,44.61800865480516,mOhm,125.0,Operating Life / Power Conduction (TJ=125-150°C),ATE_BENCH_02,CH_01,VALID,0,,60.0,synthetic
LOT_W01_C017,LOT_W01,RDS(on),168,44.69342045358176,mOhm,125.0,Operating Life / Power Conduction (TJ=125-150°C),ATE_BENCH_02,CH_01,VALID,0,,60.0,synthetic
LOT_W01_C017,LOT_W01,IGSS,0,2.3756045187692187,nA,150.0,"HTGB (150°C, ±20V)",ATE_BENCH_02,CH_01,VALID,0,-100.0,100.0,synthetic
LOT_W01_C017,LOT_W01,IGSS,24,2.8327139914363486,nA,150.0,"HTGB (150°C, ±20V)",ATE_BENCH_02,CH_01,VALID,0,-100.0,100.0,synthetic
LOT_W01_C017,LOT_W01,IGSS,96,2.0803346629534873,nA,150.0,"HTGB (150°C, ±20V)",ATE_BENCH_02,CH_01,VALID,0,-100.0,100.0,synthetic
LOT_W01_C017,LOT_W01,IGSS,168,2.4558314173595597,nA,150.0,"HTGB (150°C, ±20V)",ATE_BENCH_02,CH_01,VALID,0,-100.0,100.0,synthetic
LOT_W01_C018,LOT_W01,IDSS,0,0.24940145100747627,uA,150.0,"HTRB (150°C, 80V)",ATE_BENCH_02,CH_02,VALID,0,,10.0,synthetic
LOT_W01_C018,LOT_W01,IDSS,24,0.2602120940369008,uA,150.0,"HTRB (150°C, 80V)",ATE_BENCH_02,CH_02,VALID,0,,10.0,synthetic
LOT_W01_C018,LOT_W01,IDSS,96,0.274537072640505,uA,150.0,"HTRB (150°C, 80V)",ATE_BENCH_02,CH_02,VALID,0,,10.0,synthetic
LOT_W01_C018,LOT_W01,IDSS,168,0.2943399000186283,uA,150.0,"HTRB (150°C, 80V)",ATE_BENCH_02,CH_02,VALID,0,,10.0,synthetic
LOT_W01_C018,LOT_W01,VGS(th),0,3.019081434980451,V,150.0,"HTGB (150°C, 20V)",ATE_BENCH_02,CH_02,VALID,0,2.0,4.0,synthetic
LOT_W01_C018,LOT_W01,VGS(th),24,3.0358276905842714,V,150.0,"HTGB (150°C, 20V)",ATE_BENCH_02,CH_02,VALID,0,2.0,4.0,synthetic
LOT_W01_C018,LOT_W01,VGS(th),96,3.0420002758797797,V,150.0,"HTGB (150°C, 20V)",ATE_BENCH_02,CH_02,VALID,0,2.0,4.0,synthetic
LOT_W01_C018,LOT_W01,VGS(th),168,3.03737851542248,V,150.0,"HTGB (150°C, 20V)",ATE_BENCH_02,CH_02,VALID,0,2.0,4.0,synthetic
LOT_W01_C018,LOT_W01,RDS(on),0,58.8440431208774,mOhm,125.0,Operating Life / Power Conduction (TJ=125-150°C),ATE_BENCH_02,CH_02,VALID,0,,60.0,synthetic
LOT_W01_C018,LOT_W01,RDS(on),24,57.79215530511687,mOhm,125.0,Operating Life / Power Conduction (TJ=125-150°C),ATE_BENCH_02,CH_02,VALID,0,,60.0,synthetic
LOT_W01_C018,LOT_W01,RDS(on),96,57.43738904218663,mOhm,125.0,Operating Life / Power Conduction (TJ=125-150°C),ATE_BENCH_02,CH_02,VALID,0,,60.0,synthetic
LOT_W01_C018,LOT_W01,RDS(on),168,59.00468193660428,mOhm,125.0,Operating Life / Power Conduction (TJ=125-150°C),ATE_BENCH_02,CH_02,VALID,0,,60.0,synthetic
LOT_W01_C018,LOT_W01,IGSS,0,-2.261672949841285,nA,150.0,"HTGB (150°C, ±20V)",ATE_BENCH_02,CH_02,VALID,0,-100.0,100.0,synthetic
LOT_W01_C018,LOT_W01,IGSS,24,-2.6416848751925426,nA,150.0,"HTGB (150°C, ±20V)",ATE_BENCH_02,CH_02,VALID,0,-100.0,100.0,synthetic
LOT_W01_C018,LOT_W01,IGSS,96,-1.8988115439531885,nA,150.0,"HTGB (150°C, ±20V)",ATE_BENCH_02,CH_02,VALID,0,-100.0,100.0,synthetic
LOT_W01_C018,LOT_W01,IGSS,168,-2.6124280453017468,nA,150.0,"HTGB (150°C, ±20V)",ATE_BENCH_02,CH_02,VALID,0,-100.0,100.0,synthetic
LOT_W01_C019,LOT_W01,IDSS,0,0.6389091781100338,uA,150.0,"HTRB (150°C, 80V)",ATE_BENCH_02,CH_03,VALID,0,,10.0,synthetic
LOT_W01_C019,LOT_W01,IDSS,24,0.6088064292957966,uA,150.0,"HTRB (150°C, 80V)",ATE_BENCH_02,CH_03,VALID,0,,10.0,synthetic
LOT_W01_C019,LOT_W01,IDSS,96,0.5515598556896039,uA,150.0,"HTRB (150°C, 80V)",ATE_BENCH_02,CH_03,VALID,0,,10.0,synthetic
LOT_W01_C019,LOT_W01,IDSS,168,0.5586124006038258,uA,150.0,"HTRB (150°C, 80V)",ATE_BENCH_02,CH_03,VALID,0,,10.0,synthetic
LOT_W01_C019,LOT_W01,VGS(th),0,2.926657062550233,V,150.0,"HTGB (150°C, 20V)",ATE_BENCH_02,CH_03,VALID,0,2.0,4.0,synthetic
LOT_W01_C019,LOT_W01,VGS(th),24,2.9292954985412787,V,150.0,"HTGB (150°C, 20V)",ATE_BENCH_02,CH_03,VALID,0,2.0,4.0,synthetic
LOT_W01_C019,LOT_W01,VGS(th),96,2.934735072501119,V,150.0,"HTGB (150°C, 20V)",ATE_BENCH_02,CH_03,VALID,0,2.0,4.0,synthetic
LOT_W01_C019,LOT_W01,VGS(th),168,2.9035334270398434,V,150.0,"HTGB (150°C, 20V)",ATE_BENCH_02,CH_03,VALID,0,2.0,4.0,synthetic
LOT_W01_C019,LOT_W01,RDS(on),0,45.390890348564064,mOhm,125.0,Operating Life / Power Conduction (TJ=125-150°C),ATE_BENCH_02,CH_03,VALID,0,,60.0,synthetic
LOT_W01_C019,LOT_W01,RDS(on),24,43.7541549249653,mOhm,125.0,Operating Life / Power Conduction (TJ=125-150°C),ATE_BENCH_02,CH_03,VALID,0,,60.0,synthetic
LOT_W01_C019,LOT_W01,RDS(on),96,43.89643619233404,mOhm,125.0,Operating Life / Power Conduction (TJ=125-150°C),ATE_BENCH_02,CH_03,VALID,0,,60.0,synthetic
LOT_W01_C019,LOT_W01,RDS(on),168,44.4106285970179,mOhm,125.0,Operating Life / Power Conduction (TJ=125-150°C),ATE_BENCH_02,CH_03,VALID,0,,60.0,synthetic
LOT_W01_C019,LOT_W01,IGSS,0,3.415865846255254,nA,150.0,"HTGB (150°C, ±20V)",ATE_BENCH_02,CH_03,VALID,0,-100.0,100.0,synthetic
LOT_W01_C019,LOT_W01,IGSS,24,2.5875360991861913,nA,150.0,"HTGB (150°C, ±20V)",ATE_BENCH_02,CH_03,VALID,0,-100.0,100.0,synthetic
LOT_W01_C019,LOT_W01,IGSS,96,1.833001573710767,nA,150.0,"HTGB (150°C, ±20V)",ATE_BENCH_02,CH_03,VALID,0,-100.0,100.0,synthetic
LOT_W01_C019,LOT_W01,IGSS,168,1.6391109102330013,nA,150.0,"HTGB (150°C, ±20V)",ATE_BENCH_02,CH_03,VALID,0,-100.0,100.0,synthetic
LOT_W01_C020,LOT_W01,IDSS,0,2.625483001653542,uA,150.0,"HTRB (150°C, 80V)",ATE_BENCH_02,CH_04,VALID,0,,10.0,synthetic
LOT_W01_C020,LOT_W01,IDSS,24,2.3097571576085976,uA,150.0,"HTRB (150°C, 80V)",ATE_BENCH_02,CH_04,VALID,0,,10.0,synthetic
LOT_W01_C020,LOT_W01,IDSS,96,2.49424979683242,uA,150.0,"HTRB (150°C, 80V)",ATE_BENCH_02,CH_04,VALID,0,,10.0,synthetic
LOT_W01_C020,LOT_W01,IDSS,168,2.486869735618317,uA,150.0,"HTRB (150°C, 80V)",ATE_BENCH_02,CH_04,VALID,0,,10.0,synthetic
LOT_W01_C020,LOT_W01,VGS(th),0,2.8776748341519194,V,150.0,"HTGB (150°C, 20V)",ATE_BENCH_02,CH_04,VALID,0,2.0,4.0,synthetic
LOT_W01_C020,LOT_W01,VGS(th),24,2.8588577874979886,V,150.0,"HTGB (150°C, 20V)",ATE_BENCH_02,CH_04,VALID,0,2.0,4.0,synthetic
LOT_W01_C020,LOT_W01,VGS(th),96,2.8402657350122924,V,150.0,"HTGB (150°C, 20V)",ATE_BENCH_02,CH_04,VALID,0,2.0,4.0,synthetic
LOT_W01_C020,LOT_W01,VGS(th),168,2.8735575490932552,V,150.0,"HTGB (150°C, 20V)",ATE_BENCH_02,CH_04,VALID,0,2.0,4.0,synthetic
LOT_W01_C020,LOT_W01,RDS(on),0,49.59698978020303,mOhm,125.0,Operating Life / Power Conduction (TJ=125-150°C),ATE_BENCH_02,CH_04,VALID,0,,60.0,synthetic
LOT_W01_C020,LOT_W01,RDS(on),24,50.928024294394795,mOhm,125.0,Operating Life / Power Conduction (TJ=125-150°C),ATE_BENCH_02,CH_04,VALID,0,,60.0,synthetic
LOT_W01_C020,LOT_W01,RDS(on),96,49.74548384448142,mOhm,125.0,Operating Life / Power Conduction (TJ=125-150°C),ATE_BENCH_02,CH_04,VALID,0,,60.0,synthetic
LOT_W01_C020,LOT_W01,RDS(on),168,49.83344212809794,mOhm,125.0,Operating Life / Power Conduction (TJ=125-150°C),ATE_BENCH_02,CH_04,VALID,0,,60.0,synthetic
LOT_W01_C020,LOT_W01,IGSS,0,-2.0822529947692163,nA,150.0,"HTGB (150°C, ±20V)",ATE_BENCH_02,CH_04,VALID,0,-100.0,100.0,synthetic
LOT_W01_C020,LOT_W01,IGSS,24,-2.915084420047367,nA,150.0,"HTGB (150°C, ±20V)",ATE_BENCH_02,CH_04,VALID,0,-100.0,100.0,synthetic
LOT_W01_C020,LOT_W01,IGSS,96,-1.4633485614624964,nA,150.0,"HTGB (150°C, ±20V)",ATE_BENCH_02,CH_04,VALID,0,-100.0,100.0,synthetic
LOT_W01_C020,LOT_W01,IGSS,168,-1.0546369471382087,nA,150.0,"HTGB (150°C, ±20V)",ATE_BENCH_02,CH_04,VALID,0,-100.0,100.0,synthetic
LOT_W01_C021,LOT_W01,IDSS,0,0.40740755032807996,uA,150.0,"HTRB (150°C, 80V)",ATE_BENCH_02,CH_05,VALID,0,,10.0,synthetic
LOT_W01_C021,LOT_W01,IDSS,24,0.431595325011925,uA,150.0,"HTRB (150°C, 80V)",ATE_BENCH_02,CH_05,VALID,0,,10.0,synthetic
LOT_W01_C021,LOT_W01,IDSS,96,0.4346822852831997,uA,150.0,"HTRB (150°C, 80V)",ATE_BENCH_02,CH_05,VALID,0,,10.0,synthetic
LOT_W01_C021,LOT_W01,IDSS,168,0.4249215670689323,uA,150.0,"HTRB (150°C, 80V)",ATE_BENCH_02,CH_05,VALID,0,,10.0,synthetic
LOT_W01_C021,LOT_W01,VGS(th),0,2.9834751941696434,V,150.0,"HTGB (150°C, 20V)",ATE_BENCH_02,CH_05,VALID,0,2.0,4.0,synthetic
LOT_W01_C021,LOT_W01,VGS(th),24,2.959022168766882,V,150.0,"HTGB (150°C, 20V)",ATE_BENCH_02,CH_05,VALID,0,2.0,4.0,synthetic
LOT_W01_C021,LOT_W01,VGS(th),96,2.938469815456699,V,150.0,"HTGB (150°C, 20V)",ATE_BENCH_02,CH_05,VALID,0,2.0,4.0,synthetic
LOT_W01_C021,LOT_W01,VGS(th),168,2.9579960080634513,V,150.0,"HTGB (150°C, 20V)",ATE_BENCH_02,CH_05,VALID,0,2.0,4.0,synthetic
LOT_W01_C021,LOT_W01,RDS(on),0,44.83155811703257,mOhm,125.0,Operating Life / Power Conduction (TJ=125-150°C),ATE_BENCH_02,CH_05,VALID,0,,60.0,synthetic
LOT_W01_C021,LOT_W01,RDS(on),24,43.747175642700526,mOhm,125.0,Operating Life / Power Conduction (TJ=125-150°C),ATE_BENCH_02,CH_05,VALID,0,,60.0,synthetic
LOT_W01_C021,LOT_W01,RDS(on),96,44.44386249629523,mOhm,125.0,Operating Life / Power Conduction (TJ=125-150°C),ATE_BENCH_02,CH_05,VALID,0,,60.0,synthetic
LOT_W01_C021,LOT_W01,RDS(on),168,44.904654152678575,mOhm,125.0,Operating Life / Power Conduction (TJ=125-150°C),ATE_BENCH_02,CH_05,VALID,0,,60.0,synthetic
LOT_W01_C021,LOT_W01,IGSS,0,2.247455073447908,nA,150.0,"HTGB (150°C, ±20V)",ATE_BENCH_02,CH_05,VALID,0,-100.0,100.0,synthetic
LOT_W01_C021,LOT_W01,IGSS,24,3.0237804095172094,nA,150.0,"HTGB (150°C, ±20V)",ATE_BENCH_02,CH_05,VALID,0,-100.0,100.0,synthetic
LOT_W01_C021,LOT_W01,IGSS,96,2.1515732796128764,nA,150.0,"HTGB (150°C, ±20V)",ATE_BENCH_02,CH_05,VALID,0,-100.0,100.0,synthetic
LOT_W01_C021,LOT_W01,IGSS,168,2.8422678242030828,nA,150.0,"HTGB (150°C, ±20V)",ATE_BENCH_02,CH_05,VALID,0,-100.0,100.0,synthetic
LOT_W01_C022,LOT_W01,IDSS,0,0.3193832682598546,uA,150.0,"HTRB (150°C, 80V)",ATE_BENCH_02,CH_06,VALID,0,,10.0,synthetic
LOT_W01_C022,LOT_W01,IDSS,24,0.3096296767517458,uA,150.0,"HTRB (150°C, 80V)",ATE_BENCH_02,CH_06,VALID,0,,10.0,synthetic
LOT_W01_C022,LOT_W01,IDSS,96,0.3429230873590266,uA,150.0,"HTRB (150°C, 80V)",ATE_BENCH_02,CH_06,VALID,0,,10.0,synthetic
LOT_W01_C022,LOT_W01,IDSS,168,0.3911373600034396,uA,150.0,"HTRB (150°C, 80V)",ATE_BENCH_02,CH_06,VALID,0,,10.0,synthetic
LOT_W01_C022,LOT_W01,VGS(th),0,3.56207015498422,V,150.0,"HTGB (150°C, 20V)",ATE_BENCH_02,CH_06,VALID,0,2.0,4.0,synthetic
LOT_W01_C022,LOT_W01,VGS(th),24,3.574176879924586,V,150.0,"HTGB (150°C, 20V)",ATE_BENCH_02,CH_06,VALID,0,2.0,4.0,synthetic
LOT_W01_C022,LOT_W01,VGS(th),96,3.5789500189711765,V,150.0,"HTGB (150°C, 20V)",ATE_BENCH_02,CH_06,VALID,0,2.0,4.0,synthetic
LOT_W01_C022,LOT_W01,VGS(th),168,3.5911065662830306,V,150.0,"HTGB (150°C, 20V)",ATE_BENCH_02,CH_06,VALID,0,2.0,4.0,synthetic
LOT_W01_C022,LOT_W01,RDS(on),0,49.97264710891638,mOhm,125.0,Operating Life / Power Conduction (TJ=125-150°C),ATE_BENCH_02,CH_06,VALID,0,,60.0,synthetic
LOT_W01_C022,LOT_W01,RDS(on),24,51.88871202517262,mOhm,125.0,Operating Life / Power Conduction (TJ=125-150°C),ATE_BENCH_02,CH_06,VALID,0,,60.0,synthetic
LOT_W01_C022,LOT_W01,RDS(on),96,50.05012411404005,mOhm,125.0,Operating Life / Power Conduction (TJ=125-150°C),ATE_BENCH_02,CH_06,VALID,0,,60.0,synthetic
LOT_W01_C022,LOT_W01,RDS(on),168,51.76811262363597,mOhm,125.0,Operating Life / Power Conduction (TJ=125-150°C),ATE_BENCH_02,CH_06,VALID,0,,60.0,synthetic
LOT_W01_C022,LOT_W01,IGSS,0,-2.0707695905068184,nA,150.0,"HTGB (150°C, ±20V)",ATE_BENCH_02,CH_06,VALID,0,-100.0,100.0,synthetic
LOT_W01_C022,LOT_W01,IGSS,24,-2.4050220095329875,nA,150.0,"HTGB (150°C, ±20V)",ATE_BENCH_02,CH_06,VALID,0,-100.0,100.0,synthetic
LOT_W01_C022,LOT_W01,IGSS,96,-1.8001612192406518,nA,150.0,"HTGB (150°C, ±20V)",ATE_BENCH_02,CH_06,VALID,0,-100.0,100.0,synthetic
LOT_W01_C022,LOT_W01,IGSS,168,-1.8338710603588946,nA,150.0,"HTGB (150°C, ±20V)",ATE_BENCH_02,CH_06,VALID,0,-100.0,100.0,synthetic
LOT_W01_C023,LOT_W01,IDSS,0,0.40301077382393974,uA,150.0,"HTRB (150°C, 80V)",ATE_BENCH_02,CH_07,VALID,0,,10.0,synthetic
LOT_W01_C023,LOT_W01,IDSS,24,0.48438390862741765,uA,150.0,"HTRB (150°C, 80V)",ATE_BENCH_02,CH_07,VALID,0,,10.0,synthetic
LOT_W01_C023,LOT_W01,IDSS,96,0.4667290771983452,uA,150.0,"HTRB (150°C, 80V)",ATE_BENCH_02,CH_07,VALID,0,,10.0,synthetic
LOT_W01_C023,LOT_W01,IDSS,168,0.48926728097647293,uA,150.0,"HTRB (150°C, 80V)",ATE_BENCH_02,CH_07,VALID,0,,10.0,synthetic
LOT_W01_C023,LOT_W01,VGS(th),0,2.9317119731760966,V,150.0,"HTGB (150°C, 20V)",ATE_BENCH_02,CH_07,VALID,0,2.0,4.0,synthetic
LOT_W01_C023,LOT_W01,VGS(th),24,2.9422121721230052,V,150.0,"HTGB (150°C, 20V)",ATE_BENCH_02,CH_07,VALID,0,2.0,4.0,synthetic
LOT_W01_C023,LOT_W01,VGS(th),96,2.911934802094733,V,150.0,"HTGB (150°C, 20V)",ATE_BENCH_02,CH_07,VALID,0,2.0,4.0,synthetic
LOT_W01_C023,LOT_W01,VGS(th),168,2.9496840494023444,V,150.0,"HTGB (150°C, 20V)",ATE_BENCH_02,CH_07,VALID,0,2.0,4.0,synthetic
LOT_W01_C023,LOT_W01,RDS(on),0,46.08676669924493,mOhm,125.0,Operating Life / Power Conduction (TJ=125-150°C),ATE_BENCH_02,CH_07,VALID,0,,60.0,synthetic
LOT_W01_C023,LOT_W01,RDS(on),24,45.35579931665936,mOhm,125.0,Operating Life / Power Conduction (TJ=125-150°C),ATE_BENCH_02,CH_07,VALID,0,,60.0,synthetic
LOT_W01_C023,LOT_W01,RDS(on),96,46.13470565888088,mOhm,125.0,Operating Life / Power Conduction (TJ=125-150°C),ATE_BENCH_02,CH_07,VALID,0,,60.0,synthetic
LOT_W01_C023,LOT_W01,RDS(on),168,45.832060324476714,mOhm,125.0,Operating Life / Power Conduction (TJ=125-150°C),ATE_BENCH_02,CH_07,VALID,0,,60.0,synthetic
LOT_W01_C023,LOT_W01,IGSS,0,1.6952885564787756,nA,150.0,"HTGB (150°C, ±20V)",ATE_BENCH_02,CH_07,VALID,0,-100.0,100.0,synthetic
LOT_W01_C023,LOT_W01,IGSS,24,1.598524484398569,nA,150.0,"HTGB (150°C, ±20V)",ATE_BENCH_02,CH_07,VALID,0,-100.0,100.0,synthetic
LOT_W01_C023,LOT_W01,IGSS,96,1.9815677039968627,nA,150.0,"HTGB (150°C, ±20V)",ATE_BENCH_02,CH_07,VALID,0,-100.0,100.0,synthetic
LOT_W01_C023,LOT_W01,IGSS,168,2.0603948500989913,nA,150.0,"HTGB (150°C, ±20V)",ATE_BENCH_02,CH_07,VALID,0,-100.0,100.0,synthetic
LOT_W01_C024,LOT_W01,IDSS,0,0.4499503200382948,uA,150.0,"HTRB (150°C, 80V)",ATE_BENCH_02,CH_08,VALID,0,,10.0,synthetic
LOT_W01_C024,LOT_W01,IDSS,24,0.34997436520936204,uA,150.0,"HTRB (150°C, 80V)",ATE_BENCH_02,CH_08,VALID,0,,10.0,synthetic
LOT_W01_C024,LOT_W01,IDSS,96,0.4192437174816986,uA,150.0,"HTRB (150°C, 80V)",ATE_BENCH_02,CH_08,VALID,0,,10.0,synthetic
LOT_W01_C024,LOT_W01,IDSS,168,0.3902639338378129,uA,150.0,"HTRB (150°C, 80V)",ATE_BENCH_02,CH_08,VALID,0,,10.0,synthetic
LOT_W01_C024,LOT_W01,VGS(th),0,3.0112650356088326,V,150.0,"HTGB (150°C, 20V)",ATE_BENCH_02,CH_08,VALID,0,2.0,4.0,synthetic
LOT_W01_C024,LOT_W01,VGS(th),24,2.9881565012905407,V,150.0,"HTGB (150°C, 20V)",ATE_BENCH_02,CH_08,VALID,0,2.0,4.0,synthetic
LOT_W01_C024,LOT_W01,VGS(th),96,2.997287183809593,V,150.0,"HTGB (150°C, 20V)",ATE_BENCH_02,CH_08,VALID,0,2.0,4.0,synthetic
LOT_W01_C024,LOT_W01,VGS(th),168,2.933316651687136,V,150.0,"HTGB (150°C, 20V)",ATE_BENCH_02,CH_08,VALID,0,2.0,4.0,synthetic
LOT_W01_C024,LOT_W01,RDS(on),0,55.400150978499425,mOhm,125.0,Operating Life / Power Conduction (TJ=125-150°C),ATE_BENCH_02,CH_08,VALID,0,,60.0,synthetic
LOT_W01_C024,LOT_W01,RDS(on),24,55.41260347499608,mOhm,125.0,Operating Life / Power Conduction (TJ=125-150°C),ATE_BENCH_02,CH_08,VALID,0,,60.0,synthetic
LOT_W01_C024,LOT_W01,RDS(on),96,55.72132525975359,mOhm,125.0,Operating Life / Power Conduction (TJ=125-150°C),ATE_BENCH_02,CH_08,VALID,0,,60.0,synthetic
LOT_W01_C024,LOT_W01,RDS(on),168,55.47028559142981,mOhm,125.0,Operating Life / Power Conduction (TJ=125-150°C),ATE_BENCH_02,CH_08,VALID,0,,60.0,synthetic
LOT_W01_C024,LOT_W01,IGSS,0,-2.0529843193823227,nA,150.0,"HTGB (150°C, ±20V)",ATE_BENCH_02,CH_08,VALID,0,-100.0,100.0,synthetic
LOT_W01_C024,LOT_W01,IGSS,24,-2.939079349051624,nA,150.0,"HTGB (150°C, ±20V)",ATE_BENCH_02,CH_08,VALID,0,-100.0,100.0,synthetic
LOT_W01_C024,LOT_W01,IGSS,96,-2.951478275215768,nA,150.0,"HTGB (150°C, ±20V)",ATE_BENCH_02,CH_08,VALID,0,-100.0,100.0,synthetic
LOT_W01_C024,LOT_W01,IGSS,168,-3.4237339924170453,nA,150.0,"HTGB (150°C, ±20V)",ATE_BENCH_02,CH_08,VALID,0,-100.0,100.0,synthetic
LOT_W01_C025,LOT_W01,IDSS,0,0.40903609142411496,uA,150.0,"HTRB (150°C, 80V)",ATE_BENCH_02,CH_09,VALID,0,,10.0,synthetic
LOT_W01_C025,LOT_W01,IDSS,24,0.40910505698792865,uA,150.0,"HTRB (150°C, 80V)",ATE_BENCH_02,CH_09,VALID,0,,10.0,synthetic
LOT_W01_C025,LOT_W01,IDSS,96,0.37013362306413944,uA,150.0,"HTRB (150°C, 80V)",ATE_BENCH_02,CH_09,VALID,0,,10.0,synthetic
LOT_W01_C025,LOT_W01,IDSS,168,0.38889246046362597,uA,150.0,"HTRB (150°C, 80V)",ATE_BENCH_02,CH_09,VALID,0,,10.0,synthetic
LOT_W01_C025,LOT_W01,VGS(th),0,3.008797385413492,V,150.0,"HTGB (150°C, 20V)",ATE_BENCH_02,CH_09,VALID,0,2.0,4.0,synthetic
LOT_W01_C025,LOT_W01,VGS(th),24,3.0073021843577346,V,150.0,"HTGB (150°C, 20V)",ATE_BENCH_02,CH_09,VALID,0,2.0,4.0,synthetic
LOT_W01_C025,LOT_W01,VGS(th),96,2.984143814067407,V,150.0,"HTGB (150°C, 20V)",ATE_BENCH_02,CH_09,VALID,0,2.0,4.0,synthetic
LOT_W01_C025,LOT_W01,VGS(th),168,3.0365314893331115,V,150.0,"HTGB (150°C, 20V)",ATE_BENCH_02,CH_09,VALID,0,2.0,4.0,synthetic
LOT_W01_C025,LOT_W01,RDS(on),0,51.20434077406951,mOhm,125.0,Operating Life / Power Conduction (TJ=125-150°C),ATE_BENCH_02,CH_09,VALID,0,,60.0,synthetic
LOT_W01_C025,LOT_W01,RDS(on),24,50.935267327962826,mOhm,125.0,Operating Life / Power Conduction (TJ=125-150°C),ATE_BENCH_02,CH_09,VALID,0,,60.0,synthetic
LOT_W01_C025,LOT_W01,RDS(on),96,51.51598347468928,mOhm,125.0,Operating Life / Power Conduction (TJ=125-150°C),ATE_BENCH_02,CH_09,VALID,0,,60.0,synthetic
LOT_W01_C025,LOT_W01,RDS(on),168,49.49304254047404,mOhm,125.0,Operating Life / Power Conduction (TJ=125-150°C),ATE_BENCH_02,CH_09,VALID,0,,60.0,synthetic
LOT_W01_C025,LOT_W01,IGSS,0,0.2076182189695411,nA,150.0,"HTGB (150°C, ±20V)",ATE_BENCH_02,CH_09,VALID,0,-100.0,100.0,synthetic
LOT_W01_C025,LOT_W01,IGSS,24,-0.06600650312736728,nA,150.0,"HTGB (150°C, ±20V)",ATE_BENCH_02,CH_09,VALID,0,-100.0,100.0,synthetic
LOT_W01_C025,LOT_W01,IGSS,96,0.251821327727312,nA,150.0,"HTGB (150°C, ±20V)",ATE_BENCH_02,CH_09,VALID,0,-100.0,100.0,synthetic
LOT_W01_C025,LOT_W01,IGSS,168,0.01835314724056754,nA,150.0,"HTGB (150°C, ±20V)",ATE_BENCH_02,CH_09,VALID,0,-100.0,100.0,synthetic
LOT_W01_C026,LOT_W01,IDSS,0,2.3595989179557626,uA,150.0,"HTRB (150°C, 80V)",ATE_BENCH_02,CH_10,VALID,0,,10.0,synthetic
LOT_W01_C026,LOT_W01,IDSS,24,2.1556128727923536,uA,150.0,"HTRB (150°C, 80V)",ATE_BENCH_02,CH_10,VALID,0,,10.0,synthetic
LOT_W01_C026,LOT_W01,IDSS,96,2.1551947774772913,uA,150.0,"HTRB (150°C, 80V)",ATE_BENCH_02,CH_10,VALID,0,,10.0,synthetic
LOT_W01_C026,LOT_W01,IDSS,168,1.9811636875529446,uA,150.0,"HTRB (150°C, 80V)",ATE_BENCH_02,CH_10,VALID,0,,10.0,synthetic
LOT_W01_C026,LOT_W01,VGS(th),0,3.074067733641067,V,150.0,"HTGB (150°C, 20V)",ATE_BENCH_02,CH_10,VALID,0,2.0,4.0,synthetic
LOT_W01_C026,LOT_W01,VGS(th),24,3.0582657629532926,V,150.0,"HTGB (150°C, 20V)",ATE_BENCH_02,CH_10,VALID,0,2.0,4.0,synthetic
LOT_W01_C026,LOT_W01,VGS(th),96,3.0412548592626805,V,150.0,"HTGB (150°C, 20V)",ATE_BENCH_02,CH_10,VALID,0,2.0,4.0,synthetic
LOT_W01_C026,LOT_W01,VGS(th),168,3.053716039340564,V,150.0,"HTGB (150°C, 20V)",ATE_BENCH_02,CH_10,VALID,0,2.0,4.0,synthetic
LOT_W01_C026,LOT_W01,RDS(on),0,51.63125314584871,mOhm,125.0,Operating Life / Power Conduction (TJ=125-150°C),ATE_BENCH_02,CH_10,VALID,0,,60.0,synthetic
LOT_W01_C026,LOT_W01,RDS(on),24,51.01598653893374,mOhm,125.0,Operating Life / Power Conduction (TJ=125-150°C),ATE_BENCH_02,CH_10,VALID,0,,60.0,synthetic
LOT_W01_C026,LOT_W01,RDS(on),96,52.004182721889045,mOhm,125.0,Operating Life / Power Conduction (TJ=125-150°C),ATE_BENCH_02,CH_10,VALID,0,,60.0,synthetic
LOT_W01_C026,LOT_W01,RDS(on),168,51.54970240417491,mOhm,125.0,Operating Life / Power Conduction (TJ=125-150°C),ATE_BENCH_02,CH_10,VALID,0,,60.0,synthetic
LOT_W01_C026,LOT_W01,IGSS,0,-1.1113230025496657,nA,150.0,"HTGB (150°C, ±20V)",ATE_BENCH_02,CH_10,VALID,0,-100.0,100.0,synthetic
LOT_W01_C026,LOT_W01,IGSS,24,-1.6524434918077975,nA,150.0,"HTGB (150°C, ±20V)",ATE_BENCH_02,CH_10,VALID,0,-100.0,100.0,synthetic
LOT_W01_C026,LOT_W01,IGSS,96,-0.6234243444650172,nA,150.0,"HTGB (150°C, ±20V)",ATE_BENCH_02,CH_10,VALID,0,-100.0,100.0,synthetic
LOT_W01_C026,LOT_W01,IGSS,168,-1.2459633210250332,nA,150.0,"HTGB (150°C, ±20V)",ATE_BENCH_02,CH_10,VALID,0,-100.0,100.0,synthetic
LOT_W01_C027,LOT_W01,IDSS,0,0.2915375036724083,uA,150.0,"HTRB (150°C, 80V)",ATE_BENCH_02,CH_11,VALID,0,,10.0,synthetic
LOT_W01_C027,LOT_W01,IDSS,24,0.3382900353527211,uA,150.0,"HTRB (150°C, 80V)",ATE_BENCH_02,CH_11,VALID,0,,10.0,synthetic
LOT_W01_C027,LOT_W01,IDSS,96,0.31922429712900574,uA,150.0,"HTRB (150°C, 80V)",ATE_BENCH_02,CH_11,VALID,0,,10.0,synthetic
LOT_W01_C027,LOT_W01,IDSS,168,0.33677111746726945,uA,150.0,"HTRB (150°C, 80V)",ATE_BENCH_02,CH_11,VALID,0,,10.0,synthetic
LOT_W01_C027,LOT_W01,VGS(th),0,3.2922532954145707,V,150.0,"HTGB (150°C, 20V)",ATE_BENCH_02,CH_11,VALID,0,2.0,4.0,synthetic
LOT_W01_C027,LOT_W01,VGS(th),24,3.2815069790134714,V,150.0,"HTGB (150°C, 20V)",ATE_BENCH_02,CH_11,VALID,0,2.0,4.0,synthetic
LOT_W01_C027,LOT_W01,VGS(th),96,3.300227670544388,V,150.0,"HTGB (150°C, 20V)",ATE_BENCH_02,CH_11,VALID,0,2.0,4.0,synthetic
LOT_W01_C027,LOT_W01,VGS(th),168,3.2453101844517205,V,150.0,"HTGB (150°C, 20V)",ATE_BENCH_02,CH_11,VALID,0,2.0,4.0,synthetic
LOT_W01_C027,LOT_W01,RDS(on),0,54.4820710931047,mOhm,125.0,Operating Life / Power Conduction (TJ=125-150°C),ATE_BENCH_02,CH_11,VALID,0,,60.0,synthetic
LOT_W01_C027,LOT_W01,RDS(on),24,55.0908263350881,mOhm,125.0,Operating Life / Power Conduction (TJ=125-150°C),ATE_BENCH_02,CH_11,VALID,0,,60.0,synthetic
LOT_W01_C027,LOT_W01,RDS(on),96,52.85760349678566,mOhm,125.0,Operating Life / Power Conduction (TJ=125-150°C),ATE_BENCH_02,CH_11,VALID,0,,60.0,synthetic
LOT_W01_C027,LOT_W01,RDS(on),168,54.57093043891757,mOhm,125.0,Operating Life / Power Conduction (TJ=125-150°C),ATE_BENCH_02,CH_11,VALID,0,,60.0,synthetic
LOT_W01_C027,LOT_W01,IGSS,0,2.2241981307469514,nA,150.0,"HTGB (150°C, ±20V)",ATE_BENCH_02,CH_11,VALID,0,-100.0,100.0,synthetic
LOT_W01_C027,LOT_W01,IGSS,24,1.6089348842496252,nA,150.0,"HTGB (150°C, ±20V)",ATE_BENCH_02,CH_11,VALID,0,-100.0,100.0,synthetic
LOT_W01_C027,LOT_W01,IGSS,96,2.47002635458979,nA,150.0,"HTGB (150°C, ±20V)",ATE_BENCH_02,CH_11,VALID,0,-100.0,100.0,synthetic
LOT_W01_C027,LOT_W01,IGSS,168,1.919991298154379,nA,150.0,"HTGB (150°C, ±20V)",ATE_BENCH_02,CH_11,VALID,0,-100.0,100.0,synthetic
LOT_W01_C028,LOT_W01,IDSS,0,0.6532551016182728,uA,150.0,"HTRB (150°C, 80V)",ATE_BENCH_02,CH_12,VALID,0,,10.0,synthetic
LOT_W01_C028,LOT_W01,IDSS,24,0.5712128637604178,uA,150.0,"HTRB (150°C, 80V)",ATE_BENCH_02,CH_12,VALID,0,,10.0,synthetic
LOT_W01_C028,LOT_W01,IDSS,96,0.5409472997393296,uA,150.0,"HTRB (150°C, 80V)",ATE_BENCH_02,CH_12,VALID,0,,10.0,synthetic
LOT_W01_C028,LOT_W01,IDSS,168,0.5649796220289374,uA,150.0,"HTRB (150°C, 80V)",ATE_BENCH_02,CH_12,VALID,0,,10.0,synthetic
LOT_W01_C028,LOT_W01,VGS(th),0,3.390130067461272,V,150.0,"HTGB (150°C, 20V)",ATE_BENCH_02,CH_12,VALID,0,2.0,4.0,synthetic
LOT_W01_C028,LOT_W01,VGS(th),24,3.3956031494948915,V,150.0,"HTGB (150°C, 20V)",ATE_BENCH_02,CH_12,VALID,0,2.0,4.0,synthetic
LOT_W01_C028,LOT_W01,VGS(th),96,3.4199159708639777,V,150.0,"HTGB (150°C, 20V)",ATE_BENCH_02,CH_12,VALID,0,2.0,4.0,synthetic
LOT_W01_C028,LOT_W01,VGS(th),168,3.3988923519204794,V,150.0,"HTGB (150°C, 20V)",ATE_BENCH_02,CH_12,VALID,0,2.0,4.0,synthetic
LOT_W01_C028,LOT_W01,RDS(on),0,49.722780326679164,mOhm,125.0,Operating Life / Power Conduction (TJ=125-150°C),ATE_BENCH_02,CH_12,VALID,0,,60.0,synthetic
LOT_W01_C028,LOT_W01,RDS(on),24,47.569853451204835,mOhm,125.0,Operating Life / Power Conduction (TJ=125-150°C),ATE_BENCH_02,CH_12,VALID,0,,60.0,synthetic
LOT_W01_C028,LOT_W01,RDS(on),96,49.96141546241666,mOhm,125.0,Operating Life / Power Conduction (TJ=125-150°C),ATE_BENCH_02,CH_12,VALID,0,,60.0,synthetic
LOT_W01_C028,LOT_W01,RDS(on),168,50.413815820912895,mOhm,125.0,Operating Life / Power Conduction (TJ=125-150°C),ATE_BENCH_02,CH_12,VALID,0,,60.0,synthetic
LOT_W01_C028,LOT_W01,IGSS,0,-1.4275801385729772,nA,150.0,"HTGB (150°C, ±20V)",ATE_BENCH_02,CH_12,VALID,0,-100.0,100.0,synthetic
LOT_W01_C028,LOT_W01,IGSS,24,-1.7718729631086578,nA,150.0,"HTGB (150°C, ±20V)",ATE_BENCH_02,CH_12,VALID,0,-100.0,100.0,synthetic
LOT_W01_C028,LOT_W01,IGSS,96,-1.1691277822028114,nA,150.0,"HTGB (150°C, ±20V)",ATE_BENCH_02,CH_12,VALID,0,-100.0,100.0,synthetic
LOT_W01_C028,LOT_W01,IGSS,168,-1.716608220328882,nA,150.0,"HTGB (150°C, ±20V)",ATE_BENCH_02,CH_12,VALID,0,-100.0,100.0,synthetic
LOT_W01_C029,LOT_W01,IDSS,0,0.49365547934871434,uA,150.0,"HTRB (150°C, 80V)",ATE_BENCH_02,CH_13,VALID,0,,10.0,synthetic
LOT_W01_C029,LOT_W01,IDSS,24,0.4527266438679882,uA,150.0,"HTRB (150°C, 80V)",ATE_BENCH_02,CH_13,VALID,0,,10.0,synthetic
LOT_W01_C029,LOT_W01,IDSS,96,0.46123316093684474,uA,150.0,"HTRB (150°C, 80V)",ATE_BENCH_02,CH_13,VALID,0,,10.0,synthetic
LOT_W01_C029,LOT_W01,IDSS,168,0.472385765176323,uA,150.0,"HTRB (150°C, 80V)",ATE_BENCH_02,CH_13,VALID,0,,10.0,synthetic
LOT_W01_C029,LOT_W01,VGS(th),0,2.895157698952765,V,150.0,"HTGB (150°C, 20V)",ATE_BENCH_02,CH_13,VALID,0,2.0,4.0,synthetic
LOT_W01_C029,LOT_W01,VGS(th),24,2.904788637632505,V,150.0,"HTGB (150°C, 20V)",ATE_BENCH_02,CH_13,VALID,0,2.0,4.0,synthetic
LOT_W01_C029,LOT_W01,VGS(th),96,2.928095070499277,V,150.0,"HTGB (150°C, 20V)",ATE_BENCH_02,CH_13,VALID,0,2.0,4.0,synthetic
LOT_W01_C029,LOT_W01,VGS(th),168,2.8543242802658253,V,150.0,"HTGB (150°C, 20V)",ATE_BENCH_02,CH_13,VALID,0,2.0,4.0,synthetic
LOT_W01_C029,LOT_W01,RDS(on),0,45.31001321480968,mOhm,125.0,Operating Life / Power Conduction (TJ=125-150°C),ATE_BENCH_02,CH_13,VALID,0,,60.0,synthetic
LOT_W01_C029,LOT_W01,RDS(on),24,46.423816272038565,mOhm,125.0,Operating Life / Power Conduction (TJ=125-150°C),ATE_BENCH_02,CH_13,VALID,0,,60.0,synthetic
LOT_W01_C029,LOT_W01,RDS(on),96,46.41184666800918,mOhm,125.0,Operating Life / Power Conduction (TJ=125-150°C),ATE_BENCH_02,CH_13,VALID,0,,60.0,synthetic
LOT_W01_C029,LOT_W01,RDS(on),168,46.51976701878261,mOhm,125.0,Operating Life / Power Conduction (TJ=125-150°C),ATE_BENCH_02,CH_13,VALID,0,,60.0,synthetic
LOT_W01_C029,LOT_W01,IGSS,0,0.788099066083253,nA,150.0,"HTGB (150°C, ±20V)",ATE_BENCH_02,CH_13,VALID,0,-100.0,100.0,synthetic
LOT_W01_C029,LOT_W01,IGSS,24,1.257105159754475,nA,150.0,"HTGB (150°C, ±20V)",ATE_BENCH_02,CH_13,VALID,0,-100.0,100.0,synthetic
LOT_W01_C029,LOT_W01,IGSS,96,1.4622349717157277,nA,150.0,"HTGB (150°C, ±20V)",ATE_BENCH_02,CH_13,VALID,0,-100.0,100.0,synthetic
LOT_W01_C029,LOT_W01,IGSS,168,0.3843049451439442,nA,150.0,"HTGB (150°C, ±20V)",ATE_BENCH_02,CH_13,VALID,0,-100.0,100.0,synthetic
LOT_W01_C030,LOT_W01,IDSS,0,0.5292164591954083,uA,150.0,"HTRB (150°C, 80V)",ATE_BENCH_02,CH_14,VALID,0,,10.0,synthetic
LOT_W01_C030,LOT_W01,IDSS,24,0.5550167250740125,uA,150.0,"HTRB (150°C, 80V)",ATE_BENCH_02,CH_14,VALID,0,,10.0,synthetic
LOT_W01_C030,LOT_W01,IDSS,96,0.54801623356544,uA,150.0,"HTRB (150°C, 80V)",ATE_BENCH_02,CH_14,VALID,0,,10.0,synthetic
LOT_W01_C030,LOT_W01,IDSS,168,0.4733217900709971,uA,150.0,"HTRB (150°C, 80V)",ATE_BENCH_02,CH_14,VALID,0,,10.0,synthetic
LOT_W01_C030,LOT_W01,VGS(th),0,2.933127526433938,V,150.0,"HTGB (150°C, 20V)",ATE_BENCH_02,CH_14,VALID,0,2.0,4.0,synthetic
LOT_W01_C030,LOT_W01,VGS(th),24,2.8923616311810623,V,150.0,"HTGB (150°C, 20V)",ATE_BENCH_02,CH_14,VALID,0,2.0,4.0,synthetic
LOT_W01_C030,LOT_W01,VGS(th),96,2.9061588446380986,V,150.0,"HTGB (150°C, 20V)",ATE_BENCH_02,CH_14,VALID,0,2.0,4.0,synthetic
LOT_W01_C030,LOT_W01,VGS(th),168,2.923265713598032,V,150.0,"HTGB (150°C, 20V)",ATE_BENCH_02,CH_14,VALID,0,2.0,4.0,synthetic
LOT_W01_C030,LOT_W01,RDS(on),0,56.75693895976712,mOhm,125.0,Operating Life / Power Conduction (TJ=125-150°C),ATE_BENCH_02,CH_14,VALID,0,,60.0,synthetic
LOT_W01_C030,LOT_W01,RDS(on),24,57.08393163066154,mOhm,125.0,Operating Life / Power Conduction (TJ=125-150°C),ATE_BENCH_02,CH_14,VALID,0,,60.0,synthetic
LOT_W01_C030,LOT_W01,RDS(on),96,57.73541150703222,mOhm,125.0,Operating Life / Power Conduction (TJ=125-150°C),ATE_BENCH_02,CH_14,VALID,0,,60.0,synthetic
LOT_W01_C030,LOT_W01,RDS(on),168,57.57855671930116,mOhm,125.0,Operating Life / Power Conduction (TJ=125-150°C),ATE_BENCH_02,CH_14,VALID,0,,60.0,synthetic
LOT_W01_C030,LOT_W01,IGSS,0,-1.6654801734005833,nA,150.0,"HTGB (150°C, ±20V)",ATE_BENCH_02,CH_14,VALID,0,-100.0,100.0,synthetic
LOT_W01_C030,LOT_W01,IGSS,24,-1.941451993049876,nA,150.0,"HTGB (150°C, ±20V)",ATE_BENCH_02,CH_14,VALID,0,-100.0,100.0,synthetic
LOT_W01_C030,LOT_W01,IGSS,96,-1.5329767634761944,nA,150.0,"HTGB (150°C, ±20V)",ATE_BENCH_02,CH_14,VALID,0,-100.0,100.0,synthetic
LOT_W01_C030,LOT_W01,IGSS,168,-2.394180233807952,nA,150.0,"HTGB (150°C, ±20V)",ATE_BENCH_02,CH_14,VALID,0,-100.0,100.0,synthetic
LOT_W01_C031,LOT_W01,IDSS,0,0.338467491056659,uA,150.0,"HTRB (150°C, 80V)",ATE_BENCH_02,CH_15,VALID,0,,10.0,synthetic
LOT_W01_C031,LOT_W01,IDSS,24,0.40440840439776643,uA,150.0,"HTRB (150°C, 80V)",ATE_BENCH_02,CH_15,VALID,0,,10.0,synthetic
LOT_W01_C031,LOT_W01,IDSS,96,0.42256475118129444,uA,150.0,"HTRB (150°C, 80V)",ATE_BENCH_02,CH_15,VALID,0,,10.0,synthetic
LOT_W01_C031,LOT_W01,IDSS,168,0.41048974474853905,uA,150.0,"HTRB (150°C, 80V)",ATE_BENCH_02,CH_15,VALID,0,,10.0,synthetic
LOT_W01_C031,LOT_W01,VGS(th),0,2.8543268634396872,V,150.0,"HTGB (150°C, 20V)",ATE_BENCH_02,CH_15,VALID,0,2.0,4.0,synthetic
LOT_W01_C031,LOT_W01,VGS(th),24,2.837202957953143,V,150.0,"HTGB (150°C, 20V)",ATE_BENCH_02,CH_15,VALID,0,2.0,4.0,synthetic
LOT_W01_C031,LOT_W01,VGS(th),96,2.850112308153206,V,150.0,"HTGB (150°C, 20V)",ATE_BENCH_02,CH_15,VALID,0,2.0,4.0,synthetic
LOT_W01_C031,LOT_W01,VGS(th),168,2.8637733897772377,V,150.0,"HTGB (150°C, 20V)",ATE_BENCH_02,CH_15,VALID,0,2.0,4.0,synthetic
LOT_W01_C031,LOT_W01,RDS(on),0,50.90158556593202,mOhm,125.0,Operating Life / Power Conduction (TJ=125-150°C),ATE_BENCH_02,CH_15,VALID,0,,60.0,synthetic
LOT_W01_C031,LOT_W01,RDS(on),24,51.75537598099034,mOhm,125.0,Operating Life / Power Conduction (TJ=125-150°C),ATE_BENCH_02,CH_15,VALID,0,,60.0,synthetic
LOT_W01_C031,LOT_W01,RDS(on),96,52.37378173189083,mOhm,125.0,Operating Life / Power Conduction (TJ=125-150°C),ATE_BENCH_02,CH_15,VALID,0,,60.0,synthetic
LOT_W01_C031,LOT_W01,RDS(on),168,51.72981942357356,mOhm,125.0,Operating Life / Power Conduction (TJ=125-150°C),ATE_BENCH_02,CH_15,VALID,0,,60.0,synthetic
LOT_W01_C031,LOT_W01,IGSS,0,2.879495161981694,nA,150.0,"HTGB (150°C, ±20V)",ATE_BENCH_02,CH_15,VALID,0,-100.0,100.0,synthetic
LOT_W01_C031,LOT_W01,IGSS,24,2.1838209047860864,nA,150.0,"HTGB (150°C, ±20V)",ATE_BENCH_02,CH_15,VALID,0,-100.0,100.0,synthetic
LOT_W01_C031,LOT_W01,IGSS,96,2.895065419331338,nA,150.0,"HTGB (150°C, ±20V)",ATE_BENCH_02,CH_15,VALID,0,-100.0,100.0,synthetic
LOT_W01_C031,LOT_W01,IGSS,168,1.6637992952021252,nA,150.0,"HTGB (150°C, ±20V)",ATE_BENCH_02,CH_15,VALID,0,-100.0,100.0,synthetic
LOT_W01_C032,LOT_W01,IDSS,0,2.3553674277753136,uA,150.0,"HTRB (150°C, 80V)",ATE_BENCH_02,CH_16,VALID,0,,10.0,synthetic
LOT_W01_C032,LOT_W01,IDSS,24,2.2933018596716486,uA,150.0,"HTRB (150°C, 80V)",ATE_BENCH_02,CH_16,VALID,0,,10.0,synthetic
LOT_W01_C032,LOT_W01,IDSS,96,2.329886329842703,uA,150.0,"HTRB (150°C, 80V)",ATE_BENCH_02,CH_16,VALID,0,,10.0,synthetic
LOT_W01_C032,LOT_W01,IDSS,168,2.258748917715562,uA,150.0,"HTRB (150°C, 80V)",ATE_BENCH_02,CH_16,VALID,0,,10.0,synthetic
LOT_W01_C032,LOT_W01,VGS(th),0,3.0715268848991677,V,150.0,"HTGB (150°C, 20V)",ATE_BENCH_02,CH_16,VALID,0,2.0,4.0,synthetic
LOT_W01_C032,LOT_W01,VGS(th),24,3.0347930474757066,V,150.0,"HTGB (150°C, 20V)",ATE_BENCH_02,CH_16,VALID,0,2.0,4.0,synthetic
LOT_W01_C032,LOT_W01,VGS(th),96,3.0708530589147602,V,150.0,"HTGB (150°C, 20V)",ATE_BENCH_02,CH_16,VALID,0,2.0,4.0,synthetic
LOT_W01_C032,LOT_W01,VGS(th),168,3.0756755791714454,V,150.0,"HTGB (150°C, 20V)",ATE_BENCH_02,CH_16,VALID,0,2.0,4.0,synthetic
LOT_W01_C032,LOT_W01,RDS(on),0,45.02889348941592,mOhm,125.0,Operating Life / Power Conduction (TJ=125-150°C),ATE_BENCH_02,CH_16,VALID,0,,60.0,synthetic
LOT_W01_C032,LOT_W01,RDS(on),24,43.588332371955445,mOhm,125.0,Operating Life / Power Conduction (TJ=125-150°C),ATE_BENCH_02,CH_16,VALID,0,,60.0,synthetic
LOT_W01_C032,LOT_W01,RDS(on),96,43.82888124825327,mOhm,125.0,Operating Life / Power Conduction (TJ=125-150°C),ATE_BENCH_02,CH_16,VALID,0,,60.0,synthetic
LOT_W01_C032,LOT_W01,RDS(on),168,43.84631830985071,mOhm,125.0,Operating Life / Power Conduction (TJ=125-150°C),ATE_BENCH_02,CH_16,VALID,0,,60.0,synthetic
LOT_W01_C032,LOT_W01,IGSS,0,-2.3813716453672353,nA,150.0,"HTGB (150°C, ±20V)",ATE_BENCH_02,CH_16,VALID,0,-100.0,100.0,synthetic
LOT_W01_C032,LOT_W01,IGSS,24,-1.3542903008248701,nA,150.0,"HTGB (150°C, ±20V)",ATE_BENCH_02,CH_16,VALID,0,-100.0,100.0,synthetic
LOT_W01_C032,LOT_W01,IGSS,96,-2.4724507984625412,nA,150.0,"HTGB (150°C, ±20V)",ATE_BENCH_02,CH_16,VALID,0,-100.0,100.0,synthetic
LOT_W01_C032,LOT_W01,IGSS,168,-2.4756740168806113,nA,150.0,"HTGB (150°C, ±20V)",ATE_BENCH_02,CH_16,VALID,0,-100.0,100.0,synthetic
LOT_W01_C033,LOT_W01,IDSS,0,0.4952289610536096,uA,150.0,"HTRB (150°C, 80V)",ATE_BENCH_01,CH_01,VALID,0,,10.0,synthetic
LOT_W01_C033,LOT_W01,IDSS,24,0.47650323530907596,uA,150.0,"HTRB (150°C, 80V)",ATE_BENCH_01,CH_01,VALID,0,,10.0,synthetic
LOT_W01_C033,LOT_W01,IDSS,96,0.4184828343156041,uA,150.0,"HTRB (150°C, 80V)",ATE_BENCH_01,CH_01,VALID,0,,10.0,synthetic
LOT_W01_C033,LOT_W01,IDSS,168,0.618959430936016,uA,150.0,"HTRB (150°C, 80V)",ATE_BENCH_01,CH_01,VALID,0,,10.0,synthetic
LOT_W01_C033,LOT_W01,VGS(th),0,2.9581877454461663,V,150.0,"HTGB (150°C, 20V)",ATE_BENCH_01,CH_01,VALID,0,2.0,4.0,synthetic
LOT_W01_C033,LOT_W01,VGS(th),24,2.9868823067504446,V,150.0,"HTGB (150°C, 20V)",ATE_BENCH_01,CH_01,VALID,0,2.0,4.0,synthetic
LOT_W01_C033,LOT_W01,VGS(th),96,2.9385249474853046,V,150.0,"HTGB (150°C, 20V)",ATE_BENCH_01,CH_01,VALID,0,2.0,4.0,synthetic
LOT_W01_C033,LOT_W01,VGS(th),168,2.947808648146435,V,150.0,"HTGB (150°C, 20V)",ATE_BENCH_01,CH_01,VALID,0,2.0,4.0,synthetic
LOT_W01_C033,LOT_W01,RDS(on),0,48.0733399267183,mOhm,125.0,Operating Life / Power Conduction (TJ=125-150°C),ATE_BENCH_01,CH_01,VALID,0,,60.0,synthetic
LOT_W01_C033,LOT_W01,RDS(on),24,48.157135800985515,mOhm,125.0,Operating Life / Power Conduction (TJ=125-150°C),ATE_BENCH_01,CH_01,VALID,0,,60.0,synthetic
LOT_W01_C033,LOT_W01,RDS(on),96,48.08007824267889,mOhm,125.0,Operating Life / Power Conduction (TJ=125-150°C),ATE_BENCH_01,CH_01,VALID,0,,60.0,synthetic
LOT_W01_C033,LOT_W01,RDS(on),168,47.66690572688524,mOhm,125.0,Operating Life / Power Conduction (TJ=125-150°C),ATE_BENCH_01,CH_01,VALID,0,,60.0,synthetic
LOT_W01_C033,LOT_W01,IGSS,0,2.57325912353002,nA,150.0,"HTGB (150°C, ±20V)",ATE_BENCH_01,CH_01,VALID,0,-100.0,100.0,synthetic
LOT_W01_C033,LOT_W01,IGSS,24,2.413226575482419,nA,150.0,"HTGB (150°C, ±20V)",ATE_BENCH_01,CH_01,VALID,0,-100.0,100.0,synthetic
LOT_W01_C033,LOT_W01,IGSS,96,2.166036426813509,nA,150.0,"HTGB (150°C, ±20V)",ATE_BENCH_01,CH_01,VALID,0,-100.0,100.0,synthetic
LOT_W01_C033,LOT_W01,IGSS,168,2.613364679732436,nA,150.0,"HTGB (150°C, ±20V)",ATE_BENCH_01,CH_01,VALID,0,-100.0,100.0,synthetic
LOT_W01_C034,LOT_W01,IDSS,0,0.28652377250220756,uA,150.0,"HTRB (150°C, 80V)",ATE_BENCH_01,CH_02,VALID,0,,10.0,synthetic
LOT_W01_C034,LOT_W01,IDSS,24,0.3544077012714994,uA,150.0,"HTRB (150°C, 80V)",ATE_BENCH_01,CH_02,VALID,0,,10.0,synthetic
LOT_W01_C034,LOT_W01,IDSS,96,0.3812407806164151,uA,150.0,"HTRB (150°C, 80V)",ATE_BENCH_01,CH_02,VALID,0,,10.0,synthetic
LOT_W01_C034,LOT_W01,IDSS,168,0.31989662397177415,uA,150.0,"HTRB (150°C, 80V)",ATE_BENCH_01,CH_02,VALID,0,,10.0,synthetic
LOT_W01_C034,LOT_W01,VGS(th),0,3.4248168261210292,V,150.0,"HTGB (150°C, 20V)",ATE_BENCH_01,CH_02,VALID,0,2.0,4.0,synthetic
LOT_W01_C034,LOT_W01,VGS(th),24,3.4100524365052682,V,150.0,"HTGB (150°C, 20V)",ATE_BENCH_01,CH_02,VALID,0,2.0,4.0,synthetic
LOT_W01_C034,LOT_W01,VGS(th),96,3.3934409659514917,V,150.0,"HTGB (150°C, 20V)",ATE_BENCH_01,CH_02,VALID,0,2.0,4.0,synthetic
LOT_W01_C034,LOT_W01,VGS(th),168,3.4108865777451522,V,150.0,"HTGB (150°C, 20V)",ATE_BENCH_01,CH_02,VALID,0,2.0,4.0,synthetic
LOT_W01_C034,LOT_W01,RDS(on),0,49.194391485002555,mOhm,125.0,Operating Life / Power Conduction (TJ=125-150°C),ATE_BENCH_01,CH_02,VALID,0,,60.0,synthetic
LOT_W01_C034,LOT_W01,RDS(on),24,50.95285242003468,mOhm,125.0,Operating Life / Power Conduction (TJ=125-150°C),ATE_BENCH_01,CH_02,VALID,0,,60.0,synthetic
LOT_W01_C034,LOT_W01,RDS(on),96,49.668688671143094,mOhm,125.0,Operating Life / Power Conduction (TJ=125-150°C),ATE_BENCH_01,CH_02,VALID,0,,60.0,synthetic
LOT_W01_C034,LOT_W01,RDS(on),168,50.34881921647384,mOhm,125.0,Operating Life / Power Conduction (TJ=125-150°C),ATE_BENCH_01,CH_02,VALID,0,,60.0,synthetic
LOT_W01_C034,LOT_W01,IGSS,0,-1.2251355641300694,nA,150.0,"HTGB (150°C, ±20V)",ATE_BENCH_01,CH_02,VALID,0,-100.0,100.0,synthetic
LOT_W01_C034,LOT_W01,IGSS,24,-1.5479109389067585,nA,150.0,"HTGB (150°C, ±20V)",ATE_BENCH_01,CH_02,VALID,0,-100.0,100.0,synthetic
LOT_W01_C034,LOT_W01,IGSS,96,-1.9552492443602352,nA,150.0,"HTGB (150°C, ±20V)",ATE_BENCH_01,CH_02,VALID,0,-100.0,100.0,synthetic
LOT_W01_C034,LOT_W01,IGSS,168,-1.9294162305033211,nA,150.0,"HTGB (150°C, ±20V)",ATE_BENCH_01,CH_02,VALID,0,-100.0,100.0,synthetic
LOT_W01_C035,LOT_W01,IDSS,0,0.32016947666116563,uA,150.0,"HTRB (150°C, 80V)",ATE_BENCH_01,CH_03,VALID,0,,10.0,synthetic
LOT_W01_C035,LOT_W01,IDSS,24,0.3148246380192069,uA,150.0,"HTRB (150°C, 80V)",ATE_BENCH_01,CH_03,VALID,0,,10.0,synthetic
LOT_W01_C035,LOT_W01,IDSS,96,0.29515892073394095,uA,150.0,"HTRB (150°C, 80V)",ATE_BENCH_01,CH_03,VALID,0,,10.0,synthetic
LOT_W01_C035,LOT_W01,IDSS,168,0.2881770929617464,uA,150.0,"HTRB (150°C, 80V)",ATE_BENCH_01,CH_03,VALID,0,,10.0,synthetic
LOT_W01_C035,LOT_W01,VGS(th),0,2.8077492772102772,V,150.0,"HTGB (150°C, 20V)",ATE_BENCH_01,CH_03,VALID,0,2.0,4.0,synthetic
LOT_W01_C035,LOT_W01,VGS(th),24,2.8454001967293543,V,150.0,"HTGB (150°C, 20V)",ATE_BENCH_01,CH_03,VALID,0,2.0,4.0,synthetic
LOT_W01_C035,LOT_W01,VGS(th),96,2.8420618945211333,V,150.0,"HTGB (150°C, 20V)",ATE_BENCH_01,CH_03,VALID,0,2.0,4.0,synthetic
LOT_W01_C035,LOT_W01,VGS(th),168,2.883782425778515,V,150.0,"HTGB (150°C, 20V)",ATE_BENCH_01,CH_03,VALID,0,2.0,4.0,synthetic
LOT_W01_C035,LOT_W01,RDS(on),0,44.56290073171522,mOhm,125.0,Operating Life / Power Conduction (TJ=125-150°C),ATE_BENCH_01,CH_03,VALID,0,,60.0,synthetic
LOT_W01_C035,LOT_W01,RDS(on),24,44.2567987808683,mOhm,125.0,Operating Life / Power Conduction (TJ=125-150°C),ATE_BENCH_01,CH_03,VALID,0,,60.0,synthetic
LOT_W01_C035,LOT_W01,RDS(on),168,45.35008985592518,mOhm,125.0,Operating Life / Power Conduction (TJ=125-150°C),ATE_BENCH_01,CH_03,VALID,0,,60.0,synthetic
LOT_W01_C035,LOT_W01,IGSS,0,1.8652835100747573,nA,150.0,"HTGB (150°C, ±20V)",ATE_BENCH_01,CH_03,VALID,0,-100.0,100.0,synthetic
LOT_W01_C035,LOT_W01,IGSS,24,1.8297558339603193,nA,150.0,"HTGB (150°C, ±20V)",ATE_BENCH_01,CH_03,VALID,0,-100.0,100.0,synthetic
LOT_W01_C035,LOT_W01,IGSS,96,1.9522284832035797,nA,150.0,"HTGB (150°C, ±20V)",ATE_BENCH_01,CH_03,VALID,0,-100.0,100.0,synthetic
LOT_W01_C035,LOT_W01,IGSS,168,3.157947722316859,nA,150.0,"HTGB (150°C, ±20V)",ATE_BENCH_01,CH_03,VALID,0,-100.0,100.0,synthetic
LOT_W01_C036,LOT_W01,IDSS,0,0.3868378946207446,uA,150.0,"HTRB (150°C, 80V)",ATE_BENCH_01,CH_04,VALID,0,,10.0,synthetic
LOT_W01_C036,LOT_W01,IDSS,24,0.472481226886719,uA,150.0,"HTRB (150°C, 80V)",ATE_BENCH_01,CH_04,VALID,0,,10.0,synthetic
LOT_W01_C036,LOT_W01,IDSS,96,0.3982852439718234,uA,150.0,"HTRB (150°C, 80V)",ATE_BENCH_01,CH_04,VALID,0,,10.0,synthetic
LOT_W01_C036,LOT_W01,IDSS,168,0.35528623558893274,uA,150.0,"HTRB (150°C, 80V)",ATE_BENCH_01,CH_04,VALID,0,,10.0,synthetic
LOT_W01_C036,LOT_W01,VGS(th),0,2.937988060737243,V,150.0,"HTGB (150°C, 20V)",ATE_BENCH_01,CH_04,VALID,0,2.0,4.0,synthetic
LOT_W01_C036,LOT_W01,VGS(th),24,2.9849873478159354,V,150.0,"HTGB (150°C, 20V)",ATE_BENCH_01,CH_04,VALID,0,2.0,4.0,synthetic
LOT_W01_C036,LOT_W01,VGS(th),96,2.9827227598488135,V,150.0,"HTGB (150°C, 20V)",ATE_BENCH_01,CH_04,VALID,0,2.0,4.0,synthetic
LOT_W01_C036,LOT_W01,VGS(th),168,2.9651030255879456,V,150.0,"HTGB (150°C, 20V)",ATE_BENCH_01,CH_04,VALID,0,2.0,4.0,synthetic
LOT_W01_C036,LOT_W01,RDS(on),0,58.26301703272052,mOhm,125.0,Operating Life / Power Conduction (TJ=125-150°C),ATE_BENCH_01,CH_04,VALID,0,,60.0,synthetic
LOT_W01_C036,LOT_W01,RDS(on),24,56.87909939331539,mOhm,125.0,Operating Life / Power Conduction (TJ=125-150°C),ATE_BENCH_01,CH_04,VALID,0,,60.0,synthetic
LOT_W01_C036,LOT_W01,RDS(on),96,57.242251923541595,mOhm,125.0,Operating Life / Power Conduction (TJ=125-150°C),ATE_BENCH_01,CH_04,VALID,0,,60.0,synthetic
LOT_W01_C036,LOT_W01,RDS(on),168,57.96560059045272,mOhm,125.0,Operating Life / Power Conduction (TJ=125-150°C),ATE_BENCH_01,CH_04,VALID,0,,60.0,synthetic
LOT_W01_C036,LOT_W01,IGSS,0,-1.5196572329721583,nA,150.0,"HTGB (150°C, ±20V)",ATE_BENCH_01,CH_04,VALID,0,-100.0,100.0,synthetic
LOT_W01_C036,LOT_W01,IGSS,24,-1.731772673611278,nA,150.0,"HTGB (150°C, ±20V)",ATE_BENCH_01,CH_04,VALID,0,-100.0,100.0,synthetic
LOT_W01_C036,LOT_W01,IGSS,96,-1.487059643885498,nA,150.0,"HTGB (150°C, ±20V)",ATE_BENCH_01,CH_04,VALID,0,-100.0,100.0,synthetic
LOT_W01_C036,LOT_W01,IGSS,168,-1.0852454333779833,nA,150.0,"HTGB (150°C, ±20V)",ATE_BENCH_01,CH_04,VALID,0,-100.0,100.0,synthetic
LOT_W01_C037,LOT_W01,IDSS,0,0.37938553195172425,uA,150.0,"HTRB (150°C, 80V)",ATE_BENCH_01,CH_05,VALID,0,,10.0,synthetic
LOT_W01_C037,LOT_W01,IDSS,24,0.4102941694507049,uA,150.0,"HTRB (150°C, 80V)",ATE_BENCH_01,CH_05,VALID,0,,10.0,synthetic
LOT_W01_C037,LOT_W01,IDSS,96,0.39220237952727866,uA,150.0,"HTRB (150°C, 80V)",ATE_BENCH_01,CH_05,VALID,0,,10.0,synthetic
LOT_W01_C037,LOT_W01,IDSS,168,0.3466296219704742,uA,150.0,"HTRB (150°C, 80V)",ATE_BENCH_01,CH_05,VALID,0,,10.0,synthetic
LOT_W01_C037,LOT_W01,VGS(th),0,2.9869631422272938,V,150.0,"HTGB (150°C, 20V)",ATE_BENCH_01,CH_05,VALID,0,2.0,4.0,synthetic
LOT_W01_C037,LOT_W01,VGS(th),24,2.9242132749532748,V,150.0,"HTGB (150°C, 20V)",ATE_BENCH_01,CH_05,VALID,0,2.0,4.0,synthetic
LOT_W01_C037,LOT_W01,VGS(th),96,2.9308188539217057,V,150.0,"HTGB (150°C, 20V)",ATE_BENCH_01,CH_05,VALID,0,2.0,4.0,synthetic
LOT_W01_C037,LOT_W01,VGS(th),168,2.957956103127328,V,150.0,"HTGB (150°C, 20V)",ATE_BENCH_01,CH_05,VALID,0,2.0,4.0,synthetic
LOT_W01_C037,LOT_W01,RDS(on),0,49.99661843264905,mOhm,125.0,Operating Life / Power Conduction (TJ=125-150°C),ATE_BENCH_01,CH_05,VALID,0,,60.0,synthetic
LOT_W01_C037,LOT_W01,RDS(on),24,49.32869660902308,mOhm,125.0,Operating Life / Power Conduction (TJ=125-150°C),ATE_BENCH_01,CH_05,VALID,0,,60.0,synthetic
LOT_W01_C037,LOT_W01,RDS(on),96,49.222503099431165,mOhm,125.0,Operating Life / Power Conduction (TJ=125-150°C),ATE_BENCH_01,CH_05,VALID,0,,60.0,synthetic
LOT_W01_C037,LOT_W01,RDS(on),168,48.19325100745081,mOhm,125.0,Operating Life / Power Conduction (TJ=125-150°C),ATE_BENCH_01,CH_05,VALID,0,,60.0,synthetic
LOT_W01_C037,LOT_W01,IGSS,0,0.5667721209504653,nA,150.0,"HTGB (150°C, ±20V)",ATE_BENCH_01,CH_05,VALID,0,-100.0,100.0,synthetic
LOT_W01_C037,LOT_W01,IGSS,24,-0.026677181609674753,nA,150.0,"HTGB (150°C, ±20V)",ATE_BENCH_01,CH_05,VALID,0,-100.0,100.0,synthetic
LOT_W01_C037,LOT_W01,IGSS,96,0.03355890288597081,nA,150.0,"HTGB (150°C, ±20V)",ATE_BENCH_01,CH_05,VALID,0,-100.0,100.0,synthetic
LOT_W01_C037,LOT_W01,IGSS,168,0.1861904838326825,nA,150.0,"HTGB (150°C, ±20V)",ATE_BENCH_01,CH_05,VALID,0,-100.0,100.0,synthetic
LOT_W01_C038,LOT_W01,IDSS,0,2.532281849217982,uA,150.0,"HTRB (150°C, 80V)",ATE_BENCH_01,CH_06,VALID,0,,10.0,synthetic
LOT_W01_C038,LOT_W01,IDSS,24,2.0195619890434378,uA,150.0,"HTRB (150°C, 80V)",ATE_BENCH_01,CH_06,VALID,0,,10.0,synthetic
LOT_W01_C038,LOT_W01,IDSS,96,2.210888880100779,uA,150.0,"HTRB (150°C, 80V)",ATE_BENCH_01,CH_06,VALID,0,,10.0,synthetic
LOT_W01_C038,LOT_W01,IDSS,168,2.2059108326845984,uA,150.0,"HTRB (150°C, 80V)",ATE_BENCH_01,CH_06,VALID,0,,10.0,synthetic
LOT_W01_C038,LOT_W01,VGS(th),0,2.8531408628711654,V,150.0,"HTGB (150°C, 20V)",ATE_BENCH_01,CH_06,VALID,0,2.0,4.0,synthetic
LOT_W01_C038,LOT_W01,VGS(th),24,2.8240646597202783,V,150.0,"HTGB (150°C, 20V)",ATE_BENCH_01,CH_06,VALID,0,2.0,4.0,synthetic
LOT_W01_C038,LOT_W01,VGS(th),96,2.8390308610398405,V,150.0,"HTGB (150°C, 20V)",ATE_BENCH_01,CH_06,VALID,0,2.0,4.0,synthetic
LOT_W01_C038,LOT_W01,VGS(th),168,2.817574212748077,V,150.0,"HTGB (150°C, 20V)",ATE_BENCH_01,CH_06,VALID,0,2.0,4.0,synthetic
LOT_W01_C038,LOT_W01,RDS(on),0,43.74394917813852,mOhm,125.0,Operating Life / Power Conduction (TJ=125-150°C),ATE_BENCH_01,CH_06,VALID,0,,60.0,synthetic
LOT_W01_C038,LOT_W01,RDS(on),24,42.47610610660913,mOhm,125.0,Operating Life / Power Conduction (TJ=125-150°C),ATE_BENCH_01,CH_06,VALID,0,,60.0,synthetic
LOT_W01_C038,LOT_W01,RDS(on),96,42.34149760674829,mOhm,125.0,Operating Life / Power Conduction (TJ=125-150°C),ATE_BENCH_01,CH_06,VALID,0,,60.0,synthetic
LOT_W01_C038,LOT_W01,RDS(on),168,44.026830506289876,mOhm,125.0,Operating Life / Power Conduction (TJ=125-150°C),ATE_BENCH_01,CH_06,VALID,0,,60.0,synthetic
LOT_W01_C038,LOT_W01,IGSS,0,-1.2428906117401493,nA,150.0,"HTGB (150°C, ±20V)",ATE_BENCH_01,CH_06,VALID,0,-100.0,100.0,synthetic
LOT_W01_C038,LOT_W01,IGSS,24,-1.8297571648850257,nA,150.0,"HTGB (150°C, ±20V)",ATE_BENCH_01,CH_06,VALID,0,-100.0,100.0,synthetic
LOT_W01_C038,LOT_W01,IGSS,96,-2.531753624314894,nA,150.0,"HTGB (150°C, ±20V)",ATE_BENCH_01,CH_06,VALID,0,-100.0,100.0,synthetic
LOT_W01_C038,LOT_W01,IGSS,168,-2.5005088569376897,nA,150.0,"HTGB (150°C, ±20V)",ATE_BENCH_01,CH_06,VALID,0,-100.0,100.0,synthetic
LOT_W01_C039,LOT_W01,IDSS,0,0.34048112941820974,uA,150.0,"HTRB (150°C, 80V)",ATE_BENCH_01,CH_07,VALID,0,,10.0,synthetic
LOT_W01_C039,LOT_W01,IDSS,24,0.29671499825444864,uA,150.0,"HTRB (150°C, 80V)",ATE_BENCH_01,CH_07,VALID,0,,10.0,synthetic
LOT_W01_C039,LOT_W01,IDSS,96,0.3316295664730904,uA,150.0,"HTRB (150°C, 80V)",ATE_BENCH_01,CH_07,VALID,0,,10.0,synthetic
LOT_W01_C039,LOT_W01,IDSS,168,0.3045324901196947,uA,150.0,"HTRB (150°C, 80V)",ATE_BENCH_01,CH_07,VALID,0,,10.0,synthetic
LOT_W01_C039,LOT_W01,VGS(th),0,2.820868173244881,V,150.0,"HTGB (150°C, 20V)",ATE_BENCH_01,CH_07,VALID,0,2.0,4.0,synthetic
LOT_W01_C039,LOT_W01,VGS(th),24,2.834326282367322,V,150.0,"HTGB (150°C, 20V)",ATE_BENCH_01,CH_07,VALID,0,2.0,4.0,synthetic
LOT_W01_C039,LOT_W01,VGS(th),96,2.8007128949908418,V,150.0,"HTGB (150°C, 20V)",ATE_BENCH_01,CH_07,VALID,0,2.0,4.0,synthetic
LOT_W01_C039,LOT_W01,VGS(th),168,2.8511560509206983,V,150.0,"HTGB (150°C, 20V)",ATE_BENCH_01,CH_07,VALID,0,2.0,4.0,synthetic
LOT_W01_C039,LOT_W01,RDS(on),0,53.929787147498786,mOhm,125.0,Operating Life / Power Conduction (TJ=125-150°C),ATE_BENCH_01,CH_07,VALID,0,,60.0,synthetic
LOT_W01_C039,LOT_W01,RDS(on),24,52.76379267062685,mOhm,125.0,Operating Life / Power Conduction (TJ=125-150°C),ATE_BENCH_01,CH_07,VALID,0,,60.0,synthetic
LOT_W01_C039,LOT_W01,RDS(on),96,53.26456393434971,mOhm,125.0,Operating Life / Power Conduction (TJ=125-150°C),ATE_BENCH_01,CH_07,VALID,0,,60.0,synthetic
LOT_W01_C039,LOT_W01,RDS(on),168,51.440295435467526,mOhm,125.0,Operating Life / Power Conduction (TJ=125-150°C),ATE_BENCH_01,CH_07,VALID,0,,60.0,synthetic
LOT_W01_C039,LOT_W01,IGSS,0,1.8676566315620144,nA,150.0,"HTGB (150°C, ±20V)",ATE_BENCH_01,CH_07,VALID,0,-100.0,100.0,synthetic
LOT_W01_C039,LOT_W01,IGSS,24,3.5978910304345493,nA,150.0,"HTGB (150°C, ±20V)",ATE_BENCH_01,CH_07,VALID,0,-100.0,100.0,synthetic
LOT_W01_C039,LOT_W01,IGSS,96,2.3703772966364633,nA,150.0,"HTGB (150°C, ±20V)",ATE_BENCH_01,CH_07,VALID,0,-100.0,100.0,synthetic
LOT_W01_C039,LOT_W01,IGSS,168,2.975735237653492,nA,150.0,"HTGB (150°C, ±20V)",ATE_BENCH_01,CH_07,VALID,0,-100.0,100.0,synthetic
LOT_W01_C040,LOT_W01,IDSS,0,0.5348428201583515,uA,150.0,"HTRB (150°C, 80V)",ATE_BENCH_01,CH_08,VALID,0,,10.0,synthetic
LOT_W01_C040,LOT_W01,IDSS,24,0.5561930280614084,uA,150.0,"HTRB (150°C, 80V)",ATE_BENCH_01,CH_08,VALID,0,,10.0,synthetic
LOT_W01_C040,LOT_W01,IDSS,96,0.5427156606150287,uA,150.0,"HTRB (150°C, 80V)",ATE_BENCH_01,CH_08,VALID,0,,10.0,synthetic
LOT_W01_C040,LOT_W01,IDSS,168,0.504253692836487,uA,150.0,"HTRB (150°C, 80V)",ATE_BENCH_01,CH_08,VALID,0,,10.0,synthetic
LOT_W01_C040,LOT_W01,VGS(th),0,3.544119544519809,V,150.0,"HTGB (150°C, 20V)",ATE_BENCH_01,CH_08,VALID,0,2.0,4.0,synthetic
LOT_W01_C040,LOT_W01,VGS(th),24,3.589637871707583,V,150.0,"HTGB (150°C, 20V)",ATE_BENCH_01,CH_08,VALID,0,2.0,4.0,synthetic
LOT_W01_C040,LOT_W01,VGS(th),96,3.607818150843197,V,150.0,"HTGB (150°C, 20V)",ATE_BENCH_01,CH_08,VALID,0,2.0,4.0,synthetic
LOT_W01_C040,LOT_W01,VGS(th),168,3.558480040343247,V,150.0,"HTGB (150°C, 20V)",ATE_BENCH_01,CH_08,VALID,0,2.0,4.0,synthetic
LOT_W01_C040,LOT_W01,RDS(on),0,44.89303308580579,mOhm,125.0,Operating Life / Power Conduction (TJ=125-150°C),ATE_BENCH_01,CH_08,VALID,0,,60.0,synthetic
LOT_W01_C040,LOT_W01,RDS(on),24,45.21578777927867,mOhm,125.0,Operating Life / Power Conduction (TJ=125-150°C),ATE_BENCH_01,CH_08,VALID,0,,60.0,synthetic
LOT_W01_C040,LOT_W01,RDS(on),96,43.288219512426956,mOhm,125.0,Operating Life / Power Conduction (TJ=125-150°C),ATE_BENCH_01,CH_08,VALID,0,,60.0,synthetic
LOT_W01_C040,LOT_W01,RDS(on),168,44.96178211849317,mOhm,125.0,Operating Life / Power Conduction (TJ=125-150°C),ATE_BENCH_01,CH_08,VALID,0,,60.0,synthetic
LOT_W01_C040,LOT_W01,IGSS,0,-1.7229979456070632,nA,150.0,"HTGB (150°C, ±20V)",ATE_BENCH_01,CH_08,VALID,0,-100.0,100.0,synthetic
LOT_W01_C040,LOT_W01,IGSS,24,-0.41582893632160217,nA,150.0,"HTGB (150°C, ±20V)",ATE_BENCH_01,CH_08,VALID,0,-100.0,100.0,synthetic
LOT_W01_C040,LOT_W01,IGSS,96,-1.2757534405362498,nA,150.0,"HTGB (150°C, ±20V)",ATE_BENCH_01,CH_08,VALID,0,-100.0,100.0,synthetic
LOT_W01_C040,LOT_W01,IGSS,168,-1.300044687222854,nA,150.0,"HTGB (150°C, ±20V)",ATE_BENCH_01,CH_08,VALID,0,-100.0,100.0,synthetic
LOT_W01_C041,LOT_W01,IDSS,0,0.3195024882372879,uA,150.0,"HTRB (150°C, 80V)",ATE_BENCH_01,CH_09,VALID,0,,10.0,synthetic
LOT_W01_C041,LOT_W01,IDSS,24,0.3098881452605043,uA,150.0,"HTRB (150°C, 80V)",ATE_BENCH_01,CH_09,VALID,0,,10.0,synthetic
LOT_W01_C041,LOT_W01,IDSS,96,0.31532215952384884,uA,150.0,"HTRB (150°C, 80V)",ATE_BENCH_01,CH_09,VALID,0,,10.0,synthetic
LOT_W01_C041,LOT_W01,IDSS,168,0.33333396522808717,uA,150.0,"HTRB (150°C, 80V)",ATE_BENCH_01,CH_09,VALID,0,,10.0,synthetic
LOT_W01_C041,LOT_W01,VGS(th),0,2.9651881377405447,V,150.0,"HTGB (150°C, 20V)",ATE_BENCH_01,CH_09,VALID,0,2.0,4.0,synthetic
LOT_W01_C041,LOT_W01,VGS(th),24,2.9593469638917926,V,150.0,"HTGB (150°C, 20V)",ATE_BENCH_01,CH_09,VALID,0,2.0,4.0,synthetic
LOT_W01_C041,LOT_W01,VGS(th),96,2.9416274240602576,V,150.0,"HTGB (150°C, 20V)",ATE_BENCH_01,CH_09,VALID,0,2.0,4.0,synthetic
LOT_W01_C041,LOT_W01,VGS(th),168,2.911061030432422,V,150.0,"HTGB (150°C, 20V)",ATE_BENCH_01,CH_09,VALID,0,2.0,4.0,synthetic
LOT_W01_C041,LOT_W01,RDS(on),0,49.328942624308716,mOhm,125.0,Operating Life / Power Conduction (TJ=125-150°C),ATE_BENCH_01,CH_09,VALID,0,,60.0,synthetic
LOT_W01_C041,LOT_W01,RDS(on),24,49.29351329377008,mOhm,125.0,Operating Life / Power Conduction (TJ=125-150°C),ATE_BENCH_01,CH_09,VALID,0,,60.0,synthetic
LOT_W01_C041,LOT_W01,RDS(on),96,50.26111209474782,mOhm,125.0,Operating Life / Power Conduction (TJ=125-150°C),ATE_BENCH_01,CH_09,VALID,0,,60.0,synthetic
LOT_W01_C041,LOT_W01,RDS(on),168,48.939840669678965,mOhm,125.0,Operating Life / Power Conduction (TJ=125-150°C),ATE_BENCH_01,CH_09,VALID,0,,60.0,synthetic
LOT_W01_C041,LOT_W01,IGSS,0,1.5149368663024654,nA,150.0,"HTGB (150°C, ±20V)",ATE_BENCH_01,CH_09,VALID,0,-100.0,100.0,synthetic
LOT_W01_C041,LOT_W01,IGSS,24,1.3006812493557405,nA,150.0,"HTGB (150°C, ±20V)",ATE_BENCH_01,CH_09,VALID,0,-100.0,100.0,synthetic
LOT_W01_C041,LOT_W01,IGSS,96,1.242374254994035,nA,150.0,"HTGB (150°C, ±20V)",ATE_BENCH_01,CH_09,VALID,0,-100.0,100.0,synthetic
LOT_W01_C041,LOT_W01,IGSS,168,1.6019661211694212,nA,150.0,"HTGB (150°C, ±20V)",ATE_BENCH_01,CH_09,VALID,0,-100.0,100.0,synthetic
LOT_W01_C042,LOT_W01,IDSS,0,0.3134862450224599,uA,150.0,"HTRB (150°C, 80V)",ATE_BENCH_01,CH_10,VALID,0,,10.0,synthetic
LOT_W01_C042,LOT_W01,IDSS,24,0.3441466504354614,uA,150.0,"HTRB (150°C, 80V)",ATE_BENCH_01,CH_10,VALID,0,,10.0,synthetic
LOT_W01_C042,LOT_W01,IDSS,96,0.32243900947318765,uA,150.0,"HTRB (150°C, 80V)",ATE_BENCH_01,CH_10,VALID,0,,10.0,synthetic
LOT_W01_C042,LOT_W01,IDSS,168,0.3489190915356127,uA,150.0,"HTRB (150°C, 80V)",ATE_BENCH_01,CH_10,VALID,0,,10.0,synthetic
LOT_W01_C042,LOT_W01,VGS(th),0,3.0324244529029323,V,150.0,"HTGB (150°C, 20V)",ATE_BENCH_01,CH_10,VALID,0,2.0,4.0,synthetic
LOT_W01_C042,LOT_W01,VGS(th),24,3.046372120501652,V,150.0,"HTGB (150°C, 20V)",ATE_BENCH_01,CH_10,VALID,0,2.0,4.0,synthetic
LOT_W01_C042,LOT_W01,VGS(th),96,3.0644948131082526,V,150.0,"HTGB (150°C, 20V)",ATE_BENCH_01,CH_10,VALID,0,2.0,4.0,synthetic
LOT_W01_C042,LOT_W01,VGS(th),168,2.990219887366336,V,150.0,"HTGB (150°C, 20V)",ATE_BENCH_01,CH_10,VALID,0,2.0,4.0,synthetic
LOT_W01_C042,LOT_W01,RDS(on),0,54.80917510978677,mOhm,125.0,Operating Life / Power Conduction (TJ=125-150°C),ATE_BENCH_01,CH_10,VALID,0,,60.0,synthetic
LOT_W01_C042,LOT_W01,RDS(on),24,54.73177178141177,mOhm,125.0,Operating Life / Power Conduction (TJ=125-150°C),ATE_BENCH_01,CH_10,VALID,0,,60.0,synthetic
LOT_W01_C042,LOT_W01,RDS(on),96,54.890482458908046,mOhm,125.0,Operating Life / Power Conduction (TJ=125-150°C),ATE_BENCH_01,CH_10,VALID,0,,60.0,synthetic
LOT_W01_C042,LOT_W01,RDS(on),168,54.308670155259996,mOhm,125.0,Operating Life / Power Conduction (TJ=125-150°C),ATE_BENCH_01,CH_10,VALID,0,,60.0,synthetic
LOT_W01_C042,LOT_W01,IGSS,0,-1.9065234366845643,nA,150.0,"HTGB (150°C, ±20V)",ATE_BENCH_01,CH_10,VALID,0,-100.0,100.0,synthetic
LOT_W01_C042,LOT_W01,IGSS,24,-1.0279837861655317,nA,150.0,"HTGB (150°C, ±20V)",ATE_BENCH_01,CH_10,VALID,0,-100.0,100.0,synthetic
LOT_W01_C042,LOT_W01,IGSS,96,-1.533797335457795,nA,150.0,"HTGB (150°C, ±20V)",ATE_BENCH_01,CH_10,VALID,0,-100.0,100.0,synthetic
LOT_W01_C042,LOT_W01,IGSS,168,-1.9076423997782939,nA,150.0,"HTGB (150°C, ±20V)",ATE_BENCH_01,CH_10,VALID,0,-100.0,100.0,synthetic
LOT_W01_C043,LOT_W01,IDSS,0,0.6419012444735094,uA,150.0,"HTRB (150°C, 80V)",ATE_BENCH_01,CH_11,VALID,0,,10.0,synthetic
LOT_W01_C043,LOT_W01,IDSS,24,0.733759026160817,uA,150.0,"HTRB (150°C, 80V)",ATE_BENCH_01,CH_11,VALID,0,,10.0,synthetic
LOT_W01_C043,LOT_W01,IDSS,96,0.7419409476458619,uA,150.0,"HTRB (150°C, 80V)",ATE_BENCH_01,CH_11,VALID,0,,10.0,synthetic
LOT_W01_C043,LOT_W01,IDSS,168,0.6982123783800024,uA,150.0,"HTRB (150°C, 80V)",ATE_BENCH_01,CH_11,VALID,0,,10.0,synthetic
LOT_W01_C043,LOT_W01,VGS(th),0,2.963239040054366,V,150.0,"HTGB (150°C, 20V)",ATE_BENCH_01,CH_11,VALID,0,2.0,4.0,synthetic
LOT_W01_C043,LOT_W01,VGS(th),24,2.9536854034345397,V,150.0,"HTGB (150°C, 20V)",ATE_BENCH_01,CH_11,VALID,0,2.0,4.0,synthetic
LOT_W01_C043,LOT_W01,VGS(th),96,2.9472025885069066,V,150.0,"HTGB (150°C, 20V)",ATE_BENCH_01,CH_11,VALID,0,2.0,4.0,synthetic
LOT_W01_C043,LOT_W01,VGS(th),168,2.9499941336961064,V,150.0,"HTGB (150°C, 20V)",ATE_BENCH_01,CH_11,VALID,0,2.0,4.0,synthetic
LOT_W01_C043,LOT_W01,RDS(on),0,45.562107557280555,mOhm,125.0,Operating Life / Power Conduction (TJ=125-150°C),ATE_BENCH_01,CH_11,VALID,0,,60.0,synthetic
LOT_W01_C043,LOT_W01,RDS(on),24,47.0143228081481,mOhm,125.0,Operating Life / Power Conduction (TJ=125-150°C),ATE_BENCH_01,CH_11,VALID,0,,60.0,synthetic
LOT_W01_C043,LOT_W01,RDS(on),96,45.19730885640139,mOhm,125.0,Operating Life / Power Conduction (TJ=125-150°C),ATE_BENCH_01,CH_11,VALID,0,,60.0,synthetic
LOT_W01_C043,LOT_W01,RDS(on),168,45.748426342049974,mOhm,125.0,Operating Life / Power Conduction (TJ=125-150°C),ATE_BENCH_01,CH_11,VALID,0,,60.0,synthetic
LOT_W01_C043,LOT_W01,IGSS,0,1.3195320778698372,nA,150.0,"HTGB (150°C, ±20V)",ATE_BENCH_01,CH_11,VALID,0,-100.0,100.0,synthetic
LOT_W01_C043,LOT_W01,IGSS,24,2.267408671007978,nA,150.0,"HTGB (150°C, ±20V)",ATE_BENCH_01,CH_11,VALID,0,-100.0,100.0,synthetic
LOT_W01_C043,LOT_W01,IGSS,96,1.5736371917226646,nA,150.0,"HTGB (150°C, ±20V)",ATE_BENCH_01,CH_11,VALID,0,-100.0,100.0,synthetic
LOT_W01_C043,LOT_W01,IGSS,168,1.7195299275708193,nA,150.0,"HTGB (150°C, ±20V)",ATE_BENCH_01,CH_11,VALID,0,-100.0,100.0,synthetic
LOT_W01_C044,LOT_W01,IDSS,0,2.345081783148051,uA,150.0,"HTRB (150°C, 80V)",ATE_BENCH_01,CH_12,VALID,0,,10.0,synthetic
LOT_W01_C044,LOT_W01,IDSS,24,1.9278357240224002,uA,150.0,"HTRB (150°C, 80V)",ATE_BENCH_01,CH_12,VALID,0,,10.0,synthetic
LOT_W01_C044,LOT_W01,IDSS,96,2.031159021705188,uA,150.0,"HTRB (150°C, 80V)",ATE_BENCH_01,CH_12,VALID,0,,10.0,synthetic
LOT_W01_C044,LOT_W01,IDSS,168,2.0993434465724783,uA,150.0,"HTRB (150°C, 80V)",ATE_BENCH_01,CH_12,VALID,0,,10.0,synthetic
LOT_W01_C044,LOT_W01,VGS(th),0,2.946825133690309,V,150.0,"HTGB (150°C, 20V)",ATE_BENCH_01,CH_12,VALID,0,2.0,4.0,synthetic
LOT_W01_C044,LOT_W01,VGS(th),24,2.941249338231932,V,150.0,"HTGB (150°C, 20V)",ATE_BENCH_01,CH_12,VALID,0,2.0,4.0,synthetic
LOT_W01_C044,LOT_W01,VGS(th),96,2.9378949073244107,V,150.0,"HTGB (150°C, 20V)",ATE_BENCH_01,CH_12,VALID,0,2.0,4.0,synthetic
LOT_W01_C044,LOT_W01,VGS(th),168,2.9202323862086934,V,150.0,"HTGB (150°C, 20V)",ATE_BENCH_01,CH_12,VALID,0,2.0,4.0,synthetic
LOT_W01_C044,LOT_W01,RDS(on),0,53.9093671041633,mOhm,125.0,Operating Life / Power Conduction (TJ=125-150°C),ATE_BENCH_01,CH_12,VALID,0,,60.0,synthetic
LOT_W01_C044,LOT_W01,RDS(on),24,54.53518789754367,mOhm,125.0,Operating Life / Power Conduction (TJ=125-150°C),ATE_BENCH_01,CH_12,VALID,0,,60.0,synthetic
LOT_W01_C044,LOT_W01,RDS(on),96,53.790815087427504,mOhm,125.0,Operating Life / Power Conduction (TJ=125-150°C),ATE_BENCH_01,CH_12,VALID,0,,60.0,synthetic
LOT_W01_C044,LOT_W01,RDS(on),168,55.55076992701497,mOhm,125.0,Operating Life / Power Conduction (TJ=125-150°C),ATE_BENCH_01,CH_12,VALID,0,,60.0,synthetic
LOT_W01_C044,LOT_W01,IGSS,0,-3.0265435363021385,nA,150.0,"HTGB (150°C, ±20V)",ATE_BENCH_01,CH_12,VALID,0,-100.0,100.0,synthetic
LOT_W01_C044,LOT_W01,IGSS,24,-4.879978188104232,nA,150.0,"HTGB (150°C, ±20V)",ATE_BENCH_01,CH_12,VALID,0,-100.0,100.0,synthetic
LOT_W01_C044,LOT_W01,IGSS,96,-2.963501584089397,nA,150.0,"HTGB (150°C, ±20V)",ATE_BENCH_01,CH_12,VALID,0,-100.0,100.0,synthetic
LOT_W01_C044,LOT_W01,IGSS,168,-3.3540680412007275,nA,150.0,"HTGB (150°C, ±20V)",ATE_BENCH_01,CH_12,VALID,0,-100.0,100.0,synthetic
LOT_W01_C045,LOT_W01,IDSS,0,0.31888545544905855,uA,150.0,"HTRB (150°C, 80V)",ATE_BENCH_01,CH_13,VALID,0,,10.0,synthetic
LOT_W01_C045,LOT_W01,IDSS,24,0.3077802103248198,uA,150.0,"HTRB (150°C, 80V)",ATE_BENCH_01,CH_13,VALID,0,,10.0,synthetic
LOT_W01_C045,LOT_W01,IDSS,96,0.31819887842260214,uA,150.0,"HTRB (150°C, 80V)",ATE_BENCH_01,CH_13,VALID,0,,10.0,synthetic
LOT_W01_C045,LOT_W01,IDSS,168,0.3078234294303711,uA,150.0,"HTRB (150°C, 80V)",ATE_BENCH_01,CH_13,VALID,0,,10.0,synthetic
LOT_W01_C045,LOT_W01,VGS(th),0,2.9656751171113886,V,150.0,"HTGB (150°C, 20V)",ATE_BENCH_01,CH_13,VALID,0,2.0,4.0,synthetic
LOT_W01_C045,LOT_W01,VGS(th),24,2.987004151447678,V,150.0,"HTGB (150°C, 20V)",ATE_BENCH_01,CH_13,VALID,0,2.0,4.0,synthetic
LOT_W01_C045,LOT_W01,VGS(th),96,2.962842901640032,V,150.0,"HTGB (150°C, 20V)",ATE_BENCH_01,CH_13,VALID,0,2.0,4.0,synthetic
LOT_W01_C045,LOT_W01,VGS(th),168,3.0003370494065837,V,150.0,"HTGB (150°C, 20V)",ATE_BENCH_01,CH_13,VALID,0,2.0,4.0,synthetic
LOT_W01_C045,LOT_W01,RDS(on),0,48.38737004718195,mOhm,125.0,Operating Life / Power Conduction (TJ=125-150°C),ATE_BENCH_01,CH_13,VALID,0,,60.0,synthetic
LOT_W01_C045,LOT_W01,RDS(on),24,50.77436802631804,mOhm,125.0,Operating Life / Power Conduction (TJ=125-150°C),ATE_BENCH_01,CH_13,VALID,0,,60.0,synthetic
LOT_W01_C045,LOT_W01,RDS(on),96,48.32403932720826,mOhm,125.0,Operating Life / Power Conduction (TJ=125-150°C),ATE_BENCH_01,CH_13,VALID,0,,60.0,synthetic
LOT_W01_C045,LOT_W01,RDS(on),168,50.056564777665145,mOhm,125.0,Operating Life / Power Conduction (TJ=125-150°C),ATE_BENCH_01,CH_13,VALID,0,,60.0,synthetic
LOT_W01_C045,LOT_W01,IGSS,0,1.6107479670852902,nA,150.0,"HTGB (150°C, ±20V)",ATE_BENCH_01,CH_13,VALID,0,-100.0,100.0,synthetic
LOT_W01_C045,LOT_W01,IGSS,24,2.179424384060075,nA,150.0,"HTGB (150°C, ±20V)",ATE_BENCH_01,CH_13,VALID,0,-100.0,100.0,synthetic
LOT_W01_C045,LOT_W01,IGSS,96,2.946280949756711,nA,150.0,"HTGB (150°C, ±20V)",ATE_BENCH_01,CH_13,VALID,0,-100.0,100.0,synthetic
LOT_W01_C045,LOT_W01,IGSS,168,1.986431984660882,nA,150.0,"HTGB (150°C, ±20V)",ATE_BENCH_01,CH_13,VALID,0,-100.0,100.0,synthetic
LOT_W01_C046,LOT_W01,IDSS,0,0.3867011351246031,uA,150.0,"HTRB (150°C, 80V)",ATE_BENCH_01,CH_14,VALID,0,,10.0,synthetic
LOT_W01_C046,LOT_W01,IDSS,24,0.3928202421628103,uA,150.0,"HTRB (150°C, 80V)",ATE_BENCH_01,CH_14,VALID,0,,10.0,synthetic
LOT_W01_C046,LOT_W01,IDSS,96,0.3936548263403781,uA,150.0,"HTRB (150°C, 80V)",ATE_BENCH_01,CH_14,VALID,0,,10.0,synthetic
LOT_W01_C046,LOT_W01,IDSS,168,0.4062042446417723,uA,150.0,"HTRB (150°C, 80V)",ATE_BENCH_01,CH_14,VALID,0,,10.0,synthetic
LOT_W01_C046,LOT_W01,VGS(th),0,3.62639399340537,V,150.0,"HTGB (150°C, 20V)",ATE_BENCH_01,CH_14,VALID,0,2.0,4.0,synthetic
LOT_W01_C046,LOT_W01,VGS(th),24,3.635008495454409,V,150.0,"HTGB (150°C, 20V)",ATE_BENCH_01,CH_14,VALID,0,2.0,4.0,synthetic
LOT_W01_C046,LOT_W01,VGS(th),96,3.6606937594597606,V,150.0,"HTGB (150°C, 20V)",ATE_BENCH_01,CH_14,VALID,0,2.0,4.0,synthetic
LOT_W01_C046,LOT_W01,VGS(th),168,3.6370429941965874,V,150.0,"HTGB (150°C, 20V)",ATE_BENCH_01,CH_14,VALID,0,2.0,4.0,synthetic
LOT_W01_C046,LOT_W01,RDS(on),0,58.33251487431083,mOhm,125.0,Operating Life / Power Conduction (TJ=125-150°C),ATE_BENCH_01,CH_14,VALID,0,,60.0,synthetic
LOT_W01_C046,LOT_W01,RDS(on),24,57.95799998656535,mOhm,125.0,Operating Life / Power Conduction (TJ=125-150°C),ATE_BENCH_01,CH_14,VALID,0,,60.0,synthetic
LOT_W01_C046,LOT_W01,RDS(on),96,58.26363270326427,mOhm,125.0,Operating Life / Power Conduction (TJ=125-150°C),ATE_BENCH_01,CH_14,VALID,0,,60.0,synthetic
LOT_W01_C046,LOT_W01,RDS(on),168,57.27924399686075,mOhm,125.0,Operating Life / Power Conduction (TJ=125-150°C),ATE_BENCH_01,CH_14,VALID,0,,60.0,synthetic
LOT_W01_C046,LOT_W01,IGSS,0,-4.17472189134764,nA,150.0,"HTGB (150°C, ±20V)",ATE_BENCH_01,CH_14,VALID,0,-100.0,100.0,synthetic
LOT_W01_C046,LOT_W01,IGSS,24,-2.6522685752151722,nA,150.0,"HTGB (150°C, ±20V)",ATE_BENCH_01,CH_14,VALID,0,-100.0,100.0,synthetic
LOT_W01_C046,LOT_W01,IGSS,96,-2.6142137928566673,nA,150.0,"HTGB (150°C, ±20V)",ATE_BENCH_01,CH_14,VALID,0,-100.0,100.0,synthetic
LOT_W01_C046,LOT_W01,IGSS,168,-2.1793671872139693,nA,150.0,"HTGB (150°C, ±20V)",ATE_BENCH_01,CH_14,VALID,0,-100.0,100.0,synthetic
LOT_W01_C047,LOT_W01,IDSS,0,0.5628212843513765,uA,150.0,"HTRB (150°C, 80V)",ATE_BENCH_01,CH_15,VALID,0,,10.0,synthetic
LOT_W01_C047,LOT_W01,IDSS,24,0.5288870881976926,uA,150.0,"HTRB (150°C, 80V)",ATE_BENCH_01,CH_15,VALID,0,,10.0,synthetic
LOT_W01_C047,LOT_W01,IDSS,96,0.7144438893018795,uA,150.0,"HTRB (150°C, 80V)",ATE_BENCH_01,CH_15,VALID,0,,10.0,synthetic
LOT_W01_C047,LOT_W01,IDSS,168,0.5626001776305617,uA,150.0,"HTRB (150°C, 80V)",ATE_BENCH_01,CH_15,VALID,0,,10.0,synthetic
LOT_W01_C047,LOT_W01,VGS(th),0,3.0932331959216315,V,150.0,"HTGB (150°C, 20V)",ATE_BENCH_01,CH_15,VALID,0,2.0,4.0,synthetic
LOT_W01_C047,LOT_W01,VGS(th),24,3.1051941276142427,V,150.0,"HTGB (150°C, 20V)",ATE_BENCH_01,CH_15,VALID,0,2.0,4.0,synthetic
LOT_W01_C047,LOT_W01,VGS(th),96,3.133205566904074,V,150.0,"HTGB (150°C, 20V)",ATE_BENCH_01,CH_15,VALID,0,2.0,4.0,synthetic
LOT_W01_C047,LOT_W01,VGS(th),168,3.1014237866140464,V,150.0,"HTGB (150°C, 20V)",ATE_BENCH_01,CH_15,VALID,0,2.0,4.0,synthetic
LOT_W01_C047,LOT_W01,RDS(on),0,53.08034139217045,mOhm,125.0,Operating Life / Power Conduction (TJ=125-150°C),ATE_BENCH_01,CH_15,VALID,0,,60.0,synthetic
LOT_W01_C047,LOT_W01,RDS(on),24,53.91393353629606,mOhm,125.0,Operating Life / Power Conduction (TJ=125-150°C),ATE_BENCH_01,CH_15,VALID,0,,60.0,synthetic
LOT_W01_C047,LOT_W01,RDS(on),96,54.24436357735459,mOhm,125.0,Operating Life / Power Conduction (TJ=125-150°C),ATE_BENCH_01,CH_15,VALID,0,,60.0,synthetic
LOT_W01_C047,LOT_W01,RDS(on),168,53.89241836988242,mOhm,125.0,Operating Life / Power Conduction (TJ=125-150°C),ATE_BENCH_01,CH_15,VALID,0,,60.0,synthetic
LOT_W01_C047,LOT_W01,IGSS,0,1.288308838674259,nA,150.0,"HTGB (150°C, ±20V)",ATE_BENCH_01,CH_15,VALID,0,-100.0,100.0,synthetic
LOT_W01_C047,LOT_W01,IGSS,24,2.788495380771162,nA,150.0,"HTGB (150°C, ±20V)",ATE_BENCH_01,CH_15,VALID,0,-100.0,100.0,synthetic
LOT_W01_C047,LOT_W01,IGSS,96,2.9184174038741024,nA,150.0,"HTGB (150°C, ±20V)",ATE_BENCH_01,CH_15,VALID,0,-100.0,100.0,synthetic
LOT_W01_C047,LOT_W01,IGSS,168,2.0945737307217533,nA,150.0,"HTGB (150°C, ±20V)",ATE_BENCH_01,CH_15,VALID,0,-100.0,100.0,synthetic
LOT_W01_C048,LOT_W01,IDSS,0,0.4015236114687539,uA,150.0,"HTRB (150°C, 80V)",ATE_BENCH_01,CH_16,VALID,0,,10.0,synthetic
LOT_W01_C048,LOT_W01,IDSS,24,0.48979439568621697,uA,150.0,"HTRB (150°C, 80V)",ATE_BENCH_01,CH_16,VALID,0,,10.0,synthetic
LOT_W01_C048,LOT_W01,IDSS,96,0.4598109066527135,uA,150.0,"HTRB (150°C, 80V)",ATE_BENCH_01,CH_16,VALID,0,,10.0,synthetic
LOT_W01_C048,LOT_W01,IDSS,168,0.35604092663049713,uA,150.0,"HTRB (150°C, 80V)",ATE_BENCH_01,CH_16,VALID,0,,10.0,synthetic
LOT_W01_C048,LOT_W01,VGS(th),0,2.8327446622037473,V,150.0,"HTGB (150°C, 20V)",ATE_BENCH_01,CH_16,VALID,0,2.0,4.0,synthetic
LOT_W01_C048,LOT_W01,VGS(th),24,2.8378663573939296,V,150.0,"HTGB (150°C, 20V)",ATE_BENCH_01,CH_16,VALID,0,2.0,4.0,synthetic
LOT_W01_C048,LOT_W01,VGS(th),96,2.7883619398167507,V,150.0,"HTGB (150°C, 20V)",ATE_BENCH_01,CH_16,VALID,0,2.0,4.0,synthetic
LOT_W01_C048,LOT_W01,VGS(th),168,2.7896882651244437,V,150.0,"HTGB (150°C, 20V)",ATE_BENCH_01,CH_16,VALID,0,2.0,4.0,synthetic
LOT_W01_C048,LOT_W01,RDS(on),0,55.270826592107376,mOhm,125.0,Operating Life / Power Conduction (TJ=125-150°C),ATE_BENCH_01,CH_16,VALID,0,,60.0,synthetic
LOT_W01_C048,LOT_W01,RDS(on),24,55.817124156105564,mOhm,125.0,Operating Life / Power Conduction (TJ=125-150°C),ATE_BENCH_01,CH_16,VALID,0,,60.0,synthetic
LOT_W01_C048,LOT_W01,RDS(on),96,55.795781400699845,mOhm,125.0,Operating Life / Power Conduction (TJ=125-150°C),ATE_BENCH_01,CH_16,VALID,0,,60.0,synthetic
LOT_W01_C048,LOT_W01,RDS(on),168,56.025474036062526,mOhm,125.0,Operating Life / Power Conduction (TJ=125-150°C),ATE_BENCH_01,CH_16,VALID,0,,60.0,synthetic
LOT_W01_C048,LOT_W01,IGSS,0,-1.709943653532389,nA,150.0,"HTGB (150°C, ±20V)",ATE_BENCH_01,CH_16,VALID,0,-100.0,100.0,synthetic
LOT_W01_C048,LOT_W01,IGSS,24,-1.997833215243695,nA,150.0,"HTGB (150°C, ±20V)",ATE_BENCH_01,CH_16,VALID,0,-100.0,100.0,synthetic
LOT_W01_C048,LOT_W01,IGSS,96,-2.955479439371837,nA,150.0,"HTGB (150°C, ±20V)",ATE_BENCH_01,CH_16,VALID,0,-100.0,100.0,synthetic
LOT_W01_C048,LOT_W01,IGSS,168,-1.9593613761082493,nA,150.0,"HTGB (150°C, ±20V)",ATE_BENCH_01,CH_16,VALID,0,-100.0,100.0,synthetic
LOT_W01_C049,LOT_W01,IDSS,0,0.32645203609798995,uA,150.0,"HTRB (150°C, 80V)",ATE_BENCH_02,CH_01,VALID,0,,10.0,synthetic
LOT_W01_C049,LOT_W01,IDSS,24,0.353186689061246,uA,150.0,"HTRB (150°C, 80V)",ATE_BENCH_02,CH_01,VALID,0,,10.0,synthetic
LOT_W01_C049,LOT_W01,IDSS,96,0.3120905233482952,uA,150.0,"HTRB (150°C, 80V)",ATE_BENCH_02,CH_01,VALID,0,,10.0,synthetic
LOT_W01_C049,LOT_W01,IDSS,168,0.3240756117185655,uA,150.0,"HTRB (150°C, 80V)",ATE_BENCH_02,CH_01,VALID,0,,10.0,synthetic
LOT_W01_C049,LOT_W01,VGS(th),0,3.0916866639549334,V,150.0,"HTGB (150°C, 20V)",ATE_BENCH_02,CH_01,VALID,0,2.0,4.0,synthetic
LOT_W01_C049,LOT_W01,VGS(th),24,3.0329076594004873,V,150.0,"HTGB (150°C, 20V)",ATE_BENCH_02,CH_01,VALID,0,2.0,4.0,synthetic
LOT_W01_C049,LOT_W01,VGS(th),96,3.0809385487829086,V,150.0,"HTGB (150°C, 20V)",ATE_BENCH_02,CH_01,VALID,0,2.0,4.0,synthetic
LOT_W01_C049,LOT_W01,VGS(th),168,3.0780178573407047,V,150.0,"HTGB (150°C, 20V)",ATE_BENCH_02,CH_01,VALID,0,2.0,4.0,synthetic
LOT_W01_C049,LOT_W01,RDS(on),0,50.85479548433358,mOhm,125.0,Operating Life / Power Conduction (TJ=125-150°C),ATE_BENCH_02,CH_01,VALID,0,,60.0,synthetic
LOT_W01_C049,LOT_W01,RDS(on),24,50.16362442296845,mOhm,125.0,Operating Life / Power Conduction (TJ=125-150°C),ATE_BENCH_02,CH_01,VALID,0,,60.0,synthetic
LOT_W01_C049,LOT_W01,RDS(on),96,49.74487507549199,mOhm,125.0,Operating Life / Power Conduction (TJ=125-150°C),ATE_BENCH_02,CH_01,VALID,0,,60.0,synthetic
LOT_W01_C049,LOT_W01,RDS(on),168,49.489563657434196,mOhm,125.0,Operating Life / Power Conduction (TJ=125-150°C),ATE_BENCH_02,CH_01,VALID,0,,60.0,synthetic
LOT_W01_C049,LOT_W01,IGSS,0,3.3677630965046803,nA,150.0,"HTGB (150°C, ±20V)",ATE_BENCH_02,CH_01,VALID,0,-100.0,100.0,synthetic
LOT_W01_C049,LOT_W01,IGSS,24,1.9144193849944438,nA,150.0,"HTGB (150°C, ±20V)",ATE_BENCH_02,CH_01,VALID,0,-100.0,100.0,synthetic
LOT_W01_C049,LOT_W01,IGSS,96,3.030203032957124,nA,150.0,"HTGB (150°C, ±20V)",ATE_BENCH_02,CH_01,VALID,0,-100.0,100.0,synthetic
LOT_W01_C049,LOT_W01,IGSS,168,2.4212797329143054,nA,150.0,"HTGB (150°C, ±20V)",ATE_BENCH_02,CH_01,VALID,0,-100.0,100.0,synthetic
LOT_W01_C050,LOT_W01,IDSS,0,3.0267412376018608,uA,150.0,"HTRB (150°C, 80V)",ATE_BENCH_02,CH_02,VALID,0,,10.0,synthetic
LOT_W01_C050,LOT_W01,IDSS,24,2.9475393647391255,uA,150.0,"HTRB (150°C, 80V)",ATE_BENCH_02,CH_02,VALID,0,,10.0,synthetic
LOT_W01_C050,LOT_W01,IDSS,96,3.51832441979749,uA,150.0,"HTRB (150°C, 80V)",ATE_BENCH_02,CH_02,VALID,0,,10.0,synthetic
LOT_W01_C050,LOT_W01,IDSS,168,2.9289523050762774,uA,150.0,"HTRB (150°C, 80V)",ATE_BENCH_02,CH_02,VALID,0,,10.0,synthetic
LOT_W01_C050,LOT_W01,VGS(th),0,3.0329672609422635,V,150.0,"HTGB (150°C, 20V)",ATE_BENCH_02,CH_02,VALID,0,2.0,4.0,synthetic
LOT_W01_C050,LOT_W01,VGS(th),24,3.095636129007498,V,150.0,"HTGB (150°C, 20V)",ATE_BENCH_02,CH_02,VALID,0,2.0,4.0,synthetic
LOT_W01_C050,LOT_W01,VGS(th),96,3.098441786606954,V,150.0,"HTGB (150°C, 20V)",ATE_BENCH_02,CH_02,VALID,0,2.0,4.0,synthetic
LOT_W01_C050,LOT_W01,VGS(th),168,3.0966409662694407,V,150.0,"HTGB (150°C, 20V)",ATE_BENCH_02,CH_02,VALID,0,2.0,4.0,synthetic
LOT_W01_C050,LOT_W01,RDS(on),0,53.25342241562393,mOhm,125.0,Operating Life / Power Conduction (TJ=125-150°C),ATE_BENCH_02,CH_02,VALID,0,,60.0,synthetic
LOT_W01_C050,LOT_W01,RDS(on),24,54.353551030516925,mOhm,125.0,Operating Life / Power Conduction (TJ=125-150°C),ATE_BENCH_02,CH_02,VALID,0,,60.0,synthetic
LOT_W01_C050,LOT_W01,RDS(on),96,53.13603269079187,mOhm,125.0,Operating Life / Power Conduction (TJ=125-150°C),ATE_BENCH_02,CH_02,VALID,0,,60.0,synthetic
LOT_W01_C050,LOT_W01,RDS(on),168,52.683131406976194,mOhm,125.0,Operating Life / Power Conduction (TJ=125-150°C),ATE_BENCH_02,CH_02,VALID,0,,60.0,synthetic
LOT_W01_C050,LOT_W01,IGSS,0,0.12408919229606029,nA,150.0,"HTGB (150°C, ±20V)",ATE_BENCH_02,CH_02,VALID,0,-100.0,100.0,synthetic
LOT_W01_C050,LOT_W01,IGSS,24,0.06819012235447243,nA,150.0,"HTGB (150°C, ±20V)",ATE_BENCH_02,CH_02,VALID,0,-100.0,100.0,synthetic
LOT_W01_C050,LOT_W01,IGSS,96,-0.025014641500936016,nA,150.0,"HTGB (150°C, ±20V)",ATE_BENCH_02,CH_02,VALID,0,-100.0,100.0,synthetic
LOT_W01_C050,LOT_W01,IGSS,168,0.5724004139958295,nA,150.0,"HTGB (150°C, ±20V)",ATE_BENCH_02,CH_02,VALID,0,-100.0,100.0,synthetic
